"Data";"Hora (UTC)";"Temp. Ins. (C)";"Temp. Max. (C)";"Temp. Min. (C)";"Umi. Ins. (%)";"Umi. Max. (%)";"Umi. Min. (%)";"Pto Orvalho Ins. (C)";"Pto Orvalho Max. (C)";"Pto Orvalho Min. (C)";"Pressao Ins. (hPa)";"Pressao Max. (hPa)";"Pressao Min. (hPa)";"Vel. Vento (m/s)";"Dir. Vento (m/s)";"Raj. Vento (m/s)";"Radiacao (KJ/m²)";"Chuva (mm)"
"01/01/2026";"0000";"27,1";"27,5";"27,0";"96,0";"97,0";"92,0";"26,4";"26,6";"25,9";"1011,0";"1011,0";"1010,4";"0,9";"15,0";"2,7";"";"0,0"
"01/01/2026";"0100";"26,9";"27,1";"26,8";"92,0";"96,0";"92,0";"25,6";"26,3";"25,6";"1011,4";"1011,4";"1011,0";"0,8";"355,0";"2,4";"";"0,0"
"01/01/2026";"0200";"26,3";"26,9";"26,3";"98,0";"98,0";"92,0";"26,0";"26,3";"25,7";"1010,9";"1011,4";"1010,9";"1,0";"331,0";"1,9";"";"0,0"
"01/01/2026";"0300";"25,8";"26,3";"25,8";"100,0";"100,0";"98,0";"25,8";"26,1";"25,7";"1010,3";"1010,9";"1010,3";"1,2";"308,0";"2,0";"";"0,0"
"01/01/2026";"0400";"25,4";"25,8";"25,4";"95,0";"100,0";"95,0";"24,6";"25,8";"24,6";"1009,4";"1010,3";"1009,4";"1,6";"323,0";"2,5";"";"0,0"
"01/01/2026";"0500";"25,1";"25,5";"25,1";"100,0";"100,0";"94,0";"25,1";"25,2";"24,4";"1008,4";"1009,5";"1008,4";"0,6";"262,0";"3,1";"";"0,0"
"01/01/2026";"0600";"25,2";"25,3";"25,0";"100,0";"100,0";"100,0";"25,2";"25,3";"25,0";"1007,7";"1008,4";"1007,7";"0,9";"279,0";"2,3";"";"0,0"
"01/01/2026";"0700";"25,1";"25,4";"25,1";"100,0";"100,0";"100,0";"25,1";"25,4";"25,1";"1007,5";"1007,7";"1007,5";"1,0";"270,0";"2,3";"";"0,0"
"01/01/2026";"0800";"25,1";"25,2";"24,9";"100,0";"100,0";"100,0";"25,1";"25,2";"24,9";"1007,3";"1007,6";"1007,3";"0,9";"192,0";"2,6";"";"0,0"
"01/01/2026";"0900";"26,6";"26,7";"25,1";"86,0";"100,0";"82,0";"24,0";"25,1";"23,4";"1007,7";"1007,7";"1007,3";"0,9";"181,0";"4,0";"67,90";"0,0"
"01/01/2026";"1000";"28,0";"28,0";"26,5";"80,0";"88,0";"78,0";"24,1";"25,4";"23,6";"1008,0";"1008,1";"1007,7";"1,2";"179,0";"4,4";"441,10";"0,0"
"01/01/2026";"1100";"28,8";"28,8";"28,0";"79,0";"82,0";"74,0";"24,9";"25,3";"23,6";"1008,2";"1008,2";"1007,9";"1,2";"142,0";"3,3";"860,70";"0,0"
"01/01/2026";"1200";"30,4";"30,4";"28,8";"68,0";"80,0";"67,0";"23,7";"25,1";"23,3";"1008,4";"1008,4";"1008,2";"0,7";"144,0";"2,5";"1214,50";"0,2"
"01/01/2026";"1300";"29,4";"31,1";"29,3";"79,0";"80,0";"61,0";"25,4";"25,6";"22,6";"1008,4";"1008,5";"1008,3";"3,7";"153,0";"6,2";"1883,50";"0,0"
"01/01/2026";"1400";"30,9";"30,9";"29,3";"68,0";"80,0";"68,0";"24,4";"25,6";"23,9";"1008,1";"1008,4";"1008,1";"2,3";"150,0";"6,4";"2184,00";"0,0"
"01/01/2026";"1500";"32,5";"32,8";"30,9";"60,0";"68,0";"58,0";"23,6";"24,5";"22,8";"1007,1";"1008,1";"1007,1";"2,6";"94,0";"5,2";"2668,60";"0,0"
"01/01/2026";"1600";"32,0";"32,7";"31,0";"67,0";"69,0";"58,0";"25,1";"25,1";"23,3";"1006,5";"1007,1";"1006,5";"2,4";"109,0";"5,2";"2696,80";"0,0"
"01/01/2026";"1700";"30,6";"32,0";"30,5";"68,0";"74,0";"67,0";"24,0";"25,6";"24,0";"1005,7";"1006,5";"1005,7";"2,0";"119,0";"5,4";"1801,20";"0,0"
"01/01/2026";"1800";"30,9";"31,0";"30,4";"76,0";"77,0";"66,0";"26,1";"26,1";"23,9";"1004,9";"1005,7";"1004,9";"2,9";"94,0";"4,7";"1639,60";"0,0"
"01/01/2026";"1900";"32,1";"32,3";"30,9";"61,0";"76,0";"61,0";"23,7";"26,4";"23,7";"1003,6";"1004,9";"1003,6";"2,1";"114,0";"4,7";"2226,70";"0,0"
"01/01/2026";"2000";"31,6";"32,5";"31,5";"66,0";"67,0";"60,0";"24,5";"24,9";"23,4";"1003,3";"1003,6";"1003,3";"2,1";"118,0";"4,0";"1551,70";"0,0"
"01/01/2026";"2100";"30,7";"31,8";"30,5";"70,0";"72,0";"65,0";"24,7";"25,0";"23,5";"1003,9";"1003,9";"1003,3";"1,4";"93,0";"4,2";"451,40";"0,0"
"01/01/2026";"2200";"29,9";"30,9";"29,9";"75,0";"75,0";"68,0";"24,8";"25,0";"24,3";"1004,2";"1004,2";"1003,9";"1,0";"136,0";"3,4";"50,70";"0,0"
"01/01/2026";"2300";"28,6";"29,9";"28,6";"89,0";"89,0";"74,0";"26,7";"26,7";"24,8";"1004,6";"1004,9";"1004,2";"1,3";"336,0";"2,4";"";"0,0"
"02/01/2026";"0000";"25,1";"28,6";"25,1";"96,0";"96,0";"77,0";"24,4";"26,8";"23,2";"1007,0";"1007,0";"1004,6";"4,8";"216,0";"12,0";"";"2,6"
"02/01/2026";"0100";"24,7";"25,1";"24,5";"99,0";"100,0";"96,0";"24,6";"25,0";"24,1";"1006,8";"1007,3";"1006,8";"1,2";"127,0";"12,0";"";"2,4"
"02/01/2026";"0200";"24,9";"25,0";"24,5";"100,0";"100,0";"99,0";"24,9";"25,0";"24,3";"1006,9";"1007,0";"1006,7";"1,0";"351,0";"3,0";"";"0,8"
"02/01/2026";"0300";"24,9";"25,0";"24,6";"100,0";"100,0";"100,0";"24,8";"25,0";"24,6";"1005,7";"1006,9";"1005,7";"0,9";"119,0";"3,0";"";"0,0"
"02/01/2026";"0400";"24,9";"25,2";"24,8";"100,0";"100,0";"100,0";"24,9";"25,2";"24,8";"1004,9";"1005,7";"1004,8";"1,2";"178,0";"3,1";"";"0,2"
"02/01/2026";"0500";"26,0";"26,3";"24,8";"88,0";"100,0";"85,0";"23,9";"25,3";"23,5";"1004,1";"1004,9";"1003,9";"2,0";"234,0";"5,0";"0,60";"0,0"
"02/01/2026";"0600";"28,0";"29,4";"25,8";"69,0";"91,0";"61,0";"21,8";"24,5";"21,2";"1003,3";"1004,2";"1003,1";"1,0";"102,0";"4,5";"2,80";"0,0"
"02/01/2026";"0700";"28,8";"29,5";"27,8";"65,0";"72,0";"60,0";"21,6";"22,3";"20,8";"1003,3";"1003,3";"1003,0";"1,8";"298,0";"6,1";"1,00";"0,0"
"02/01/2026";"0800";"28,8";"28,9";"27,3";"65,0";"74,0";"64,0";"21,4";"22,6";"21,2";"1003,7";"1003,7";"1003,3";"1,2";"315,0";"4,6";"";"0,0"
"02/01/2026";"0900";"28,2";"29,1";"27,6";"67,0";"75,0";"61,0";"21,6";"22,8";"20,9";"1004,0";"1004,1";"1003,6";"1,0";"315,0";"4,8";"26,30";"0,0"
"02/01/2026";"1000";"28,1";"29,4";"28,0";"70,0";"72,0";"59,0";"22,1";"22,5";"20,7";"1004,5";"1004,5";"1003,9";"1,1";"221,0";"6,5";"224,90";"0,0"
"02/01/2026";"1100";"29,7";"29,8";"27,9";"60,0";"74,0";"58,0";"21,0";"23,0";"20,7";"1004,6";"1004,7";"1004,4";"2,3";"328,0";"5,7";"609,00";"0,0"
"02/01/2026";"1200";"30,8";"30,8";"28,5";"57,0";"79,0";"56,0";"21,3";"24,8";"20,7";"1004,4";"1004,8";"1004,4";"2,6";"346,0";"6,1";"1191,50";"0,0"
"02/01/2026";"1300";"32,2";"32,2";"30,8";"52,0";"61,0";"52,0";"21,3";"22,7";"20,8";"1004,5";"1004,6";"1004,3";"3,2";"315,0";"8,8";"2088,40";"0,0"
"02/01/2026";"1400";"33,2";"33,2";"31,8";"51,0";"59,0";"49,0";"21,6";"22,9";"20,7";"1004,4";"1004,7";"1004,3";"2,8";"258,0";"11,6";"2207,00";"0,0"
"02/01/2026";"1500";"33,3";"33,9";"32,8";"52,0";"54,0";"47,0";"22,2";"22,8";"20,8";"1004,1";"1004,6";"1004,1";"1,9";"284,0";"8,5";"2888,90";"0,0"
"02/01/2026";"1600";"33,8";"34,0";"33,1";"51,0";"54,0";"47,0";"22,1";"22,5";"20,8";"1003,3";"1004,1";"1003,3";"1,9";"238,0";"5,9";"1760,30";"0,0"
"02/01/2026";"1700";"31,4";"33,9";"31,4";"70,0";"70,0";"47,0";"25,3";"25,9";"20,8";"1002,2";"1003,3";"1002,2";"3,7";"114,0";"8,2";"2208,90";"0,0"
"02/01/2026";"1800";"30,1";"31,4";"30,0";"76,0";"77,0";"69,0";"25,3";"26,1";"24,6";"1001,8";"1002,2";"1001,8";"2,8";"150,0";"7,7";"1979,00";"0,0"
"02/01/2026";"1900";"28,3";"30,3";"28,3";"96,0";"96,0";"75,0";"27,5";"27,5";"25,2";"1002,4";"1002,4";"1001,7";"0,5";"285,0";"6,0";"473,70";"3,2"
"02/01/2026";"2000";"25,8";"28,3";"25,8";"92,0";"99,0";"90,0";"24,3";"27,8";"24,3";"1002,3";"1002,5";"1002,2";"1,8";"17,0";"5,5";"465,20";"0,4"
"02/01/2026";"2100";"26,7";"27,0";"25,8";"90,0";"94,0";"88,0";"24,9";"25,7";"24,2";"1002,9";"1002,9";"1002,2";"2,0";"331,0";"4,9";"320,60";"0,0"
"02/01/2026";"2200";"25,8";"26,7";"25,5";"100,0";"100,0";"84,0";"25,8";"26,0";"23,7";"1004,3";"1004,3";"1003,0";"1,6";"353,0";"4,2";"14,10";"1,0"
"02/01/2026";"2300";"25,6";"26,0";"25,5";"100,0";"100,0";"99,0";"25,6";"26,0";"25,5";"1004,5";"1004,5";"1004,1";"1,1";"290,0";"3,1";"";"2,0"
"03/01/2026";"0000";"23,3";"25,8";"23,2";"100,0";"100,0";"99,0";"23,3";"25,7";"23,2";"1005,5";"1005,5";"1004,5";"0,8";"102,0";"7,0";"0,30";"18,0"
"03/01/2026";"0100";"23,7";"23,9";"23,4";"100,0";"100,0";"100,0";"23,7";"23,8";"23,4";"1005,7";"1005,8";"1005,3";"0,4";"158,0";"2,9";"";"0,8"
"03/01/2026";"0200";"24,1";"24,2";"23,6";"100,0";"100,0";"100,0";"24,1";"24,2";"23,6";"1006,2";"1006,3";"1005,6";"0,9";"276,0";"1,8";"";"0,2"
"03/01/2026";"0300";"24,1";"24,3";"24,0";"100,0";"100,0";"100,0";"24,1";"24,3";"24,0";"1005,7";"1006,2";"1005,7";"0,9";"284,0";"2,3";"";"0,0"
"03/01/2026";"0400";"24,2";"24,4";"24,1";"100,0";"100,0";"100,0";"24,2";"24,4";"24,1";"1004,4";"1005,7";"1004,3";"0,7";"204,0";"3,4";"";"0,0"
"03/01/2026";"0500";"24,0";"24,4";"24,0";"100,0";"100,0";"100,0";"24,0";"24,4";"24,0";"1004,1";"1004,4";"1003,9";"0,6";"240,0";"2,7";"";"0,0"
"03/01/2026";"0600";"24,0";"24,2";"24,0";"100,0";"100,0";"100,0";"23,9";"24,2";"23,9";"1004,2";"1004,3";"1004,1";"0,6";"235,0";"2,4";"";"0,0"
"03/01/2026";"0700";"24,0";"24,2";"23,8";"100,0";"100,0";"100,0";"24,0";"24,2";"23,8";"1004,3";"1004,4";"1004,1";"0,9";"349,0";"1,9";"";"0,0"
"03/01/2026";"0800";"23,9";"24,0";"23,5";"100,0";"100,0";"100,0";"23,8";"24,0";"23,5";"1004,6";"1004,6";"1004,3";"0,9";"262,0";"2,3";"";"0,0"
"03/01/2026";"0900";"23,8";"24,0";"23,6";"100,0";"100,0";"100,0";"23,8";"24,0";"23,6";"1005,4";"1005,4";"1004,6";"0,6";"345,0";"2,3";"41,70";"0,0"
"03/01/2026";"1000";"24,8";"24,9";"23,8";"93,0";"100,0";"93,0";"23,6";"24,0";"23,4";"1005,6";"1005,7";"1005,4";"1,0";"323,0";"1,7";"291,90";"0,0"
"03/01/2026";"1100";"27,0";"27,0";"24,8";"83,0";"93,0";"83,0";"23,9";"24,3";"23,5";"1005,2";"1005,6";"1005,2";"0,8";"353,0";"2,0";"1304,00";"0,0"
"03/01/2026";"1200";"28,9";"29,0";"26,8";"74,0";"84,0";"73,0";"23,8";"24,5";"23,5";"1005,4";"1005,4";"1005,2";"1,2";"135,0";"2,9";"2202,40";"0,0"
"03/01/2026";"1300";"30,2";"30,3";"28,9";"71,0";"75,0";"70,0";"24,4";"24,6";"23,4";"1004,9";"1005,4";"1004,9";"1,8";"113,0";"4,9";"2840,30";"0,2"
"03/01/2026";"1400";"29,8";"31,0";"29,8";"72,0";"72,0";"64,0";"24,1";"24,8";"23,0";"1004,9";"1004,9";"1004,8";"2,7";"139,0";"5,8";"3271,80";"0,0"
"03/01/2026";"1500";"30,4";"31,1";"29,0";"71,0";"75,0";"68,0";"24,5";"25,1";"23,8";"1004,7";"1004,9";"1004,6";"1,8";"137,0";"6,9";"3163,10";"0,0"
"03/01/2026";"1600";"30,3";"31,0";"29,7";"72,0";"74,0";"69,0";"24,8";"25,4";"23,9";"1004,6";"1004,9";"1004,6";"2,3";"132,0";"6,6";"3279,20";"0,0"
"03/01/2026";"1700";"30,6";"31,1";"30,0";"71,0";"73,0";"68,0";"24,7";"25,2";"24,1";"1004,3";"1004,6";"1004,3";"2,8";"111,0";"5,4";"2946,90";"0,0"
"03/01/2026";"1800";"31,1";"31,1";"30,0";"71,0";"73,0";"69,0";"25,2";"25,3";"24,3";"1003,9";"1004,3";"1003,9";"2,3";"111,0";"5,5";"2675,40";"0,0"
"03/01/2026";"1900";"30,9";"31,5";"30,6";"70,0";"71,0";"68,0";"24,7";"25,4";"24,3";"1003,5";"1003,9";"1003,5";"1,8";"118,0";"5,4";"2559,00";"0,0"
"03/01/2026";"2000";"29,7";"30,9";"29,6";"74,0";"75,0";"69,0";"24,6";"25,1";"24,5";"1003,5";"1003,7";"1003,4";"1,6";"112,0";"4,7";"1107,20";"0,0"
"03/01/2026";"2100";"29,7";"30,1";"29,6";"74,0";"76,0";"73,0";"24,6";"24,9";"24,4";"1003,5";"1003,5";"1003,1";"2,2";"96,0";"4,1";"613,90";"0,0"
"03/01/2026";"2200";"28,9";"29,7";"28,9";"80,0";"80,0";"73,0";"25,0";"25,2";"24,1";"1004,3";"1004,3";"1003,5";"1,2";"74,0";"4,1";"124,30";"0,0"
"03/01/2026";"2300";"27,5";"28,9";"27,5";"94,0";"94,0";"80,0";"26,4";"26,8";"25,0";"1004,8";"1004,8";"1004,1";"0,9";"356,0";"2,9";"";"0,0"
"04/01/2026";"0000";"26,6";"27,5";"26,5";"80,0";"94,0";"80,0";"22,8";"26,3";"22,7";"1005,0";"1005,0";"1004,8";"1,4";"304,0";"3,0";"";"0,0"
"04/01/2026";"0100";"25,8";"26,7";"25,4";"95,0";"95,0";"77,0";"24,8";"24,8";"22,2";"1006,4";"1006,4";"1005,0";"1,2";"298,0";"2,4";"";"0,0"
"04/01/2026";"0200";"25,5";"25,8";"25,3";"94,0";"96,0";"87,0";"24,4";"24,9";"23,4";"1007,6";"1007,6";"1006,4";"0,6";"210,0";"2,9";"";"0,0"
"04/01/2026";"0300";"27,8";"27,8";"25,5";"90,0";"100,0";"90,0";"26,1";"27,1";"24,5";"1008,0";"1008,0";"1007,6";"1,0";"196,0";"4,5";"";"0,0"
"04/01/2026";"0400";"25,4";"27,8";"25,4";"95,0";"97,0";"88,0";"24,4";"26,4";"23,7";"1008,1";"1008,3";"1007,8";"0,6";"273,0";"4,4";"";"0,0"
"04/01/2026";"0500";"25,2";"25,5";"25,1";"100,0";"100,0";"95,0";"25,2";"25,3";"24,5";"1007,4";"1008,2";"1007,4";"1,1";"325,0";"1,9";"";"0,0"
"04/01/2026";"0600";"26,0";"26,4";"25,2";"90,0";"100,0";"89,0";"24,1";"25,6";"24,1";"1006,9";"1007,4";"1006,8";"4,3";"144,0";"11,7";"";"0,0"
"04/01/2026";"0700";"24,4";"26,0";"24,3";"94,0";"94,0";"87,0";"23,4";"24,2";"22,8";"1008,1";"1008,2";"1006,9";"3,1";"155,0";"12,2";"";"6,8"
"04/01/2026";"0800";"24,8";"25,0";"24,3";"86,0";"95,0";"85,0";"22,3";"23,4";"22,1";"1008,6";"1008,6";"1008,1";"4,3";"146,0";"10,9";"";"1,8"
"04/01/2026";"0900";"24,5";"25,0";"24,5";"83,0";"86,0";"78,0";"21,4";"22,2";"20,7";"1009,8";"1009,8";"1008,5";"3,3";"150,0";"10,7";"";"1,2"
"04/01/2026";"1000";"23,8";"24,8";"23,0";"92,0";"100,0";"80,0";"22,3";"23,9";"21,1";"1010,6";"1010,6";"1009,7";"2,6";"157,0";"9,7";"9,60";"10,2"
"04/01/2026";"1100";"22,1";"23,8";"22,1";"100,0";"100,0";"91,0";"22,1";"23,3";"22,0";"1011,6";"1011,6";"1010,5";"1,8";"263,0";"8,3";"27,10";"20,6"
"04/01/2026";"1200";"22,2";"22,3";"22,0";"100,0";"100,0";"100,0";"22,2";"22,3";"21,9";"1012,4";"1012,4";"1011,6";"1,3";"184,0";"6,2";"154,30";"16,6"
"04/01/2026";"1300";"22,6";"22,9";"22,2";"100,0";"100,0";"100,0";"22,6";"22,8";"22,2";"1012,9";"1012,9";"1012,4";"0,7";"291,0";"5,0";"203,20";"0,6"
"04/01/2026";"1400";"22,5";"22,8";"22,3";"100,0";"100,0";"100,0";"22,5";"22,7";"22,3";"1013,2";"1013,2";"1012,9";"1,2";"243,0";"3,6";"541,40";"2,6"
"04/01/2026";"1500";"22,2";"22,5";"21,9";"100,0";"100,0";"100,0";"22,2";"22,5";"21,8";"1013,3";"1013,3";"1013,2";"1,3";"186,0";"4,3";"588,80";"4,2"
"04/01/2026";"1600";"21,8";"22,2";"21,6";"100,0";"100,0";"100,0";"21,8";"22,2";"21,6";"1013,4";"1013,5";"1013,3";"1,8";"169,0";"5,3";"792,30";"4,8"
"04/01/2026";"1700";"22,2";"22,4";"21,8";"100,0";"100,0";"100,0";"22,2";"22,3";"21,8";"1013,4";"1013,5";"1013,4";"1,3";"203,0";"4,9";"884,00";"1,0"
"04/01/2026";"1800";"21,6";"22,2";"21,5";"100,0";"100,0";"100,0";"21,6";"22,1";"21,5";"1013,1";"1013,5";"1013,1";"1,8";"153,0";"6,6";"632,20";"3,6"
"04/01/2026";"1900";"21,5";"21,7";"21,3";"100,0";"100,0";"100,0";"21,5";"21,7";"21,4";"1013,0";"1013,1";"1013,0";"1,7";"132,0";"4,5";"619,00";"2,2"
"04/01/2026";"2000";"21,5";"21,6";"21,1";"100,0";"100,0";"100,0";"21,5";"21,6";"21,1";"1013,1";"1013,1";"1013,0";"0,6";"3,0";"3,5";"370,80";"1,6"
"04/01/2026";"2100";"20,9";"21,6";"20,8";"100,0";"100,0";"99,0";"20,9";"21,6";"20,8";"1013,6";"1013,6";"1013,0";"1,6";"293,0";"3,1";"185,80";"0,6"
"04/01/2026";"2200";"20,9";"21,1";"20,8";"100,0";"100,0";"100,0";"20,9";"21,1";"20,7";"1014,2";"1014,2";"1013,6";"0,8";"13,0";"3,1";"33,50";"1,2"
"04/01/2026";"2300";"21,1";"21,3";"20,9";"100,0";"100,0";"100,0";"21,1";"21,2";"20,9";"1014,9";"1014,9";"1014,2";"1,2";"344,0";"4,1";"";"2,0"
"05/01/2026";"0000";"20,9";"21,2";"20,7";"100,0";"100,0";"100,0";"20,9";"21,2";"20,7";"1015,5";"1015,6";"1014,9";"1,2";"261,0";"2,9";"";"2,8"
"05/01/2026";"0100";"20,9";"21,0";"20,6";"100,0";"100,0";"100,0";"20,9";"21,0";"20,6";"1016,0";"1016,0";"1015,5";"1,4";"322,0";"3,7";"";"1,4"
"05/01/2026";"0200";"20,9";"21,0";"20,8";"100,0";"100,0";"100,0";"20,9";"21,0";"20,8";"1016,0";"1016,2";"1016,0";"1,0";"19,0";"3,6";"";"1,0"
"05/01/2026";"0300";"20,6";"20,9";"20,4";"100,0";"100,0";"100,0";"20,6";"20,9";"20,4";"1015,9";"1016,1";"1015,8";"0,8";"49,0";"3,4";"";"8,6"
"05/01/2026";"0400";"20,9";"20,9";"20,5";"100,0";"100,0";"100,0";"20,9";"20,9";"20,5";"1015,4";"1015,9";"1015,4";"1,3";"100,0";"3,4";"";"1,2"
"05/01/2026";"0500";"20,4";"21,0";"20,3";"100,0";"100,0";"100,0";"20,4";"21,0";"20,3";"1015,0";"1015,4";"1015,0";"1,1";"12,0";"3,6";"";"3,6"
"05/01/2026";"0600";"20,7";"20,9";"20,2";"100,0";"100,0";"100,0";"20,7";"20,9";"20,2";"1014,8";"1015,0";"1014,6";"1,5";"24,0";"6,3";"";"6,8"
"05/01/2026";"0700";"21,2";"22,0";"20,6";"95,0";"100,0";"89,0";"20,4";"21,3";"20,0";"1014,7";"1014,9";"1014,6";"2,4";"79,0";"7,3";"0,10";"5,4"
"05/01/2026";"0800";"21,0";"21,3";"20,6";"98,0";"100,0";"95,0";"20,6";"21,2";"20,4";"1015,2";"1015,2";"1014,7";"1,3";"332,0";"7,3";"1,40";"0,0"
"05/01/2026";"0900";"20,8";"21,0";"20,6";"96,0";"100,0";"96,0";"20,2";"20,9";"20,1";"1015,8";"1015,8";"1015,2";"2,3";"300,0";"4,4";"10,30";"0,2"
"05/01/2026";"1000";"21,1";"21,1";"20,6";"99,0";"100,0";"94,0";"20,9";"21,0";"20,0";"1016,1";"1016,1";"1015,8";"1,8";"281,0";"4,0";"132,10";"0,0"
"05/01/2026";"1100";"21,9";"22,0";"21,1";"94,0";"99,0";"94,0";"21,0";"21,4";"20,6";"1016,5";"1016,5";"1016,1";"0,7";"191,0";"3,3";"459,70";"0,0"
"05/01/2026";"1200";"23,1";"23,1";"21,9";"82,0";"94,0";"82,0";"20,0";"21,2";"19,5";"1016,7";"1016,7";"1016,5";"1,0";"305,0";"2,8";"892,90";"0,0"
"05/01/2026";"1300";"21,7";"23,9";"21,3";"87,0";"92,0";"75,0";"19,4";"20,3";"19,0";"1017,5";"1017,5";"1016,7";"2,1";"116,0";"6,2";"812,20";"1,8"
"05/01/2026";"1400";"21,3";"21,9";"20,8";"93,0";"100,0";"84,0";"20,1";"21,0";"19,1";"1017,3";"1017,5";"1017,2";"3,0";"297,0";"6,4";"581,00";"0,0"
"05/01/2026";"1500";"22,6";"22,6";"21,3";"80,0";"93,0";"80,0";"19,0";"19,9";"19,0";"1016,9";"1017,4";"1016,9";"1,8";"305,0";"5,2";"1021,20";"0,0"
"05/01/2026";"1600";"24,0";"24,0";"22,6";"71,0";"80,0";"70,0";"18,4";"19,3";"18,1";"1016,6";"1016,9";"1016,6";"1,1";"310,0";"3,0";"1152,60";"0,0"
"05/01/2026";"1700";"22,6";"24,1";"22,6";"86,0";"86,0";"70,0";"20,1";"20,5";"18,3";"1016,4";"1016,6";"1016,3";"2,4";"161,0";"6,3";"750,60";"0,0"
"05/01/2026";"1800";"21,0";"22,6";"20,9";"98,0";"98,0";"86,0";"20,7";"20,9";"19,9";"1016,5";"1016,7";"1016,4";"1,8";"302,0";"7,5";"474,20";"2,8"
"05/01/2026";"1900";"20,3";"21,0";"20,3";"100,0";"100,0";"98,0";"20,3";"20,9";"20,3";"1016,3";"1016,5";"1016,3";"2,9";"338,0";"4,4";"578,10";"0,8"
"05/01/2026";"2000";"20,7";"21,1";"20,3";"100,0";"100,0";"95,0";"20,7";"20,9";"20,1";"1016,2";"1016,4";"1016,1";"1,4";"212,0";"4,4";"423,70";"0,6"
"05/01/2026";"2100";"21,0";"21,6";"20,4";"97,0";"100,0";"95,0";"20,5";"21,5";"20,3";"1016,6";"1016,6";"1016,0";"4,4";"105,0";"10,6";"72,30";"5,2"
"05/01/2026";"2200";"21,0";"21,2";"20,8";"100,0";"100,0";"97,0";"21,0";"21,2";"20,6";"1017,0";"1017,0";"1016,6";"1,8";"95,0";"8,1";"20,00";"2,4"
"05/01/2026";"2300";"20,6";"21,6";"20,3";"100,0";"100,0";"94,0";"20,6";"21,2";"20,3";"1017,4";"1017,4";"1017,0";"2,1";"10,0";"8,5";"";"2,4"
"06/01/2026";"0000";"22,7";"22,8";"20,6";"81,0";"100,0";"80,0";"19,4";"21,0";"19,0";"1017,5";"1017,5";"1017,3";"4,4";"113,0";"10,0";"";"0,4"
"06/01/2026";"0100";"20,7";"22,9";"20,7";"100,0";"100,0";"81,0";"20,7";"20,9";"19,4";"1018,3";"1018,3";"1017,5";"0,9";"100,0";"9,7";"1,40";"3,4"
"06/01/2026";"0200";"20,7";"20,9";"20,5";"100,0";"100,0";"100,0";"20,7";"20,8";"20,5";"1018,3";"1018,3";"1018,1";"1,1";"357,0";"2,8";"";"1,6"
"06/01/2026";"0300";"20,6";"20,7";"20,5";"100,0";"100,0";"100,0";"20,6";"20,7";"20,5";"1017,4";"1018,3";"1017,4";"0,5";"245,0";"2,8";"";"0,8"
"06/01/2026";"0400";"20,6";"20,7";"20,4";"100,0";"100,0";"100,0";"20,6";"20,7";"20,4";"1016,9";"1017,4";"1016,9";"0,5";"153,0";"1,8";"";"0,0"
"06/01/2026";"0500";"20,6";"20,7";"20,5";"100,0";"100,0";"100,0";"20,6";"20,7";"20,5";"1016,5";"1016,9";"1016,5";"0,5";"271,0";"1,1";"";"0,0"
"06/01/2026";"0600";"20,6";"20,7";"20,4";"100,0";"100,0";"100,0";"20,6";"20,7";"20,4";"1016,3";"1016,5";"1016,3";"0,6";"352,0";"1,3";"";"0,0"
"06/01/2026";"0700";"20,4";"20,6";"20,3";"100,0";"100,0";"100,0";"20,3";"20,6";"20,3";"1016,1";"1016,3";"1016,1";"0,4";"336,0";"1,3";"";"0,0"
"06/01/2026";"0800";"19,8";"20,4";"19,8";"100,0";"100,0";"100,0";"19,8";"20,4";"19,8";"1016,1";"1016,1";"1016,0";"0,3";"266,0";"1,0";"";"0,0"
"06/01/2026";"0900";"20,3";"20,3";"19,8";"100,0";"100,0";"100,0";"20,3";"20,3";"19,8";"1016,5";"1016,5";"1016,1";"0,4";"236,0";"1,6";"28,50";"0,0"
"06/01/2026";"1000";"21,0";"21,0";"20,2";"100,0";"100,0";"100,0";"20,9";"20,9";"20,2";"1016,7";"1016,7";"1016,5";"0,4";"302,0";"1,5";"364,80";"0,0"
"06/01/2026";"1100";"23,8";"23,9";"21,0";"71,0";"100,0";"71,0";"18,2";"21,2";"18,1";"1017,2";"1017,2";"1016,7";"1,1";"27,0";"2,7";"1207,90";"0,0"
"06/01/2026";"1200";"24,8";"25,2";"23,7";"68,0";"74,0";"67,0";"18,5";"19,8";"18,1";"1017,4";"1017,4";"1017,1";"1,2";"62,0";"3,9";"1448,90";"0,0"
"06/01/2026";"1300";"27,0";"27,2";"24,7";"59,0";"70,0";"59,0";"18,4";"19,7";"18,4";"1017,2";"1017,4";"1017,2";"3,4";"90,0";"7,4";"2865,00";"0,0"
"06/01/2026";"1400";"26,7";"27,4";"26,1";"59,0";"63,0";"56,0";"18,1";"19,0";"17,3";"1016,8";"1017,2";"1016,8";"3,5";"90,0";"7,4";"2484,20";"0,2"
"06/01/2026";"1500";"27,9";"28,5";"26,6";"60,0";"64,0";"57,0";"19,5";"20,2";"18,3";"1016,1";"1016,7";"1016,1";"4,1";"103,0";"8,0";"3502,70";"0,0"
"06/01/2026";"1600";"27,0";"28,1";"26,9";"63,0";"64,0";"58,0";"19,3";"19,6";"18,7";"1015,6";"1016,1";"1015,6";"2,5";"114,0";"7,5";"2091,40";"0,0"
"06/01/2026";"1700";"27,3";"27,4";"26,6";"60,0";"64,0";"60,0";"19,0";"19,5";"18,7";"1015,2";"1015,6";"1015,2";"2,8";"115,0";"6,8";"1168,10";"0,0"
"06/01/2026";"1800";"27,5";"27,5";"26,8";"59,0";"64,0";"57,0";"18,7";"20,0";"18,1";"1014,5";"1015,2";"1014,5";"2,3";"119,0";"6,2";"1185,60";"0,0"
"06/01/2026";"1900";"27,1";"27,6";"27,1";"63,0";"64,0";"58,0";"19,4";"19,9";"18,3";"1013,9";"1014,5";"1013,9";"2,4";"127,0";"5,2";"1091,90";"0,0"
"06/01/2026";"2000";"26,7";"27,3";"26,7";"68,0";"68,0";"63,0";"20,3";"20,5";"19,7";"1013,6";"1013,9";"1013,6";"2,5";"124,0";"7,2";"694,00";"0,0"
"06/01/2026";"2100";"26,3";"27,1";"26,3";"70,0";"71,0";"67,0";"20,4";"20,7";"20,0";"1013,9";"1013,9";"1013,6";"3,0";"110,0";"6,6";"355,90";"0,0"
"06/01/2026";"2200";"26,0";"26,3";"26,0";"72,0";"72,0";"70,0";"20,5";"20,7";"20,3";"1014,4";"1014,4";"1013,9";"2,5";"103,0";"6,8";"85,20";"0,0"
"06/01/2026";"2300";"25,9";"26,0";"25,9";"73,0";"74,0";"71,0";"20,8";"20,9";"20,4";"1014,9";"1014,9";"1014,4";"2,8";"104,0";"5,8";"";"0,0"
"07/01/2026";"0000";"24,6";"26,0";"24,5";"83,0";"84,0";"73,0";"21,5";"21,6";"20,8";"1015,5";"1015,5";"1014,9";"1,4";"314,0";"5,8";"";"0,0"
"07/01/2026";"0100";"23,5";"24,6";"23,5";"94,0";"94,0";"83,0";"22,4";"22,5";"21,5";"1015,8";"1015,8";"1015,5";"0,8";"271,0";"2,5";"";"0,0"
"07/01/2026";"0200";"23,0";"23,5";"22,9";"99,0";"100,0";"94,0";"22,9";"23,0";"22,4";"1015,7";"1015,9";"1015,7";"1,1";"280,0";"1,6";"";"0,0"
"07/01/2026";"0300";"22,9";"23,0";"22,9";"100,0";"100,0";"99,0";"22,9";"23,0";"22,9";"1015,3";"1015,7";"1015,3";"0,6";"277,0";"1,4";"";"0,0"
"07/01/2026";"0400";"23,1";"23,7";"22,9";"98,0";"100,0";"94,0";"22,8";"23,2";"22,6";"1014,6";"1015,3";"1014,6";"1,0";"309,0";"3,1";"";"0,0"
"07/01/2026";"0500";"22,3";"23,1";"22,3";"100,0";"100,0";"98,0";"22,2";"22,8";"22,2";"1014,2";"1014,6";"1014,2";"0,5";"304,0";"1,6";"";"0,0"
"07/01/2026";"0600";"21,8";"22,2";"21,8";"100,0";"100,0";"100,0";"21,8";"22,2";"21,8";"1013,8";"1014,2";"1013,8";"0,9";"317,0";"1,9";"";"0,0"
"07/01/2026";"0700";"21,6";"22,0";"21,6";"100,0";"100,0";"100,0";"21,6";"21,9";"21,6";"1013,9";"1014,0";"1013,8";"0,9";"309,0";"1,5";"";"0,0"
"07/01/2026";"0800";"21,3";"21,7";"21,3";"100,0";"100,0";"100,0";"21,3";"21,6";"21,3";"1014,4";"1014,4";"1013,9";"0,7";"318,0";"1,3";"";"0,0"
"07/01/2026";"0900";"21,2";"21,4";"21,1";"100,0";"100,0";"100,0";"21,2";"21,4";"21,1";"1014,8";"1014,8";"1014,3";"0,6";"313,0";"1,5";"24,30";"0,0"
"07/01/2026";"1000";"22,2";"22,2";"21,1";"99,0";"100,0";"99,0";"22,0";"22,0";"21,1";"1015,4";"1015,4";"1014,8";"0,6";"298,0";"1,5";"290,50";"0,0"
"07/01/2026";"1100";"25,0";"25,1";"22,2";"82,0";"99,0";"81,0";"21,7";"22,7";"21,6";"1015,5";"1015,5";"1015,3";"0,3";"328,0";"1,4";"915,10";"0,0"
"07/01/2026";"1200";"26,5";"26,8";"24,9";"72,0";"82,0";"71,0";"21,0";"22,6";"20,4";"1015,5";"1015,7";"1015,5";"0,8";"263,0";"1,9";"1658,50";"0,0"
"07/01/2026";"1300";"27,9";"28,0";"26,5";"67,0";"75,0";"63,0";"21,2";"22,0";"20,1";"1015,3";"1015,5";"1015,3";"2,8";"114,0";"4,9";"2544,20";"0,0"
"07/01/2026";"1400";"28,4";"28,7";"27,7";"66,0";"68,0";"63,0";"21,5";"21,8";"20,5";"1015,1";"1015,3";"1015,0";"2,8";"115,0";"6,2";"3342,00";"0,0"
"07/01/2026";"1500";"28,6";"29,1";"28,0";"65,0";"68,0";"63,0";"21,4";"22,0";"20,9";"1014,8";"1015,1";"1014,8";"3,1";"111,0";"6,2";"3840,70";"0,0"
"07/01/2026";"1600";"29,5";"29,5";"28,4";"64,0";"68,0";"63,0";"22,0";"22,2";"21,2";"1014,0";"1014,8";"1014,0";"3,0";"112,0";"6,0";"3859,50";"0,0"
"07/01/2026";"1700";"27,0";"29,5";"27,0";"76,0";"76,0";"63,0";"22,5";"22,5";"21,4";"1013,9";"1014,2";"1013,9";"1,3";"77,0";"6,0";"1964,30";"0,0"
"07/01/2026";"1800";"25,9";"27,5";"25,9";"82,0";"84,0";"70,0";"22,7";"23,2";"21,4";"1013,4";"1013,9";"1013,2";"1,4";"311,0";"3,9";"818,00";"0,4"
"07/01/2026";"1900";"25,4";"26,1";"25,3";"94,0";"94,0";"82,0";"24,4";"24,4";"22,6";"1013,0";"1013,7";"1013,0";"1,5";"306,0";"2,8";"354,30";"0,0"
"07/01/2026";"2000";"25,3";"25,5";"25,2";"97,0";"97,0";"93,0";"24,7";"25,0";"24,1";"1013,2";"1013,4";"1012,8";"1,6";"292,0";"2,6";"209,40";"0,0"
"07/01/2026";"2100";"25,4";"25,4";"25,1";"93,0";"99,0";"93,0";"24,3";"25,0";"24,1";"1013,0";"1013,3";"1013,0";"1,1";"279,0";"2,6";"139,40";"0,0"
"07/01/2026";"2200";"24,8";"25,5";"24,8";"99,0";"100,0";"93,0";"24,5";"25,1";"24,2";"1013,6";"1013,7";"1013,0";"1,5";"352,0";"2,6";"96,30";"0,0"
"07/01/2026";"2300";"24,0";"24,8";"24,0";"100,0";"100,0";"95,0";"24,0";"24,5";"23,7";"1013,5";"1013,7";"1013,4";"1,9";"289,0";"3,0";"";"0,0"
"08/01/2026";"0000";"23,5";"24,1";"23,5";"100,0";"100,0";"100,0";"23,5";"24,1";"23,4";"1013,8";"1013,9";"1013,4";"0,7";"269,0";"3,0";"";"0,2"
"08/01/2026";"0100";"22,8";"23,5";"22,8";"100,0";"100,0";"100,0";"22,8";"23,5";"22,7";"1014,4";"1014,4";"1013,8";"1,1";"307,0";"2,5";"";"0,0"
"08/01/2026";"0200";"22,1";"22,9";"22,1";"100,0";"100,0";"100,0";"22,1";"22,9";"22,1";"1014,1";"1014,6";"1014,1";"0,8";"299,0";"2,3";"";"0,0"
"08/01/2026";"0300";"22,2";"22,5";"22,1";"100,0";"100,0";"100,0";"22,1";"22,4";"22,1";"1014,3";"1014,3";"1014,1";"0,8";"244,0";"2,4";"";"0,2"
"08/01/2026";"0400";"";"";"";"";"";"";"";"";"";"";"";"";"";"";"";"";""
"08/01/2026";"0500";"21,7";"22,3";"21,7";"100,0";"100,0";"100,0";"21,7";"22,2";"21,7";"1013,3";"1013,8";"1013,2";"1,1";"331,0";"2,7";"";"0,0"
"08/01/2026";"0600";"22,0";"22,1";"21,7";"100,0";"100,0";"100,0";"22,0";"22,1";"21,7";"1012,8";"1013,3";"1012,7";"1,4";"212,0";"3,1";"";"0,0"
"08/01/2026";"0700";"22,8";"23,2";"22,0";"98,0";"100,0";"93,0";"22,4";"22,6";"21,9";"1013,4";"1013,4";"1012,8";"0,7";"261,0";"4,8";"";"0,0"
"08/01/2026";"0800";"22,2";"22,8";"22,2";"100,0";"100,0";"98,0";"22,2";"22,6";"22,1";"1013,4";"1013,5";"1013,2";"1,0";"288,0";"2,8";"";"0,0"
"08/01/2026";"0900";"22,0";"22,2";"22,0";"100,0";"100,0";"100,0";"22,0";"22,2";"21,9";"1013,4";"1013,5";"1013,1";"1,0";"285,0";"2,3";"24,30";"0,0"
"08/01/2026";"1000";"24,4";"24,4";"22,0";"94,0";"100,0";"94,0";"23,4";"23,4";"22,0";"1013,4";"1013,4";"1013,2";"0,9";"214,0";"2,2";"200,20";"0,0"
"08/01/2026";"1100";"28,0";"28,0";"24,3";"74,0";"94,0";"73,0";"22,8";"24,0";"22,2";"1013,7";"1013,7";"1013,3";"1,0";"186,0";"2,6";"1285,10";"0,0"
"08/01/2026";"1200";"30,2";"30,2";"27,9";"61,0";"75,0";"58,0";"21,9";"23,4";"20,9";"1013,4";"1013,7";"1013,3";"1,4";"120,0";"3,4";"2183,70";"0,0"
"08/01/2026";"1300";"29,6";"30,2";"28,7";"73,0";"81,0";"61,0";"24,2";"25,1";"21,7";"1013,5";"1013,5";"1013,3";"2,2";"123,0";"5,3";"2886,90";"0,0"
"08/01/2026";"1400";"30,1";"30,6";"29,5";"71,0";"75,0";"66,0";"24,2";"24,9";"23,4";"1013,4";"1013,6";"1013,4";"2,6";"117,0";"5,4";"3393,70";"0,0"
"08/01/2026";"1500";"30,4";"31,3";"30,1";"67,0";"72,0";"62,0";"23,6";"24,6";"23,1";"1013,2";"1013,4";"1013,2";"2,0";"140,0";"5,6";"3560,10";"0,0"
"08/01/2026";"1600";"31,1";"31,2";"29,6";"63,0";"73,0";"62,0";"23,2";"24,5";"23,0";"1013,0";"1013,3";"1013,0";"2,5";"111,0";"4,8";"2484,20";"0,0"
"08/01/2026";"1700";"28,1";"31,1";"28,0";"85,0";"89,0";"60,0";"25,2";"25,9";"22,2";"1013,0";"1013,1";"1012,8";"1,1";"123,0";"5,6";"769,90";"1,2"
"08/01/2026";"1800";"25,6";"28,1";"25,6";"93,0";"96,0";"82,0";"24,5";"26,0";"24,3";"1012,6";"1013,3";"1012,4";"2,5";"297,0";"6,1";"484,20";"1,0"
"08/01/2026";"1900";"27,8";"27,8";"25,6";"75,0";"96,0";"75,0";"23,0";"25,9";"23,0";"1012,6";"1013,5";"1012,6";"1,4";"278,0";"3,8";"914,00";"0,0"
"08/01/2026";"2000";"27,0";"28,5";"27,0";"82,0";"86,0";"68,0";"23,7";"24,4";"21,7";"1012,7";"1012,8";"1012,5";"0,8";"254,0";"4,0";"805,70";"0,0"
"08/01/2026";"2100";"25,3";"27,0";"25,2";"84,0";"88,0";"82,0";"22,5";"24,7";"22,2";"1013,1";"1013,1";"1012,7";"1,8";"323,0";"3,3";"96,10";"0,0"
"08/01/2026";"2200";"24,3";"25,4";"24,2";"91,0";"92,0";"83,0";"22,7";"23,0";"22,2";"1013,1";"1013,2";"1012,9";"1,2";"314,0";"2,9";"7,90";"0,0"
"08/01/2026";"2300";"24,5";"24,8";"24,3";"91,0";"100,0";"90,0";"23,0";"24,8";"22,5";"1013,5";"1013,8";"1013,1";"0,3";"234,0";"4,1";"";"0,2"
"09/01/2026";"0000";"23,9";"24,6";"23,8";"96,0";"97,0";"91,0";"23,3";"23,7";"22,5";"1014,0";"1014,0";"1013,3";"0,8";"330,0";"3,4";"";"0,0"
"09/01/2026";"0100";"23,7";"24,2";"23,7";"99,0";"99,0";"91,0";"23,5";"23,6";"22,5";"1014,4";"1014,5";"1014,0";"0,4";"232,0";"2,6";"";"0,0"
"09/01/2026";"0200";"24,6";"24,6";"23,7";"95,0";"100,0";"95,0";"23,7";"23,9";"23,5";"1014,8";"1014,9";"1014,4";"1,8";"204,0";"6,3";"";"0,0"
"09/01/2026";"0300";"24,3";"24,7";"24,0";"97,0";"97,0";"91,0";"23,8";"23,8";"23,2";"1015,2";"1015,2";"1014,8";"0,9";"250,0";"4,4";"";"0,0"
"09/01/2026";"0400";"23,3";"24,3";"23,1";"100,0";"100,0";"96,0";"23,3";"23,8";"22,7";"1014,6";"1015,2";"1014,6";"0,5";"301,0";"3,2";"";"0,0"
"09/01/2026";"0500";"23,0";"23,4";"23,0";"100,0";"100,0";"100,0";"23,0";"23,4";"23,0";"1014,3";"1014,7";"1014,3";"1,1";"313,0";"2,1";"";"0,0"
"09/01/2026";"0600";"22,7";"23,1";"22,7";"100,0";"100,0";"98,0";"22,7";"23,1";"22,5";"1013,8";"1014,3";"1013,7";"1,3";"328,0";"2,0";"";"0,0"
"09/01/2026";"0700";"22,8";"23,1";"22,6";"100,0";"100,0";"99,0";"22,7";"23,1";"22,5";"1013,4";"1013,9";"1013,3";"0,7";"343,0";"2,7";"";"0,0"
"09/01/2026";"0800";"22,5";"22,8";"22,2";"100,0";"100,0";"96,0";"22,4";"22,6";"21,9";"1013,6";"1013,6";"1013,3";"0,9";"272,0";"2,0";"";"0,0"
"09/01/2026";"0900";"23,3";"23,3";"22,2";"98,0";"100,0";"98,0";"23,0";"23,0";"22,2";"1014,6";"1014,6";"1013,6";"1,3";"228,0";"3,6";"32,30";"0,0"
"09/01/2026";"1000";"25,6";"25,6";"23,3";"80,0";"98,0";"80,0";"21,9";"22,9";"21,6";"1014,7";"1014,7";"1014,5";"1,0";"211,0";"4,6";"260,20";"0,0"
"09/01/2026";"1100";"27,3";"27,4";"25,6";"74,0";"80,0";"74,0";"22,3";"22,6";"21,5";"1015,2";"1015,2";"1014,7";"1,7";"202,0";"5,8";"1217,70";"0,0"
"09/01/2026";"1200";"28,4";"29,2";"27,3";"72,0";"76,0";"69,0";"22,8";"23,6";"22,2";"1015,2";"1015,2";"1015,1";"2,0";"186,0";"5,2";"2117,60";"0,0"
"09/01/2026";"1300";"29,5";"30,0";"28,2";"71,0";"75,0";"63,0";"23,8";"24,1";"21,6";"1015,3";"1015,3";"1015,1";"1,9";"136,0";"5,2";"2622,70";"0,2"
"09/01/2026";"1400";"29,5";"29,9";"28,6";"72,0";"75,0";"68,0";"24,0";"24,1";"23,1";"1014,9";"1015,3";"1014,9";"2,0";"131,0";"5,1";"3262,90";"0,0"
"09/01/2026";"1500";"29,3";"30,0";"28,7";"73,0";"75,0";"66,0";"24,0";"24,2";"22,2";"1014,9";"1015,0";"1014,8";"2,1";"129,0";"4,4";"2442,60";"0,0"
"09/01/2026";"1600";"29,2";"30,6";"29,0";"75,0";"75,0";"67,0";"24,4";"24,5";"23,2";"1014,7";"1014,9";"1014,7";"2,1";"146,0";"4,5";"2663,50";"0,0"
"09/01/2026";"1700";"29,0";"29,6";"28,4";"77,0";"80,0";"73,0";"24,6";"25,1";"23,8";"1014,6";"1014,8";"1014,6";"2,3";"138,0";"5,7";"1779,90";"0,0"
"09/01/2026";"1800";"29,4";"30,0";"28,6";"76,0";"80,0";"74,0";"24,7";"25,3";"24,2";"1013,8";"1014,6";"1013,8";"2,2";"143,0";"6,5";"2231,80";"0,0"
"09/01/2026";"1900";"28,7";"29,5";"28,2";"78,0";"82,0";"76,0";"24,4";"25,2";"24,3";"1013,3";"1013,8";"1013,3";"3,5";"160,0";"7,7";"1919,50";"0,0"
"09/01/2026";"2000";"28,5";"28,9";"28,0";"78,0";"81,0";"77,0";"24,2";"24,7";"24,0";"1013,6";"1013,7";"1013,3";"2,1";"125,0";"7,7";"1216,60";"0,0"
"09/01/2026";"2100";"28,0";"28,5";"27,8";"81,0";"81,0";"77,0";"24,4";"24,5";"23,6";"1013,4";"1013,7";"1013,4";"1,5";"123,0";"4,3";"341,80";"0,0"
"09/01/2026";"2200";"27,4";"28,0";"27,4";"84,0";"84,0";"80,0";"24,4";"24,6";"24,1";"1013,9";"1013,9";"1013,3";"1,3";"153,0";"3,6";"84,60";"0,0"
"09/01/2026";"2300";"27,0";"27,4";"26,8";"90,0";"90,0";"83,0";"25,2";"25,2";"24,3";"1014,2";"1014,2";"1013,8";"0,5";"274,0";"2,9";"";"0,0"
"10/01/2026";"0000";"26,6";"27,2";"26,6";"95,0";"96,0";"87,0";"25,7";"26,0";"24,9";"1014,5";"1014,5";"1014,2";"1,3";"307,0";"1,8";"";"0,0"
"10/01/2026";"0100";"25,9";"26,6";"25,9";"100,0";"100,0";"95,0";"25,9";"26,1";"25,7";"1014,4";"1014,6";"1014,3";"0,9";"334,0";"1,8";"";"0,0"
"10/01/2026";"0200";"25,2";"25,9";"25,1";"100,0";"100,0";"100,0";"25,2";"25,8";"25,1";"1014,4";"1014,5";"1014,3";"0,3";"306,0";"1,8";"";"0,0"
"10/01/2026";"0300";"24,6";"25,2";"24,6";"100,0";"100,0";"100,0";"24,6";"25,2";"24,5";"1013,8";"1014,4";"1013,8";"0,8";"291,0";"1,8";"";"0,0"
"10/01/2026";"0400";"24,1";"24,6";"24,0";"95,0";"100,0";"95,0";"23,3";"24,6";"23,2";"1012,7";"1013,8";"1012,7";"1,4";"319,0";"2,5";"";"0,0"
"10/01/2026";"0500";"23,7";"24,2";"23,7";"100,0";"100,0";"94,0";"23,7";"23,9";"23,0";"1012,4";"1012,7";"1012,3";"0,4";"267,0";"2,5";"";"0,0"
"10/01/2026";"0600";"24,1";"24,2";"23,6";"100,0";"100,0";"100,0";"24,1";"24,2";"23,6";"1012,3";"1012,5";"1012,2";"0,7";"265,0";"2,1";"";"0,0"
"10/01/2026";"0700";"23,8";"24,1";"23,8";"100,0";"100,0";"100,0";"23,8";"24,1";"23,8";"1012,3";"1012,5";"1012,3";"0,5";"286,0";"1,9";"";"0,0"
"10/01/2026";"0800";"23,5";"23,9";"23,4";"100,0";"100,0";"100,0";"23,5";"23,8";"23,3";"1012,6";"1012,6";"1012,2";"0,4";"327,0";"2,4";"";"0,0"
"10/01/2026";"0900";"23,9";"23,9";"23,5";"100,0";"100,0";"100,0";"23,9";"23,9";"23,5";"1012,9";"1013,0";"1012,6";"0,8";"274,0";"1,8";"34,70";"0,0"
"10/01/2026";"1000";"25,0";"25,0";"23,9";"100,0";"100,0";"100,0";"25,0";"25,0";"23,9";"1013,1";"1013,2";"1012,9";"0,9";"273,0";"1,7";"216,20";"0,0"
"10/01/2026";"1100";"27,4";"27,7";"25,0";"81,0";"100,0";"80,0";"23,9";"25,3";"23,7";"1013,1";"1013,2";"1013,0";"1,6";"180,0";"4,0";"1209,20";"0,0"
"10/01/2026";"1200";"28,9";"29,3";"27,4";"78,0";"81,0";"76,0";"24,7";"25,1";"23,7";"1013,0";"1013,2";"1013,0";"1,8";"128,0";"4,1";"2096,40";"0,0"
"10/01/2026";"1300";"29,0";"29,7";"28,5";"80,0";"81,0";"76,0";"25,1";"25,3";"24,5";"1012,8";"1013,0";"1012,8";"3,3";"111,0";"5,7";"2844,30";"0,0"
"10/01/2026";"1400";"29,3";"29,7";"28,9";"79,0";"81,0";"76,0";"25,4";"25,6";"24,8";"1011,7";"1012,8";"1011,7";"3,4";"111,0";"6,0";"3329,80";"0,0"
"10/01/2026";"1500";"30,5";"30,5";"28,9";"71,0";"80,0";"70,0";"24,6";"25,5";"24,3";"1011,1";"1011,7";"1011,1";"2,3";"119,0";"5,7";"3292,90";"0,0"
"10/01/2026";"1600";"30,3";"31,3";"29,7";"72,0";"74,0";"61,0";"24,6";"24,7";"22,7";"1010,7";"1011,1";"1010,7";"2,7";"124,0";"5,6";"3621,20";"0,0"
"10/01/2026";"1700";"30,2";"30,9";"29,9";"76,0";"77,0";"68,0";"25,5";"25,9";"23,9";"1009,9";"1010,6";"1009,9";"3,3";"108,0";"6,6";"3597,80";"0,0"
"10/01/2026";"1800";"30,5";"30,6";"29,6";"72,0";"78,0";"72,0";"25,0";"25,8";"24,7";"1009,1";"1009,9";"1009,1";"2,6";"115,0";"6,3";"3190,50";"0,0"
"10/01/2026";"1900";"31,6";"31,8";"30,1";"61,0";"76,0";"57,0";"23,1";"25,7";"22,2";"1008,5";"1009,2";"1008,4";"1,3";"138,0";"4,9";"2472,40";"0,0"
"10/01/2026";"2000";"30,4";"32,4";"30,4";"74,0";"74,0";"57,0";"25,3";"25,3";"22,8";"1007,9";"1008,5";"1007,9";"1,5";"161,0";"3,7";"1402,40";"0,0"
"10/01/2026";"2100";"29,9";"30,7";"29,8";"78,0";"80,0";"72,0";"25,6";"26,2";"24,9";"1007,9";"1007,9";"1007,7";"1,2";"164,0";"4,0";"610,00";"0,0"
"10/01/2026";"2200";"29,1";"29,9";"29,1";"82,0";"83,0";"77,0";"25,8";"26,4";"25,5";"1009,2";"1009,2";"1007,9";"1,8";"216,0";"4,0";"74,20";"0,0"
"10/01/2026";"2300";"28,1";"29,1";"28,1";"89,0";"89,0";"82,0";"26,0";"26,0";"25,6";"1009,7";"1009,7";"1009,2";"1,7";"223,0";"5,4";"";"0,0"
"11/01/2026";"0000";"27,3";"28,1";"27,3";"99,0";"99,0";"89,0";"27,1";"27,3";"26,0";"1010,7";"1010,7";"1009,6";"1,6";"281,0";"4,7";"";"0,0"
"11/01/2026";"0100";"27,7";"27,9";"27,2";"80,0";"99,0";"75,0";"23,9";"27,2";"23,0";"1012,4";"1012,4";"1010,7";"2,4";"234,0";"7,1";"";"0,0"
"11/01/2026";"0200";"27,1";"27,7";"27,1";"81,0";"86,0";"80,0";"23,6";"24,8";"23,6";"1012,3";"1012,8";"1012,2";"1,9";"199,0";"7,1";"";"0,0"
"11/01/2026";"0300";"25,5";"27,1";"25,4";"100,0";"100,0";"81,0";"25,5";"25,7";"23,6";"1011,6";"1012,3";"1011,6";"0,5";"3,0";"5,6";"";"0,2"
"11/01/2026";"0400";"25,1";"25,6";"25,1";"100,0";"100,0";"100,0";"25,1";"25,6";"25,1";"1011,1";"1011,6";"1011,1";"1,4";"299,0";"2,1";"";"0,0"
"11/01/2026";"0500";"25,0";"25,2";"24,9";"100,0";"100,0";"100,0";"25,0";"25,1";"24,9";"1010,4";"1011,1";"1010,3";"1,5";"287,0";"2,5";"";"0,0"
"11/01/2026";"0600";"24,8";"25,0";"24,7";"100,0";"100,0";"100,0";"24,8";"25,0";"24,7";"1010,1";"1010,4";"1010,1";"1,0";"309,0";"2,3";"";"0,0"
"11/01/2026";"0700";"24,7";"24,8";"24,6";"100,0";"100,0";"100,0";"24,7";"24,8";"24,5";"1009,8";"1010,1";"1009,8";"1,3";"291,0";"2,6";"";"0,0"
"11/01/2026";"0800";"24,1";"24,7";"24,1";"100,0";"100,0";"100,0";"24,1";"24,6";"24,1";"1009,8";"1009,9";"1009,7";"0,9";"296,0";"2,1";"";"0,0"
"11/01/2026";"0900";"24,1";"24,3";"24,0";"100,0";"100,0";"100,0";"24,1";"24,3";"24,0";"1010,5";"1010,5";"1009,8";"0,8";"230,0";"2,2";"32,10";"0,0"
"11/01/2026";"1000";"25,1";"25,3";"24,1";"100,0";"100,0";"100,0";"25,1";"25,3";"24,1";"1010,8";"1010,9";"1010,4";"0,9";"274,0";"3,5";"314,20";"0,0"
"11/01/2026";"1100";"28,0";"28,0";"25,1";"81,0";"100,0";"81,0";"24,6";"25,4";"24,1";"1011,0";"1011,1";"1010,8";"1,0";"223,0";"2,4";"1360,40";"0,0"
"11/01/2026";"1200";"29,3";"29,4";"28,0";"74,0";"81,0";"73,0";"24,1";"24,6";"23,6";"1010,9";"1011,0";"1010,8";"2,5";"104,0";"4,8";"2084,80";"0,0"
"11/01/2026";"1300";"29,9";"29,9";"29,1";"76,0";"77,0";"73,0";"25,3";"25,3";"24,0";"1011,1";"1011,1";"1010,8";"2,3";"113,0";"4,9";"2824,30";"0,0"
"11/01/2026";"1400";"30,7";"30,7";"29,6";"72,0";"78,0";"72,0";"25,1";"25,6";"24,8";"1010,4";"1011,1";"1010,4";"2,9";"111,0";"5,8";"3400,90";"0,0"
"11/01/2026";"1500";"30,1";"31,1";"29,9";"74,0";"75,0";"64,0";"24,9";"25,2";"23,6";"1010,2";"1010,5";"1010,2";"2,8";"119,0";"5,8";"3659,40";"0,0"
"11/01/2026";"1600";"30,8";"31,2";"30,0";"74,0";"76,0";"71,0";"25,6";"26,0";"24,6";"1009,7";"1010,2";"1009,7";"2,7";"112,0";"6,3";"3659,10";"0,0"
"11/01/2026";"1700";"30,6";"31,2";"30,0";"75,0";"76,0";"69,0";"25,8";"25,8";"24,7";"1009,2";"1009,7";"1009,1";"2,8";"114,0";"5,9";"3417,60";"0,0"
"11/01/2026";"1800";"30,9";"31,4";"30,2";"72,0";"77,0";"71,0";"25,2";"26,2";"25,1";"1008,6";"1009,2";"1008,6";"2,9";"114,0";"6,3";"3010,90";"0,0"
"11/01/2026";"1900";"30,7";"31,2";"29,4";"74,0";"81,0";"67,0";"25,6";"26,2";"24,1";"1008,1";"1008,6";"1008,1";"1,8";"106,0";"5,7";"1854,60";"0,0"
"11/01/2026";"2000";"30,6";"31,1";"30,5";"75,0";"77,0";"73,0";"25,7";"26,3";"25,6";"1007,9";"1008,1";"1007,8";"0,9";"141,0";"5,2";"1397,20";"0,0"
"11/01/2026";"2100";"30,0";"30,6";"29,9";"81,0";"81,0";"75,0";"26,4";"26,4";"25,6";"1007,9";"1007,9";"1007,7";"0,9";"106,0";"2,5";"418,60";"0,0"
"11/01/2026";"2200";"28,6";"30,1";"28,6";"90,0";"91,0";"79,0";"26,8";"27,0";"26,1";"1008,2";"1008,2";"1007,8";"0,4";"281,0";"3,0";"63,00";"0,0"
"11/01/2026";"2300";"27,5";"28,6";"27,5";"96,0";"96,0";"87,0";"26,9";"27,6";"25,7";"1008,7";"1008,7";"1008,2";"0,6";"318,0";"1,4";"";"0,0"
"12/01/2026";"0000";"27,0";"27,5";"27,0";"100,0";"100,0";"96,0";"27,0";"27,3";"26,9";"1009,4";"1009,4";"1008,7";"0,4";"309,0";"0,9";"";"0,0"
"12/01/2026";"0100";"26,3";"27,0";"26,3";"100,0";"100,0";"97,0";"26,3";"27,0";"26,0";"1009,9";"1009,9";"1009,4";"0,5";"358,0";"2,6";"";"0,0"
"12/01/2026";"0200";"25,8";"26,4";"25,8";"99,0";"100,0";"92,0";"25,6";"26,4";"24,7";"1009,9";"1010,1";"1009,9";"1,0";"298,0";"2,0";"";"0,0"
"12/01/2026";"0300";"25,3";"25,9";"25,3";"100,0";"100,0";"99,0";"25,3";"25,9";"25,2";"1009,5";"1009,9";"1009,5";"0,9";"316,0";"1,6";"";"0,0"
"12/01/2026";"0400";"24,8";"25,5";"24,8";"98,0";"100,0";"97,0";"24,4";"25,4";"24,4";"1008,8";"1009,5";"1008,8";"0,6";"322,0";"1,6";"";"0,0"
"12/01/2026";"0500";"24,7";"25,0";"24,6";"100,0";"100,0";"95,0";"24,7";"24,7";"23,9";"1008,6";"1008,9";"1008,6";"0,6";"302,0";"1,8";"";"0,0"
"12/01/2026";"0600";"24,5";"24,8";"24,3";"100,0";"100,0";"100,0";"24,5";"24,8";"24,3";"1008,6";"1008,6";"1008,5";"0,6";"281,0";"1,5";"";"0,0"
"12/01/2026";"0700";"24,0";"24,5";"23,9";"100,0";"100,0";"100,0";"24,0";"24,4";"23,9";"1008,8";"1008,8";"1008,5";"0,6";"300,0";"2,7";"";"0,0"
"12/01/2026";"0800";"23,7";"24,4";"23,7";"97,0";"100,0";"97,0";"23,2";"24,4";"23,2";"1009,0";"1009,0";"1008,7";"0,7";"333,0";"2,3";"";"0,0"
"12/01/2026";"0900";"23,8";"23,9";"23,5";"100,0";"100,0";"95,0";"23,8";"23,8";"22,8";"1009,5";"1009,5";"1009,0";"0,6";"278,0";"1,9";"38,80";"0,0"
"12/01/2026";"1000";"26,0";"26,0";"23,8";"91,0";"100,0";"91,0";"24,4";"24,9";"23,8";"1009,7";"1009,7";"1009,3";"0,9";"239,0";"2,7";"248,40";"0,0"
"12/01/2026";"1100";"31,9";"31,9";"26,0";"47,0";"91,0";"46,0";"19,3";"24,8";"18,1";"1010,1";"1010,1";"1009,6";"0,8";"178,0";"3,5";"1278,20";"0,0"
"12/01/2026";"1200";"33,1";"33,1";"31,0";"42,0";"63,0";"42,0";"18,6";"23,7";"18,4";"1010,2";"1010,3";"1010,0";"1,3";"343,0";"3,9";"2042,50";"0,0"
"12/01/2026";"1300";"35,9";"36,8";"33,1";"36,0";"46,0";"30,0";"18,4";"21,1";"16,4";"1010,0";"1010,2";"1009,9";"2,0";"95,0";"5,0";"2926,50";"0,0"
"12/01/2026";"1400";"34,4";"36,2";"32,7";"51,0";"64,0";"35,0";"22,7";"25,0";"18,3";"1009,8";"1010,0";"1009,7";"2,4";"147,0";"6,2";"3161,60";"0,0"
"12/01/2026";"1500";"33,0";"35,6";"32,6";"57,0";"61,0";"42,0";"23,2";"24,3";"20,7";"1009,8";"1009,9";"1009,7";"3,1";"134,0";"6,7";"2843,60";"0,0"
"12/01/2026";"1600";"32,7";"33,1";"32,2";"60,0";"64,0";"56,0";"24,0";"25,0";"22,7";"1009,5";"1009,8";"1009,4";"2,5";"143,0";"7,9";"3542,10";"0,0"
"12/01/2026";"1700";"31,6";"33,4";"31,6";"69,0";"69,0";"49,0";"25,1";"25,8";"21,2";"1009,5";"1009,6";"1009,4";"2,7";"145,0";"6,6";"3657,60";"0,0"
"12/01/2026";"1800";"30,0";"32,6";"30,0";"87,0";"87,0";"64,0";"27,5";"27,5";"24,2";"1009,5";"1009,6";"1009,4";"2,9";"149,0";"6,4";"2263,70";"0,0"
"12/01/2026";"1900";"31,4";"32,0";"29,9";"75,0";"89,0";"71,0";"26,4";"28,3";"25,8";"1009,3";"1009,6";"1009,3";"1,9";"186,0";"6,6";"1406,70";"0,0"
"12/01/2026";"2000";"30,5";"31,5";"30,4";"71,0";"76,0";"71,0";"24,5";"26,3";"24,5";"1009,2";"1009,6";"1009,2";"1,5";"178,0";"5,7";"704,50";"0,0"
"12/01/2026";"2100";"29,8";"30,5";"29,8";"80,0";"80,0";"69,0";"25,9";"25,9";"24,1";"1009,3";"1009,4";"1009,1";"1,1";"165,0";"4,2";"315,40";"0,0"
"12/01/2026";"2200";"28,8";"29,8";"28,8";"84,0";"85,0";"80,0";"25,9";"26,6";"25,7";"1010,1";"1010,1";"1009,3";"0,7";"296,0";"2,5";"76,90";"0,0"
"12/01/2026";"2300";"27,9";"28,8";"27,9";"92,0";"93,0";"84,0";"26,5";"26,7";"25,7";"1011,1";"1011,1";"1010,1";"1,0";"343,0";"2,2";"";"0,0"
"13/01/2026";"0000";"27,3";"27,9";"27,3";"95,0";"95,0";"91,0";"26,3";"26,5";"25,9";"1012,3";"1012,3";"1011,1";"0,6";"213,0";"2,2";"";"0,0"
"13/01/2026";"0100";"27,4";"27,5";"27,3";"93,0";"95,0";"92,0";"26,2";"26,5";"26,0";"1012,8";"1012,8";"1012,3";"0,9";"244,0";"3,3";"";"0,0"
"13/01/2026";"0200";"26,7";"27,5";"26,6";"96,0";"97,0";"92,0";"26,1";"26,7";"25,6";"1012,6";"1012,9";"1012,4";"0,3";"21,0";"2,6";"";"0,0"
"13/01/2026";"0300";"26,8";"27,3";"26,5";"93,0";"98,0";"93,0";"25,6";"26,8";"25,5";"1012,0";"1012,6";"1011,9";"1,0";"7,0";"2,1";"";"0,0"
"13/01/2026";"0400";"26,1";"26,8";"26,1";"99,0";"99,0";"91,0";"26,0";"26,0";"25,3";"1011,5";"1012,0";"1011,4";"0,9";"312,0";"2,3";"";"0,0"
"13/01/2026";"0500";"25,9";"26,3";"25,9";"100,0";"100,0";"98,0";"25,9";"26,1";"25,7";"1011,0";"1011,5";"1011,0";"1,0";"282,0";"1,8";"";"0,0"
"13/01/2026";"0600";"25,5";"26,0";"25,3";"100,0";"100,0";"99,0";"25,4";"26,0";"25,3";"1010,7";"1011,0";"1010,7";"0,7";"351,0";"1,9";"";"0,0"
"13/01/2026";"0700";"25,6";"25,6";"25,4";"100,0";"100,0";"95,0";"25,6";"25,6";"24,6";"1010,6";"1010,9";"1010,6";"0,7";"218,0";"2,6";"";"0,0"
"13/01/2026";"0800";"25,1";"25,7";"25,0";"100,0";"100,0";"100,0";"25,0";"25,7";"25,0";"1011,3";"1011,3";"1010,6";"1,1";"327,0";"1,8";"";"0,0"
"13/01/2026";"0900";"25,4";"25,4";"24,9";"100,0";"100,0";"97,0";"25,3";"25,4";"24,5";"1012,8";"1012,8";"1011,3";"0,4";"294,0";"2,0";"43,20";"0,0"
"13/01/2026";"1000";"26,5";"26,5";"25,3";"95,0";"100,0";"95,0";"25,6";"25,9";"25,0";"1013,9";"1013,9";"1012,8";"0,6";"324,0";"1,5";"340,50";"0,0"
"13/01/2026";"1100";"24,8";"26,6";"24,8";"100,0";"100,0";"92,0";"24,8";"25,9";"24,8";"1014,9";"1015,0";"1013,9";"1,4";"66,0";"4,6";"268,70";"5,8"
"13/01/2026";"1200";"25,3";"25,3";"24,5";"92,0";"100,0";"85,0";"23,8";"25,0";"22,5";"1015,4";"1015,5";"1014,8";"1,0";"58,0";"4,8";"161,10";"4,0"
"13/01/2026";"1300";"26,5";"26,5";"25,3";"83,0";"97,0";"81,0";"23,4";"25,1";"23,0";"1015,0";"1015,4";"1014,9";"1,4";"139,0";"4,9";"466,40";"0,0"
"13/01/2026";"1400";"28,0";"28,4";"25,5";"80,0";"91,0";"76,0";"24,2";"25,7";"23,3";"1013,7";"1015,0";"1013,7";"1,1";"261,0";"4,2";"1366,40";"0,0"
"13/01/2026";"1500";"28,3";"28,3";"27,3";"71,0";"81,0";"70,0";"22,5";"24,3";"22,4";"1013,0";"1013,8";"1013,0";"0,9";"342,0";"3,7";"1839,60";"0,0"
"13/01/2026";"1600";"29,6";"29,7";"28,3";"67,0";"73,0";"66,0";"22,8";"23,7";"22,2";"1013,4";"1013,5";"1013,0";"1,8";"119,0";"5,4";"2337,80";"0,0"
"13/01/2026";"1700";"29,3";"29,9";"29,2";"67,0";"69,0";"63,0";"22,6";"23,3";"21,6";"1012,7";"1013,4";"1012,7";"1,9";"124,0";"4,3";"2230,50";"0,2"
"13/01/2026";"1800";"30,4";"30,4";"29,3";"63,0";"67,0";"60,0";"22,6";"22,9";"21,5";"1011,9";"1012,7";"1011,9";"2,5";"123,0";"5,2";"3064,40";"0,0"
"13/01/2026";"1900";"29,7";"30,4";"29,5";"64,0";"66,0";"62,0";"22,2";"22,9";"21,9";"1011,7";"1011,9";"1011,4";"2,3";"117,0";"6,1";"2522,50";"0,0"
"13/01/2026";"2000";"29,0";"30,0";"28,9";"76,0";"78,0";"62,0";"24,4";"24,8";"21,8";"1011,9";"1011,9";"1011,6";"2,7";"117,0";"6,0";"1575,60";"0,0"
"13/01/2026";"2100";"28,4";"29,2";"28,4";"79,0";"80,0";"73,0";"24,5";"24,7";"23,6";"1012,2";"1012,2";"1011,9";"2,6";"90,0";"6,0";"564,70";"0,0"
"13/01/2026";"2200";"28,2";"28,5";"28,2";"80,0";"82,0";"75,0";"24,4";"25,0";"23,4";"1012,5";"1012,5";"1012,1";"2,0";"95,0";"4,6";"178,70";"0,0"
"13/01/2026";"2300";"27,8";"28,2";"27,6";"85,0";"87,0";"78,0";"25,0";"25,2";"24,1";"1013,8";"1013,8";"1012,5";"0,7";"31,0";"4,4";"";"0,0"
"14/01/2026";"0000";"23,2";"27,9";"22,6";"100,0";"100,0";"79,0";"23,2";"25,2";"22,2";"1015,1";"1015,4";"1013,8";"4,6";"354,0";"9,0";"";"17,8"
"14/01/2026";"0100";"26,3";"26,3";"23,1";"71,0";"100,0";"71,0";"20,5";"23,4";"20,5";"1014,8";"1015,1";"1014,7";"2,3";"30,0";"9,0";"";"3,8"
"14/01/2026";"0200";"23,9";"26,3";"23,9";"93,0";"94,0";"70,0";"22,7";"22,9";"20,1";"1013,4";"1014,9";"1013,4";"0,6";"238,0";"7,1";"1,30";"0,2"
"14/01/2026";"0300";"24,2";"24,2";"23,5";"91,0";"97,0";"88,0";"22,6";"23,1";"22,0";"1013,1";"1013,4";"1012,9";"1,7";"182,0";"4,8";"1,10";"0,0"
"14/01/2026";"0400";"23,7";"24,2";"23,7";"100,0";"100,0";"91,0";"23,7";"23,9";"22,7";"1012,8";"1013,1";"1012,7";"0,6";"199,0";"3,7";"";"0,0"
"14/01/2026";"0500";"23,3";"23,9";"23,3";"93,0";"100,0";"93,0";"22,2";"23,8";"22,2";"1012,4";"1013,0";"1012,4";"0,4";"15,0";"2,3";"";"0,0"
"14/01/2026";"0600";"23,4";"23,7";"23,3";"99,0";"99,0";"89,0";"23,2";"23,2";"21,7";"1012,0";"1012,4";"1012,0";"0,7";"263,0";"3,3";"";"0,0"
"14/01/2026";"0700";"23,0";"23,5";"22,9";"100,0";"100,0";"98,0";"23,0";"23,5";"22,8";"1012,2";"1012,2";"1011,8";"0,9";"219,0";"2,4";"";"0,0"
"14/01/2026";"0800";"22,6";"23,1";"22,6";"98,0";"100,0";"98,0";"22,2";"23,1";"22,2";"1012,8";"1012,8";"1012,1";"0,9";"233,0";"2,6";"";"0,0"
"14/01/2026";"0900";"23,0";"23,4";"22,6";"96,0";"98,0";"91,0";"22,3";"22,9";"21,8";"1013,9";"1013,9";"1012,8";"1,1";"288,0";"3,2";"9,40";"0,0"
"14/01/2026";"1000";"23,8";"23,9";"22,7";"96,0";"100,0";"90,0";"23,2";"23,7";"21,4";"1014,5";"1014,5";"1013,9";"0,8";"269,0";"2,2";"222,80";"0,0"
"14/01/2026";"1100";"27,4";"27,4";"23,8";"78,0";"97,0";"74,0";"23,2";"23,6";"22,1";"1014,8";"1014,8";"1014,5";"0,5";"278,0";"2,2";"1336,30";"0,0"
"14/01/2026";"1200";"30,2";"30,2";"27,4";"61,0";"78,0";"59,0";"21,9";"22,3";"20,4";"1014,9";"1015,0";"1014,8";"0,9";"142,0";"2,0";"2105,80";"0,2"
"14/01/2026";"1300";"29,6";"30,6";"29,5";"62,0";"62,0";"56,0";"21,6";"21,8";"20,4";"1014,6";"1014,9";"1014,6";"2,2";"169,0";"4,5";"2884,70";"0,0"
"14/01/2026";"1400";"31,3";"31,6";"29,3";"56,0";"63,0";"52,0";"21,4";"21,9";"20,1";"1014,5";"1014,7";"1014,5";"1,8";"133,0";"4,8";"2867,00";"0,0"
"14/01/2026";"1500";"30,4";"31,4";"30,4";"63,0";"63,0";"55,0";"22,7";"22,8";"21,0";"1014,2";"1014,5";"1014,2";"3,1";"112,0";"6,3";"3702,70";"0,0"
"14/01/2026";"1600";"30,1";"30,9";"30,0";"65,0";"68,0";"62,0";"22,8";"23,8";"22,3";"1013,5";"1014,2";"1013,5";"2,9";"120,0";"6,7";"3786,10";"0,0"
"14/01/2026";"1700";"30,4";"30,9";"30,0";"65,0";"68,0";"63,0";"23,2";"23,8";"22,8";"1012,8";"1013,5";"1012,7";"2,6";"125,0";"6,1";"3545,00";"0,0"
"14/01/2026";"1800";"28,5";"31,1";"28,5";"75,0";"75,0";"63,0";"23,7";"24,0";"22,4";"1012,4";"1012,7";"1012,3";"1,7";"135,0";"6,3";"1949,60";"0,0"
"14/01/2026";"1900";"23,5";"28,7";"23,5";"92,0";"94,0";"65,0";"22,1";"24,0";"19,9";"1012,6";"1013,4";"1012,3";"1,4";"22,0";"11,3";"76,90";"2,4"
"14/01/2026";"2000";"23,5";"24,1";"23,4";"100,0";"100,0";"92,0";"23,5";"23,9";"22,1";"1012,2";"1012,6";"1012,1";"1,2";"326,0";"3,7";"64,50";"0,8"
"14/01/2026";"2100";"23,9";"24,0";"23,5";"100,0";"100,0";"100,0";"23,9";"23,9";"23,5";"1012,4";"1012,4";"1012,2";"0,5";"222,0";"2,7";"144,80";"0,0"
"14/01/2026";"2200";"24,3";"24,5";"23,9";"100,0";"100,0";"100,0";"24,3";"24,5";"23,9";"1013,5";"1013,5";"1012,4";"1,4";"345,0";"2,2";"21,30";"0,2"
"14/01/2026";"2300";"24,6";"24,6";"24,2";"100,0";"100,0";"100,0";"24,6";"24,6";"24,2";"1013,9";"1013,9";"1013,5";"1,1";"293,0";"3,3";"";"0,2"
"15/01/2026";"0000";"24,1";"24,6";"23,9";"100,0";"100,0";"100,0";"24,1";"24,5";"23,9";"1013,4";"1013,9";"1013,4";"1,3";"276,0";"3,2";"";"0,8"
"15/01/2026";"0100";"23,9";"24,3";"23,9";"100,0";"100,0";"100,0";"23,9";"24,2";"23,9";"1013,4";"1013,4";"1013,3";"0,7";"292,0";"2,4";"";"0,2"
"15/01/2026";"0200";"23,4";"23,9";"23,2";"100,0";"100,0";"100,0";"23,4";"23,8";"23,1";"1013,1";"1013,5";"1013,1";"0,6";"272,0";"2,0";"";"0,0"
"15/01/2026";"0300";"23,3";"23,5";"23,1";"100,0";"100,0";"100,0";"23,2";"23,4";"23,1";"1012,5";"1013,1";"1012,5";"0,5";"91,0";"1,7";"";"0,0"
"15/01/2026";"0400";"24,2";"24,5";"23,3";"98,0";"100,0";"98,0";"23,9";"24,5";"23,3";"1012,1";"1012,5";"1012,0";"1,0";"317,0";"2,6";"";"0,0"
"15/01/2026";"0500";"24,0";"24,2";"23,8";"94,0";"100,0";"94,0";"23,0";"24,1";"22,9";"1011,5";"1012,1";"1011,5";"0,9";"92,0";"2,5";"";"0,0"
"15/01/2026";"0600";"23,8";"25,5";"23,8";"96,0";"96,0";"77,0";"23,1";"23,4";"21,1";"1011,6";"1011,6";"1011,5";"1,2";"230,0";"3,7";"1,30";"0,0"
"15/01/2026";"0700";"23,9";"24,3";"23,7";"100,0";"100,0";"96,0";"23,9";"24,3";"23,2";"1011,6";"1011,6";"1011,3";"0,9";"218,0";"3,2";"";"0,0"
"15/01/2026";"0800";"23,7";"24,1";"23,6";"100,0";"100,0";"99,0";"23,7";"24,1";"23,5";"1012,1";"1012,1";"1011,6";"0,9";"289,0";"2,9";"";"0,0"
"15/01/2026";"0900";"23,6";"23,7";"23,3";"100,0";"100,0";"100,0";"23,6";"23,7";"23,3";"1012,9";"1012,9";"1012,1";"1,6";"225,0";"3,3";"26,20";"0,0"
"15/01/2026";"1000";"24,8";"24,8";"23,6";"98,0";"100,0";"94,0";"24,4";"24,4";"23,4";"1013,6";"1013,6";"1012,9";"1,1";"263,0";"3,3";"260,60";"0,0"
"15/01/2026";"1100";"26,0";"26,0";"24,6";"84,0";"98,0";"84,0";"23,1";"24,2";"23,0";"1014,1";"1014,1";"1013,6";"0,5";"278,0";"2,6";"690,60";"0,0"
"15/01/2026";"1200";"28,7";"28,7";"26,0";"67,0";"86,0";"63,0";"22,0";"23,9";"20,5";"1014,5";"1014,5";"1014,1";"0,8";"256,0";"2,2";"1532,00";"0,2"
"15/01/2026";"1300";"29,6";"29,9";"28,3";"63,0";"72,0";"58,0";"21,8";"22,9";"20,7";"1014,8";"1014,8";"1014,5";"1,5";"188,0";"3,3";"2018,30";"0,0"
"15/01/2026";"1400";"30,2";"30,5";"29,6";"62,0";"64,0";"58,0";"22,0";"22,5";"21,0";"1014,6";"1014,8";"1014,6";"1,8";"145,0";"4,1";"3281,40";"0,0"
"15/01/2026";"1500";"30,5";"30,7";"29,8";"72,0";"73,0";"60,0";"24,8";"25,2";"21,8";"1014,1";"1014,6";"1014,1";"2,0";"153,0";"5,5";"3212,20";"0,0"
"15/01/2026";"1600";"29,9";"31,1";"29,6";"74,0";"77,0";"69,0";"24,7";"25,8";"24,0";"1013,3";"1014,1";"1013,3";"2,8";"114,0";"6,4";"3352,40";"0,0"
"15/01/2026";"1700";"24,7";"29,9";"24,7";"98,0";"99,0";"73,0";"24,4";"26,0";"23,9";"1013,7";"1013,7";"1013,0";"4,0";"308,0";"6,1";"664,30";"3,8"
"15/01/2026";"1800";"23,9";"25,0";"22,6";"100,0";"100,0";"98,0";"23,9";"25,0";"22,6";"1013,5";"1014,0";"1013,4";"1,4";"312,0";"7,3";"48,10";"18,0"
"15/01/2026";"1900";"24,4";"24,4";"23,8";"100,0";"100,0";"100,0";"24,4";"24,4";"23,8";"1012,7";"1013,5";"1012,4";"1,1";"360,0";"2,9";"77,90";"0,0"
"15/01/2026";"2000";"24,3";"24,6";"24,1";"100,0";"100,0";"99,0";"24,3";"24,6";"24,1";"1013,0";"1013,0";"1012,7";"0,6";"356,0";"3,1";"70,20";"0,8"
"15/01/2026";"2100";"24,1";"24,4";"23,9";"100,0";"100,0";"100,0";"24,1";"24,4";"23,9";"1013,9";"1013,9";"1013,0";"1,1";"318,0";"3,7";"20,10";"2,2"
"15/01/2026";"2200";"23,8";"24,1";"23,7";"100,0";"100,0";"100,0";"23,8";"24,1";"23,7";"1014,4";"1014,4";"1013,9";"0,6";"200,0";"2,1";"3,10";"3,2"
"15/01/2026";"2300";"23,7";"24,0";"23,6";"100,0";"100,0";"100,0";"23,7";"24,0";"23,6";"1014,9";"1014,9";"1014,4";"1,5";"212,0";"3,9";"";"1,6"
"16/01/2026";"0000";"23,8";"24,0";"23,6";"100,0";"100,0";"100,0";"23,8";"24,0";"23,6";"1014,7";"1015,0";"1014,7";"0,8";"268,0";"3,4";"";"0,6"
"16/01/2026";"0100";"23,3";"23,8";"23,2";"100,0";"100,0";"100,0";"23,3";"23,7";"23,2";"1014,4";"1014,7";"1014,4";"0,7";"183,0";"2,5";"";"0,2"
"16/01/2026";"0200";"23,6";"23,7";"23,2";"100,0";"100,0";"100,0";"23,6";"23,7";"23,2";"1014,4";"1014,5";"1014,3";"0,5";"278,0";"2,5";"";"0,0"
"16/01/2026";"0300";"25,6";"25,6";"23,6";"78,0";"100,0";"78,0";"21,4";"24,2";"21,4";"1013,6";"1014,4";"1013,6";"1,7";"3,0";"5,6";"";"0,0"
"16/01/2026";"0400";"25,8";"29,5";"25,6";"71,0";"78,0";"51,0";"20,2";"21,7";"18,2";"1012,4";"1013,6";"1012,4";"0,8";"198,0";"8,9";"5,30";"0,0"
"16/01/2026";"0500";"25,1";"25,8";"24,8";"80,0";"84,0";"71,0";"21,3";"22,2";"20,3";"1011,9";"1012,4";"1011,8";"0,9";"130,0";"3,0";"";"0,0"
"16/01/2026";"0600";"23,8";"25,1";"23,6";"94,0";"98,0";"78,0";"22,8";"23,7";"21,0";"1011,8";"1011,9";"1011,6";"0,6";"178,0";"2,9";"";"0,0"
"16/01/2026";"0700";"23,9";"24,1";"23,6";"93,0";"99,0";"92,0";"22,6";"23,7";"22,4";"1012,0";"1012,0";"1011,5";"0,8";"261,0";"3,2";"";"0,0"
"16/01/2026";"0800";"23,5";"24,1";"23,4";"98,0";"100,0";"92,0";"23,2";"23,7";"22,4";"1012,5";"1012,5";"1011,9";"0,8";"262,0";"2,5";"";"0,0"
"16/01/2026";"0900";"23,6";"23,7";"23,3";"100,0";"100,0";"97,0";"23,5";"23,7";"22,8";"1013,0";"1013,0";"1012,4";"0,8";"271,0";"2,7";"13,80";"0,0"
"16/01/2026";"1000";"24,4";"24,4";"23,3";"93,0";"100,0";"90,0";"23,2";"23,7";"22,4";"1013,2";"1013,4";"1013,0";"0,6";"250,0";"3,1";"217,10";"0,0"
"16/01/2026";"1100";"25,8";"25,9";"24,2";"86,0";"95,0";"85,0";"23,2";"23,8";"23,0";"1013,8";"1013,8";"1013,2";"0,8";"284,0";"2,5";"800,30";"0,0"
"16/01/2026";"1200";"27,2";"27,6";"25,8";"73,0";"87,0";"73,0";"22,0";"23,8";"22,0";"1014,3";"1014,3";"1013,8";"0,9";"177,0";"2,6";"1086,40";"0,0"
"16/01/2026";"1300";"29,7";"29,7";"27,2";"66,0";"77,0";"61,0";"22,6";"23,1";"21,0";"1014,3";"1014,3";"1014,2";"1,0";"295,0";"1,9";"2347,50";"0,2"
"16/01/2026";"1400";"30,7";"31,4";"29,4";"57,0";"68,0";"55,0";"21,3";"23,4";"21,1";"1013,7";"1014,3";"1013,7";"2,0";"120,0";"3,9";"3098,40";"0,0"
"16/01/2026";"1500";"30,4";"32,3";"30,0";"62,0";"67,0";"54,0";"22,1";"23,6";"20,9";"1013,1";"1013,7";"1013,1";"2,3";"110,0";"5,6";"3212,40";"0,0"
"16/01/2026";"1600";"30,1";"30,3";"29,2";"64,0";"69,0";"61,0";"22,6";"23,3";"21,9";"1012,7";"1013,1";"1012,7";"1,7";"111,0";"4,9";"1758,40";"0,0"
"16/01/2026";"1700";"30,0";"30,6";"29,8";"66,0";"66,0";"61,0";"22,8";"23,1";"21,6";"1011,9";"1012,7";"1011,9";"2,5";"84,0";"4,3";"1856,90";"0,0"
"16/01/2026";"1800";"30,5";"30,7";"29,9";"63,0";"67,0";"58,0";"22,6";"23,2";"21,0";"1011,3";"1011,9";"1011,2";"2,6";"92,0";"4,6";"1633,20";"0,0"
"16/01/2026";"1900";"29,4";"30,7";"29,2";"65,0";"67,0";"61,0";"22,1";"23,3";"21,6";"1010,6";"1011,4";"1010,6";"1,1";"140,0";"4,6";"926,60";"0,0"
"16/01/2026";"2000";"29,2";"29,4";"29,1";"67,0";"70,0";"61,0";"22,4";"23,4";"21,2";"1011,3";"1011,3";"1010,5";"0,8";"347,0";"2,6";"532,20";"0,0"
"16/01/2026";"2100";"24,7";"29,2";"24,2";"91,0";"91,0";"58,0";"23,2";"23,7";"19,9";"1011,6";"1011,7";"1011,3";"1,4";"304,0";"6,7";"70,60";"4,2"
"16/01/2026";"2200";"24,3";"25,0";"24,2";"100,0";"100,0";"91,0";"24,3";"24,7";"23,2";"1011,9";"1011,9";"1011,4";"1,0";"283,0";"3,0";"28,30";"0,8"
"16/01/2026";"2300";"24,1";"24,4";"24,0";"100,0";"100,0";"100,0";"24,1";"24,4";"24,0";"1012,3";"1012,3";"1011,9";"0,6";"79,0";"3,2";"";"0,2"
"17/01/2026";"0000";"24,1";"24,8";"24,0";"100,0";"100,0";"100,0";"24,1";"24,8";"24,0";"1013,4";"1013,5";"1012,3";"1,2";"341,0";"3,0";"";"0,0"
"17/01/2026";"0100";"24,2";"25,0";"24,1";"93,0";"100,0";"85,0";"22,9";"24,3";"22,3";"1012,9";"1013,5";"1012,8";"0,7";"177,0";"4,5";"";"1,0"
"17/01/2026";"0200";"24,0";"24,5";"23,9";"100,0";"100,0";"85,0";"23,9";"23,9";"21,9";"1012,1";"1012,9";"1012,1";"0,3";"186,0";"2,6";"";"0,0"
"17/01/2026";"0300";"24,8";"25,1";"23,8";"85,0";"100,0";"81,0";"22,2";"24,1";"21,7";"1011,4";"1012,1";"1011,4";"0,9";"109,0";"2,5";"";"0,0"
"17/01/2026";"0400";"25,0";"26,7";"24,7";"82,0";"86,0";"65,0";"21,8";"22,1";"19,6";"1010,6";"1011,4";"1010,6";"0,8";"206,0";"4,6";"3,70";"0,2"
"17/01/2026";"0500";"24,9";"25,5";"24,5";"89,0";"91,0";"72,0";"22,9";"23,3";"20,1";"1010,0";"1010,6";"1010,0";"1,1";"275,0";"3,0";"0,20";"0,0"
"17/01/2026";"0600";"23,5";"24,9";"23,4";"100,0";"100,0";"89,0";"23,5";"23,5";"22,6";"1009,7";"1010,0";"1009,6";"0,8";"311,0";"2,4";"";"0,0"
"17/01/2026";"0700";"22,9";"23,6";"22,9";"100,0";"100,0";"100,0";"22,9";"23,6";"22,9";"1009,7";"1009,8";"1009,5";"0,9";"194,0";"2,9";"";"0,0"
"17/01/2026";"0800";"23,2";"23,7";"22,8";"94,0";"100,0";"94,0";"22,2";"23,6";"22,1";"1010,1";"1010,1";"1009,5";"0,9";"228,0";"3,3";"";"0,0"
"17/01/2026";"0900";"23,2";"23,6";"22,8";"94,0";"99,0";"92,0";"22,2";"23,2";"21,8";"1010,8";"1010,8";"1010,0";"1,6";"244,0";"3,6";"16,30";"0,0"
"17/01/2026";"1000";"25,0";"25,1";"23,2";"83,0";"97,0";"83,0";"22,0";"23,5";"22,0";"1011,3";"1011,3";"1010,8";"1,8";"279,0";"4,3";"293,90";"0,0"
"17/01/2026";"1100";"26,9";"26,9";"24,9";"73,0";"84,0";"71,0";"21,6";"22,7";"21,2";"1011,4";"1011,5";"1011,3";"0,5";"289,0";"3,6";"1090,90";"0,0"
"17/01/2026";"1200";"29,1";"29,7";"26,9";"62,0";"75,0";"61,0";"21,0";"22,8";"20,8";"1010,9";"1011,4";"1010,9";"1,2";"152,0";"2,5";"2076,20";"0,2"
"17/01/2026";"1300";"28,8";"29,3";"28,6";"67,0";"69,0";"58,0";"22,1";"22,7";"20,0";"1011,1";"1011,1";"1010,9";"1,5";"278,0";"3,1";"1305,30";"0,0"
"17/01/2026";"1400";"29,8";"31,1";"28,8";"62,0";"69,0";"57,0";"21,6";"23,2";"21,1";"1010,7";"1011,1";"1010,7";"2,3";"168,0";"5,5";"3107,70";"0,0"
"17/01/2026";"1500";"30,0";"30,1";"29,4";"64,0";"67,0";"62,0";"22,4";"23,1";"21,7";"1010,3";"1010,7";"1010,3";"1,6";"141,0";"5,9";"1947,60";"0,0"
"17/01/2026";"1600";"30,7";"31,1";"29,7";"63,0";"66,0";"60,0";"22,7";"23,5";"21,9";"1009,8";"1010,4";"1009,7";"2,3";"106,0";"4,5";"2146,10";"0,0"
"17/01/2026";"1700";"30,5";"31,0";"30,1";"70,0";"75,0";"61,0";"24,4";"25,4";"22,1";"1009,2";"1009,8";"1009,2";"2,6";"112,0";"5,5";"3065,30";"0,0"
"17/01/2026";"1800";"29,7";"30,9";"29,3";"71,0";"74,0";"70,0";"24,0";"25,4";"23,6";"1008,4";"1009,2";"1008,4";"2,4";"109,0";"6,2";"1735,30";"0,0"
"17/01/2026";"1900";"29,0";"29,8";"29,0";"71,0";"73,0";"70,0";"23,2";"24,2";"23,2";"1008,2";"1008,7";"1008,0";"2,0";"111,0";"4,8";"748,90";"0,0"
"17/01/2026";"2000";"24,5";"29,0";"24,2";"98,0";"100,0";"70,0";"24,1";"24,5";"21,7";"1008,2";"1008,7";"1008,0";"1,1";"277,0";"8,3";"200,80";"2,4"
"17/01/2026";"2100";"24,7";"24,9";"24,4";"100,0";"100,0";"96,0";"24,7";"24,8";"23,8";"1008,1";"1008,2";"1007,8";"1,2";"311,0";"2,8";"189,50";"0,4"
"17/01/2026";"2200";"24,8";"25,1";"24,7";"100,0";"100,0";"99,0";"24,8";"25,1";"24,7";"1008,6";"1008,6";"1008,1";"1,0";"325,0";"2,5";"15,20";"0,0"
"17/01/2026";"2300";"24,6";"24,9";"24,4";"100,0";"100,0";"100,0";"24,5";"24,9";"24,4";"1008,9";"1008,9";"1008,5";"0,7";"331,0";"2,3";"";"0,0"
"18/01/2026";"0000";"24,0";"24,6";"24,0";"100,0";"100,0";"100,0";"24,0";"24,6";"24,0";"1009,5";"1009,6";"1008,9";"1,5";"323,0";"2,5";"";"0,0"
"18/01/2026";"0100";"24,1";"24,3";"23,7";"100,0";"100,0";"100,0";"24,1";"24,3";"23,6";"1009,9";"1009,9";"1009,4";"1,1";"320,0";"3,5";"";"0,6"
"18/01/2026";"0200";"24,0";"24,1";"23,8";"100,0";"100,0";"100,0";"24,0";"24,1";"23,8";"1009,5";"1010,0";"1009,5";"0,8";"208,0";"2,9";"";"0,4"
"18/01/2026";"0300";"24,5";"24,6";"24,0";"100,0";"100,0";"98,0";"24,5";"24,5";"24,0";"1008,8";"1009,5";"1008,8";"0,8";"202,0";"2,1";"";"0,0"
"18/01/2026";"0400";"24,3";"24,6";"24,2";"100,0";"100,0";"100,0";"24,3";"24,6";"24,2";"1008,2";"1008,8";"1008,2";"0,8";"207,0";"4,1";"";"0,0"
"18/01/2026";"0500";"27,0";"27,9";"24,2";"66,0";"100,0";"63,0";"20,1";"24,5";"19,9";"1007,2";"1008,2";"1007,2";"1,5";"63,0";"5,9";"2,30";"0,0"
"18/01/2026";"0600";"25,7";"27,3";"25,6";"77,0";"78,0";"65,0";"21,3";"21,7";"20,1";"1006,0";"1007,1";"1005,9";"1,1";"13,0";"6,0";"";"0,0"
"18/01/2026";"0700";"23,9";"25,8";"23,8";"99,0";"100,0";"75,0";"23,8";"23,9";"21,1";"1006,6";"1006,7";"1006,0";"1,4";"204,0";"3,3";"";"0,4"
"18/01/2026";"0800";"24,1";"24,3";"23,9";"99,0";"100,0";"93,0";"23,9";"24,2";"22,9";"1006,9";"1006,9";"1006,5";"0,8";"234,0";"3,1";"";"0,0"
"18/01/2026";"0900";"24,8";"24,8";"23,9";"91,0";"100,0";"91,0";"23,2";"24,4";"23,2";"1007,9";"1007,9";"1006,9";"1,0";"289,0";"3,5";"6,50";"0,0"
"18/01/2026";"1000";"24,8";"25,4";"24,3";"90,0";"96,0";"87,0";"23,1";"24,0";"22,8";"1008,7";"1008,7";"1007,9";"0,5";"343,0";"3,5";"162,50";"0,0"
"18/01/2026";"1100";"25,4";"25,4";"24,6";"90,0";"95,0";"88,0";"23,7";"23,9";"23,2";"1008,9";"1009,0";"1008,7";"0,4";"292,0";"1,9";"400,70";"0,0"
"18/01/2026";"1200";"27,9";"28,0";"25,4";"70,0";"90,0";"69,0";"21,8";"24,3";"21,3";"1008,4";"1008,9";"1008,4";"0,5";"239,0";"1,9";"1445,40";"0,0"
"18/01/2026";"1300";"30,7";"30,7";"27,8";"56,0";"73,0";"55,0";"20,8";"22,9";"20,7";"1008,2";"1008,5";"1008,2";"1,4";"117,0";"3,0";"2370,20";"0,0"
"18/01/2026";"1400";"30,7";"31,3";"30,1";"54,0";"58,0";"52,0";"20,3";"21,6";"19,9";"1007,9";"1008,2";"1007,9";"1,9";"144,0";"4,7";"3089,20";"0,0"
"18/01/2026";"1500";"31,3";"31,4";"29,8";"55,0";"59,0";"52,0";"21,2";"21,8";"19,8";"1007,4";"1008,1";"1007,4";"2,5";"114,0";"5,7";"2870,10";"0,0"
"18/01/2026";"1600";"30,5";"31,7";"30,0";"57,0";"61,0";"54,0";"21,2";"22,0";"20,6";"1006,9";"1007,4";"1006,9";"2,0";"134,0";"5,5";"2974,10";"0,0"
"18/01/2026";"1700";"31,3";"32,0";"30,2";"58,0";"59,0";"54,0";"22,1";"22,2";"20,7";"1006,3";"1006,9";"1006,3";"2,2";"115,0";"5,5";"3611,80";"0,0"
"18/01/2026";"1800";"31,4";"31,6";"30,3";"59,0";"61,0";"55,0";"22,4";"22,6";"21,0";"1004,8";"1006,3";"1004,8";"2,7";"110,0";"5,2";"2848,20";"0,0"
"18/01/2026";"1900";"30,0";"31,5";"29,5";"67,0";"69,0";"58,0";"23,3";"23,5";"22,2";"1004,4";"1004,8";"1004,2";"2,3";"122,0";"5,9";"1905,90";"0,0"
"18/01/2026";"2000";"25,9";"30,9";"25,8";"78,0";"86,0";"58,0";"21,8";"24,2";"21,1";"1004,5";"1004,9";"1004,3";"2,6";"341,0";"6,3";"870,50";"0,0"
"18/01/2026";"2100";"24,9";"25,9";"24,6";"99,0";"100,0";"78,0";"24,8";"25,0";"21,8";"1004,6";"1005,0";"1004,5";"0,8";"340,0";"5,9";"207,40";"3,2"
"18/01/2026";"2200";"25,3";"25,6";"24,9";"100,0";"100,0";"97,0";"25,2";"25,6";"24,6";"1004,7";"1005,0";"1004,4";"0,9";"27,0";"2,9";"94,00";"0,0"
"18/01/2026";"2300";"25,2";"25,4";"24,7";"100,0";"100,0";"99,0";"25,1";"25,4";"24,7";"1004,6";"1004,8";"1004,6";"1,1";"5,0";"4,5";"";"0,0"
"19/01/2026";"0000";"25,5";"25,5";"25,0";"98,0";"100,0";"97,0";"25,1";"25,2";"25,0";"1004,3";"1004,6";"1004,3";"0,8";"137,0";"2,3";"";"0,0"
"19/01/2026";"0100";"25,4";"25,7";"25,3";"100,0";"100,0";"94,0";"25,4";"25,4";"24,3";"1005,0";"1005,0";"1004,1";"0,7";"265,0";"2,9";"";"0,0"
"19/01/2026";"0200";"29,9";"30,0";"25,3";"59,0";"100,0";"58,0";"20,9";"25,4";"20,8";"1004,8";"1005,3";"1004,8";"2,8";"6,0";"8,2";"";"0,0"
"19/01/2026";"0300";"25,8";"29,9";"25,8";"89,0";"89,0";"59,0";"23,9";"24,2";"21,2";"1004,1";"1005,1";"1004,1";"1,1";"214,0";"6,5";"";"0,0"
"19/01/2026";"0400";"25,6";"26,0";"25,3";"91,0";"96,0";"87,0";"24,1";"24,7";"23,6";"1004,4";"1004,5";"1003,9";"1,4";"114,0";"2,9";"";"0,0"
"19/01/2026";"0500";"25,8";"26,5";"25,6";"90,0";"92,0";"82,0";"23,9";"24,7";"23,1";"1004,1";"1004,4";"1003,8";"1,2";"196,0";"3,6";"";"0,0"
"19/01/2026";"0600";"25,6";"26,0";"25,4";"92,0";"94,0";"88,0";"24,2";"24,5";"23,9";"1003,8";"1004,5";"1003,8";"2,3";"204,0";"7,9";"";"0,0"
"19/01/2026";"0700";"25,7";"25,7";"25,1";"89,0";"99,0";"88,0";"23,7";"25,1";"23,4";"1002,7";"1003,8";"1002,5";"1,7";"105,0";"5,2";"";"0,8"
"19/01/2026";"0800";"24,4";"25,7";"24,3";"100,0";"100,0";"89,0";"24,4";"25,2";"23,7";"1003,4";"1003,4";"1002,6";"0,7";"267,0";"4,3";"";"0,0"
"19/01/2026";"0900";"24,3";"24,6";"24,0";"100,0";"100,0";"100,0";"24,3";"24,5";"24,0";"1004,8";"1004,8";"1003,4";"1,2";"218,0";"3,1";"14,00";"0,0"
"19/01/2026";"1000";"24,8";"24,8";"24,3";"99,0";"100,0";"98,0";"24,6";"24,7";"24,3";"1005,8";"1005,8";"1004,8";"0,8";"206,0";"3,9";"132,90";"0,0"
"19/01/2026";"1100";"26,6";"26,6";"24,8";"87,0";"99,0";"85,0";"24,2";"25,1";"23,6";"1005,4";"1005,9";"1005,4";"1,0";"313,0";"2,4";"948,00";"0,0"
"19/01/2026";"1200";"28,8";"28,9";"26,6";"70,0";"88,0";"66,0";"22,9";"24,7";"21,7";"1005,9";"1005,9";"1005,4";"1,1";"149,0";"3,1";"1503,30";"0,0"
"19/01/2026";"1300";"28,1";"28,8";"27,9";"63,0";"79,0";"63,0";"20,4";"24,0";"20,4";"1005,2";"1006,1";"1005,2";"3,2";"350,0";"5,8";"572,70";"0,0"
"19/01/2026";"1400";"27,3";"28,4";"27,3";"72,0";"72,0";"60,0";"21,9";"21,9";"19,8";"1006,1";"1006,2";"1005,2";"0,8";"39,0";"5,8";"306,60";"0,0"
"19/01/2026";"1500";"26,9";"27,5";"26,0";"84,0";"87,0";"72,0";"24,0";"24,3";"21,9";"1006,1";"1006,2";"1005,9";"1,6";"225,0";"7,3";"784,80";"0,0"
"19/01/2026";"1600";"25,7";"27,9";"25,7";"90,0";"90,0";"73,0";"24,0";"24,1";"22,7";"1005,7";"1006,2";"1005,6";"2,4";"206,0";"5,6";"846,80";"0,0"
"19/01/2026";"1700";"24,2";"25,7";"23,7";"96,0";"100,0";"90,0";"23,6";"24,3";"23,6";"1006,0";"1006,2";"1005,6";"4,5";"262,0";"10,7";"129,00";"11,4"
"19/01/2026";"1800";"23,6";"24,3";"23,3";"100,0";"100,0";"95,0";"23,6";"24,1";"23,2";"1006,2";"1006,3";"1005,8";"2,2";"206,0";"10,4";"123,60";"16,6"
"19/01/2026";"1900";"23,4";"23,9";"23,1";"100,0";"100,0";"100,0";"23,3";"23,9";"23,1";"1006,5";"1006,5";"1006,1";"2,6";"242,0";"8,6";"245,90";"15,4"
"19/01/2026";"2000";"23,1";"23,7";"23,1";"100,0";"100,0";"99,0";"23,1";"23,7";"23,1";"1007,5";"1007,5";"1006,5";"3,4";"208,0";"11,2";"159,50";"10,2"
"19/01/2026";"2100";"23,2";"23,3";"22,4";"100,0";"100,0";"100,0";"23,2";"23,3";"22,3";"1008,4";"1008,5";"1007,4";"1,7";"198,0";"9,9";"74,70";"25,4"
"19/01/2026";"2200";"23,3";"24,1";"23,2";"97,0";"100,0";"92,0";"22,8";"23,7";"22,2";"1009,4";"1009,6";"1008,4";"2,2";"222,0";"9,9";"32,20";"2,2"
"19/01/2026";"2300";"23,7";"25,1";"23,3";"85,0";"98,0";"77,0";"21,1";"23,0";"20,7";"1010,2";"1010,3";"1009,4";"2,5";"178,0";"9,6";"7,20";"1,6"
"20/01/2026";"0000";"22,3";"24,6";"21,7";"100,0";"100,0";"84,0";"22,3";"22,3";"21,5";"1010,9";"1011,0";"1010,0";"1,5";"205,0";"9,9";"2,30";"11,0"
"20/01/2026";"0100";"23,7";"23,9";"22,4";"78,0";"100,0";"78,0";"19,7";"22,8";"19,6";"1012,1";"1012,1";"1010,9";"1,7";"219,0";"5,7";"6,90";"0,0"
"20/01/2026";"0200";"23,4";"24,6";"23,4";"90,0";"90,0";"71,0";"21,8";"21,8";"18,9";"1012,3";"1012,3";"1012,0";"1,8";"275,0";"7,1";"7,30";"0,0"
"20/01/2026";"0300";"23,2";"24,5";"22,7";"85,0";"92,0";"72,0";"20,6";"21,8";"19,2";"1012,6";"1012,7";"1012,2";"0,7";"3,0";"4,8";"3,20";"0,0"
"20/01/2026";"0400";"22,6";"24,6";"22,4";"87,0";"90,0";"71,0";"20,4";"21,1";"18,8";"1012,3";"1012,6";"1012,3";"1,8";"325,0";"5,9";"0,50";"0,0"
"20/01/2026";"0500";"21,5";"22,6";"21,3";"99,0";"99,0";"83,0";"21,2";"21,2";"19,1";"1011,4";"1012,3";"1011,3";"1,0";"249,0";"3,3";"";"0,4"
"20/01/2026";"0600";"21,6";"21,8";"20,9";"95,0";"100,0";"90,0";"20,7";"21,7";"19,8";"1011,3";"1011,8";"1011,2";"2,6";"300,0";"8,5";"";"8,6"
"20/01/2026";"0700";"21,4";"21,8";"21,2";"100,0";"100,0";"95,0";"21,4";"21,6";"20,7";"1011,4";"1011,4";"1011,3";"1,3";"286,0";"3,8";"";"0,0"
"20/01/2026";"0800";"21,2";"21,9";"21,1";"98,0";"100,0";"84,0";"20,8";"21,4";"19,0";"1011,6";"1011,6";"1011,3";"3,1";"304,0";"7,4";"";"2,0"
"20/01/2026";"0900";"21,6";"21,7";"21,2";"97,0";"100,0";"95,0";"21,0";"21,6";"20,4";"1012,1";"1012,1";"1011,5";"1,5";"294,0";"5,3";"15,10";"0,0"
"20/01/2026";"1000";"21,8";"22,0";"21,6";"98,0";"100,0";"96,0";"21,5";"21,9";"21,0";"1012,8";"1012,8";"1012,1";"1,1";"256,0";"2,3";"166,20";"0,0"
"20/01/2026";"1100";"22,4";"22,4";"21,6";"85,0";"100,0";"85,0";"19,8";"21,8";"19,7";"1013,6";"1013,6";"1012,8";"1,2";"236,0";"2,6";"210,90";"0,0"
"20/01/2026";"1200";"22,2";"22,9";"22,2";"86,0";"86,0";"77,0";"19,8";"20,1";"18,5";"1014,2";"1014,2";"1013,6";"0,5";"27,0";"2,6";"328,90";"0,0"
"20/01/2026";"1300";"21,3";"22,2";"21,3";"92,0";"92,0";"86,0";"20,0";"20,0";"19,4";"1014,8";"1014,8";"1014,2";"1,7";"360,0";"3,4";"307,90";"0,2"
"20/01/2026";"1400";"22,2";"22,3";"21,3";"94,0";"99,0";"91,0";"21,2";"22,1";"19,9";"1014,8";"1014,8";"1014,7";"0,8";"144,0";"4,0";"494,50";"0,8"
"20/01/2026";"1500";"21,3";"23,7";"21,3";"94,0";"96,0";"83,0";"20,3";"21,7";"19,8";"1014,9";"1015,0";"1014,6";"2,1";"253,0";"6,0";"931,30";"0,8"
"20/01/2026";"1600";"22,1";"22,3";"21,3";"95,0";"100,0";"91,0";"21,4";"21,8";"20,5";"1014,9";"1015,1";"1014,9";"1,6";"307,0";"6,0";"1110,90";"0,2"
"20/01/2026";"1700";"22,9";"24,3";"22,1";"84,0";"96,0";"76,0";"20,0";"21,8";"19,3";"1014,4";"1014,9";"1014,2";"2,3";"124,0";"5,5";"1816,20";"0,2"
"20/01/2026";"1800";"21,5";"22,8";"21,3";"99,0";"100,0";"84,0";"21,2";"21,5";"20,0";"1014,3";"1014,5";"1014,3";"2,2";"336,0";"5,0";"417,00";"0,6"
"20/01/2026";"1900";"20,9";"21,5";"20,7";"100,0";"100,0";"97,0";"20,9";"21,3";"20,7";"1014,3";"1014,5";"1014,3";"1,9";"342,0";"4,1";"365,50";"4,8"
"20/01/2026";"2000";"22,3";"22,4";"20,9";"89,0";"100,0";"83,0";"20,4";"21,2";"19,5";"1014,0";"1014,3";"1014,0";"1,9";"331,0";"3,5";"645,40";"0,0"
"20/01/2026";"2100";"20,8";"22,3";"20,7";"100,0";"100,0";"87,0";"20,8";"20,9";"20,0";"1014,8";"1014,8";"1014,0";"1,7";"322,0";"5,6";"157,20";"2,4"
"20/01/2026";"2200";"20,5";"20,9";"20,5";"98,0";"100,0";"95,0";"20,2";"20,8";"19,9";"1015,2";"1015,2";"1014,8";"0,8";"275,0";"3,5";"34,10";"0,0"
"20/01/2026";"2300";"20,0";"20,6";"19,9";"95,0";"100,0";"94,0";"19,2";"20,6";"19,0";"1015,7";"1015,8";"1015,2";"1,8";"336,0";"3,7";"";"0,4"
"21/01/2026";"0000";"20,1";"20,2";"19,9";"98,0";"100,0";"93,0";"19,7";"20,1";"19,0";"1015,8";"1015,8";"1015,7";"2,1";"341,0";"3,5";"0,50";"0,0"
"21/01/2026";"0100";"19,9";"20,1";"19,9";"100,0";"100,0";"97,0";"19,9";"20,1";"19,6";"1015,7";"1015,9";"1015,7";"1,3";"281,0";"3,5";"";"0,0"
"21/01/2026";"0200";"19,9";"20,0";"19,8";"100,0";"100,0";"100,0";"19,9";"20,0";"19,8";"1016,0";"1016,0";"1015,6";"1,6";"215,0";"3,6";"";"0,0"
"21/01/2026";"0300";"20,1";"20,2";"19,9";"100,0";"100,0";"100,0";"20,1";"20,1";"19,9";"1015,5";"1016,0";"1015,4";"1,1";"266,0";"3,9";"";"0,0"
"21/01/2026";"0400";"19,5";"20,2";"19,5";"100,0";"100,0";"100,0";"19,5";"20,2";"19,5";"1015,3";"1015,6";"1015,3";"0,9";"356,0";"3,8";"";"4,0"
"21/01/2026";"0500";"20,2";"20,2";"19,5";"100,0";"100,0";"100,0";"20,2";"20,2";"19,6";"1014,5";"1015,3";"1014,5";"2,4";"283,0";"5,3";"";"0,8"
"21/01/2026";"0600";"19,7";"20,3";"19,6";"100,0";"100,0";"98,0";"19,7";"20,1";"19,6";"1014,0";"1014,5";"1014,0";"1,4";"336,0";"5,3";"";"0,2"
"21/01/2026";"0700";"20,0";"20,0";"19,6";"100,0";"100,0";"99,0";"19,9";"20,0";"19,6";"1014,0";"1014,1";"1013,8";"1,7";"338,0";"3,8";"";"0,0"
"21/01/2026";"0800";"20,0";"20,0";"19,7";"100,0";"100,0";"100,0";"20,0";"20,0";"19,7";"1013,9";"1014,0";"1013,9";"0,9";"213,0";"3,0";"";"0,0"
"21/01/2026";"0900";"20,0";"20,2";"19,8";"100,0";"100,0";"100,0";"19,9";"20,2";"19,7";"1014,7";"1014,7";"1013,9";"2,0";"292,0";"3,2";"3,50";"1,2"
"21/01/2026";"1000";"20,1";"20,1";"19,7";"100,0";"100,0";"100,0";"20,0";"20,1";"19,7";"1015,4";"1015,4";"1014,7";"2,7";"288,0";"3,7";"95,90";"0,2"
"21/01/2026";"1100";"20,6";"20,8";"20,0";"100,0";"100,0";"98,0";"20,6";"20,7";"19,9";"1016,0";"1016,0";"1015,4";"0,7";"34,0";"3,7";"229,90";"0,0"
"21/01/2026";"1200";"20,7";"20,9";"20,4";"100,0";"100,0";"100,0";"20,7";"20,8";"20,4";"1016,5";"1016,5";"1016,1";"1,5";"215,0";"3,3";"622,30";"1,0"
"21/01/2026";"1300";"21,4";"21,4";"20,7";"85,0";"100,0";"84,0";"18,7";"21,0";"18,6";"1016,7";"1016,7";"1016,4";"1,8";"305,0";"4,5";"527,40";"0,0"
"21/01/2026";"1400";"21,6";"22,0";"21,4";"84,0";"87,0";"77,0";"18,8";"19,2";"17,7";"1016,7";"1016,9";"1016,6";"2,0";"344,0";"4,1";"817,90";"0,0"
"21/01/2026";"1500";"22,3";"22,3";"21,5";"79,0";"84,0";"75,0";"18,5";"18,8";"17,6";"1016,5";"1016,7";"1016,5";"1,9";"318,0";"4,2";"990,90";"0,0"
"21/01/2026";"1600";"23,6";"23,6";"22,3";"68,0";"79,0";"66,0";"17,4";"18,7";"16,9";"1015,9";"1016,5";"1015,9";"2,0";"289,0";"5,2";"1366,90";"0,0"
"21/01/2026";"1700";"24,6";"24,8";"23,6";"65,0";"69,0";"61,0";"17,5";"18,0";"16,4";"1015,4";"1015,9";"1015,4";"0,9";"286,0";"3,6";"1572,00";"0,0"
"21/01/2026";"1800";"24,9";"25,5";"24,6";"58,0";"68,0";"58,0";"16,1";"18,4";"16,1";"1015,1";"1015,4";"1015,1";"1,3";"188,0";"2,7";"1287,40";"0,0"
"21/01/2026";"1900";"24,1";"25,3";"24,1";"66,0";"67,0";"58,0";"17,3";"18,0";"16,4";"1014,9";"1015,1";"1014,9";"1,0";"223,0";"3,7";"570,40";"0,0"
"21/01/2026";"2000";"22,1";"24,2";"22,1";"77,0";"77,0";"57,0";"18,0";"18,0";"15,3";"1015,0";"1015,0";"1014,8";"1,7";"167,0";"6,9";"188,10";"0,0"
"21/01/2026";"2100";"21,5";"22,1";"21,2";"84,0";"91,0";"78,0";"18,7";"19,7";"18,0";"1015,1";"1015,2";"1014,9";"1,5";"326,0";"4,3";"149,70";"0,2"
"21/01/2026";"2200";"20,7";"21,5";"20,7";"93,0";"93,0";"82,0";"19,6";"19,6";"18,3";"1015,5";"1015,5";"1015,1";"1,1";"331,0";"2,6";"48,90";"0,0"
"21/01/2026";"2300";"20,6";"20,8";"20,5";"100,0";"100,0";"93,0";"20,5";"20,5";"19,6";"1016,0";"1016,0";"1015,5";"0,6";"321,0";"1,8";"";"0,0"
"22/01/2026";"0000";"20,6";"20,7";"20,5";"99,0";"100,0";"97,0";"20,5";"20,6";"20,1";"1016,3";"1016,3";"1016,0";"0,4";"25,0";"1,7";"";"0,0"
"22/01/2026";"0100";"20,7";"20,8";"20,4";"100,0";"100,0";"98,0";"20,7";"20,8";"20,0";"1016,4";"1016,5";"1016,3";"1,0";"267,0";"2,3";"";"0,0"
"22/01/2026";"0200";"20,6";"21,0";"20,6";"95,0";"100,0";"93,0";"19,8";"20,9";"19,6";"1016,1";"1016,4";"1016,1";"0,5";"285,0";"2,7";"";"0,0"
"22/01/2026";"0300";"20,4";"20,7";"20,4";"100,0";"100,0";"95,0";"20,4";"20,5";"19,8";"1015,4";"1016,1";"1015,4";"0,6";"258,0";"2,2";"";"0,0"
"22/01/2026";"0400";"20,3";"20,4";"20,3";"100,0";"100,0";"100,0";"20,3";"20,4";"20,3";"1014,8";"1015,4";"1014,8";"0,8";"262,0";"1,7";"";"0,0"
"22/01/2026";"0500";"20,2";"20,4";"20,2";"100,0";"100,0";"100,0";"20,2";"20,4";"20,2";"1014,1";"1014,8";"1014,1";"0,8";"269,0";"1,8";"";"0,0"
"22/01/2026";"0600";"20,1";"20,3";"20,1";"100,0";"100,0";"100,0";"20,1";"20,3";"20,1";"1013,7";"1014,1";"1013,7";"1,0";"294,0";"2,3";"";"0,0"
"22/01/2026";"0700";"20,4";"20,4";"20,1";"100,0";"100,0";"100,0";"20,4";"20,4";"20,1";"1014,0";"1014,0";"1013,7";"0,8";"277,0";"1,7";"";"0,0"
"22/01/2026";"0800";"20,7";"20,7";"20,3";"96,0";"100,0";"96,0";"20,0";"20,5";"20,0";"1014,1";"1014,1";"1013,9";"0,5";"233,0";"2,5";"";"0,0"
"22/01/2026";"0900";"20,9";"21,0";"20,7";"90,0";"99,0";"90,0";"19,2";"20,7";"19,2";"1014,6";"1014,6";"1014,1";"1,0";"232,0";"2,7";"3,80";"0,0"
"22/01/2026";"1000";"21,3";"21,3";"20,9";"93,0";"93,0";"88,0";"20,1";"20,1";"18,9";"1015,4";"1015,4";"1014,6";"1,2";"194,0";"3,2";"59,50";"0,0"
"22/01/2026";"1100";"21,0";"21,4";"20,7";"100,0";"100,0";"91,0";"21,0";"21,1";"19,9";"1016,1";"1016,1";"1015,4";"0,4";"277,0";"5,6";"103,80";"2,4"
"22/01/2026";"1200";"21,2";"21,2";"20,4";"98,0";"100,0";"98,0";"20,8";"21,1";"20,4";"1016,3";"1016,3";"1016,1";"2,1";"293,0";"3,9";"793,40";"0,4"
"22/01/2026";"1300";"20,9";"22,0";"20,9";"100,0";"100,0";"89,0";"20,9";"21,2";"20,0";"1016,5";"1016,5";"1016,1";"1,2";"141,0";"3,7";"711,60";"5,2"
"22/01/2026";"1400";"21,7";"21,8";"20,9";"100,0";"100,0";"100,0";"21,7";"21,7";"20,9";"1016,4";"1016,5";"1016,4";"1,4";"113,0";"3,3";"822,50";"3,4"
"22/01/2026";"1500";"21,5";"22,1";"21,4";"98,0";"100,0";"97,0";"21,1";"22,0";"21,1";"1016,1";"1016,4";"1016,1";"1,8";"140,0";"4,5";"1057,80";"0,8"
"22/01/2026";"1600";"21,2";"21,6";"20,8";"100,0";"100,0";"98,0";"21,1";"21,6";"20,8";"1015,8";"1016,1";"1015,8";"0,5";"332,0";"4,5";"790,10";"3,4"
"22/01/2026";"1700";"22,3";"22,4";"21,0";"96,0";"100,0";"96,0";"21,6";"22,3";"20,9";"1015,5";"1015,8";"1015,4";"0,7";"60,0";"2,9";"1064,90";"0,0"
"22/01/2026";"1800";"21,9";"22,3";"21,8";"94,0";"98,0";"89,0";"20,9";"21,8";"20,1";"1015,1";"1015,5";"1015,1";"1,7";"354,0";"3,6";"821,90";"0,0"
"22/01/2026";"1900";"21,6";"22,2";"21,5";"98,0";"98,0";"92,0";"21,3";"21,7";"20,5";"1015,1";"1015,2";"1014,9";"0,7";"48,0";"3,1";"434,20";"0,0"
"22/01/2026";"2000";"21,4";"21,6";"21,3";"92,0";"99,0";"91,0";"20,1";"21,4";"19,8";"1015,1";"1015,2";"1015,0";"1,0";"359,0";"2,8";"244,50";"0,0"
"22/01/2026";"2100";"21,4";"21,5";"21,1";"96,0";"96,0";"90,0";"20,6";"20,7";"19,6";"1015,1";"1015,3";"1015,1";"0,8";"296,0";"3,8";"155,20";"0,0"
"22/01/2026";"2200";"21,3";"21,5";"21,3";"99,0";"100,0";"95,0";"21,1";"21,4";"20,5";"1015,4";"1015,4";"1014,7";"0,6";"22,0";"1,6";"64,20";"0,0"
"22/01/2026";"2300";"21,0";"21,3";"21,0";"100,0";"100,0";"99,0";"21,0";"21,3";"20,9";"1015,8";"1015,8";"1015,4";"0,6";"326,0";"1,9";"";"0,0"
"23/01/2026";"0000";"20,7";"21,1";"20,6";"100,0";"100,0";"100,0";"20,7";"21,1";"20,6";"1015,9";"1015,9";"1015,7";"1,0";"302,0";"2,0";"";"0,0"
"23/01/2026";"0100";"20,9";"20,9";"20,6";"100,0";"100,0";"100,0";"20,9";"20,9";"20,6";"1016,0";"1016,1";"1015,8";"1,2";"272,0";"2,4";"";"0,0"
"23/01/2026";"0200";"20,7";"20,9";"20,7";"100,0";"100,0";"100,0";"20,7";"20,9";"20,7";"1015,6";"1016,0";"1015,5";"1,0";"250,0";"3,8";"";"0,0"
"23/01/2026";"0300";"20,0";"20,8";"20,0";"100,0";"100,0";"98,0";"20,0";"20,7";"20,0";"1015,2";"1015,7";"1015,2";"1,2";"298,0";"3,2";"";"0,0"
"23/01/2026";"0400";"20,2";"20,2";"19,9";"100,0";"100,0";"100,0";"20,2";"20,2";"19,9";"1014,3";"1015,2";"1014,3";"1,6";"291,0";"2,6";"";"0,0"
"23/01/2026";"0500";"20,0";"20,2";"19,8";"100,0";"100,0";"100,0";"20,0";"20,1";"19,8";"1014,1";"1014,6";"1014,1";"0,6";"273,0";"3,1";"";"0,0"
"23/01/2026";"0600";"19,9";"20,1";"19,9";"100,0";"100,0";"100,0";"19,9";"20,1";"19,8";"1013,5";"1014,1";"1013,5";"1,0";"307,0";"2,0";"";"0,0"
"23/01/2026";"0700";"20,3";"20,3";"19,9";"100,0";"100,0";"100,0";"20,3";"20,3";"19,9";"1013,5";"1013,6";"1013,3";"1,0";"277,0";"2,0";"";"0,0"
"23/01/2026";"0800";"20,4";"20,6";"20,2";"100,0";"100,0";"100,0";"20,4";"20,5";"20,2";"1013,6";"1013,6";"1013,5";"0,6";"260,0";"2,0";"";"0,0"
"23/01/2026";"0900";"20,5";"20,7";"20,3";"100,0";"100,0";"100,0";"20,5";"20,7";"20,3";"1014,3";"1014,3";"1013,6";"0,6";"253,0";"1,9";"16,20";"0,0"
"23/01/2026";"1000";"21,3";"21,4";"20,5";"96,0";"100,0";"94,0";"20,6";"20,9";"20,3";"1014,6";"1014,7";"1014,3";"1,5";"215,0";"4,5";"237,60";"0,0"
"23/01/2026";"1100";"22,5";"22,6";"21,3";"91,0";"96,0";"91,0";"21,0";"21,1";"20,6";"1014,6";"1014,8";"1014,5";"2,0";"194,0";"4,1";"675,90";"0,0"
"23/01/2026";"1200";"24,1";"24,7";"22,5";"83,0";"92,0";"78,0";"20,9";"21,7";"20,6";"1015,3";"1015,3";"1014,6";"1,6";"194,0";"4,3";"1160,90";"0,0"
"23/01/2026";"1300";"25,5";"26,1";"24,0";"78,0";"86,0";"75,0";"21,3";"22,0";"21,0";"1015,2";"1015,4";"1015,2";"1,6";"167,0";"4,3";"1925,70";"0,0"
"23/01/2026";"1400";"26,4";"26,5";"25,2";"76,0";"79,0";"73,0";"21,8";"22,2";"20,4";"1014,8";"1015,3";"1014,8";"1,7";"187,0";"4,5";"1941,80";"0,0"
"23/01/2026";"1500";"27,2";"27,8";"26,0";"71,0";"79,0";"69,0";"21,3";"22,8";"21,2";"1014,1";"1014,8";"1014,1";"1,9";"169,0";"4,5";"3365,80";"0,0"
"23/01/2026";"1600";"26,4";"27,9";"25,7";"72,0";"79,0";"70,0";"21,0";"22,5";"20,8";"1014,5";"1014,5";"1014,1";"2,5";"191,0";"8,7";"2868,70";"0,0"
"23/01/2026";"1700";"26,8";"26,9";"25,8";"70,0";"75,0";"69,0";"20,8";"21,7";"20,4";"1014,0";"1014,5";"1014,0";"1,7";"246,0";"7,2";"2523,40";"0,0"
"23/01/2026";"1800";"25,8";"27,0";"25,7";"76,0";"78,0";"69,0";"21,2";"21,8";"20,7";"1014,0";"1014,0";"1013,7";"3,1";"190,0";"7,2";"1718,60";"0,0"
"23/01/2026";"1900";"24,7";"26,6";"24,7";"77,0";"81,0";"73,0";"20,4";"21,9";"20,4";"1013,8";"1014,1";"1013,7";"3,1";"170,0";"9,2";"1497,00";"0,0"
"23/01/2026";"2000";"24,2";"24,7";"23,9";"93,0";"95,0";"77,0";"23,0";"23,1";"20,3";"1013,7";"1013,8";"1013,6";"1,2";"204,0";"7,5";"245,60";"0,0"
"23/01/2026";"2100";"25,2";"25,4";"24,2";"78,0";"93,0";"76,0";"21,0";"23,0";"20,8";"1014,0";"1014,0";"1013,7";"2,0";"160,0";"8,6";"186,10";"0,0"
"23/01/2026";"2200";"25,2";"25,2";"25,1";"79,0";"81,0";"78,0";"21,3";"21,6";"21,0";"1014,2";"1014,2";"1013,9";"1,2";"152,0";"5,2";"40,50";"0,0"
"23/01/2026";"2300";"25,3";"25,3";"25,0";"80,0";"82,0";"78,0";"21,7";"21,8";"21,1";"1014,4";"1014,4";"1014,2";"1,8";"136,0";"4,5";"";"0,0"
"24/01/2026";"0000";"23,5";"25,3";"23,5";"98,0";"98,0";"79,0";"23,1";"23,4";"21,5";"1014,6";"1014,6";"1014,3";"1,9";"62,0";"7,8";"";"2,2"
"24/01/2026";"0100";"23,0";"23,5";"22,8";"100,0";"100,0";"98,0";"23,0";"23,3";"22,8";"1015,2";"1015,2";"1014,6";"0,8";"318,0";"6,2";"";"0,2"
"24/01/2026";"0200";"22,4";"23,0";"22,4";"100,0";"100,0";"100,0";"22,4";"22,9";"22,4";"1015,0";"1015,3";"1015,0";"1,2";"344,0";"1,7";"";"0,0"
"24/01/2026";"0300";"22,3";"22,5";"22,3";"100,0";"100,0";"100,0";"22,3";"22,4";"22,3";"1014,7";"1015,0";"1014,7";"0,6";"203,0";"1,7";"";"0,0"
"24/01/2026";"0400";"22,1";"22,4";"22,0";"100,0";"100,0";"100,0";"22,1";"22,4";"22,0";"1014,0";"1014,7";"1014,0";"1,4";"303,0";"2,7";"";"0,0"
"24/01/2026";"0500";"22,3";"22,3";"22,0";"100,0";"100,0";"100,0";"22,2";"22,3";"22,0";"1013,5";"1014,0";"1013,5";"1,1";"232,0";"2,4";"";"0,0"
"24/01/2026";"0600";"21,7";"22,4";"21,7";"100,0";"100,0";"100,0";"21,7";"22,3";"21,7";"1013,3";"1013,6";"1013,3";"0,9";"222,0";"4,0";"";"0,0"
"24/01/2026";"0700";"21,6";"21,7";"21,6";"100,0";"100,0";"100,0";"21,5";"21,7";"21,5";"1013,2";"1013,3";"1013,1";"0,9";"280,0";"1,9";"";"0,0"
"24/01/2026";"0800";"21,5";"21,7";"21,4";"100,0";"100,0";"100,0";"21,5";"21,7";"21,4";"1013,5";"1013,5";"1013,2";"1,0";"292,0";"2,3";"";"0,0"
"24/01/2026";"0900";"21,8";"21,8";"21,4";"100,0";"100,0";"100,0";"21,8";"21,8";"21,4";"1014,3";"1014,3";"1013,5";"1,3";"204,0";"2,4";"8,50";"0,0"
"24/01/2026";"1000";"22,2";"22,2";"21,7";"100,0";"100,0";"100,0";"22,2";"22,2";"21,7";"1014,8";"1014,8";"1014,3";"0,9";"293,0";"2,5";"162,00";"0,0"
"24/01/2026";"1100";"23,6";"23,7";"22,2";"93,0";"100,0";"92,0";"22,4";"23,4";"22,2";"1015,4";"1015,4";"1014,8";"0,9";"263,0";"1,9";"639,40";"0,0"
"24/01/2026";"1200";"25,9";"26,0";"23,6";"71,0";"94,0";"71,0";"20,3";"22,7";"20,2";"1015,7";"1015,7";"1015,4";"0,8";"277,0";"1,9";"2069,40";"0,0"
"24/01/2026";"1300";"27,1";"27,4";"25,8";"71,0";"76,0";"65,0";"21,4";"21,8";"19,8";"1015,7";"1015,8";"1015,6";"1,9";"167,0";"3,9";"2922,00";"0,2"
"24/01/2026";"1400";"26,9";"27,5";"26,3";"74,0";"75,0";"68,0";"21,8";"22,3";"20,4";"1015,6";"1015,7";"1015,5";"2,1";"155,0";"5,2";"3280,90";"0,0"
"24/01/2026";"1500";"27,6";"28,1";"26,4";"70,0";"77,0";"68,0";"21,7";"23,0";"21,1";"1015,1";"1015,6";"1015,1";"2,3";"141,0";"6,3";"3807,10";"0,0"
"24/01/2026";"1600";"26,1";"27,6";"25,9";"75,0";"79,0";"70,0";"21,3";"22,1";"21,1";"1015,0";"1015,2";"1015,0";"2,1";"161,0";"6,1";"925,00";"0,0"
"24/01/2026";"1700";"24,4";"26,3";"24,3";"90,0";"91,0";"74,0";"22,6";"22,9";"21,1";"1014,6";"1015,0";"1014,6";"2,3";"311,0";"4,6";"710,30";"0,0"
"24/01/2026";"1800";"23,2";"24,5";"23,2";"100,0";"100,0";"90,0";"23,2";"23,6";"22,7";"1014,3";"1014,6";"1014,3";"2,6";"305,0";"5,3";"300,80";"2,2"
"24/01/2026";"1900";"23,4";"23,6";"23,1";"100,0";"100,0";"100,0";"23,4";"23,6";"23,1";"1014,0";"1014,3";"1014,0";"2,2";"311,0";"3,8";"416,40";"0,0"
"24/01/2026";"2000";"23,5";"23,9";"23,4";"99,0";"100,0";"98,0";"23,4";"23,9";"23,2";"1014,0";"1014,1";"1013,8";"1,8";"302,0";"3,5";"380,50";"1,4"
"24/01/2026";"2100";"23,4";"23,7";"23,2";"100,0";"100,0";"100,0";"23,4";"23,7";"23,2";"1014,6";"1014,6";"1013,9";"0,7";"264,0";"2,9";"185,70";"6,0"
"24/01/2026";"2200";"22,7";"23,4";"22,7";"100,0";"100,0";"100,0";"22,7";"23,3";"22,7";"1015,0";"1015,0";"1014,6";"1,3";"340,0";"4,2";"29,70";"3,6"
"24/01/2026";"2300";"23,1";"23,1";"22,7";"100,0";"100,0";"100,0";"23,1";"23,1";"22,7";"1015,6";"1015,7";"1015,0";"0,9";"29,0";"3,1";"";"0,0"
"25/01/2026";"0000";"22,7";"23,4";"22,7";"100,0";"100,0";"100,0";"22,7";"23,4";"22,7";"1016,0";"1016,1";"1015,6";"0,6";"296,0";"3,6";"";"0,2"
"25/01/2026";"0100";"22,6";"22,8";"22,6";"100,0";"100,0";"100,0";"22,6";"22,8";"22,6";"1016,1";"1016,2";"1016,0";"0,7";"245,0";"2,3";"";"0,0"
"25/01/2026";"0200";"22,4";"22,7";"22,4";"100,0";"100,0";"100,0";"22,4";"22,7";"22,4";"1016,3";"1016,3";"1016,0";"1,0";"260,0";"2,4";"";"0,0"
"25/01/2026";"0300";"22,1";"22,4";"22,1";"100,0";"100,0";"100,0";"22,1";"22,4";"22,1";"1016,1";"1016,3";"1016,1";"1,0";"306,0";"3,7";"";"0,0"
"25/01/2026";"0400";"21,5";"22,1";"21,5";"100,0";"100,0";"100,0";"21,5";"22,1";"21,5";"1015,5";"1016,1";"1015,5";"0,8";"250,0";"1,9";"";"0,0"
"25/01/2026";"0500";"22,0";"22,1";"21,4";"100,0";"100,0";"100,0";"22,0";"22,1";"21,4";"1015,2";"1015,5";"1015,0";"0,7";"259,0";"3,0";"";"0,0"
"25/01/2026";"0600";"21,5";"22,1";"21,4";"100,0";"100,0";"100,0";"21,5";"22,0";"21,4";"1015,0";"1015,2";"1014,8";"1,0";"251,0";"2,3";"";"0,0"
"25/01/2026";"0700";"22,0";"22,0";"21,5";"100,0";"100,0";"100,0";"22,0";"22,0";"21,6";"1014,9";"1015,0";"1014,8";"0,8";"250,0";"1,8";"";"0,0"
"25/01/2026";"0800";"22,0";"22,1";"21,8";"100,0";"100,0";"100,0";"22,0";"22,1";"21,8";"1015,0";"1015,0";"1014,8";"0,7";"199,0";"1,9";"";"0,0"
"25/01/2026";"0900";"22,2";"22,3";"22,0";"100,0";"100,0";"100,0";"22,2";"22,3";"22,0";"1015,2";"1015,2";"1015,0";"0,9";"251,0";"2,2";"6,90";"0,0"
"25/01/2026";"1000";"22,6";"22,6";"22,0";"100,0";"100,0";"100,0";"22,6";"22,6";"22,0";"1016,0";"1016,0";"1015,2";"1,0";"276,0";"2,2";"150,20";"0,0"
"25/01/2026";"1100";"24,0";"24,1";"22,5";"96,0";"100,0";"96,0";"23,4";"24,0";"22,5";"1016,6";"1016,6";"1016,0";"0,6";"230,0";"2,2";"669,80";"0,0"
"25/01/2026";"1200";"26,7";"27,1";"24,0";"75,0";"96,0";"74,0";"21,9";"23,4";"21,6";"1016,9";"1016,9";"1016,6";"1,0";"157,0";"3,0";"1844,00";"0,2"
"25/01/2026";"1300";"27,7";"27,7";"26,5";"72,0";"79,0";"71,0";"22,2";"22,9";"21,5";"1017,0";"1017,0";"1016,9";"1,7";"130,0";"3,6";"2654,70";"0,0"
"25/01/2026";"1400";"28,2";"28,3";"27,5";"70,0";"75,0";"69,0";"22,2";"22,9";"21,5";"1016,7";"1017,0";"1016,6";"2,0";"120,0";"4,6";"3137,90";"0,0"
"25/01/2026";"1500";"28,6";"28,8";"27,0";"70,0";"75,0";"68,0";"22,7";"23,2";"21,3";"1016,5";"1016,7";"1016,5";"2,1";"135,0";"5,2";"3665,70";"0,0"
"25/01/2026";"1600";"27,0";"28,7";"26,9";"77,0";"78,0";"69,0";"22,6";"23,4";"21,9";"1016,2";"1016,6";"1016,2";"2,4";"154,0";"6,3";"2944,80";"0,0"
"25/01/2026";"1700";"26,3";"27,0";"26,2";"79,0";"81,0";"77,0";"22,5";"22,9";"22,2";"1015,5";"1016,2";"1015,5";"2,3";"152,0";"5,6";"650,40";"0,0"
"25/01/2026";"1800";"25,4";"27,0";"25,4";"92,0";"92,0";"74,0";"23,9";"23,9";"21,9";"1015,4";"1015,5";"1015,3";"2,0";"278,0";"4,6";"567,70";"0,0"
"25/01/2026";"1900";"24,0";"25,4";"24,0";"100,0";"100,0";"91,0";"24,0";"24,4";"23,6";"1015,0";"1015,4";"1014,8";"2,4";"300,0";"3,7";"201,50";"1,6"
"25/01/2026";"2000";"23,4";"24,2";"23,4";"100,0";"100,0";"99,0";"23,4";"24,1";"23,4";"1015,3";"1015,3";"1014,8";"1,5";"51,0";"5,7";"214,60";"0,6"
"25/01/2026";"2100";"21,7";"23,4";"21,2";"100,0";"100,0";"100,0";"21,7";"23,4";"21,2";"1016,0";"1016,2";"1015,2";"0,3";"47,0";"7,5";"292,30";"23,8"
"25/01/2026";"2200";"22,0";"22,2";"21,6";"100,0";"100,0";"100,0";"22,0";"22,2";"21,6";"1016,5";"1016,7";"1016,0";"1,5";"347,0";"3,9";"140,40";"0,0"
"25/01/2026";"2300";"21,8";"22,1";"21,7";"100,0";"100,0";"100,0";"21,7";"22,1";"21,7";"1017,2";"1017,2";"1016,5";"0,5";"119,0";"2,7";"";"0,0"
"26/01/2026";"0000";"21,4";"22,1";"21,4";"100,0";"100,0";"100,0";"21,4";"22,0";"21,4";"1016,5";"1017,2";"1016,4";"0,3";"161,0";"3,4";"";"0,0"
"26/01/2026";"0100";"21,7";"21,7";"21,4";"100,0";"100,0";"100,0";"21,7";"21,7";"21,4";"1016,9";"1017,0";"1016,4";"1,6";"312,0";"2,5";"";"0,0"
"26/01/2026";"0200";"21,5";"21,7";"21,4";"100,0";"100,0";"100,0";"21,5";"21,7";"21,3";"1017,2";"1017,2";"1016,8";"0,8";"2,0";"2,5";"";"0,0"
"26/01/2026";"0300";"21,5";"21,7";"21,4";"100,0";"100,0";"100,0";"21,4";"21,7";"21,4";"1016,0";"1017,2";"1016,0";"0,8";"167,0";"2,4";"";"0,0"
"26/01/2026";"0400";"21,3";"21,7";"21,3";"100,0";"100,0";"100,0";"21,3";"21,7";"21,3";"1015,8";"1016,0";"1015,8";"0,3";"123,0";"1,7";"";"0,0"
"26/01/2026";"0500";"20,9";"21,5";"20,9";"100,0";"100,0";"100,0";"20,9";"21,5";"20,9";"1015,2";"1015,8";"1015,2";"0,9";"190,0";"2,7";"";"0,0"
"26/01/2026";"0600";"21,0";"21,2";"20,9";"100,0";"100,0";"100,0";"21,0";"21,2";"20,9";"1014,9";"1015,2";"1014,9";"1,7";"298,0";"2,4";"";"0,0"
"26/01/2026";"0700";"20,7";"21,0";"20,6";"100,0";"100,0";"100,0";"20,7";"21,0";"20,6";"1014,6";"1014,9";"1014,5";"0,7";"306,0";"2,4";"";"0,0"
"26/01/2026";"0800";"20,6";"20,8";"20,5";"100,0";"100,0";"100,0";"20,5";"20,8";"20,5";"1015,2";"1015,2";"1014,6";"1,0";"330,0";"1,9";"";"0,0"
"26/01/2026";"0900";"20,1";"20,6";"20,1";"100,0";"100,0";"100,0";"20,1";"20,5";"20,1";"1016,1";"1016,1";"1015,2";"0,7";"295,0";"1,6";"11,40";"0,0"
"26/01/2026";"1000";"21,5";"21,5";"20,1";"100,0";"100,0";"100,0";"21,5";"21,5";"20,1";"1016,6";"1016,6";"1016,1";"0,8";"276,0";"1,5";"211,60";"0,0"
"26/01/2026";"1100";"24,6";"24,6";"21,5";"81,0";"100,0";"81,0";"21,0";"22,9";"21,0";"1017,1";"1017,1";"1016,6";"0,5";"289,0";"1,3";"1100,10";"0,0"
"26/01/2026";"1200";"26,3";"26,3";"24,6";"74,0";"81,0";"70,0";"21,2";"21,5";"20,3";"1017,4";"1017,5";"1017,1";"0,6";"272,0";"1,6";"1851,10";"0,0"
"26/01/2026";"1300";"27,8";"28,0";"26,3";"68,0";"77,0";"67,0";"21,3";"22,0";"20,7";"1017,4";"1017,7";"1017,4";"1,4";"118,0";"4,2";"2796,30";"0,2"
"26/01/2026";"1400";"28,0";"28,4";"27,5";"64,0";"69,0";"61,0";"20,6";"21,7";"20,1";"1017,1";"1017,4";"1017,1";"2,5";"121,0";"5,1";"3405,40";"0,0"
"26/01/2026";"1500";"27,8";"28,6";"27,5";"69,0";"69,0";"62,0";"21,5";"21,9";"20,3";"1017,3";"1017,3";"1017,0";"1,8";"136,0";"6,0";"3150,90";"0,0"
"26/01/2026";"1600";"28,2";"28,5";"27,0";"67,0";"75,0";"67,0";"21,4";"23,0";"20,8";"1017,0";"1017,3";"1017,0";"2,3";"153,0";"5,6";"3438,50";"0,0"
"26/01/2026";"1700";"27,3";"28,9";"26,9";"73,0";"74,0";"67,0";"22,1";"22,8";"21,4";"1016,5";"1017,0";"1016,5";"1,8";"143,0";"5,9";"1616,70";"0,0"
"26/01/2026";"1800";"27,7";"28,0";"27,2";"72,0";"76,0";"69,0";"22,1";"22,8";"21,2";"1015,9";"1016,5";"1015,9";"1,2";"140,0";"4,1";"1467,30";"0,0"
"26/01/2026";"1900";"27,2";"27,7";"27,0";"71,0";"75,0";"70,0";"21,4";"22,5";"21,2";"1015,5";"1015,9";"1015,5";"1,3";"166,0";"3,8";"926,20";"0,0"
"26/01/2026";"2000";"27,2";"27,5";"26,9";"73,0";"74,0";"70,0";"21,9";"22,0";"21,3";"1015,6";"1015,6";"1015,4";"1,2";"141,0";"3,5";"662,40";"0,0"
"26/01/2026";"2100";"26,8";"27,2";"26,8";"74,0";"75,0";"71,0";"21,6";"22,3";"21,2";"1015,9";"1015,9";"1015,4";"1,0";"150,0";"2,9";"352,90";"0,0"
"26/01/2026";"2200";"26,1";"26,8";"26,1";"80,0";"80,0";"72,0";"22,3";"22,3";"21,4";"1016,0";"1016,1";"1015,8";"0,6";"56,0";"2,3";"108,10";"0,0"
"26/01/2026";"2300";"24,5";"26,1";"24,5";"98,0";"99,0";"80,0";"24,1";"24,5";"22,4";"1016,2";"1016,2";"1015,8";"0,5";"265,0";"1,7";"";"0,0"
"27/01/2026";"0000";"23,7";"24,5";"23,7";"100,0";"100,0";"97,0";"23,7";"24,4";"23,7";"1016,7";"1016,8";"1016,2";"0,6";"267,0";"1,4";"";"0,0"
"27/01/2026";"0100";"23,4";"23,7";"23,4";"100,0";"100,0";"100,0";"23,4";"23,7";"23,4";"1017,0";"1017,0";"1016,7";"0,2";"338,0";"2,1";"";"0,0"
"27/01/2026";"0200";"23,3";"23,6";"23,3";"100,0";"100,0";"99,0";"23,3";"23,5";"23,2";"1016,2";"1017,0";"1016,2";"0,9";"186,0";"2,9";"";"0,0"
"27/01/2026";"0300";"23,0";"23,3";"22,8";"100,0";"100,0";"100,0";"23,0";"23,3";"22,8";"1015,6";"1016,2";"1015,5";"0,8";"274,0";"2,9";"";"0,0"
"27/01/2026";"0400";"22,7";"23,0";"22,7";"100,0";"100,0";"100,0";"22,7";"23,0";"22,7";"1015,2";"1015,6";"1015,2";"0,4";"296,0";"1,7";"";"0,0"
"27/01/2026";"0500";"22,7";"22,9";"22,5";"100,0";"100,0";"100,0";"22,7";"22,9";"22,5";"1014,8";"1015,2";"1014,8";"0,6";"255,0";"1,6";"";"0,0"
"27/01/2026";"0600";"22,9";"22,9";"22,6";"100,0";"100,0";"100,0";"22,8";"22,9";"22,6";"1014,3";"1014,8";"1014,2";"0,9";"284,0";"1,8";"";"0,0"
"27/01/2026";"0700";"22,9";"23,0";"22,6";"100,0";"100,0";"100,0";"22,9";"23,0";"22,6";"1014,6";"1014,6";"1014,3";"0,9";"295,0";"1,8";"";"0,0"
"27/01/2026";"0800";"22,4";"22,9";"22,4";"100,0";"100,0";"100,0";"22,4";"22,9";"22,4";"1014,9";"1015,0";"1014,6";"0,9";"300,0";"1,6";"";"0,0"
"27/01/2026";"0900";"22,3";"22,4";"22,2";"100,0";"100,0";"100,0";"22,2";"22,4";"22,2";"1015,3";"1015,3";"1014,8";"0,7";"276,0";"1,3";"11,10";"0,0"
"27/01/2026";"1000";"24,5";"24,5";"22,3";"91,0";"100,0";"91,0";"23,0";"23,8";"22,2";"1016,3";"1016,3";"1015,3";"1,0";"214,0";"2,7";"293,90";"0,0"
"27/01/2026";"1100";"26,3";"26,3";"24,5";"78,0";"91,0";"77,0";"22,1";"23,0";"21,6";"1016,4";"1016,4";"1016,3";"1,0";"192,0";"3,3";"844,60";"0,0"
"27/01/2026";"1200";"27,8";"27,9";"26,3";"70,0";"78,0";"70,0";"21,8";"22,6";"21,5";"1016,5";"1016,5";"1016,4";"1,4";"188,0";"3,2";"1892,20";"0,0"
"27/01/2026";"1300";"29,5";"29,6";"27,8";"66,0";"73,0";"62,0";"22,4";"23,4";"20,6";"1016,4";"1016,5";"1016,4";"1,1";"139,0";"4,3";"2775,90";"0,0"
"27/01/2026";"1400";"29,0";"30,3";"28,9";"70,0";"70,0";"62,0";"23,0";"23,4";"21,7";"1016,0";"1016,4";"1016,0";"2,3";"154,0";"4,9";"3371,50";"0,0"
"27/01/2026";"1500";"29,2";"30,3";"28,8";"71,0";"72,0";"63,0";"23,5";"24,0";"22,2";"1015,6";"1016,0";"1015,6";"2,5";"154,0";"6,5";"3684,30";"0,0"
"27/01/2026";"1600";"28,6";"29,5";"28,4";"75,0";"77,0";"70,0";"23,7";"24,3";"23,3";"1015,4";"1015,6";"1015,3";"2,8";"151,0";"6,0";"2253,70";"0,0"
"27/01/2026";"1700";"28,2";"28,9";"27,8";"78,0";"79,0";"72,0";"23,9";"23,9";"22,8";"1014,9";"1015,4";"1014,9";"3,3";"155,0";"7,0";"1441,10";"0,0"
"27/01/2026";"1800";"28,0";"29,1";"28,0";"78,0";"80,0";"75,0";"23,9";"24,9";"23,7";"1014,3";"1014,9";"1014,3";"2,6";"165,0";"6,8";"2693,10";"0,0"
"27/01/2026";"1900";"29,3";"29,3";"28,0";"76,0";"81,0";"76,0";"24,7";"24,8";"23,7";"1013,8";"1014,3";"1013,8";"1,0";"124,0";"6,1";"1140,00";"0,0"
"27/01/2026";"2000";"28,5";"29,4";"27,9";"76,0";"79,0";"73,0";"23,8";"24,5";"23,3";"1013,7";"1013,8";"1013,4";"1,2";"144,0";"4,7";"704,30";"0,0"
"27/01/2026";"2100";"27,8";"28,7";"27,8";"81,0";"81,0";"74,0";"24,1";"24,4";"23,4";"1013,6";"1014,0";"1013,6";"1,9";"115,0";"4,1";"444,80";"0,0"
"27/01/2026";"2200";"27,6";"28,0";"27,6";"80,0";"81,0";"79,0";"23,8";"24,4";"23,8";"1013,9";"1013,9";"1013,6";"2,9";"92,0";"5,0";"138,20";"0,0"
"27/01/2026";"2300";"26,3";"27,6";"26,3";"91,0";"91,0";"80,0";"24,6";"24,7";"23,8";"1014,4";"1014,5";"1013,9";"0,9";"354,0";"5,0";"";"0,0"
"28/01/2026";"0000";"25,0";"26,3";"25,0";"100,0";"100,0";"91,0";"25,0";"25,1";"24,7";"1014,1";"1014,6";"1014,1";"1,2";"338,0";"1,8";"";"0,0"
"28/01/2026";"0100";"24,3";"25,0";"24,3";"100,0";"100,0";"100,0";"24,2";"25,0";"24,2";"1014,6";"1014,6";"1014,1";"0,8";"332,0";"2,1";"";"0,0"
"28/01/2026";"0200";"23,7";"24,2";"23,7";"100,0";"100,0";"100,0";"23,7";"24,2";"23,7";"1014,1";"1014,8";"1014,1";"0,7";"318,0";"1,6";"";"0,0"
"28/01/2026";"0300";"23,7";"23,8";"23,5";"100,0";"100,0";"100,0";"23,7";"23,8";"23,5";"1013,8";"1014,1";"1013,8";"0,8";"275,0";"1,6";"";"0,0"
"28/01/2026";"0400";"23,9";"24,0";"23,6";"100,0";"100,0";"100,0";"23,9";"24,0";"23,6";"1013,4";"1013,8";"1013,4";"0,9";"245,0";"3,5";"";"0,0"
"28/01/2026";"0500";"23,5";"24,0";"23,2";"100,0";"100,0";"100,0";"23,4";"24,0";"23,2";"1013,3";"1013,5";"1013,3";"0,7";"255,0";"2,6";"";"0,0"
"28/01/2026";"0600";"22,8";"23,5";"22,7";"100,0";"100,0";"100,0";"22,8";"23,4";"22,7";"1013,5";"1013,5";"1013,3";"0,6";"330,0";"1,8";"";"0,0"
"28/01/2026";"0700";"22,8";"22,9";"22,5";"100,0";"100,0";"100,0";"22,8";"22,8";"22,5";"1013,4";"1013,5";"1013,3";"1,1";"286,0";"1,8";"";"0,0"
"28/01/2026";"0800";"22,6";"23,1";"22,6";"100,0";"100,0";"100,0";"22,6";"23,0";"22,6";"1013,9";"1013,9";"1013,4";"0,6";"270,0";"2,1";"";"0,0"
"28/01/2026";"0900";"22,4";"22,8";"22,2";"100,0";"100,0";"100,0";"22,3";"22,8";"22,2";"1014,5";"1014,5";"1013,9";"0,8";"322,0";"1,6";"10,60";"0,0"
"28/01/2026";"1000";"23,7";"23,7";"22,4";"100,0";"100,0";"100,0";"23,7";"23,7";"22,3";"1014,8";"1014,9";"1014,5";"0,7";"272,0";"1,6";"212,00";"0,0"
"28/01/2026";"1100";"26,1";"26,1";"23,7";"89,0";"100,0";"88,0";"24,0";"24,5";"23,7";"1014,8";"1014,8";"1014,7";"0,7";"274,0";"1,6";"1033,50";"0,0"
"28/01/2026";"1200";"28,7";"29,0";"26,1";"67,0";"90,0";"62,0";"21,9";"24,3";"20,5";"1014,6";"1014,9";"1014,6";"0,6";"284,0";"2,5";"1979,20";"0,0"
"28/01/2026";"1300";"29,7";"30,1";"28,7";"61,0";"67,0";"57,0";"21,3";"22,1";"20,4";"1015,0";"1015,0";"1014,6";"1,9";"127,0";"4,4";"2728,30";"0,0"
"28/01/2026";"1400";"30,3";"30,3";"29,1";"67,0";"67,0";"60,0";"23,5";"23,5";"21,2";"1014,8";"1015,0";"1014,8";"2,5";"113,0";"4,8";"3196,50";"0,0"
"28/01/2026";"1500";"30,5";"30,8";"29,6";"67,0";"71,0";"64,0";"23,7";"24,5";"22,8";"1014,2";"1014,8";"1014,2";"2,7";"112,0";"5,7";"3663,10";"0,0"
"28/01/2026";"1600";"29,7";"30,8";"29,2";"72,0";"77,0";"67,0";"24,0";"25,9";"23,2";"1013,6";"1014,2";"1013,6";"2,1";"133,0";"5,6";"3719,40";"0,0"
"28/01/2026";"1700";"29,3";"29,9";"28,2";"80,0";"81,0";"72,0";"25,5";"25,5";"24,0";"1013,1";"1013,7";"1013,0";"2,4";"149,0";"6,9";"2005,20";"0,0"
"28/01/2026";"1800";"28,5";"29,7";"28,1";"77,0";"83,0";"75,0";"24,0";"25,7";"23,6";"1012,6";"1013,1";"1012,6";"1,9";"158,0";"6,9";"893,00";"0,0"
"28/01/2026";"1900";"28,8";"29,1";"28,4";"75,0";"78,0";"75,0";"24,0";"24,7";"23,7";"1012,7";"1012,8";"1012,4";"2,1";"156,0";"5,6";"947,00";"0,0"
"28/01/2026";"2000";"25,2";"29,0";"25,2";"99,0";"99,0";"73,0";"25,0";"25,0";"22,5";"1013,0";"1013,2";"1012,7";"2,3";"134,0";"5,7";"334,60";"5,2"
"28/01/2026";"2100";"24,3";"25,2";"23,7";"86,0";"100,0";"82,0";"21,9";"25,0";"21,3";"1012,5";"1013,5";"1012,5";"1,2";"359,0";"10,5";"221,30";"4,6"
"28/01/2026";"2200";"24,4";"24,5";"24,0";"86,0";"91,0";"85,0";"21,9";"22,5";"21,6";"1012,8";"1012,8";"1012,1";"1,4";"81,0";"3,2";"120,10";"0,0"
"28/01/2026";"2300";"23,5";"24,4";"23,5";"100,0";"100,0";"86,0";"23,5";"23,8";"22,0";"1012,9";"1012,9";"1012,6";"0,4";"267,0";"3,7";"";"0,0"
"29/01/2026";"0000";"23,1";"23,6";"23,0";"100,0";"100,0";"100,0";"23,0";"23,6";"23,0";"1013,6";"1013,7";"1012,9";"0,4";"182,0";"2,5";"";"0,0"
"29/01/2026";"0100";"23,4";"23,4";"23,0";"100,0";"100,0";"100,0";"23,3";"23,4";"23,0";"1014,3";"1014,4";"1013,6";"0,7";"138,0";"2,0";"";"0,0"
"29/01/2026";"0200";"24,5";"25,0";"23,3";"85,0";"100,0";"81,0";"21,9";"23,5";"21,5";"1013,6";"1014,3";"1013,5";"1,4";"162,0";"3,7";"";"0,0"
"29/01/2026";"0300";"23,7";"24,5";"23,7";"93,0";"97,0";"85,0";"22,6";"23,3";"22,1";"1012,8";"1013,6";"1012,8";"1,1";"234,0";"4,2";"";"0,0"
"29/01/2026";"0400";"23,2";"23,8";"23,1";"100,0";"100,0";"91,0";"23,1";"23,3";"22,3";"1011,9";"1012,8";"1011,8";"1,0";"248,0";"3,9";"";"0,0"
"29/01/2026";"0500";"22,8";"23,3";"22,8";"96,0";"100,0";"92,0";"22,1";"23,2";"21,6";"1011,7";"1012,0";"1011,5";"1,6";"268,0";"4,5";"";"0,0"
"29/01/2026";"0600";"22,0";"22,8";"22,0";"100,0";"100,0";"96,0";"22,0";"22,4";"22,0";"1011,4";"1011,7";"1011,4";"1,1";"225,0";"3,1";"";"0,0"
"29/01/2026";"0700";"22,3";"22,7";"22,0";"99,0";"100,0";"97,0";"22,2";"22,7";"22,0";"1011,9";"1011,9";"1011,3";"1,0";"233,0";"2,5";"";"0,0"
"29/01/2026";"0800";"22,5";"22,7";"22,1";"100,0";"100,0";"96,0";"22,5";"22,5";"21,9";"1012,3";"1012,3";"1011,9";"0,9";"277,0";"2,6";"";"0,0"
"29/01/2026";"0900";"21,9";"22,5";"21,9";"100,0";"100,0";"99,0";"21,9";"22,5";"21,8";"1013,0";"1013,0";"1012,3";"1,1";"280,0";"2,9";"11,10";"0,0"
"29/01/2026";"1000";"23,6";"23,6";"21,9";"92,0";"100,0";"92,0";"22,2";"22,8";"21,9";"1013,2";"1013,2";"1012,9";"1,1";"285,0";"2,8";"212,60";"0,0"
"29/01/2026";"1100";"26,6";"26,6";"23,6";"71,0";"92,0";"70,0";"21,0";"23,0";"20,8";"1013,4";"1013,5";"1013,2";"0,6";"260,0";"1,9";"1107,80";"0,0"
"29/01/2026";"1200";"28,6";"28,9";"26,6";"61,0";"75,0";"60,0";"20,4";"22,1";"20,2";"1013,7";"1013,7";"1013,4";"1,0";"132,0";"3,3";"1890,60";"0,0"
"29/01/2026";"1300";"29,9";"30,1";"28,4";"54,0";"65,0";"54,0";"19,7";"22,2";"19,7";"1013,6";"1013,7";"1013,6";"1,3";"156,0";"3,2";"2347,30";"0,0"
"29/01/2026";"1400";"30,2";"31,1";"29,5";"56,0";"60,0";"51,0";"20,4";"21,8";"18,9";"1013,3";"1013,6";"1013,3";"0,7";"144,0";"3,4";"2391,20";"0,0"
"29/01/2026";"1500";"30,6";"30,9";"29,7";"56,0";"60,0";"54,0";"20,7";"21,6";"20,1";"1012,6";"1013,3";"1012,6";"2,2";"116,0";"5,1";"2723,50";"0,0"
"29/01/2026";"1600";"31,0";"31,3";"30,3";"56,0";"61,0";"52,0";"21,1";"22,4";"20,3";"1012,1";"1012,6";"1012,1";"2,0";"107,0";"5,3";"3697,50";"0,2"
"29/01/2026";"1700";"31,1";"31,1";"29,6";"58,0";"64,0";"52,0";"21,8";"22,7";"19,9";"1011,1";"1012,1";"1011,1";"2,2";"127,0";"4,0";"2223,10";"0,0"
"29/01/2026";"1800";"30,6";"31,7";"30,6";"60,0";"63,0";"54,0";"22,0";"23,3";"21,0";"1010,1";"1011,1";"1010,1";"2,5";"109,0";"5,1";"2901,40";"0,0"
"29/01/2026";"1900";"29,4";"31,2";"29,4";"71,0";"72,0";"60,0";"23,6";"23,8";"22,3";"1009,5";"1010,1";"1009,5";"2,0";"118,0";"5,0";"1786,80";"0,0"
"29/01/2026";"2000";"28,7";"29,4";"28,7";"73,0";"73,0";"70,0";"23,3";"23,9";"23,0";"1009,2";"1009,6";"1009,2";"1,0";"109,0";"4,9";"337,10";"0,0"
"29/01/2026";"2100";"28,5";"28,7";"28,4";"75,0";"76,0";"72,0";"23,6";"23,8";"23,1";"1009,5";"1009,6";"1009,1";"1,0";"147,0";"2,6";"67,70";"0,0"
"29/01/2026";"2200";"26,4";"28,5";"26,4";"100,0";"100,0";"75,0";"26,4";"26,5";"23,6";"1010,4";"1010,4";"1009,5";"1,0";"287,0";"2,5";"3,30";"0,0"
"29/01/2026";"2300";"25,3";"26,4";"25,3";"100,0";"100,0";"100,0";"25,3";"26,4";"25,3";"1011,1";"1011,1";"1010,4";"0,8";"316,0";"2,3";"";"0,6"
"30/01/2026";"0000";"24,7";"25,4";"24,7";"100,0";"100,0";"100,0";"24,7";"25,3";"24,6";"1011,1";"1011,2";"1010,9";"1,2";"308,0";"2,5";"";"0,0"
"30/01/2026";"0100";"24,7";"24,9";"24,7";"100,0";"100,0";"100,0";"24,7";"24,9";"24,7";"1011,1";"1011,5";"1011,1";"0,9";"319,0";"2,0";"";"0,2"
"30/01/2026";"0200";"24,5";"24,8";"24,4";"100,0";"100,0";"100,0";"24,5";"24,8";"24,4";"1010,9";"1011,1";"1010,9";"1,1";"283,0";"2,5";"";"0,0"
"30/01/2026";"0300";"25,7";"25,7";"24,4";"83,0";"100,0";"81,0";"22,6";"24,7";"22,1";"1011,2";"1011,2";"1010,8";"1,4";"292,0";"4,3";"";"0,0"
"30/01/2026";"0400";"23,4";"27,0";"23,4";"94,0";"94,0";"67,0";"22,4";"22,4";"20,4";"1010,6";"1011,3";"1010,6";"1,0";"147,0";"5,2";"";"2,6"
"30/01/2026";"0500";"24,5";"25,0";"23,3";"79,0";"96,0";"74,0";"20,5";"23,1";"20,1";"1008,9";"1010,6";"1008,9";"1,6";"79,0";"6,4";"";"1,2"
"30/01/2026";"0600";"26,3";"26,9";"24,5";"66,0";"79,0";"60,0";"19,4";"20,4";"18,3";"1007,5";"1008,9";"1007,5";"2,1";"2,0";"6,3";"0,40";"0,0"
"30/01/2026";"0700";"26,6";"27,2";"25,8";"62,0";"69,0";"57,0";"18,8";"19,8";"17,8";"1007,0";"1007,6";"1006,9";"1,5";"345,0";"7,0";"";"0,0"
"30/01/2026";"0800";"25,8";"27,1";"25,6";"65,0";"71,0";"60,0";"18,8";"19,9";"18,5";"1007,7";"1007,7";"1007,0";"1,2";"61,0";"6,8";"";"0,0"
"30/01/2026";"0900";"25,7";"26,2";"25,7";"75,0";"75,0";"65,0";"21,0";"21,0";"18,7";"1008,3";"1008,3";"1007,7";"1,2";"335,0";"5,5";"2,80";"0,0"
"30/01/2026";"1000";"24,2";"25,6";"23,6";"90,0";"94,0";"76,0";"22,4";"22,8";"20,5";"1008,6";"1008,7";"1008,3";"0,6";"199,0";"4,6";"200,70";"0,0"
"30/01/2026";"1100";"24,9";"24,9";"24,1";"89,0";"94,0";"88,0";"22,9";"23,3";"22,4";"1009,3";"1009,3";"1008,6";"0,6";"245,0";"2,4";"527,30";"0,0"
"30/01/2026";"1200";"27,0";"27,0";"24,9";"66,0";"89,0";"66,0";"20,0";"23,1";"20,0";"1009,0";"1009,3";"1008,9";"0,8";"342,0";"2,3";"807,50";"0,0"
"30/01/2026";"1300";"28,8";"28,9";"27,0";"61,0";"75,0";"59,0";"20,6";"22,2";"20,0";"1009,3";"1009,3";"1008,9";"1,4";"194,0";"3,3";"1779,60";"0,0"
"30/01/2026";"1400";"28,3";"29,2";"28,3";"64,0";"66,0";"60,0";"20,8";"22,1";"20,3";"1009,3";"1009,4";"1009,3";"1,4";"146,0";"3,3";"1700,10";"0,0"
"30/01/2026";"1500";"27,9";"28,3";"27,7";"68,0";"69,0";"63,0";"21,5";"21,6";"20,5";"1009,1";"1009,3";"1009,1";"1,3";"140,0";"3,7";"644,20";"0,0"
"30/01/2026";"1600";"28,3";"28,4";"27,9";"68,0";"71,0";"64,0";"21,9";"22,4";"20,8";"1008,4";"1009,1";"1008,4";"1,1";"199,0";"2,6";"1115,30";"0,0"
"30/01/2026";"1700";"29,1";"29,5";"27,8";"66,0";"72,0";"62,0";"22,2";"23,1";"20,9";"1007,5";"1008,4";"1007,5";"0,7";"262,0";"3,0";"1626,70";"0,0"
"30/01/2026";"1800";"28,4";"29,9";"28,4";"68,0";"70,0";"63,0";"21,9";"23,0";"21,6";"1006,7";"1007,5";"1006,7";"2,6";"118,0";"5,1";"1802,20";"0,0"
"30/01/2026";"1900";"27,7";"28,7";"27,7";"72,0";"73,0";"67,0";"22,3";"22,8";"21,9";"1006,4";"1006,8";"1006,4";"2,3";"121,0";"4,8";"1256,60";"0,0"
"30/01/2026";"2000";"26,3";"28,1";"26,3";"85,0";"85,0";"71,0";"23,5";"23,5";"22,1";"1005,8";"1006,4";"1005,8";"1,9";"121,0";"4,9";"365,70";"0,6"
"30/01/2026";"2100";"21,6";"26,3";"21,6";"100,0";"100,0";"85,0";"21,5";"24,6";"21,5";"1007,9";"1007,9";"1005,8";"2,5";"183,0";"12,5";"31,90";"19,8"
"30/01/2026";"2200";"21,9";"22,4";"21,5";"99,0";"100,0";"96,0";"21,8";"22,1";"21,3";"1008,0";"1008,0";"1007,6";"0,6";"48,0";"6,6";"187,90";"0,0"
"30/01/2026";"2300";"21,9";"22,1";"21,8";"100,0";"100,0";"99,0";"21,9";"22,1";"21,6";"1008,1";"1008,2";"1007,9";"1,4";"235,0";"2,9";"";"0,0"
"31/01/2026";"0000";"21,7";"21,9";"21,6";"100,0";"100,0";"100,0";"21,7";"21,9";"21,6";"1008,2";"1008,3";"1008,1";"1,1";"310,0";"2,6";"";"0,0"
"31/01/2026";"0100";"21,4";"21,8";"21,4";"100,0";"100,0";"100,0";"21,4";"21,7";"21,4";"1008,4";"1008,5";"1008,2";"0,7";"254,0";"2,0";"";"0,0"
"31/01/2026";"0200";"21,6";"21,7";"21,3";"100,0";"100,0";"100,0";"21,6";"21,7";"21,3";"1008,0";"1008,4";"1008,0";"0,7";"275,0";"2,1";"";"0,0"
"31/01/2026";"0300";"21,8";"21,9";"21,6";"100,0";"100,0";"100,0";"21,8";"21,9";"21,6";"1007,4";"1008,0";"1007,4";"1,0";"259,0";"2,6";"";"0,0"
"31/01/2026";"0400";"21,4";"21,9";"21,3";"100,0";"100,0";"100,0";"21,4";"21,9";"21,2";"1006,8";"1007,4";"1006,8";"0,6";"281,0";"2,6";"";"0,0"
"31/01/2026";"0500";"21,4";"21,9";"21,4";"100,0";"100,0";"100,0";"21,4";"21,8";"21,3";"1006,7";"1006,8";"1006,7";"0,9";"234,0";"3,0";"";"0,0"
"31/01/2026";"0600";"21,8";"22,1";"21,3";"100,0";"100,0";"100,0";"21,8";"22,1";"21,3";"1006,3";"1006,7";"1006,2";"1,4";"251,0";"2,3";"";"0,0"
"31/01/2026";"0700";"22,3";"22,3";"21,6";"100,0";"100,0";"100,0";"22,3";"22,3";"21,6";"1006,1";"1006,3";"1006,0";"1,2";"283,0";"2,5";"";"0,0"
"31/01/2026";"0800";"21,6";"22,3";"21,5";"100,0";"100,0";"100,0";"21,6";"22,3";"21,5";"1006,5";"1006,5";"1006,1";"0,7";"225,0";"2,3";"";"0,0"
"31/01/2026";"0900";"21,8";"22,3";"21,5";"100,0";"100,0";"100,0";"21,8";"22,2";"21,5";"1007,0";"1007,0";"1006,5";"0,6";"263,0";"2,1";"8,20";"0,0"
"31/01/2026";"1000";"22,5";"22,9";"21,8";"100,0";"100,0";"100,0";"22,5";"22,9";"21,8";"1007,3";"1007,3";"1007,0";"1,9";"283,0";"4,6";"207,80";"0,0"
"31/01/2026";"1100";"24,8";"24,8";"22,5";"90,0";"100,0";"90,0";"23,1";"23,5";"22,5";"1007,8";"1007,8";"1007,3";"1,1";"236,0";"4,0";"690,00";"0,0"
"31/01/2026";"1200";"26,1";"26,3";"24,8";"81,0";"90,0";"80,0";"22,7";"23,2";"22,4";"1007,8";"1007,9";"1007,8";"0,6";"290,0";"4,0";"1738,10";"0,0"
"31/01/2026";"1300";"29,1";"29,1";"26,1";"63,0";"82,0";"61,0";"21,3";"23,1";"20,8";"1007,4";"1007,8";"1007,4";"1,5";"159,0";"4,3";"2402,60";"0,0"
"31/01/2026";"1400";"29,2";"30,0";"28,8";"64,0";"66,0";"59,0";"21,8";"22,6";"20,8";"1007,2";"1007,5";"1007,1";"2,4";"148,0";"5,6";"3089,50";"0,0"
"31/01/2026";"1500";"29,4";"29,5";"28,3";"66,0";"69,0";"64,0";"22,4";"22,8";"21,5";"1007,1";"1007,2";"1007,0";"2,6";"150,0";"6,4";"2518,90";"0,0"
"31/01/2026";"1600";"29,0";"30,2";"28,1";"68,0";"70,0";"64,0";"22,6";"23,3";"21,7";"1006,8";"1007,1";"1006,8";"3,0";"131,0";"6,0";"2659,70";"0,0"
"31/01/2026";"1700";"29,6";"29,6";"28,0";"69,0";"74,0";"67,0";"23,3";"23,6";"22,1";"1006,4";"1006,9";"1006,4";"2,0";"128,0";"5,8";"2480,60";"0,0"
"31/01/2026";"1800";"29,3";"29,7";"28,1";"70,0";"73,0";"67,0";"23,3";"23,6";"22,3";"1005,9";"1006,4";"1005,9";"2,0";"139,0";"5,6";"3032,30";"0,0"
"31/01/2026";"1900";"28,9";"29,4";"28,7";"67,0";"72,0";"67,0";"22,1";"23,5";"22,1";"1005,4";"1005,9";"1005,4";"2,3";"117,0";"5,4";"2206,90";"0,0"
"31/01/2026";"2000";"27,9";"28,9";"27,8";"72,0";"73,0";"67,0";"22,4";"22,7";"22,1";"1005,2";"1005,4";"1005,2";"2,0";"113,0";"5,1";"874,00";"0,0"
"31/01/2026";"2100";"27,5";"27,9";"27,5";"75,0";"76,0";"72,0";"22,6";"22,9";"22,2";"1005,2";"1005,3";"1005,1";"2,3";"103,0";"4,6";"427,60";"0,0"
"31/01/2026";"2200";"27,0";"27,5";"27,0";"79,0";"79,0";"75,0";"23,1";"23,3";"22,6";"1005,5";"1005,5";"1005,2";"1,1";"28,0";"4,6";"63,20";"0,0"
"31/01/2026";"2300";"26,1";"27,0";"26,1";"88,0";"88,0";"79,0";"23,9";"23,9";"23,0";"1005,7";"1005,7";"1005,5";"0,6";"38,0";"3,5";"";"0,0"
"01/02/2026";"0000";"25,0";"26,1";"25,0";"99,0";"99,0";"88,0";"24,8";"24,8";"23,9";"1006,3";"1006,3";"1005,7";"1,0";"330,0";"2,1";"";"0,0"
"01/02/2026";"0100";"24,5";"25,0";"24,4";"98,0";"100,0";"98,0";"24,1";"24,8";"24,1";"1006,4";"1006,5";"1006,2";"0,9";"329,0";"2,6";"";"0,0"
"01/02/2026";"0200";"24,0";"24,5";"24,0";"100,0";"100,0";"96,0";"24,0";"24,2";"23,8";"1006,1";"1006,5";"1006,1";"0,5";"182,0";"2,2";"";"0,0"
"01/02/2026";"0300";"23,5";"24,0";"23,4";"100,0";"100,0";"100,0";"23,5";"24,0";"23,4";"1005,0";"1006,1";"1005,0";"0,4";"270,0";"1,9";"";"0,0"
"01/02/2026";"0400";"23,7";"23,9";"23,4";"100,0";"100,0";"100,0";"23,7";"23,9";"23,4";"1004,4";"1005,0";"1004,4";"0,7";"213,0";"3,3";"";"0,0"
"01/02/2026";"0500";"24,8";"24,9";"23,6";"94,0";"100,0";"94,0";"23,8";"24,7";"23,6";"1004,2";"1004,4";"1004,1";"1,2";"317,0";"3,0";"";"0,0"
"01/02/2026";"0600";"27,6";"27,6";"24,8";"66,0";"94,0";"66,0";"20,7";"24,0";"20,7";"1003,7";"1004,2";"1003,7";"1,5";"86,0";"3,4";"";"0,0"
"01/02/2026";"0700";"28,2";"30,1";"27,3";"63,0";"68,0";"54,0";"20,4";"20,9";"19,8";"1003,3";"1003,7";"1003,2";"1,3";"104,0";"3,8";"";"0,0"
"01/02/2026";"0800";"27,8";"28,8";"27,3";"66,0";"72,0";"60,0";"20,8";"21,8";"20,0";"1003,4";"1003,4";"1003,1";"0,8";"238,0";"3,4";"";"0,0"
"01/02/2026";"0900";"27,9";"28,5";"27,1";"62,0";"70,0";"60,0";"20,0";"21,7";"19,8";"1004,0";"1004,0";"1003,1";"1,2";"87,0";"5,0";"5,50";"0,0"
"01/02/2026";"1000";"29,7";"29,8";"27,9";"61,0";"64,0";"60,0";"21,5";"21,7";"20,0";"1004,7";"1004,7";"1004,0";"0,9";"93,0";"4,4";"238,90";"0,0"
"01/02/2026";"1100";"31,3";"31,3";"29,4";"55,0";"73,0";"54,0";"21,1";"24,1";"20,9";"1005,5";"1005,6";"1004,7";"1,6";"118,0";"7,0";"613,70";"0,0"
"01/02/2026";"1200";"32,7";"32,9";"31,3";"50,0";"60,0";"50,0";"21,1";"22,5";"20,6";"1005,5";"1005,7";"1005,4";"0,9";"115,0";"7,0";"1832,90";"0,0"
"01/02/2026";"1300";"32,8";"32,8";"31,1";"56,0";"58,0";"50,0";"22,8";"22,8";"20,7";"1005,4";"1005,5";"1005,1";"2,5";"291,0";"6,4";"1501,90";"0,0"
"01/02/2026";"1400";"34,3";"34,4";"32,4";"46,0";"56,0";"46,0";"21,2";"22,9";"20,4";"1005,0";"1005,4";"1004,9";"1,4";"232,0";"8,2";"3060,20";"0,0"
"01/02/2026";"1500";"33,9";"34,3";"32,8";"48,0";"52,0";"46,0";"21,2";"22,6";"20,7";"1004,4";"1005,1";"1004,4";"2,6";"296,0";"6,5";"2320,40";"0,0"
"01/02/2026";"1600";"31,8";"33,9";"30,6";"66,0";"74,0";"47,0";"24,6";"25,6";"20,9";"1003,4";"1004,4";"1003,4";"3,0";"135,0";"7,3";"3160,90";"0,0"
"01/02/2026";"1700";"29,5";"32,4";"29,5";"78,0";"78,0";"65,0";"25,2";"25,6";"24,3";"1003,8";"1003,9";"1002,9";"0,9";"107,0";"6,3";"1093,40";"0,0"
"01/02/2026";"1800";"28,1";"30,0";"28,1";"72,0";"83,0";"71,0";"22,7";"26,3";"22,6";"1003,3";"1004,3";"1003,3";"1,9";"232,0";"6,9";"195,80";"0,0"
"01/02/2026";"1900";"28,6";"29,8";"27,4";"75,0";"83,0";"67,0";"23,7";"24,9";"22,8";"1003,3";"1003,4";"1003,0";"1,1";"236,0";"4,8";"340,90";"0,0"
"01/02/2026";"2000";"29,6";"30,1";"28,6";"55,0";"76,0";"52,0";"19,6";"24,3";"18,8";"1003,8";"1004,3";"1003,3";"0,6";"33,0";"5,9";"412,90";"0,0"
"01/02/2026";"2100";"28,8";"30,4";"27,8";"54,0";"61,0";"48,0";"18,6";"20,9";"18,1";"1003,9";"1004,5";"1003,7";"2,4";"72,0";"7,7";"221,10";"0,0"
"01/02/2026";"2200";"29,9";"29,9";"28,4";"51,0";"56,0";"49,0";"18,7";"18,9";"18,0";"1004,5";"1004,8";"1003,8";"1,6";"105,0";"9,1";"31,00";"0,0"
"01/02/2026";"2300";"29,4";"30,4";"29,4";"55,0";"57,0";"50,0";"19,3";"20,2";"18,7";"1004,3";"1004,5";"1004,1";"1,3";"289,0";"9,1";"";"0,0"
"02/02/2026";"0000";"27,6";"29,4";"27,5";"65,0";"68,0";"54,0";"20,4";"21,5";"19,2";"1005,6";"1005,6";"1003,8";"1,0";"305,0";"4,2";"";"0,0"
"02/02/2026";"0100";"28,5";"29,3";"27,6";"60,0";"66,0";"55,0";"20,0";"20,8";"19,3";"1006,1";"1006,1";"1005,6";"2,6";"339,0";"6,6";"";"0,0"
"02/02/2026";"0200";"28,7";"30,0";"27,5";"57,0";"65,0";"51,0";"19,3";"20,5";"18,6";"1006,2";"1006,4";"1005,8";"1,4";"211,0";"8,4";"";"0,0"
"02/02/2026";"0300";"28,8";"28,9";"27,3";"55,0";"64,0";"55,0";"18,9";"20,0";"18,9";"1006,9";"1006,9";"1005,9";"1,6";"237,0";"4,8";"";"0,0"
"02/02/2026";"0400";"27,2";"28,8";"26,7";"70,0";"71,0";"55,0";"21,2";"21,2";"19,0";"1006,6";"1006,9";"1006,5";"2,2";"221,0";"6,6";"";"0,0"
"02/02/2026";"0500";"26,2";"27,2";"26,2";"83,0";"83,0";"70,0";"23,2";"23,3";"21,3";"1006,4";"1006,6";"1006,3";"0,8";"205,0";"5,2";"";"0,0"
"02/02/2026";"0600";"25,0";"26,2";"24,8";"87,0";"91,0";"83,0";"22,6";"24,3";"22,3";"1005,9";"1006,4";"1005,9";"0,6";"325,0";"2,3";"";"0,0"
"02/02/2026";"0700";"24,3";"25,0";"24,3";"92,0";"93,0";"85,0";"22,9";"23,1";"22,2";"1006,4";"1006,4";"1005,9";"0,6";"198,0";"2,3";"";"0,0"
"02/02/2026";"0800";"24,6";"24,8";"24,3";"96,0";"98,0";"91,0";"24,0";"24,3";"22,9";"1006,7";"1006,7";"1006,3";"0,9";"322,0";"2,0";"";"0,0"
"02/02/2026";"0900";"25,0";"25,0";"24,6";"96,0";"98,0";"94,0";"24,2";"24,6";"23,9";"1007,2";"1007,2";"1006,7";"1,0";"306,0";"2,3";"1,60";"0,0"
"02/02/2026";"1000";"25,3";"25,4";"24,9";"95,0";"96,0";"90,0";"24,5";"24,7";"23,2";"1007,9";"1007,9";"1007,2";"0,5";"253,0";"2,0";"72,20";"0,0"
"02/02/2026";"1100";"26,2";"26,2";"25,3";"91,0";"95,0";"90,0";"24,6";"24,7";"24,1";"1008,4";"1008,4";"1007,9";"1,0";"189,0";"2,7";"232,50";"0,0"
"02/02/2026";"1200";"27,5";"27,5";"26,2";"84,0";"91,0";"83,0";"24,4";"25,1";"24,1";"1008,9";"1008,9";"1008,4";"0,7";"193,0";"2,9";"603,80";"0,0"
"02/02/2026";"1300";"27,9";"28,0";"27,2";"78,0";"87,0";"78,0";"23,8";"24,9";"23,8";"1009,0";"1009,1";"1008,9";"0,8";"252,0";"2,4";"774,30";"0,0"
"02/02/2026";"1400";"28,3";"29,1";"27,8";"82,0";"83,0";"78,0";"24,9";"25,7";"23,8";"1008,9";"1009,0";"1008,8";"1,7";"128,0";"4,4";"1460,20";"0,0"
"02/02/2026";"1500";"28,1";"28,5";"27,8";"79,0";"84,0";"78,0";"24,1";"24,9";"24,1";"1008,5";"1008,9";"1008,5";"2,2";"150,0";"4,4";"1211,60";"0,0"
"02/02/2026";"1600";"28,0";"28,5";"27,9";"83,0";"83,0";"77,0";"24,8";"24,8";"23,8";"1008,2";"1008,5";"1008,2";"2,1";"149,0";"4,5";"1173,80";"0,0"
"02/02/2026";"1700";"28,3";"28,7";"27,8";"79,0";"83,0";"79,0";"24,3";"25,0";"24,0";"1007,8";"1008,2";"1007,8";"1,4";"146,0";"3,7";"1136,90";"0,0"
"02/02/2026";"1800";"28,3";"29,0";"28,1";"78,0";"80,0";"75,0";"24,0";"24,7";"23,6";"1007,2";"1007,8";"1007,2";"1,7";"141,0";"4,4";"1165,10";"0,0"
"02/02/2026";"1900";"26,1";"28,3";"26,1";"96,0";"96,0";"77,0";"25,4";"25,4";"23,7";"1007,1";"1007,2";"1006,9";"1,2";"184,0";"4,3";"208,10";"0,2"
"02/02/2026";"2000";"23,9";"26,1";"22,7";"100,0";"100,0";"96,0";"23,9";"25,8";"22,6";"1007,4";"1007,8";"1007,1";"0,6";"37,0";"6,5";"284,50";"28,2"
"02/02/2026";"2100";"24,2";"24,6";"23,9";"100,0";"100,0";"100,0";"24,2";"24,6";"23,9";"1008,0";"1008,1";"1007,4";"0,4";"41,0";"2,4";"283,70";"0,2"
"02/02/2026";"2200";"24,2";"24,4";"24,2";"100,0";"100,0";"100,0";"24,2";"24,4";"24,1";"1008,5";"1008,6";"1008,0";"0,5";"57,0";"2,6";"26,30";"0,0"
"02/02/2026";"2300";"24,2";"24,6";"24,2";"100,0";"100,0";"100,0";"24,2";"24,6";"24,2";"1008,3";"1008,5";"1008,3";"0,5";"268,0";"2,3";"";"0,0"
"03/02/2026";"0000";"24,3";"24,3";"24,1";"100,0";"100,0";"100,0";"24,3";"24,3";"24,1";"1008,4";"1008,5";"1008,3";"0,6";"1,0";"1,3";"";"0,0"
"03/02/2026";"0100";"24,0";"24,3";"24,0";"100,0";"100,0";"100,0";"24,0";"24,3";"23,9";"1009,1";"1009,1";"1008,4";"1,2";"349,0";"2,4";"";"0,0"
"03/02/2026";"0200";"23,6";"24,0";"23,6";"100,0";"100,0";"100,0";"23,6";"24,0";"23,6";"1009,5";"1009,5";"1009,1";"0,5";"7,0";"2,5";"";"0,0"
"03/02/2026";"0300";"23,5";"23,7";"23,3";"100,0";"100,0";"100,0";"23,5";"23,7";"23,3";"1008,9";"1009,5";"1008,9";"0,5";"296,0";"1,7";"";"0,0"
"03/02/2026";"0400";"23,4";"23,5";"23,1";"100,0";"100,0";"100,0";"23,4";"23,5";"23,1";"1008,3";"1008,9";"1008,3";"0,6";"303,0";"1,5";"";"0,0"
"03/02/2026";"0500";"23,7";"23,7";"23,3";"100,0";"100,0";"100,0";"23,6";"23,6";"23,3";"1007,7";"1008,3";"1007,7";"0,7";"341,0";"1,4";"";"0,0"
"03/02/2026";"0600";"23,6";"23,8";"23,5";"100,0";"100,0";"100,0";"23,6";"23,8";"23,5";"1007,4";"1007,7";"1007,4";"0,5";"18,0";"1,7";"";"0,0"
"03/02/2026";"0700";"24,0";"24,1";"23,4";"100,0";"100,0";"100,0";"24,0";"24,0";"23,4";"1007,0";"1007,4";"1007,0";"0,9";"348,0";"2,0";"";"0,0"
"03/02/2026";"0800";"24,2";"24,2";"23,6";"100,0";"100,0";"100,0";"24,2";"24,2";"23,6";"1007,4";"1007,4";"1007,0";"0,5";"358,0";"1,8";"";"0,0"
"03/02/2026";"0900";"24,7";"26,1";"24,0";"94,0";"100,0";"83,0";"23,6";"24,9";"22,9";"1007,3";"1007,4";"1007,3";"0,6";"58,0";"4,5";"6,30";"0,0"
"03/02/2026";"1000";"24,6";"24,8";"24,3";"100,0";"100,0";"94,0";"24,5";"24,7";"23,6";"1007,8";"1007,8";"1007,3";"1,0";"225,0";"2,4";"51,40";"0,0"
"03/02/2026";"1100";"25,0";"25,0";"24,5";"99,0";"100,0";"98,0";"24,8";"25,0";"24,5";"1008,4";"1008,4";"1007,7";"0,4";"67,0";"3,1";"114,70";"0,0"
"03/02/2026";"1200";"25,7";"25,9";"25,0";"92,0";"99,0";"90,0";"24,4";"25,3";"24,0";"1008,7";"1008,8";"1008,3";"1,0";"350,0";"2,2";"186,10";"0,0"
"03/02/2026";"1300";"26,0";"26,2";"25,7";"95,0";"96,0";"88,0";"25,2";"25,4";"23,8";"1008,8";"1008,8";"1008,7";"0,6";"6,0";"2,3";"405,20";"0,0"
"03/02/2026";"1400";"27,0";"27,0";"26,0";"90,0";"97,0";"88,0";"25,2";"25,7";"24,6";"1008,7";"1009,0";"1008,7";"0,3";"280,0";"2,2";"847,30";"0,2"
"03/02/2026";"1500";"25,7";"27,4";"25,5";"99,0";"100,0";"85,0";"25,6";"25,7";"24,5";"1008,2";"1008,7";"1008,2";"1,1";"1,0";"3,3";"771,70";"4,0"
"03/02/2026";"1600";"26,0";"26,6";"25,6";"97,0";"99,0";"91,0";"25,4";"25,7";"24,4";"1007,9";"1008,3";"1007,9";"0,9";"64,0";"3,2";"987,90";"0,0"
"03/02/2026";"1700";"26,3";"26,5";"25,8";"96,0";"99,0";"93,0";"25,6";"26,2";"24,9";"1007,9";"1007,9";"1006,9";"1,9";"315,0";"6,9";"915,90";"0,0"
"03/02/2026";"1800";"25,4";"26,3";"23,3";"100,0";"100,0";"94,0";"25,4";"25,7";"23,2";"1007,2";"1008,1";"1007,2";"0,7";"116,0";"9,4";"535,10";"11,0"
"03/02/2026";"1900";"26,5";"26,8";"25,3";"90,0";"100,0";"88,0";"24,7";"25,7";"24,2";"1006,9";"1007,3";"1006,9";"1,3";"87,0";"4,1";"1426,60";"0,0"
"03/02/2026";"2000";"24,9";"26,6";"24,7";"100,0";"100,0";"87,0";"24,9";"25,0";"24,2";"1007,0";"1007,2";"1006,9";"1,2";"294,0";"3,0";"236,40";"3,6"
"03/02/2026";"2100";"24,9";"24,9";"24,5";"100,0";"100,0";"100,0";"24,9";"24,9";"24,4";"1007,1";"1007,1";"1006,8";"0,6";"21,0";"2,2";"123,90";"1,8"
"03/02/2026";"2200";"25,0";"25,1";"24,8";"100,0";"100,0";"100,0";"25,0";"25,1";"24,8";"1007,2";"1007,3";"1007,0";"0,7";"360,0";"2,1";"57,80";"0,0"
"03/02/2026";"2300";"24,5";"25,1";"24,5";"100,0";"100,0";"100,0";"24,5";"25,0";"24,5";"1007,6";"1007,9";"1007,2";"1,0";"190,0";"3,0";"";"0,0"
"04/02/2026";"0000";"24,3";"24,7";"24,3";"100,0";"100,0";"100,0";"24,3";"24,7";"24,3";"1008,2";"1008,2";"1007,6";"0,5";"48,0";"2,6";"";"1,4"
"04/02/2026";"0100";"24,0";"24,4";"23,9";"100,0";"100,0";"100,0";"24,0";"24,3";"23,9";"1008,7";"1008,8";"1008,2";"0,6";"245,0";"1,9";"";"2,6"
"04/02/2026";"0200";"24,0";"24,1";"23,9";"100,0";"100,0";"100,0";"24,0";"24,1";"23,9";"1008,5";"1008,7";"1008,5";"0,6";"300,0";"1,3";"";"1,8"
"04/02/2026";"0300";"23,7";"24,0";"23,7";"100,0";"100,0";"100,0";"23,7";"24,0";"23,6";"1007,6";"1008,6";"1007,6";"0,6";"271,0";"2,2";"";"0,0"
"04/02/2026";"0400";"23,4";"23,8";"23,4";"100,0";"100,0";"100,0";"23,4";"23,8";"23,3";"1007,1";"1007,8";"1007,1";"1,0";"291,0";"2,7";"";"0,0"
"04/02/2026";"0500";"23,4";"23,5";"23,2";"100,0";"100,0";"100,0";"23,4";"23,5";"23,2";"1006,0";"1007,1";"1006,0";"0,9";"246,0";"2,7";"";"0,0"
"04/02/2026";"0600";"23,5";"23,7";"23,3";"100,0";"100,0";"100,0";"23,5";"23,6";"23,3";"1005,7";"1006,1";"1005,6";"1,5";"227,0";"3,2";"";"0,0"
"04/02/2026";"0700";"24,1";"24,1";"23,4";"100,0";"100,0";"100,0";"24,1";"24,1";"23,4";"1006,2";"1006,2";"1005,4";"1,1";"253,0";"4,5";"";"0,0"
"04/02/2026";"0800";"23,6";"24,2";"23,5";"100,0";"100,0";"100,0";"23,6";"24,1";"23,4";"1006,8";"1006,8";"1006,2";"1,0";"325,0";"2,3";"";"0,0"
"04/02/2026";"0900";"23,7";"23,8";"23,4";"100,0";"100,0";"100,0";"23,7";"23,8";"23,4";"1007,4";"1007,4";"1006,8";"0,5";"215,0";"1,8";"5,00";"0,0"
"04/02/2026";"1000";"24,1";"24,1";"23,6";"100,0";"100,0";"100,0";"24,1";"24,1";"23,6";"1007,7";"1007,8";"1007,4";"0,7";"323,0";"1,9";"135,20";"0,0"
"04/02/2026";"1100";"24,9";"25,0";"24,1";"98,0";"100,0";"98,0";"24,6";"24,8";"24,1";"1008,4";"1008,4";"1007,7";"0,5";"239,0";"1,8";"350,70";"0,0"
"04/02/2026";"1200";"26,0";"26,1";"24,9";"91,0";"100,0";"89,0";"24,5";"25,1";"24,0";"1008,2";"1008,4";"1008,2";"0,3";"15,0";"1,5";"625,10";"0,0"
"04/02/2026";"1300";"27,5";"28,7";"26,0";"80,0";"92,0";"76,0";"23,8";"25,7";"22,8";"1008,4";"1008,4";"1008,2";"2,0";"167,0";"4,5";"2232,00";"0,0"
"04/02/2026";"1400";"27,7";"29,0";"27,4";"81,0";"84,0";"76,0";"24,2";"25,0";"23,6";"1008,5";"1008,6";"1008,3";"1,8";"147,0";"4,5";"1914,40";"0,0"
"04/02/2026";"1500";"28,7";"29,0";"27,5";"77,0";"84,0";"76,0";"24,3";"25,2";"23,9";"1008,2";"1008,5";"1008,2";"1,7";"192,0";"4,5";"1701,00";"0,0"
"04/02/2026";"1600";"27,8";"29,6";"27,6";"83,0";"84,0";"70,0";"24,7";"24,8";"23,3";"1008,3";"1008,3";"1008,0";"2,0";"180,0";"4,8";"1579,30";"0,0"
"04/02/2026";"1700";"27,1";"27,9";"27,1";"88,0";"88,0";"83,0";"24,8";"25,0";"24,3";"1008,3";"1008,4";"1008,2";"1,1";"203,0";"4,7";"290,10";"0,0"
"04/02/2026";"1800";"26,4";"27,1";"26,4";"90,0";"92,0";"85,0";"24,7";"25,0";"24,0";"1008,3";"1008,3";"1008,1";"1,8";"231,0";"5,1";"187,60";"0,0"
"04/02/2026";"1900";"25,7";"26,4";"25,0";"100,0";"100,0";"90,0";"25,7";"25,7";"24,5";"1008,0";"1008,4";"1008,0";"1,9";"247,0";"6,2";"532,60";"5,8"
"04/02/2026";"2000";"25,0";"25,7";"25,0";"98,0";"100,0";"95,0";"24,7";"25,7";"24,6";"1008,0";"1008,0";"1007,7";"1,4";"219,0";"5,3";"375,90";"1,2"
"04/02/2026";"2100";"26,3";"26,4";"25,0";"90,0";"98,0";"90,0";"24,5";"25,1";"23,9";"1008,4";"1008,5";"1007,8";"0,8";"206,0";"3,8";"415,50";"0,0"
"04/02/2026";"2200";"25,1";"26,3";"25,1";"100,0";"100,0";"90,0";"25,1";"25,2";"24,7";"1008,7";"1008,8";"1008,5";"0,5";"202,0";"2,6";"76,20";"0,0"
"04/02/2026";"2300";"24,9";"25,2";"24,9";"100,0";"100,0";"100,0";"24,9";"25,1";"24,9";"1009,2";"1009,2";"1008,7";"0,5";"231,0";"1,5";"";"0,0"
"05/02/2026";"0000";"24,9";"25,1";"24,8";"100,0";"100,0";"100,0";"24,9";"25,0";"24,8";"1010,2";"1010,2";"1009,2";"0,7";"317,0";"2,1";"";"0,0"
"05/02/2026";"0100";"24,5";"24,9";"24,5";"100,0";"100,0";"100,0";"24,5";"24,9";"24,5";"1010,6";"1010,6";"1010,1";"1,2";"323,0";"2,2";"";"0,0"
"05/02/2026";"0200";"24,5";"24,5";"24,4";"100,0";"100,0";"100,0";"24,5";"24,5";"24,4";"1010,4";"1010,7";"1010,4";"0,4";"235,0";"2,2";"";"0,0"
"05/02/2026";"0300";"24,4";"24,5";"24,3";"100,0";"100,0";"100,0";"24,4";"24,4";"24,3";"1010,2";"1010,4";"1010,0";"0,6";"258,0";"1,6";"";"0,0"
"05/02/2026";"0400";"24,1";"24,4";"24,1";"100,0";"100,0";"100,0";"24,1";"24,4";"24,1";"1009,8";"1010,2";"1009,8";"0,9";"218,0";"3,4";"";"0,0"
"05/02/2026";"0500";"24,1";"24,3";"24,0";"100,0";"100,0";"100,0";"24,0";"24,3";"24,0";"1009,6";"1009,9";"1009,6";"0,4";"322,0";"2,8";"";"0,2"
"05/02/2026";"0600";"24,0";"24,2";"24,0";"100,0";"100,0";"100,0";"23,9";"24,2";"23,9";"1008,9";"1009,6";"1008,9";"0,8";"340,0";"2,1";"";"0,0"
"05/02/2026";"0700";"24,6";"24,6";"24,0";"100,0";"100,0";"100,0";"24,6";"24,6";"23,9";"1008,9";"1008,9";"1008,7";"1,7";"281,0";"2,9";"";"0,0"
"05/02/2026";"0800";"24,1";"24,7";"24,0";"100,0";"100,0";"100,0";"24,1";"24,6";"24,0";"1009,2";"1009,2";"1008,9";"0,4";"293,0";"2,9";"";"0,0"
"05/02/2026";"0900";"24,0";"24,2";"23,9";"100,0";"100,0";"100,0";"24,0";"24,2";"23,9";"1009,9";"1009,9";"1009,2";"1,5";"235,0";"4,5";"1,80";"0,0"
"05/02/2026";"1000";"24,2";"24,2";"23,9";"100,0";"100,0";"100,0";"24,2";"24,2";"23,9";"1010,2";"1010,2";"1009,9";"0,9";"284,0";"3,8";"114,30";"0,0"
"05/02/2026";"1100";"25,0";"25,0";"24,2";"99,0";"100,0";"98,0";"24,8";"24,9";"24,2";"1010,5";"1010,6";"1010,2";"1,5";"210,0";"3,9";"502,70";"0,0"
"05/02/2026";"1200";"24,5";"25,2";"24,1";"100,0";"100,0";"96,0";"24,5";"24,9";"24,1";"1011,2";"1011,2";"1010,5";"1,3";"222,0";"6,1";"613,70";"2,0"
"05/02/2026";"1300";"24,5";"25,0";"24,3";"100,0";"100,0";"98,0";"24,5";"25,0";"24,3";"1012,0";"1012,0";"1011,2";"1,1";"234,0";"4,6";"534,20";"1,2"
"05/02/2026";"1400";"25,1";"25,1";"24,2";"100,0";"100,0";"100,0";"25,1";"25,1";"24,2";"1012,0";"1012,2";"1012,0";"0,9";"228,0";"3,9";"718,80";"5,2"
"05/02/2026";"1500";"27,6";"27,7";"25,0";"86,0";"100,0";"83,0";"25,0";"25,6";"24,0";"1011,9";"1012,0";"1011,8";"1,3";"228,0";"4,4";"2033,40";"0,0"
"05/02/2026";"1600";"24,2";"27,6";"23,9";"100,0";"100,0";"84,0";"24,2";"25,2";"23,9";"1011,6";"1011,9";"1011,6";"0,7";"66,0";"7,4";"435,90";"15,0"
"05/02/2026";"1700";"25,0";"25,1";"24,2";"100,0";"100,0";"100,0";"25,0";"25,0";"24,2";"1011,1";"1011,6";"1011,1";"0,4";"359,0";"3,4";"833,40";"1,0"
"05/02/2026";"1800";"25,7";"26,2";"24,8";"97,0";"100,0";"93,0";"25,2";"26,0";"24,6";"1010,3";"1011,1";"1010,3";"1,0";"258,0";"2,6";"1458,90";"0,0"
"05/02/2026";"1900";"25,4";"26,1";"25,3";"97,0";"100,0";"94,0";"24,8";"25,9";"24,4";"1009,9";"1010,3";"1009,9";"2,2";"287,0";"3,9";"723,50";"0,0"
"05/02/2026";"2000";"25,2";"25,5";"24,9";"99,0";"100,0";"94,0";"25,0";"25,1";"24,3";"1009,9";"1010,0";"1009,8";"1,4";"304,0";"3,6";"484,70";"0,2"
"05/02/2026";"2100";"25,5";"26,0";"25,1";"90,0";"99,0";"88,0";"23,8";"25,0";"23,7";"1010,0";"1010,0";"1009,8";"0,8";"245,0";"2,7";"442,40";"0,0"
"05/02/2026";"2200";"24,8";"25,5";"24,8";"100,0";"100,0";"90,0";"24,8";"24,9";"23,9";"1010,7";"1010,7";"1010,0";"1,1";"224,0";"2,7";"36,80";"0,0"
"05/02/2026";"2300";"24,4";"24,8";"24,4";"100,0";"100,0";"99,0";"24,3";"24,8";"24,3";"1011,4";"1011,4";"1010,7";"0,8";"198,0";"2,7";"";"0,4"
"06/02/2026";"0000";"24,2";"24,6";"24,2";"100,0";"100,0";"100,0";"24,2";"24,6";"24,2";"1011,9";"1011,9";"1011,4";"0,8";"234,0";"2,3";"";"0,4"
"06/02/2026";"0100";"24,3";"24,4";"24,2";"100,0";"100,0";"100,0";"24,3";"24,4";"24,2";"1012,3";"1012,3";"1011,9";"0,8";"270,0";"2,2";"";"0,8"
"06/02/2026";"0200";"23,9";"24,3";"23,8";"100,0";"100,0";"100,0";"23,9";"24,3";"23,8";"1012,3";"1012,4";"1012,3";"0,6";"260,0";"2,0";"";"0,0"
"06/02/2026";"0300";"23,9";"24,0";"23,9";"100,0";"100,0";"100,0";"23,9";"24,0";"23,9";"1012,0";"1012,3";"1011,9";"0,7";"357,0";"3,2";"";"1,2"
"06/02/2026";"0400";"23,7";"24,0";"23,4";"100,0";"100,0";"100,0";"23,7";"23,9";"23,4";"1011,6";"1012,0";"1011,6";"1,1";"9,0";"3,3";"";"2,4"
"06/02/2026";"0500";"23,2";"23,7";"23,2";"100,0";"100,0";"100,0";"23,2";"23,7";"23,2";"1011,1";"1011,6";"1011,1";"0,8";"336,0";"3,2";"";"0,6"
"06/02/2026";"0600";"23,4";"23,5";"23,2";"100,0";"100,0";"100,0";"23,4";"23,4";"23,2";"1010,6";"1011,1";"1010,6";"0,5";"244,0";"2,0";"";"0,0"
"06/02/2026";"0700";"23,5";"23,7";"23,4";"100,0";"100,0";"100,0";"23,5";"23,7";"23,4";"1010,4";"1010,7";"1010,3";"1,2";"308,0";"2,1";"";"0,0"
"06/02/2026";"0800";"23,8";"23,8";"23,5";"100,0";"100,0";"100,0";"23,8";"23,8";"23,5";"1010,5";"1010,5";"1010,3";"0,5";"232,0";"2,0";"";"0,0"
"06/02/2026";"0900";"23,8";"23,9";"23,7";"100,0";"100,0";"100,0";"23,7";"23,9";"23,7";"1010,7";"1010,7";"1010,5";"0,6";"262,0";"1,9";"5,70";"0,0"
"06/02/2026";"1000";"24,1";"24,1";"23,6";"100,0";"100,0";"100,0";"24,1";"24,1";"23,6";"1011,3";"1011,3";"1010,7";"0,4";"254,0";"1,8";"183,20";"0,0"
"06/02/2026";"1100";"25,8";"25,8";"24,1";"97,0";"100,0";"97,0";"25,3";"25,7";"24,1";"1011,5";"1011,5";"1011,3";"0,8";"258,0";"2,2";"793,40";"0,0"
"06/02/2026";"1200";"27,1";"27,1";"25,6";"86,0";"97,0";"85,0";"24,5";"25,4";"24,2";"1011,9";"1011,9";"1011,5";"1,1";"204,0";"4,5";"1643,00";"0,0"
"06/02/2026";"1300";"28,2";"28,2";"27,1";"79,0";"87,0";"75,0";"24,2";"25,0";"23,0";"1012,0";"1012,0";"1011,9";"1,6";"152,0";"3,5";"2715,80";"0,0"
"06/02/2026";"1400";"28,6";"29,4";"27,9";"71,0";"82,0";"69,0";"22,8";"24,8";"22,7";"1011,8";"1012,0";"1011,8";"2,4";"125,0";"4,9";"3492,40";"0,2"
"06/02/2026";"1500";"28,9";"29,7";"28,4";"75,0";"77,0";"69,0";"24,0";"24,3";"22,9";"1011,8";"1011,8";"1011,7";"2,1";"154,0";"5,4";"3730,40";"0,0"
"06/02/2026";"1600";"27,2";"29,1";"27,2";"81,0";"82,0";"74,0";"23,6";"24,8";"23,4";"1011,5";"1011,8";"1011,5";"3,7";"158,0";"7,2";"2274,50";"0,0"
"06/02/2026";"1700";"27,1";"27,3";"27,1";"83,0";"85,0";"80,0";"23,9";"24,5";"23,4";"1011,0";"1011,5";"1011,0";"1,2";"209,0";"7,2";"513,30";"0,0"
"06/02/2026";"1800";"26,1";"27,1";"26,1";"94,0";"94,0";"82,0";"25,0";"25,0";"23,6";"1010,6";"1011,0";"1010,6";"1,4";"268,0";"3,8";"286,50";"0,0"
"06/02/2026";"1900";"25,8";"26,1";"25,7";"95,0";"100,0";"94,0";"25,0";"25,7";"24,9";"1009,9";"1010,6";"1009,9";"2,1";"302,0";"3,7";"379,40";"0,0"
"06/02/2026";"2000";"25,2";"25,8";"25,2";"100,0";"100,0";"94,0";"25,2";"25,3";"24,6";"1010,0";"1010,0";"1009,8";"2,2";"288,0";"4,1";"172,80";"0,0"
"06/02/2026";"2100";"25,1";"25,3";"25,0";"100,0";"100,0";"99,0";"25,1";"25,2";"24,8";"1010,0";"1010,1";"1009,9";"1,5";"341,0";"3,9";"293,90";"0,0"
"06/02/2026";"2200";"25,1";"25,6";"25,0";"100,0";"100,0";"97,0";"25,1";"25,5";"24,9";"1010,4";"1010,5";"1010,0";"1,2";"330,0";"3,2";"171,40";"0,2"
"06/02/2026";"2300";"24,8";"25,1";"24,8";"100,0";"100,0";"100,0";"24,8";"25,1";"24,8";"1011,1";"1011,1";"1010,4";"0,7";"4,0";"3,0";"";"0,2"
"07/02/2026";"0000";"24,6";"25,0";"24,6";"100,0";"100,0";"100,0";"24,6";"24,9";"24,6";"1011,4";"1011,4";"1011,0";"0,4";"53,0";"2,5";"";"0,0"
"07/02/2026";"0100";"24,3";"24,7";"24,2";"100,0";"100,0";"100,0";"24,2";"24,7";"24,2";"1011,5";"1011,6";"1011,2";"0,7";"265,0";"2,0";"";"0,0"
"07/02/2026";"0200";"24,0";"24,3";"23,8";"100,0";"100,0";"100,0";"23,9";"24,3";"23,8";"1011,3";"1011,5";"1011,2";"0,5";"282,0";"1,6";"";"0,0"
"07/02/2026";"0300";"23,6";"24,0";"23,5";"100,0";"100,0";"100,0";"23,6";"24,0";"23,5";"1010,7";"1011,3";"1010,7";"0,5";"277,0";"1,4";"";"0,0"
"07/02/2026";"0400";"23,6";"23,6";"23,5";"100,0";"100,0";"100,0";"23,6";"23,6";"23,5";"1010,4";"1010,7";"1010,4";"0,6";"278,0";"1,1";"";"0,0"
"07/02/2026";"0500";"23,5";"23,6";"23,4";"100,0";"100,0";"100,0";"23,5";"23,6";"23,4";"1009,7";"1010,4";"1009,7";"0,4";"256,0";"1,6";"";"0,0"
"07/02/2026";"0600";"23,7";"23,8";"23,5";"100,0";"100,0";"100,0";"23,7";"23,8";"23,5";"1009,7";"1009,8";"1009,6";"0,6";"274,0";"1,8";"";"0,0"
"07/02/2026";"0700";"23,9";"23,9";"23,7";"100,0";"100,0";"100,0";"23,9";"23,9";"23,7";"1009,9";"1009,9";"1009,6";"1,3";"213,0";"3,3";"";"0,2"
"07/02/2026";"0800";"24,0";"24,1";"23,9";"100,0";"100,0";"100,0";"24,0";"24,0";"23,9";"1010,3";"1010,3";"1009,9";"0,7";"280,0";"3,3";"";"0,0"
"07/02/2026";"0900";"24,1";"24,1";"23,9";"100,0";"100,0";"100,0";"24,1";"24,1";"23,9";"1010,9";"1010,9";"1010,3";"0,8";"284,0";"2,3";"2,80";"0,0"
"07/02/2026";"1000";"24,6";"24,6";"24,0";"100,0";"100,0";"100,0";"24,6";"24,6";"24,0";"1011,4";"1011,4";"1010,9";"0,4";"241,0";"2,5";"147,10";"0,0"
"07/02/2026";"1100";"25,4";"25,4";"24,6";"100,0";"100,0";"99,0";"25,4";"25,4";"24,6";"1012,1";"1012,1";"1011,4";"1,0";"272,0";"2,3";"379,40";"0,0"
"07/02/2026";"1200";"26,1";"26,1";"25,4";"97,0";"100,0";"95,0";"25,5";"25,7";"25,2";"1012,3";"1012,3";"1012,0";"0,5";"292,0";"1,7";"523,40";"0,0"
"07/02/2026";"1300";"26,3";"27,3";"26,1";"96,0";"97,0";"90,0";"25,6";"25,8";"25,1";"1012,4";"1012,4";"1012,3";"1,9";"179,0";"5,3";"654,20";"0,0"
"07/02/2026";"1400";"27,0";"27,0";"26,2";"93,0";"96,0";"93,0";"25,7";"25,8";"25,1";"1012,3";"1012,4";"1012,3";"0,8";"170,0";"4,4";"581,60";"0,0"
"07/02/2026";"1500";"27,0";"27,7";"26,9";"89,0";"95,0";"85,0";"24,9";"26,7";"24,5";"1011,8";"1012,3";"1011,7";"1,6";"126,0";"2,9";"1313,50";"1,0"
"07/02/2026";"1600";"26,9";"27,4";"26,6";"91,0";"93,0";"88,0";"25,3";"25,9";"24,7";"1011,1";"1011,8";"1011,1";"1,6";"144,0";"4,3";"1041,30";"0,0"
"07/02/2026";"1700";"26,2";"26,9";"26,1";"97,0";"98,0";"90,0";"25,7";"25,9";"25,1";"1010,7";"1011,1";"1010,7";"0,5";"157,0";"4,2";"310,40";"0,4"
"07/02/2026";"1800";"25,7";"26,2";"25,7";"100,0";"100,0";"96,0";"25,7";"26,1";"25,6";"1009,9";"1010,7";"1009,9";"0,7";"224,0";"3,1";"391,90";"3,4"
"07/02/2026";"1900";"25,7";"25,8";"25,4";"100,0";"100,0";"100,0";"25,7";"25,7";"25,4";"1009,8";"1010,0";"1009,7";"0,5";"237,0";"2,3";"254,60";"0,6"
"07/02/2026";"2000";"25,4";"25,7";"25,2";"100,0";"100,0";"100,0";"25,4";"25,7";"25,2";"1010,1";"1010,1";"1009,8";"1,6";"275,0";"3,0";"169,20";"0,0"
"07/02/2026";"2100";"24,9";"25,5";"24,9";"100,0";"100,0";"100,0";"24,9";"25,5";"24,9";"1010,7";"1010,8";"1010,1";"1,0";"352,0";"3,5";"57,60";"0,6"
"07/02/2026";"2200";"24,8";"25,0";"24,7";"100,0";"100,0";"100,0";"24,8";"25,0";"24,7";"1011,3";"1011,3";"1010,6";"0,9";"311,0";"2,8";"83,00";"1,0"
"07/02/2026";"2300";"23,4";"24,8";"23,2";"100,0";"100,0";"100,0";"23,4";"24,8";"23,2";"1012,3";"1012,3";"1011,3";"2,0";"108,0";"6,5";"0,10";"47,0"
"08/02/2026";"0000";"23,6";"23,6";"23,3";"100,0";"100,0";"100,0";"23,6";"23,6";"23,3";"1013,3";"1013,3";"1012,3";"1,6";"152,0";"4,1";"";"25,4"
"08/02/2026";"0100";"22,6";"23,7";"22,2";"100,0";"100,0";"100,0";"22,6";"23,7";"22,2";"1014,0";"1014,0";"1013,3";"2,1";"304,0";"5,8";"0,50";"22,6"
"08/02/2026";"0200";"22,9";"23,0";"22,5";"100,0";"100,0";"100,0";"22,8";"23,0";"22,5";"1013,7";"1014,0";"1013,7";"1,5";"339,0";"5,1";"";"3,6"
"08/02/2026";"0300";"22,9";"23,0";"22,7";"100,0";"100,0";"100,0";"22,8";"23,0";"22,7";"1013,4";"1013,8";"1013,4";"0,7";"265,0";"2,5";"";"0,2"
"08/02/2026";"0400";"22,9";"23,0";"22,7";"100,0";"100,0";"100,0";"22,9";"23,0";"22,7";"1012,6";"1013,4";"1012,5";"0,6";"227,0";"2,0";"";"0,8"
"08/02/2026";"0500";"23,1";"23,1";"22,8";"100,0";"100,0";"100,0";"23,1";"23,1";"22,8";"1011,9";"1012,6";"1011,9";"1,1";"244,0";"2,8";"";"0,0"
"08/02/2026";"0600";"23,1";"23,2";"23,0";"100,0";"100,0";"100,0";"23,1";"23,2";"23,0";"1011,8";"1011,9";"1011,6";"0,6";"6,0";"2,7";"";"0,2"
"08/02/2026";"0700";"23,1";"23,3";"23,1";"100,0";"100,0";"100,0";"23,1";"23,3";"23,1";"1011,8";"1011,9";"1011,7";"2,1";"299,0";"3,1";"";"1,8"
"08/02/2026";"0800";"22,9";"23,1";"22,8";"100,0";"100,0";"100,0";"22,9";"23,0";"22,8";"1011,0";"1011,9";"1011,0";"1,6";"347,0";"3,6";"";"1,8"
"08/02/2026";"0900";"22,5";"22,9";"22,5";"100,0";"100,0";"100,0";"22,5";"22,9";"22,4";"1010,9";"1011,1";"1010,8";"0,6";"182,0";"2,8";"1,80";"0,0"
"08/02/2026";"1000";"22,8";"22,8";"22,4";"100,0";"100,0";"100,0";"22,8";"22,8";"22,4";"1011,8";"1011,8";"1010,9";"0,9";"252,0";"3,7";"137,60";"0,0"
"08/02/2026";"1100";"25,0";"25,0";"22,8";"92,0";"100,0";"92,0";"23,6";"24,2";"22,8";"1012,3";"1012,3";"1011,7";"1,3";"180,0";"3,6";"919,30";"0,0"
"08/02/2026";"1200";"27,7";"27,7";"25,0";"73,0";"92,0";"72,0";"22,4";"23,7";"21,4";"1012,4";"1012,6";"1012,3";"1,4";"148,0";"4,4";"2070,40";"0,0"
"08/02/2026";"1300";"28,0";"28,2";"27,1";"70,0";"74,0";"67,0";"22,0";"22,6";"21,0";"1012,6";"1012,6";"1012,3";"2,0";"146,0";"4,1";"2464,70";"0,0"
"08/02/2026";"1400";"28,3";"29,0";"27,9";"73,0";"75,0";"67,0";"22,9";"23,4";"21,7";"1012,5";"1012,6";"1012,4";"2,6";"153,0";"5,5";"3438,20";"0,2"
"08/02/2026";"1500";"28,1";"28,8";"27,9";"74,0";"76,0";"71,0";"23,0";"23,8";"22,3";"1012,4";"1012,5";"1012,3";"2,9";"157,0";"7,3";"3570,40";"0,0"
"08/02/2026";"1600";"26,9";"28,3";"26,9";"81,0";"81,0";"73,0";"23,4";"23,6";"22,7";"1012,5";"1012,6";"1012,4";"1,7";"220,0";"6,3";"650,40";"0,0"
"08/02/2026";"1700";"24,9";"27,0";"24,6";"100,0";"100,0";"79,0";"24,9";"24,9";"23,1";"1012,0";"1012,5";"1012,0";"1,0";"36,0";"4,9";"454,90";"0,6"
"08/02/2026";"1800";"27,4";"27,5";"24,9";"74,0";"100,0";"73,0";"22,3";"25,0";"21,9";"1011,8";"1012,0";"1011,7";"2,0";"209,0";"6,0";"840,30";"0,0"
"08/02/2026";"1900";"25,7";"27,5";"25,7";"89,0";"89,0";"71,0";"23,8";"24,0";"21,7";"1011,9";"1012,0";"1011,8";"1,2";"343,0";"5,0";"690,90";"0,0"
"08/02/2026";"2000";"26,2";"26,2";"25,7";"88,0";"93,0";"87,0";"23,9";"24,7";"23,5";"1011,7";"1012,0";"1011,7";"0,6";"360,0";"2,8";"621,20";"0,0"
"08/02/2026";"2100";"25,6";"26,5";"25,6";"90,0";"91,0";"81,0";"23,8";"24,2";"23,1";"1011,8";"1011,8";"1011,7";"1,3";"324,0";"2,3";"295,10";"0,0"
"08/02/2026";"2200";"23,3";"25,6";"23,3";"99,0";"100,0";"90,0";"23,2";"24,7";"23,0";"1012,7";"1012,7";"1011,8";"2,3";"296,0";"5,3";"13,80";"1,2"
"08/02/2026";"2300";"23,0";"23,3";"23,0";"100,0";"100,0";"94,0";"23,0";"23,2";"22,3";"1013,3";"1013,3";"1012,7";"1,3";"306,0";"4,4";"";"0,0"
"09/02/2026";"0000";"23,3";"23,5";"23,0";"100,0";"100,0";"100,0";"23,3";"23,5";"23,1";"1013,7";"1013,7";"1013,3";"0,9";"267,0";"2,1";"";"0,0"
"09/02/2026";"0100";"23,5";"23,6";"23,3";"100,0";"100,0";"100,0";"23,5";"23,6";"23,3";"1014,2";"1014,2";"1013,7";"1,6";"354,0";"3,2";"";"0,0"
"09/02/2026";"0200";"23,0";"23,5";"23,0";"100,0";"100,0";"99,0";"23,0";"23,5";"23,0";"1013,6";"1014,2";"1013,6";"0,7";"240,0";"4,5";"";"0,0"
"09/02/2026";"0300";"23,0";"23,2";"22,9";"100,0";"100,0";"100,0";"23,0";"23,2";"22,9";"1013,0";"1013,6";"1013,0";"0,8";"295,0";"2,9";"";"0,0"
"09/02/2026";"0400";"22,8";"23,1";"22,7";"100,0";"100,0";"100,0";"22,8";"23,1";"22,7";"1012,2";"1013,0";"1012,2";"0,5";"260,0";"2,2";"";"0,0"
"09/02/2026";"0500";"22,9";"23,0";"22,8";"100,0";"100,0";"100,0";"22,9";"22,9";"22,8";"1011,9";"1012,4";"1011,9";"0,9";"263,0";"2,0";"";"0,0"
"09/02/2026";"0600";"22,6";"22,9";"22,6";"100,0";"100,0";"100,0";"22,6";"22,9";"22,6";"1011,4";"1011,9";"1011,4";"0,8";"236,0";"2,1";"";"0,0"
"09/02/2026";"0700";"22,4";"22,9";"22,4";"100,0";"100,0";"100,0";"22,4";"22,8";"22,4";"1011,3";"1011,5";"1011,2";"1,1";"325,0";"2,4";"";"0,0"
"09/02/2026";"0800";"22,3";"22,5";"22,3";"100,0";"100,0";"100,0";"22,2";"22,5";"22,2";"1011,6";"1011,7";"1011,3";"0,8";"275,0";"2,6";"";"0,0"
"09/02/2026";"0900";"22,3";"22,4";"22,2";"100,0";"100,0";"100,0";"22,3";"22,4";"22,2";"1011,7";"1011,7";"1011,6";"1,0";"305,0";"1,7";"0,30";"0,0"
"09/02/2026";"1000";"22,7";"22,7";"22,2";"100,0";"100,0";"100,0";"22,7";"22,7";"22,2";"1012,6";"1012,6";"1011,7";"1,0";"304,0";"1,8";"131,60";"0,0"
"09/02/2026";"1100";"24,0";"24,1";"22,7";"100,0";"100,0";"100,0";"24,0";"24,0";"22,7";"1013,2";"1013,2";"1012,6";"0,8";"270,0";"2,2";"518,50";"0,0"
"09/02/2026";"1200";"24,6";"24,7";"24,0";"94,0";"100,0";"93,0";"23,5";"24,3";"23,4";"1013,5";"1013,5";"1013,2";"0,9";"287,0";"2,3";"545,20";"0,0"
"09/02/2026";"1300";"25,9";"25,9";"24,6";"80,0";"95,0";"80,0";"22,3";"24,1";"22,3";"1013,8";"1013,8";"1013,5";"0,7";"358,0";"1,8";"1172,40";"0,0"
"09/02/2026";"1400";"27,0";"27,0";"25,9";"74,0";"82,0";"72,0";"22,0";"23,2";"21,2";"1013,6";"1013,8";"1013,6";"0,6";"279,0";"1,7";"1032,60";"0,0"
"09/02/2026";"1500";"27,8";"27,8";"27,0";"70,0";"76,0";"67,0";"21,9";"22,9";"20,7";"1013,4";"1013,6";"1013,4";"0,6";"204,0";"2,6";"1339,40";"0,0"
"09/02/2026";"1600";"27,4";"28,2";"27,1";"68,0";"72,0";"62,0";"20,9";"22,2";"19,6";"1012,8";"1013,4";"1012,8";"1,3";"117,0";"3,1";"1627,10";"0,0"
"09/02/2026";"1700";"27,4";"27,7";"27,0";"70,0";"76,0";"66,0";"21,5";"22,8";"20,5";"1012,3";"1012,8";"1012,3";"1,9";"112,0";"4,0";"1225,30";"0,0"
"09/02/2026";"1800";"27,8";"28,1";"27,0";"71,0";"76,0";"68,0";"21,9";"22,9";"20,9";"1011,9";"1012,3";"1011,9";"2,1";"113,0";"3,8";"1380,20";"0,0"
"09/02/2026";"1900";"27,2";"27,8";"26,9";"74,0";"78,0";"71,0";"22,1";"22,9";"21,4";"1011,6";"1011,9";"1011,6";"1,9";"94,0";"5,1";"781,20";"0,0"
"09/02/2026";"2000";"26,2";"27,3";"26,1";"78,0";"78,0";"71,0";"21,9";"22,6";"21,6";"1011,8";"1011,8";"1011,5";"0,6";"33,0";"3,9";"587,80";"0,0"
"09/02/2026";"2100";"25,9";"26,3";"25,9";"81,0";"82,0";"78,0";"22,4";"22,7";"21,9";"1012,1";"1012,1";"1011,7";"0,8";"72,0";"2,4";"211,40";"0,0"
"09/02/2026";"2200";"24,6";"25,9";"24,6";"94,0";"95,0";"79,0";"23,5";"23,8";"22,0";"1012,6";"1012,6";"1012,1";"1,0";"332,0";"2,9";"27,40";"0,0"
"09/02/2026";"2300";"23,7";"24,6";"23,7";"99,0";"99,0";"93,0";"23,6";"23,6";"23,1";"1013,1";"1013,1";"1012,6";"0,6";"354,0";"1,7";"";"0,0"
"10/02/2026";"0000";"23,1";"23,7";"23,1";"100,0";"100,0";"99,0";"23,1";"23,6";"23,1";"1013,3";"1013,3";"1013,1";"1,3";"338,0";"2,2";"";"0,0"
"10/02/2026";"0100";"23,0";"23,2";"22,9";"100,0";"100,0";"100,0";"22,9";"23,2";"22,9";"1013,9";"1013,9";"1013,3";"0,8";"345,0";"2,4";"";"0,0"
"10/02/2026";"0200";"23,1";"23,2";"22,9";"100,0";"100,0";"100,0";"23,1";"23,2";"22,9";"1013,8";"1013,9";"1013,7";"0,8";"272,0";"1,6";"";"0,0"
"10/02/2026";"0300";"22,9";"23,2";"22,9";"100,0";"100,0";"100,0";"22,9";"23,2";"22,9";"1013,1";"1013,8";"1013,1";"0,4";"23,0";"1,8";"";"0,2"
"10/02/2026";"0400";"22,6";"22,9";"22,6";"100,0";"100,0";"100,0";"22,6";"22,9";"22,6";"1012,5";"1013,1";"1012,5";"0,9";"314,0";"1,5";"";"0,0"
"10/02/2026";"0500";"22,7";"22,8";"22,6";"100,0";"100,0";"100,0";"22,7";"22,8";"22,6";"1011,8";"1012,6";"1011,8";"0,5";"282,0";"1,9";"";"0,0"
"10/02/2026";"0600";"22,5";"22,8";"22,4";"100,0";"100,0";"100,0";"22,5";"22,8";"22,4";"1011,5";"1011,9";"1011,5";"0,6";"244,0";"2,0";"";"0,0"
"10/02/2026";"0700";"22,5";"22,7";"22,5";"100,0";"100,0";"100,0";"22,5";"22,7";"22,4";"1011,6";"1011,6";"1011,4";"0,4";"276,0";"1,7";"";"0,0"
"10/02/2026";"0800";"22,9";"22,9";"22,5";"100,0";"100,0";"100,0";"22,8";"22,8";"22,5";"1012,1";"1012,1";"1011,6";"0,9";"214,0";"2,6";"";"0,2"
"10/02/2026";"0900";"22,6";"22,9";"22,6";"100,0";"100,0";"100,0";"22,6";"22,9";"22,6";"1012,8";"1012,8";"1012,1";"0,7";"260,0";"2,6";"";"0,4"
"10/02/2026";"1000";"22,4";"22,7";"22,4";"100,0";"100,0";"100,0";"22,4";"22,7";"22,4";"1013,5";"1013,5";"1012,8";"1,3";"343,0";"2,0";"53,70";"0,4"
"10/02/2026";"1100";"23,1";"23,1";"22,4";"100,0";"100,0";"100,0";"23,1";"23,1";"22,4";"1013,9";"1013,9";"1013,5";"0,4";"70,0";"2,0";"226,20";"0,4"
"10/02/2026";"1200";"24,0";"24,0";"23,0";"100,0";"100,0";"98,0";"23,9";"23,9";"23,0";"1013,6";"1014,0";"1013,6";"0,9";"2,0";"1,8";"849,00";"0,0"
"10/02/2026";"1300";"24,5";"24,6";"23,9";"96,0";"100,0";"94,0";"23,8";"24,4";"23,3";"1013,3";"1013,6";"1013,3";"1,1";"79,0";"3,1";"640,70";"0,0"
"10/02/2026";"1400";"25,3";"25,3";"24,5";"91,0";"96,0";"90,0";"23,7";"24,0";"23,2";"1013,0";"1013,3";"1013,0";"1,4";"114,0";"3,7";"878,30";"0,4"
"10/02/2026";"1500";"26,6";"26,7";"25,3";"84,0";"92,0";"78,0";"23,6";"24,0";"22,3";"1012,5";"1013,0";"1012,5";"1,3";"82,0";"3,6";"1501,80";"0,0"
"10/02/2026";"1600";"26,9";"26,9";"25,9";"80,0";"89,0";"79,0";"23,2";"24,1";"22,8";"1012,0";"1012,5";"1012,0";"2,5";"87,0";"4,5";"1016,50";"0,0"
"10/02/2026";"1700";"26,9";"27,4";"26,7";"80,0";"83,0";"78,0";"23,2";"24,2";"23,1";"1011,4";"1012,0";"1011,4";"2,7";"88,0";"5,8";"1095,90";"0,0"
"10/02/2026";"1800";"27,0";"27,2";"26,7";"82,0";"84,0";"80,0";"23,7";"24,0";"23,2";"1010,8";"1011,4";"1010,8";"1,9";"89,0";"5,1";"742,80";"0,0"
"10/02/2026";"1900";"26,7";"27,6";"26,6";"85,0";"85,0";"78,0";"23,9";"24,1";"23,2";"1010,2";"1010,8";"1010,1";"0,8";"294,0";"4,5";"934,00";"0,0"
"10/02/2026";"2000";"26,6";"27,2";"26,6";"87,0";"88,0";"82,0";"24,3";"24,6";"23,7";"1009,8";"1010,2";"1009,7";"0,8";"54,0";"2,4";"592,00";"0,0"
"10/02/2026";"2100";"26,3";"26,6";"26,2";"91,0";"92,0";"87,0";"24,7";"24,8";"24,3";"1009,5";"1009,8";"1009,5";"0,8";"292,0";"2,4";"381,80";"0,0"
"10/02/2026";"2200";"25,5";"26,4";"25,5";"98,0";"98,0";"90,0";"25,1";"25,1";"24,4";"1009,8";"1009,8";"1009,5";"0,4";"269,0";"1,4";"50,80";"0,0"
"10/02/2026";"2300";"24,9";"25,5";"24,9";"100,0";"100,0";"98,0";"24,9";"25,2";"24,9";"1010,7";"1010,7";"1009,8";"1,1";"314,0";"2,1";"";"0,0"
"11/02/2026";"0000";"24,4";"24,9";"24,4";"100,0";"100,0";"100,0";"24,4";"24,9";"24,4";"1011,1";"1011,1";"1010,7";"1,1";"291,0";"2,1";"";"0,0"
"11/02/2026";"0100";"26,7";"27,3";"24,4";"72,0";"100,0";"70,0";"21,2";"24,7";"21,2";"1011,6";"1011,8";"1011,1";"3,0";"13,0";"7,2";"";"0,6"
"11/02/2026";"0200";"24,4";"26,9";"24,3";"94,0";"94,0";"72,0";"23,3";"23,3";"21,5";"1012,0";"1012,0";"1011,6";"1,2";"194,0";"6,8";"";"0,2"
"11/02/2026";"0300";"24,2";"24,6";"24,2";"94,0";"95,0";"88,0";"23,2";"23,6";"22,5";"1011,6";"1012,0";"1011,6";"0,2";"11,0";"3,4";"";"0,0"
"11/02/2026";"0400";"24,3";"24,4";"23,9";"97,0";"99,0";"92,0";"23,8";"23,9";"23,0";"1011,0";"1011,6";"1011,0";"1,0";"94,0";"2,8";"";"0,0"
"11/02/2026";"0500";"24,3";"26,4";"24,3";"93,0";"97,0";"73,0";"23,1";"23,8";"21,1";"1010,4";"1011,0";"1010,3";"0,6";"82,0";"4,5";"";"0,2"
"11/02/2026";"0600";"26,3";"26,6";"24,2";"72,0";"96,0";"71,0";"20,9";"23,4";"20,8";"1010,0";"1010,4";"1009,9";"1,0";"50,0";"6,0";"";"0,0"
"11/02/2026";"0700";"25,3";"26,3";"24,5";"80,0";"87,0";"72,0";"21,6";"22,2";"20,8";"1009,6";"1010,0";"1009,5";"2,4";"92,0";"5,9";"";"0,8"
"11/02/2026";"0800";"23,4";"25,3";"23,4";"100,0";"100,0";"80,0";"23,4";"23,5";"21,7";"1010,2";"1010,2";"1009,4";"0,9";"332,0";"5,5";"";"0,4"
"11/02/2026";"0900";"23,0";"23,4";"23,0";"100,0";"100,0";"100,0";"23,0";"23,4";"23,0";"1010,8";"1010,8";"1010,3";"0,7";"338,0";"3,1";"";"0,4"
"11/02/2026";"1000";"23,2";"23,2";"22,9";"100,0";"100,0";"100,0";"23,2";"23,2";"22,9";"1012,0";"1012,1";"1010,8";"0,7";"221,0";"1,8";"62,20";"0,0"
"11/02/2026";"1100";"23,7";"23,7";"23,2";"100,0";"100,0";"100,0";"23,7";"23,7";"23,2";"1012,6";"1012,6";"1012,0";"0,6";"263,0";"4,5";"230,70";"0,0"
"11/02/2026";"1200";"24,8";"24,9";"23,7";"100,0";"100,0";"100,0";"24,8";"24,9";"23,7";"1012,6";"1012,8";"1012,6";"0,9";"348,0";"1,8";"499,50";"0,0"
"11/02/2026";"1300";"27,5";"27,5";"24,8";"77,0";"100,0";"77,0";"23,0";"25,3";"23,0";"1012,3";"1012,7";"1012,3";"1,3";"166,0";"3,0";"1195,40";"0,0"
"11/02/2026";"1400";"28,8";"29,3";"27,0";"72,0";"82,0";"65,0";"23,2";"24,1";"22,1";"1012,2";"1012,4";"1012,1";"1,4";"181,0";"3,6";"1181,90";"0,0"
"11/02/2026";"1500";"29,6";"29,7";"28,8";"69,0";"75,0";"65,0";"23,3";"24,3";"22,4";"1012,1";"1012,2";"1012,1";"1,0";"148,0";"3,6";"1202,20";"0,0"
"11/02/2026";"1600";"29,6";"30,1";"29,3";"70,0";"77,0";"66,0";"23,6";"25,2";"22,4";"1011,7";"1012,1";"1011,7";"2,3";"114,0";"4,2";"1937,40";"0,0"
"11/02/2026";"1700";"30,0";"30,3";"29,6";"69,0";"76,0";"65,0";"23,7";"25,1";"23,3";"1011,3";"1011,7";"1011,2";"2,1";"113,0";"4,6";"1937,40";"0,0"
"11/02/2026";"1800";"30,6";"30,8";"30,0";"63,0";"72,0";"62,0";"22,8";"24,6";"22,5";"1010,8";"1011,3";"1010,8";"1,7";"120,0";"3,9";"1806,00";"0,0"
"11/02/2026";"1900";"29,9";"30,6";"29,7";"77,0";"78,0";"63,0";"25,5";"25,6";"23,3";"1010,7";"1010,9";"1010,7";"1,8";"131,0";"5,0";"1419,30";"0,0"
"11/02/2026";"2000";"29,4";"29,9";"29,4";"76,0";"77,0";"74,0";"24,8";"25,2";"24,6";"1010,8";"1010,8";"1010,6";"1,8";"124,0";"4,9";"906,30";"0,0"
"11/02/2026";"2100";"28,5";"29,5";"28,4";"81,0";"83,0";"73,0";"24,9";"25,4";"24,0";"1010,9";"1010,9";"1010,7";"0,7";"276,0";"3,9";"360,70";"0,0"
"11/02/2026";"2200";"27,0";"28,5";"26,9";"96,0";"96,0";"79,0";"26,2";"26,4";"24,5";"1011,5";"1011,5";"1010,9";"1,1";"313,0";"2,0";"71,70";"0,0"
"11/02/2026";"2300";"25,5";"27,0";"25,5";"100,0";"100,0";"96,0";"25,5";"26,4";"25,4";"1012,1";"1012,1";"1011,5";"1,1";"305,0";"2,3";"";"0,0"
"12/02/2026";"0000";"25,9";"26,1";"25,5";"87,0";"100,0";"85,0";"23,6";"25,5";"23,3";"1012,7";"1012,7";"1012,1";"1,8";"343,0";"2,9";"";"0,0"
"12/02/2026";"0100";"25,0";"25,9";"24,6";"96,0";"100,0";"86,0";"24,4";"25,2";"23,4";"1013,2";"1013,3";"1012,7";"1,6";"315,0";"3,4";"";"0,4"
"12/02/2026";"0200";"25,3";"25,3";"24,4";"94,0";"100,0";"94,0";"24,3";"24,7";"24,1";"1012,9";"1013,2";"1012,9";"0,8";"69,0";"2,7";"";"0,0"
"12/02/2026";"0300";"28,5";"28,5";"24,7";"65,0";"100,0";"65,0";"21,3";"24,7";"21,3";"1012,5";"1012,9";"1012,5";"2,2";"350,0";"4,0";"";"0,0"
"12/02/2026";"0400";"25,5";"28,7";"25,4";"91,0";"92,0";"64,0";"23,8";"24,1";"21,2";"1012,3";"1012,5";"1012,2";"1,2";"249,0";"4,0";"0,80";"0,0"
"12/02/2026";"0500";"24,9";"25,8";"24,8";"97,0";"98,0";"87,0";"24,4";"24,6";"23,4";"1012,2";"1012,3";"1012,1";"0,7";"324,0";"3,3";"";"0,0"
"12/02/2026";"0600";"25,6";"28,1";"24,9";"88,0";"98,0";"66,0";"23,5";"24,5";"21,2";"1012,0";"1012,2";"1012,0";"1,1";"77,0";"4,4";"";"0,0"
"12/02/2026";"0700";"26,3";"27,1";"25,2";"84,0";"96,0";"74,0";"23,3";"24,6";"21,9";"1011,8";"1012,0";"1011,7";"0,8";"15,0";"5,8";"";"0,0"
"12/02/2026";"0800";"25,4";"26,3";"25,3";"87,0";"93,0";"83,0";"23,1";"24,1";"23,1";"1012,2";"1012,2";"1011,8";"1,4";"284,0";"3,3";"";"0,0"
"12/02/2026";"0900";"25,0";"25,4";"24,9";"94,0";"96,0";"87,0";"24,0";"24,4";"23,2";"1013,2";"1013,2";"1012,2";"1,1";"239,0";"3,1";"4,60";"0,0"
"12/02/2026";"1000";"25,1";"25,1";"24,7";"97,0";"100,0";"94,0";"24,5";"24,8";"24,2";"1013,8";"1013,8";"1013,2";"0,6";"329,0";"2,4";"107,50";"0,0"
"12/02/2026";"1100";"26,4";"26,8";"25,1";"87,0";"97,0";"85,0";"24,0";"24,8";"23,8";"1014,3";"1014,3";"1013,8";"0,9";"247,0";"2,0";"483,60";"0,0"
"12/02/2026";"1200";"28,4";"28,4";"26,4";"80,0";"89,0";"77,0";"24,5";"24,7";"23,4";"1014,2";"1014,4";"1014,2";"0,6";"281,0";"1,9";"912,00";"0,0"
"12/02/2026";"1300";"30,8";"31,3";"28,4";"60,0";"80,0";"58,0";"22,0";"24,5";"21,9";"1013,6";"1014,2";"1013,6";"0,7";"29,0";"3,2";"1655,20";"0,0"
"12/02/2026";"1400";"33,8";"34,4";"30,7";"53,0";"60,0";"49,0";"22,8";"23,6";"21,0";"1013,0";"1013,6";"1013,0";"1,9";"115,0";"4,8";"2661,10";"0,2"
"12/02/2026";"1500";"31,9";"34,3";"31,7";"66,0";"70,0";"51,0";"24,7";"25,9";"22,3";"1012,6";"1013,0";"1012,6";"2,9";"123,0";"7,4";"3845,30";"0,0"
"12/02/2026";"1600";"31,7";"32,5";"31,5";"72,0";"75,0";"64,0";"25,9";"26,5";"24,7";"1012,0";"1012,6";"1012,0";"3,3";"115,0";"7,4";"3757,10";"0,0"
"12/02/2026";"1700";"31,1";"32,0";"30,7";"75,0";"77,0";"68,0";"26,1";"26,4";"24,9";"1011,5";"1012,0";"1011,5";"2,5";"103,0";"6,5";"3050,30";"0,0"
"12/02/2026";"1800";"30,5";"31,8";"30,2";"75,0";"79,0";"70,0";"25,5";"26,5";"25,1";"1011,5";"1011,7";"1011,4";"2,0";"110,0";"5,8";"1233,00";"0,0"
"12/02/2026";"1900";"29,4";"30,7";"29,4";"71,0";"76,0";"68,0";"23,7";"25,7";"23,1";"1011,7";"1011,7";"1011,2";"1,2";"5,0";"4,8";"736,10";"0,0"
"12/02/2026";"2000";"28,6";"29,9";"28,6";"72,0";"84,0";"65,0";"23,0";"25,8";"21,8";"1011,9";"1012,1";"1011,7";"1,5";"202,0";"4,8";"202,80";"0,0"
"12/02/2026";"2100";"25,9";"28,6";"25,9";"97,0";"97,0";"72,0";"25,4";"25,4";"23,1";"1012,7";"1012,7";"1011,9";"1,2";"264,0";"4,8";"33,30";"0,0"
"12/02/2026";"2200";"25,4";"25,9";"25,3";"98,0";"100,0";"95,0";"25,0";"25,6";"24,9";"1013,1";"1013,1";"1012,7";"1,0";"257,0";"3,7";"16,00";"0,0"
"12/02/2026";"2300";"25,1";"25,4";"25,1";"100,0";"100,0";"96,0";"25,1";"25,2";"24,6";"1013,6";"1013,6";"1013,1";"0,3";"291,0";"2,1";"";"0,0"
"13/02/2026";"0000";"24,9";"25,2";"24,8";"100,0";"100,0";"100,0";"24,9";"25,2";"24,8";"1013,9";"1013,9";"1013,6";"0,8";"212,0";"2,1";"";"0,0"
"13/02/2026";"0100";"24,9";"25,0";"24,7";"100,0";"100,0";"100,0";"24,9";"25,0";"24,7";"1014,6";"1014,6";"1013,9";"1,0";"270,0";"2,5";"";"0,0"
"13/02/2026";"0200";"24,5";"24,9";"24,4";"100,0";"100,0";"100,0";"24,5";"24,9";"24,4";"1014,6";"1014,6";"1014,5";"0,3";"297,0";"2,5";"";"0,0"
"13/02/2026";"0300";"24,4";"24,7";"24,4";"100,0";"100,0";"100,0";"24,4";"24,7";"24,4";"1014,2";"1014,6";"1014,1";"1,2";"253,0";"2,7";"";"0,0"
"13/02/2026";"0400";"24,4";"24,6";"24,3";"100,0";"100,0";"100,0";"24,4";"24,6";"24,3";"1014,0";"1014,3";"1014,0";"0,6";"203,0";"2,6";"";"0,0"
"13/02/2026";"0500";"24,4";"24,6";"24,4";"100,0";"100,0";"100,0";"24,4";"24,6";"24,4";"1013,4";"1014,1";"1013,4";"0,6";"282,0";"1,6";"";"0,0"
"13/02/2026";"0600";"24,6";"24,6";"24,2";"100,0";"100,0";"100,0";"24,6";"24,6";"24,2";"1013,1";"1013,4";"1013,0";"0,8";"188,0";"2,0";"";"0,0"
"13/02/2026";"0700";"24,3";"24,7";"24,2";"100,0";"100,0";"100,0";"24,3";"24,7";"24,2";"1013,0";"1013,2";"1013,0";"0,5";"221,0";"3,3";"";"0,0"
"13/02/2026";"0800";"24,6";"24,6";"24,3";"100,0";"100,0";"100,0";"24,6";"24,6";"24,3";"1013,2";"1013,2";"1012,9";"0,4";"240,0";"1,6";"";"0,0"
"13/02/2026";"0900";"25,2";"25,2";"24,5";"97,0";"100,0";"96,0";"24,7";"24,9";"24,5";"1013,7";"1013,7";"1013,2";"0,9";"247,0";"3,0";"1,30";"0,0"
"13/02/2026";"1000";"25,6";"25,6";"25,1";"96,0";"100,0";"95,0";"24,8";"25,3";"24,4";"1014,1";"1014,1";"1013,7";"1,1";"237,0";"2,7";"165,80";"0,0"
"13/02/2026";"1100";"30,1";"30,1";"25,6";"67,0";"96,0";"67,0";"23,5";"25,2";"23,5";"1014,2";"1014,3";"1014,1";"0,9";"152,0";"3,3";"1241,70";"0,0"
"13/02/2026";"1200";"33,1";"33,1";"29,3";"55,0";"71,0";"52,0";"22,7";"24,2";"22,0";"1014,3";"1014,3";"1014,1";"1,3";"125,0";"4,7";"1984,40";"0,0"
"13/02/2026";"1300";"32,2";"33,7";"32,2";"64,0";"64,0";"53,0";"24,6";"24,7";"22,4";"1014,0";"1014,3";"1014,0";"2,7";"115,0";"5,5";"2650,00";"0,0"
"13/02/2026";"1400";"31,9";"33,1";"31,6";"64,0";"71,0";"62,0";"24,3";"25,9";"24,3";"1013,7";"1014,0";"1013,7";"2,9";"151,0";"6,3";"3214,80";"0,0"
"13/02/2026";"1500";"32,9";"33,2";"31,8";"57,0";"65,0";"54,0";"23,4";"24,4";"22,4";"1013,3";"1013,7";"1013,3";"1,7";"139,0";"6,2";"3548,40";"0,0"
"13/02/2026";"1600";"33,6";"33,8";"32,5";"56,0";"59,0";"52,0";"23,8";"24,4";"22,3";"1013,0";"1013,3";"1013,0";"2,6";"105,0";"5,8";"3675,50";"0,0"
"13/02/2026";"1700";"32,6";"33,7";"32,3";"66,0";"71,0";"56,0";"25,4";"26,6";"23,8";"1012,1";"1013,0";"1012,1";"2,7";"122,0";"5,7";"3504,50";"0,0"
"13/02/2026";"1800";"32,4";"33,3";"32,0";"69,0";"71,0";"61,0";"26,0";"26,5";"24,5";"1011,5";"1012,1";"1011,4";"2,6";"120,0";"5,5";"2840,80";"0,0"
"13/02/2026";"1900";"32,3";"32,9";"31,9";"72,0";"74,0";"65,0";"26,5";"26,9";"25,3";"1011,1";"1011,5";"1011,1";"3,2";"98,0";"6,0";"2428,50";"0,0"
"13/02/2026";"2000";"31,5";"32,4";"31,4";"66,0";"72,0";"65,0";"24,4";"26,3";"24,4";"1010,9";"1011,1";"1010,8";"2,0";"139,0";"5,7";"1565,00";"0,0"
"13/02/2026";"2100";"31,6";"32,1";"31,5";"65,0";"68,0";"62,0";"24,2";"24,9";"23,6";"1011,1";"1011,1";"1010,9";"1,0";"112,0";"3,3";"288,60";"0,0"
"13/02/2026";"2200";"28,9";"31,8";"28,9";"85,0";"85,0";"63,0";"26,1";"26,1";"23,9";"1011,8";"1011,8";"1011,0";"1,0";"282,0";"2,2";"37,90";"0,0"
"13/02/2026";"2300";"27,5";"28,9";"27,5";"81,0";"85,0";"77,0";"24,0";"25,9";"23,9";"1012,4";"1012,4";"1011,8";"0,3";"360,0";"2,7";"";"0,0"
"14/02/2026";"0000";"26,8";"27,6";"26,8";"82,0";"90,0";"79,0";"23,5";"25,6";"23,3";"1013,1";"1013,2";"1012,3";"0,5";"291,0";"2,4";"";"0,0"
"14/02/2026";"0100";"26,5";"27,1";"26,5";"96,0";"96,0";"81,0";"25,8";"26,1";"23,3";"1013,7";"1013,8";"1013,1";"0,8";"335,0";"3,1";"";"0,0"
"14/02/2026";"0200";"26,4";"26,5";"26,1";"87,0";"97,0";"87,0";"24,0";"25,9";"24,0";"1014,1";"1014,1";"1013,7";"1,7";"300,0";"2,7";"";"0,0"
"14/02/2026";"0300";"27,5";"28,4";"26,3";"90,0";"91,0";"78,0";"25,7";"25,7";"23,5";"1015,0";"1015,1";"1014,1";"3,4";"238,0";"10,5";"";"0,0"
"14/02/2026";"0400";"26,9";"27,5";"26,9";"85,0";"91,0";"83,0";"24,1";"25,8";"23,8";"1015,0";"1015,1";"1014,8";"1,7";"240,0";"9,9";"";"0,0"
"14/02/2026";"0500";"26,5";"27,0";"26,5";"86,0";"88,0";"84,0";"23,9";"24,7";"23,9";"1014,8";"1015,0";"1014,6";"0,8";"203,0";"5,7";"";"0,0"
"14/02/2026";"0600";"26,5";"26,6";"26,0";"89,0";"94,0";"85,0";"24,4";"25,0";"23,8";"1014,9";"1015,0";"1014,7";"1,1";"318,0";"4,1";"";"0,0"
"14/02/2026";"0700";"26,2";"26,6";"26,2";"96,0";"97,0";"87,0";"25,5";"25,7";"24,2";"1014,8";"1014,9";"1014,7";"1,0";"261,0";"2,5";"";"0,0"
"14/02/2026";"0800";"25,8";"26,2";"25,7";"98,0";"98,0";"94,0";"25,4";"25,6";"25,0";"1015,1";"1015,1";"1014,6";"0,9";"241,0";"2,8";"";"0,0"
"14/02/2026";"0900";"26,0";"26,0";"25,7";"96,0";"99,0";"95,0";"25,2";"25,6";"25,2";"1015,8";"1015,8";"1015,1";"0,9";"250,0";"2,4";"1,50";"0,0"
"14/02/2026";"1000";"26,1";"26,2";"25,9";"93,0";"96,0";"92,0";"24,9";"25,3";"24,6";"1016,3";"1016,3";"1015,8";"0,5";"218,0";"2,4";"76,20";"0,0"
"14/02/2026";"1100";"26,7";"26,7";"26,1";"92,0";"94,0";"92,0";"25,3";"25,5";"24,8";"1016,7";"1016,8";"1016,3";"0,6";"212,0";"1,9";"238,20";"0,0"
"14/02/2026";"1200";"26,7";"26,8";"26,5";"94,0";"94,0";"90,0";"25,6";"25,8";"24,7";"1016,9";"1017,0";"1016,7";"1,3";"277,0";"2,2";"445,30";"0,0"
"14/02/2026";"1300";"28,0";"28,0";"26,7";"83,0";"95,0";"81,0";"24,7";"25,9";"24,4";"1017,5";"1017,5";"1016,9";"0,7";"227,0";"2,4";"911,00";"0,0"
"14/02/2026";"1400";"27,2";"28,0";"26,9";"90,0";"92,0";"80,0";"25,4";"25,6";"24,0";"1017,2";"1017,5";"1017,2";"0,9";"36,0";"2,8";"692,40";"0,0"
"14/02/2026";"1500";"28,3";"28,8";"26,9";"76,0";"92,0";"76,0";"23,7";"25,8";"23,7";"1016,5";"1017,2";"1016,5";"1,3";"53,0";"3,5";"1203,20";"0,0"
"14/02/2026";"1600";"29,1";"29,5";"28,2";"69,0";"80,0";"67,0";"22,9";"24,3";"22,7";"1015,7";"1016,5";"1015,7";"1,2";"140,0";"2,5";"1320,10";"0,0"
"14/02/2026";"1700";"29,9";"29,9";"29,1";"66,0";"69,0";"61,0";"22,8";"23,2";"21,2";"1015,0";"1015,7";"1015,0";"1,5";"128,0";"3,5";"2058,40";"0,0"
"14/02/2026";"1800";"29,9";"30,6";"29,7";"62,0";"66,0";"56,0";"21,9";"23,1";"20,4";"1014,4";"1015,0";"1014,4";"1,8";"139,0";"4,1";"2657,30";"0,0"
"14/02/2026";"1900";"29,5";"30,2";"29,4";"63,0";"66,0";"60,0";"21,8";"23,0";"21,1";"1014,2";"1014,4";"1014,2";"2,4";"156,0";"5,2";"2312,40";"0,0"
"14/02/2026";"2000";"28,4";"30,2";"28,4";"68,0";"70,0";"60,0";"22,0";"23,2";"21,3";"1014,1";"1014,2";"1014,0";"1,5";"162,0";"4,7";"1152,30";"0,0"
"14/02/2026";"2100";"28,2";"28,7";"28,2";"73,0";"74,0";"68,0";"22,9";"23,1";"22,2";"1014,0";"1014,1";"1013,9";"1,2";"152,0";"3,5";"345,10";"0,0"
"14/02/2026";"2200";"27,1";"28,2";"27,1";"84,0";"84,0";"72,0";"24,1";"24,1";"22,3";"1014,4";"1014,4";"1014,0";"0,7";"348,0";"2,4";"51,80";"0,0"
"14/02/2026";"2300";"26,3";"27,1";"26,3";"94,0";"96,0";"83,0";"25,3";"25,7";"24,0";"1015,0";"1015,0";"1014,4";"0,8";"305,0";"1,5";"";"0,0"
"15/02/2026";"0000";"26,0";"26,3";"26,0";"95,0";"96,0";"93,0";"25,1";"25,6";"24,8";"1015,5";"1015,5";"1015,0";"1,1";"277,0";"1,7";"";"0,0"
"15/02/2026";"0100";"25,6";"26,0";"25,5";"99,0";"99,0";"94,0";"25,4";"25,4";"24,9";"1015,5";"1015,6";"1015,5";"0,7";"270,0";"1,7";"";"0,0"
"15/02/2026";"0200";"25,1";"25,6";"25,0";"100,0";"100,0";"98,0";"25,1";"25,4";"24,8";"1015,6";"1015,6";"1015,5";"0,8";"272,0";"1,8";"";"0,0"
"15/02/2026";"0300";"25,1";"25,2";"24,8";"100,0";"100,0";"100,0";"25,1";"25,1";"24,8";"1015,2";"1015,6";"1015,2";"0,8";"269,0";"1,8";"";"0,0"
"15/02/2026";"0400";"25,5";"25,5";"25,0";"96,0";"100,0";"96,0";"24,9";"25,4";"24,8";"1014,6";"1015,2";"1014,6";"1,0";"266,0";"2,4";"";"0,0"
"15/02/2026";"0500";"25,8";"26,2";"25,4";"98,0";"99,0";"94,0";"25,4";"25,7";"24,6";"1014,3";"1014,6";"1014,3";"1,7";"333,0";"2,5";"";"0,0"
"15/02/2026";"0600";"25,8";"25,8";"25,5";"97,0";"100,0";"96,0";"25,2";"25,8";"24,9";"1014,1";"1014,3";"1014,1";"1,0";"355,0";"2,5";"";"0,0"
"15/02/2026";"0700";"25,7";"25,8";"25,5";"99,0";"100,0";"96,0";"25,5";"25,7";"25,0";"1014,1";"1014,2";"1014,1";"0,7";"345,0";"2,0";"";"0,0"
"15/02/2026";"0800";"25,1";"25,7";"25,1";"100,0";"100,0";"99,0";"25,1";"25,6";"25,1";"1014,3";"1014,3";"1014,0";"0,7";"257,0";"1,9";"";"0,0"
"15/02/2026";"0900";"24,9";"25,1";"24,7";"100,0";"100,0";"100,0";"24,9";"25,1";"24,6";"1014,8";"1014,8";"1014,3";"1,1";"298,0";"1,9";"0,40";"0,0"
"15/02/2026";"1000";"25,6";"25,6";"24,7";"100,0";"100,0";"100,0";"25,6";"25,6";"24,7";"1015,3";"1015,3";"1014,8";"0,4";"269,0";"1,9";"258,70";"0,0"
"15/02/2026";"1100";"28,3";"28,3";"25,6";"73,0";"100,0";"73,0";"23,0";"26,1";"23,0";"1015,4";"1015,4";"1015,3";"0,8";"211,0";"2,1";"1286,20";"0,0"
"15/02/2026";"1200";"29,0";"29,4";"27,6";"71,0";"86,0";"70,0";"23,1";"25,4";"23,0";"1015,6";"1015,6";"1015,4";"1,2";"198,0";"4,1";"1698,00";"0,0"
"15/02/2026";"1300";"30,2";"30,2";"29,0";"71,0";"74,0";"68,0";"24,3";"24,3";"23,0";"1015,6";"1015,6";"1015,6";"1,9";"134,0";"4,2";"2744,20";"0,0"
"15/02/2026";"1400";"29,0";"30,5";"28,7";"77,0";"78,0";"68,0";"24,6";"24,7";"23,5";"1015,2";"1015,6";"1015,2";"2,6";"161,0";"5,5";"2842,00";"0,0"
"15/02/2026";"1500";"29,9";"30,3";"28,5";"70,0";"78,0";"69,0";"23,9";"24,8";"23,6";"1014,9";"1015,3";"1014,9";"2,1";"154,0";"5,8";"2692,40";"0,0"
"15/02/2026";"1600";"30,5";"30,7";"29,7";"66,0";"71,0";"65,0";"23,4";"24,2";"23,1";"1014,5";"1014,9";"1014,5";"2,6";"117,0";"6,3";"3429,90";"0,0"
"15/02/2026";"1700";"30,5";"31,1";"30,0";"66,0";"70,0";"65,0";"23,4";"24,5";"23,2";"1014,1";"1014,5";"1014,1";"3,2";"103,0";"6,4";"3571,80";"0,0"
"15/02/2026";"1800";"30,6";"31,3";"30,0";"65,0";"69,0";"63,0";"23,3";"24,0";"22,9";"1013,8";"1014,1";"1013,8";"2,5";"120,0";"6,1";"3221,90";"0,0"
"15/02/2026";"1900";"29,7";"30,7";"29,6";"67,0";"68,0";"62,0";"22,8";"23,7";"22,0";"1013,8";"1013,9";"1013,8";"2,2";"161,0";"5,1";"2190,40";"0,0"
"15/02/2026";"2000";"28,9";"30,3";"28,9";"70,0";"70,0";"65,0";"22,9";"23,5";"22,4";"1013,9";"1013,9";"1013,7";"2,1";"120,0";"5,4";"1512,60";"0,0"
"15/02/2026";"2100";"28,7";"28,9";"28,6";"69,0";"71,0";"69,0";"22,6";"23,1";"22,4";"1014,4";"1014,4";"1013,9";"1,6";"135,0";"3,9";"331,00";"0,0"
"15/02/2026";"2200";"28,2";"28,8";"28,2";"75,0";"75,0";"69,0";"23,3";"23,3";"22,5";"1014,7";"1014,7";"1014,4";"0,8";"144,0";"3,4";"76,60";"0,0"
"15/02/2026";"2300";"27,0";"28,2";"27,0";"91,0";"93,0";"73,0";"25,5";"25,8";"22,9";"1015,2";"1015,2";"1014,7";"1,1";"290,0";"2,4";"";"0,0"
"16/02/2026";"0000";"26,4";"27,0";"26,3";"95,0";"96,0";"91,0";"25,6";"25,7";"25,1";"1015,3";"1015,4";"1015,1";"0,6";"359,0";"1,7";"";"0,0"
"16/02/2026";"0100";"25,9";"26,5";"25,9";"99,0";"99,0";"93,0";"25,7";"26,0";"25,1";"1015,6";"1015,6";"1015,3";"0,8";"275,0";"1,7";"";"0,0"
"16/02/2026";"0200";"26,0";"26,2";"25,9";"99,0";"100,0";"96,0";"25,9";"25,9";"25,4";"1015,6";"1015,6";"1015,5";"1,0";"318,0";"1,9";"";"0,0"
"16/02/2026";"0300";"25,5";"26,0";"25,4";"100,0";"100,0";"98,0";"25,5";"25,9";"25,4";"1015,1";"1015,6";"1015,1";"0,8";"321,0";"1,8";"";"0,0"
"16/02/2026";"0400";"25,0";"25,6";"25,0";"100,0";"100,0";"100,0";"25,0";"25,6";"25,0";"1014,6";"1015,1";"1014,5";"0,6";"274,0";"1,4";"";"0,0"
"16/02/2026";"0500";"24,8";"25,1";"24,8";"100,0";"100,0";"100,0";"24,8";"25,0";"24,7";"1014,2";"1014,6";"1014,2";"0,6";"290,0";"1,7";"";"0,0"
"16/02/2026";"0600";"24,5";"24,8";"24,5";"100,0";"100,0";"100,0";"24,5";"24,8";"24,5";"1013,9";"1014,2";"1013,8";"0,7";"258,0";"2,2";"";"0,0"
"16/02/2026";"0700";"24,6";"24,7";"24,5";"100,0";"100,0";"100,0";"24,5";"24,7";"24,4";"1013,6";"1013,9";"1013,6";"1,1";"295,0";"2,3";"";"0,0"
"16/02/2026";"0800";"23,7";"24,5";"23,7";"100,0";"100,0";"100,0";"23,7";"24,4";"23,7";"1013,5";"1013,6";"1013,5";"1,3";"354,0";"2,1";"";"0,0"
"16/02/2026";"0900";"23,2";"23,8";"23,1";"99,0";"100,0";"93,0";"23,0";"23,8";"22,4";"1013,8";"1013,8";"1013,3";"0,5";"205,0";"3,1";"";"0,0"
"16/02/2026";"1000";"25,0";"25,0";"23,1";"100,0";"100,0";"99,0";"25,0";"25,0";"23,0";"1014,7";"1014,7";"1013,8";"0,8";"190,0";"2,5";"198,40";"0,0"
"16/02/2026";"1100";"27,5";"27,7";"25,0";"79,0";"100,0";"78,0";"23,6";"25,2";"23,3";"1014,9";"1015,0";"1014,7";"0,7";"204,0";"2,9";"1047,00";"0,0"
"16/02/2026";"1200";"29,4";"29,4";"27,5";"71,0";"82,0";"69,0";"23,6";"24,2";"22,3";"1015,3";"1015,3";"1014,9";"1,7";"117,0";"3,8";"1865,20";"0,0"
"16/02/2026";"1300";"29,7";"30,1";"29,3";"69,0";"73,0";"64,0";"23,5";"24,3";"22,2";"1015,2";"1015,3";"1015,1";"1,8";"138,0";"5,2";"2622,50";"0,0"
"16/02/2026";"1400";"30,4";"30,6";"29,5";"69,0";"73,0";"67,0";"23,9";"24,4";"23,3";"1014,8";"1015,2";"1014,8";"2,3";"124,0";"5,4";"3222,30";"0,0"
"16/02/2026";"1500";"30,2";"30,8";"30,2";"69,0";"70,0";"67,0";"23,8";"24,5";"23,7";"1014,4";"1014,8";"1014,4";"2,8";"108,0";"6,0";"3626,70";"0,0"
"16/02/2026";"1600";"30,9";"31,1";"29,8";"70,0";"72,0";"65,0";"24,8";"24,8";"23,4";"1013,9";"1014,4";"1013,9";"2,6";"126,0";"5,7";"3781,10";"0,0"
"16/02/2026";"1700";"31,1";"31,4";"29,9";"68,0";"72,0";"66,0";"24,4";"24,9";"23,7";"1013,4";"1013,9";"1013,4";"2,5";"115,0";"5,6";"3494,40";"0,0"
"16/02/2026";"1800";"30,4";"31,9";"30,0";"69,0";"71,0";"65,0";"24,0";"24,9";"23,8";"1012,9";"1013,4";"1012,8";"2,2";"117,0";"5,7";"2236,90";"0,0"
"16/02/2026";"1900";"30,7";"30,9";"30,1";"68,0";"72,0";"68,0";"24,0";"24,8";"23,6";"1012,3";"1012,9";"1012,3";"2,1";"120,0";"5,0";"2070,10";"0,0"
"16/02/2026";"2000";"30,3";"30,9";"30,2";"72,0";"72,0";"67,0";"24,6";"24,7";"23,9";"1012,0";"1012,4";"1011,9";"1,9";"117,0";"4,8";"1573,00";"0,0"
"16/02/2026";"2100";"29,5";"30,3";"29,4";"77,0";"78,0";"72,0";"25,0";"25,2";"24,4";"1011,9";"1012,0";"1011,8";"2,6";"100,0";"4,8";"387,20";"0,0"
"16/02/2026";"2200";"28,7";"29,6";"28,7";"83,0";"83,0";"77,0";"25,5";"25,6";"24,9";"1012,1";"1012,1";"1011,9";"0,8";"59,0";"4,8";"55,90";"0,0"
"16/02/2026";"2300";"26,9";"28,7";"26,9";"98,0";"99,0";"83,0";"26,6";"27,0";"25,7";"1012,9";"1012,9";"1012,1";"1,2";"316,0";"2,6";"";"0,0"
"17/02/2026";"0000";"26,9";"27,1";"26,8";"97,0";"98,0";"94,0";"26,3";"26,6";"25,8";"1014,0";"1014,1";"1012,9";"0,6";"282,0";"2,1";"";"0,0"
"17/02/2026";"0100";"26,1";"26,9";"26,1";"95,0";"97,0";"93,0";"25,3";"26,4";"25,1";"1013,8";"1014,2";"1013,8";"1,2";"343,0";"2,5";"";"0,0"
"17/02/2026";"0200";"26,0";"26,3";"26,0";"92,0";"96,0";"92,0";"24,7";"25,5";"24,7";"1013,2";"1013,8";"1013,2";"1,5";"337,0";"2,1";"";"0,0"
"17/02/2026";"0300";"25,5";"26,0";"25,5";"87,0";"95,0";"86,0";"23,2";"24,8";"23,1";"1012,5";"1013,2";"1012,5";"1,0";"332,0";"2,3";"";"0,0"
"17/02/2026";"0400";"24,4";"25,5";"24,4";"94,0";"100,0";"87,0";"23,3";"24,9";"23,1";"1011,9";"1012,5";"1011,9";"1,0";"352,0";"2,0";"";"0,0"
"17/02/2026";"0500";"24,0";"24,4";"23,9";"98,0";"98,0";"87,0";"23,5";"23,8";"21,9";"1011,7";"1011,9";"1011,6";"0,7";"272,0";"2,0";"";"0,0"
"17/02/2026";"0600";"24,7";"24,7";"23,8";"100,0";"100,0";"98,0";"24,7";"24,7";"23,5";"1011,5";"1011,8";"1011,5";"1,1";"311,0";"2,8";"";"0,0"
"17/02/2026";"0700";"24,4";"24,7";"23,9";"100,0";"100,0";"100,0";"24,4";"24,7";"23,9";"1011,3";"1011,5";"1011,3";"0,7";"284,0";"3,5";"";"0,0"
"17/02/2026";"0800";"24,6";"24,6";"24,0";"100,0";"100,0";"97,0";"24,6";"24,6";"24,0";"1011,3";"1011,6";"1011,3";"1,4";"206,0";"3,9";"";"0,0"
"17/02/2026";"0900";"24,7";"24,7";"24,2";"100,0";"100,0";"100,0";"24,7";"24,7";"24,2";"1011,5";"1011,5";"1011,3";"1,0";"203,0";"3,4";"";"0,0"
"17/02/2026";"1000";"25,5";"25,5";"24,2";"95,0";"100,0";"95,0";"24,7";"25,3";"24,1";"1012,3";"1012,3";"1011,5";"1,2";"223,0";"3,0";"186,90";"0,0"
"17/02/2026";"1100";"28,4";"28,4";"25,6";"77,0";"95,0";"76,0";"23,8";"24,8";"23,6";"1012,5";"1012,7";"1012,3";"1,0";"195,0";"4,1";"1041,20";"0,0"
"17/02/2026";"1200";"30,1";"30,2";"28,3";"69,0";"77,0";"67,0";"23,7";"24,4";"22,8";"1013,0";"1013,0";"1012,5";"1,8";"197,0";"4,3";"1632,60";"0,0"
"17/02/2026";"1300";"31,2";"32,0";"30,1";"68,0";"72,0";"63,0";"24,6";"25,1";"23,7";"1012,6";"1013,1";"1012,6";"1,6";"148,0";"4,3";"2675,60";"0,0"
"17/02/2026";"1400";"31,5";"31,6";"30,5";"73,0";"78,0";"68,0";"25,9";"26,9";"24,4";"1012,1";"1012,6";"1012,1";"1,0";"132,0";"4,5";"1860,30";"0,0"
"17/02/2026";"1500";"30,6";"31,4";"30,2";"79,0";"82,0";"73,0";"26,5";"27,0";"25,8";"1012,1";"1012,2";"1012,0";"1,8";"145,0";"5,1";"1668,60";"0,0"
"17/02/2026";"1600";"32,9";"32,9";"30,3";"69,0";"81,0";"69,0";"26,5";"27,5";"26,1";"1011,2";"1012,0";"1011,2";"1,7";"109,0";"4,0";"2903,20";"0,0"
"17/02/2026";"1700";"31,5";"32,9";"30,8";"75,0";"78,0";"69,0";"26,5";"26,9";"25,5";"1010,6";"1011,2";"1010,6";"2,7";"142,0";"5,8";"2904,40";"0,0"
"17/02/2026";"1800";"31,6";"32,2";"31,3";"73,0";"76,0";"71,0";"26,1";"27,1";"25,7";"1009,9";"1010,6";"1009,8";"3,0";"104,0";"5,9";"2826,40";"0,0"
"17/02/2026";"1900";"30,6";"31,6";"30,4";"73,0";"79,0";"71,0";"25,3";"26,7";"25,3";"1009,4";"1009,9";"1009,4";"2,0";"118,0";"5,6";"1338,80";"0,0"
"17/02/2026";"2000";"30,3";"30,9";"30,3";"73,0";"76,0";"69,0";"25,0";"25,8";"24,2";"1009,2";"1009,5";"1009,1";"1,9";"112,0";"3,9";"892,80";"0,0"
"17/02/2026";"2100";"29,9";"30,3";"29,9";"76,0";"78,0";"72,0";"25,1";"25,7";"24,5";"1009,2";"1009,2";"1009,1";"1,3";"104,0";"3,7";"338,40";"0,0"
"17/02/2026";"2200";"28,7";"29,9";"28,7";"87,0";"87,0";"74,0";"26,3";"26,4";"24,4";"1009,6";"1009,8";"1009,2";"0,5";"355,0";"2,4";"24,90";"0,0"
"17/02/2026";"2300";"28,2";"29,0";"28,0";"92,0";"100,0";"83,0";"26,8";"28,2";"25,8";"1010,6";"1010,6";"1009,6";"0,5";"225,0";"3,5";"";"0,0"
"18/02/2026";"0000";"28,3";"28,6";"28,2";"94,0";"95,0";"88,0";"27,2";"27,3";"26,5";"1011,3";"1011,3";"1010,6";"0,4";"353,0";"3,3";"";"0,0"
"18/02/2026";"0100";"27,1";"28,5";"27,1";"100,0";"100,0";"91,0";"27,0";"27,6";"26,6";"1011,7";"1011,8";"1011,3";"0,7";"290,0";"2,5";"";"0,0"
"18/02/2026";"0200";"26,7";"27,1";"26,7";"100,0";"100,0";"100,0";"26,6";"27,0";"26,6";"1011,2";"1011,7";"1011,2";"0,8";"293,0";"1,9";"";"0,0"
"18/02/2026";"0300";"26,8";"26,8";"26,4";"100,0";"100,0";"100,0";"26,8";"26,8";"26,3";"1011,4";"1011,4";"1011,1";"1,0";"234,0";"3,7";"";"0,0"
"18/02/2026";"0400";"26,2";"27,8";"26,2";"100,0";"100,0";"89,0";"26,2";"27,1";"25,5";"1010,7";"1011,5";"1010,7";"0,6";"158,0";"4,4";"";"0,0"
"18/02/2026";"0500";"26,2";"26,8";"26,1";"93,0";"100,0";"93,0";"25,0";"26,6";"25,0";"1010,3";"1010,7";"1010,1";"1,7";"228,0";"4,5";"";"0,0"
"18/02/2026";"0600";"26,1";"26,4";"25,9";"94,0";"95,0";"87,0";"25,1";"25,1";"23,8";"1009,6";"1010,3";"1009,6";"1,1";"271,0";"4,5";"";"0,0"
"18/02/2026";"0700";"25,3";"26,1";"25,3";"99,0";"100,0";"92,0";"25,1";"25,9";"24,8";"1009,2";"1009,6";"1009,1";"0,6";"223,0";"2,5";"";"0,0"
"18/02/2026";"0800";"25,1";"25,3";"25,0";"100,0";"100,0";"99,0";"25,1";"25,3";"25,0";"1009,0";"1009,2";"1008,9";"1,0";"270,0";"1,7";"";"0,0"
"18/02/2026";"0900";"24,9";"25,3";"24,9";"100,0";"100,0";"100,0";"24,9";"25,3";"24,8";"1009,1";"1009,1";"1009,0";"0,6";"12,0";"2,0";"";"0,0"
"18/02/2026";"1000";"26,2";"26,2";"24,7";"98,0";"100,0";"96,0";"25,8";"25,8";"24,2";"1009,7";"1009,7";"1009,1";"0,7";"167,0";"1,8";"173,40";"0,0"
"18/02/2026";"1100";"28,5";"28,5";"26,2";"74,0";"97,0";"74,0";"23,5";"25,7";"23,5";"1009,8";"1009,8";"1009,6";"0,9";"154,0";"2,0";"1001,80";"0,0"
"18/02/2026";"1200";"30,4";"30,4";"28,2";"62,0";"78,0";"61,0";"22,1";"24,1";"22,0";"1010,0";"1010,0";"1009,6";"1,3";"136,0";"2,6";"1727,10";"0,0"
"18/02/2026";"1300";"30,5";"31,1";"30,1";"68,0";"70,0";"62,0";"23,9";"24,2";"22,5";"1010,7";"1010,7";"1010,0";"1,8";"150,0";"3,8";"1992,80";"0,0"
"18/02/2026";"1400";"30,3";"31,6";"30,2";"72,0";"72,0";"64,0";"24,7";"25,3";"23,1";"1010,8";"1010,8";"1010,7";"3,0";"155,0";"6,0";"2815,20";"0,0"
"18/02/2026";"1500";"29,8";"31,2";"29,8";"70,0";"72,0";"65,0";"23,8";"24,8";"23,4";"1010,8";"1011,0";"1010,8";"3,7";"153,0";"7,1";"2406,40";"0,0"
"18/02/2026";"1600";"30,7";"30,9";"29,8";"70,0";"75,0";"68,0";"24,5";"25,4";"23,6";"1010,4";"1010,8";"1010,4";"1,8";"178,0";"7,2";"1710,70";"0,0"
"18/02/2026";"1700";"30,0";"30,7";"29,5";"71,0";"73,0";"64,0";"24,2";"24,8";"23,1";"1009,7";"1010,5";"1009,7";"1,7";"167,0";"5,6";"859,90";"0,0"
"18/02/2026";"1800";"29,8";"30,9";"29,5";"73,0";"76,0";"68,0";"24,5";"25,2";"24,0";"1009,2";"1009,7";"1009,2";"1,3";"154,0";"4,5";"1143,60";"0,0"
"18/02/2026";"1900";"30,0";"30,6";"29,6";"68,0";"75,0";"66,0";"23,5";"25,0";"23,2";"1008,5";"1009,2";"1008,5";"1,4";"142,0";"4,0";"1362,40";"0,0"
"18/02/2026";"2000";"29,8";"30,3";"29,8";"73,0";"73,0";"68,0";"24,4";"24,6";"23,5";"1008,2";"1008,5";"1008,1";"2,0";"120,0";"4,4";"1035,70";"0,0"
"18/02/2026";"2100";"29,0";"29,8";"29,0";"75,0";"77,0";"73,0";"24,2";"24,5";"24,0";"1008,2";"1008,2";"1008,0";"1,4";"115,0";"4,1";"375,50";"0,0"
"18/02/2026";"2200";"28,1";"29,0";"28,1";"80,0";"81,0";"75,0";"24,4";"24,6";"24,0";"1008,6";"1008,7";"1008,2";"0,5";"89,0";"3,2";"53,60";"0,0"
"18/02/2026";"2300";"27,4";"28,1";"27,4";"94,0";"95,0";"80,0";"26,4";"26,8";"24,3";"1009,1";"1009,2";"1008,6";"1,2";"319,0";"1,9";"";"0,0"
"19/02/2026";"0000";"26,9";"27,5";"26,9";"97,0";"100,0";"93,0";"26,3";"27,2";"26,1";"1009,8";"1009,8";"1009,1";"1,9";"303,0";"3,0";"";"0,0"
"19/02/2026";"0100";"26,3";"26,9";"26,3";"100,0";"100,0";"94,0";"26,3";"26,4";"25,8";"1009,8";"1010,0";"1009,7";"0,9";"273,0";"3,0";"";"0,0"
"19/02/2026";"0200";"25,8";"26,3";"25,8";"100,0";"100,0";"100,0";"25,8";"26,3";"25,8";"1010,0";"1010,0";"1009,8";"1,0";"307,0";"2,3";"";"0,0"
"19/02/2026";"0300";"24,9";"25,8";"24,8";"100,0";"100,0";"100,0";"24,9";"25,7";"24,8";"1009,6";"1010,1";"1009,6";"0,6";"244,0";"2,1";"";"0,0"
"19/02/2026";"0400";"25,0";"25,1";"24,7";"100,0";"100,0";"100,0";"25,0";"25,1";"24,7";"1009,1";"1009,6";"1009,1";"1,2";"295,0";"1,9";"";"0,0"
"19/02/2026";"0500";"25,3";"25,4";"24,7";"100,0";"100,0";"100,0";"25,3";"25,4";"24,7";"1008,6";"1009,1";"1008,6";"1,2";"250,0";"5,2";"";"0,0"
"19/02/2026";"0600";"24,8";"25,4";"24,8";"100,0";"100,0";"98,0";"24,8";"25,4";"24,7";"1008,0";"1008,6";"1008,0";"0,8";"239,0";"3,6";"";"0,0"
"19/02/2026";"0700";"24,6";"24,8";"24,6";"95,0";"100,0";"95,0";"23,8";"24,8";"23,8";"1008,2";"1008,2";"1008,0";"1,1";"222,0";"3,0";"";"0,0"
"19/02/2026";"0800";"24,4";"24,8";"24,4";"100,0";"100,0";"95,0";"24,4";"24,7";"23,8";"1008,2";"1008,2";"1008,0";"0,9";"209,0";"3,0";"";"0,0"
"19/02/2026";"0900";"24,9";"25,0";"24,3";"100,0";"100,0";"98,0";"24,9";"25,0";"24,3";"1008,7";"1008,7";"1008,2";"1,3";"309,0";"2,4";"";"0,0"
"19/02/2026";"1000";"25,1";"25,1";"24,5";"100,0";"100,0";"98,0";"25,1";"25,1";"24,5";"1009,6";"1009,6";"1008,7";"0,5";"262,0";"2,0";"71,00";"0,0"
"19/02/2026";"1100";"27,2";"27,2";"25,1";"86,0";"100,0";"85,0";"24,8";"25,8";"24,3";"1009,9";"1009,9";"1009,6";"1,0";"237,0";"2,9";"616,90";"0,0"
"19/02/2026";"1200";"28,4";"28,4";"27,2";"80,0";"87,0";"77,0";"24,7";"25,3";"23,3";"1010,4";"1010,4";"1009,8";"1,7";"188,0";"4,9";"1446,00";"0,0"
"19/02/2026";"1300";"29,1";"29,1";"28,3";"76,0";"80,0";"71,0";"24,5";"24,5";"23,1";"1010,6";"1010,7";"1010,4";"1,0";"287,0";"5,5";"1852,00";"0,0"
"19/02/2026";"1400";"28,0";"29,7";"28,0";"77,0";"80,0";"67,0";"23,5";"24,7";"22,2";"1010,4";"1010,6";"1010,3";"3,9";"149,0";"8,0";"2558,60";"0,0"
"19/02/2026";"1500";"28,1";"28,7";"27,3";"81,0";"87,0";"77,0";"24,7";"25,9";"23,5";"1010,4";"1010,5";"1010,3";"1,5";"195,0";"8,0";"1605,60";"0,0"
"19/02/2026";"1600";"25,7";"28,6";"25,7";"96,0";"96,0";"77,0";"25,0";"25,0";"23,8";"1010,2";"1010,4";"1010,2";"1,8";"235,0";"5,9";"1129,30";"0,2"
"19/02/2026";"1700";"25,3";"25,7";"24,6";"100,0";"100,0";"96,0";"25,3";"25,5";"24,6";"1010,1";"1010,4";"1010,1";"1,7";"241,0";"5,9";"590,30";"7,2"
"19/02/2026";"1800";"27,6";"27,9";"25,3";"82,0";"100,0";"79,0";"24,1";"26,3";"23,7";"1009,9";"1010,1";"1009,9";"1,3";"227,0";"5,0";"2274,90";"0,2"
"19/02/2026";"1900";"28,0";"28,7";"27,1";"75,0";"85,0";"73,0";"23,1";"24,7";"23,0";"1009,7";"1010,0";"1009,7";"0,6";"158,0";"3,3";"1483,00";"0,0"
"19/02/2026";"2000";"27,9";"28,0";"27,4";"80,0";"84,0";"75,0";"24,1";"24,7";"23,1";"1009,3";"1009,7";"1009,2";"1,1";"266,0";"3,3";"679,50";"0,0"
"19/02/2026";"2100";"27,2";"27,9";"27,2";"83,0";"84,0";"78,0";"24,1";"24,4";"23,3";"1009,4";"1009,5";"1009,3";"2,0";"289,0";"3,0";"426,30";"0,0"
"19/02/2026";"2200";"26,0";"27,2";"25,7";"99,0";"100,0";"82,0";"25,8";"26,0";"23,8";"1009,7";"1009,7";"1009,4";"0,9";"328,0";"2,8";"43,20";"0,6"
"19/02/2026";"2300";"25,5";"26,2";"25,3";"96,0";"100,0";"94,0";"24,8";"26,2";"24,6";"1010,2";"1010,2";"1009,7";"1,1";"2,0";"2,4";"";"0,0"
"20/02/2026";"0000";"25,1";"25,8";"25,0";"100,0";"100,0";"94,0";"25,1";"25,4";"24,5";"1010,8";"1010,8";"1010,2";"1,1";"340,0";"2,4";"";"0,0"
"20/02/2026";"0100";"24,7";"25,1";"24,6";"100,0";"100,0";"100,0";"24,7";"25,0";"24,6";"1011,0";"1011,3";"1010,8";"0,9";"301,0";"1,8";"";"0,0"
"20/02/2026";"0200";"24,1";"24,7";"24,1";"100,0";"100,0";"100,0";"24,1";"24,7";"24,1";"1011,4";"1011,4";"1011,0";"1,0";"339,0";"1,9";"";"0,0"
"20/02/2026";"0300";"23,8";"24,2";"23,8";"100,0";"100,0";"100,0";"23,8";"24,1";"23,8";"1011,3";"1011,6";"1011,3";"0,7";"326,0";"1,9";"";"0,0"
"20/02/2026";"0400";"23,7";"24,1";"23,7";"100,0";"100,0";"100,0";"23,7";"24,1";"23,7";"1010,8";"1011,3";"1010,8";"0,6";"283,0";"1,6";"";"0,0"
"20/02/2026";"0500";"23,5";"24,0";"23,5";"100,0";"100,0";"100,0";"23,5";"23,9";"23,5";"1010,1";"1010,8";"1010,1";"0,7";"358,0";"2,2";"";"0,0"
"20/02/2026";"0600";"22,9";"23,6";"22,8";"100,0";"100,0";"99,0";"22,8";"23,6";"22,8";"1009,5";"1010,1";"1009,5";"0,4";"170,0";"2,9";"";"0,0"
"20/02/2026";"0700";"23,0";"23,5";"22,8";"100,0";"100,0";"100,0";"23,0";"23,5";"22,8";"1009,1";"1009,6";"1009,1";"0,4";"261,0";"1,9";"";"0,0"
"20/02/2026";"0800";"23,2";"23,4";"22,9";"100,0";"100,0";"100,0";"23,2";"23,4";"22,9";"1009,8";"1009,8";"1009,2";"1,4";"215,0";"3,8";"";"0,0"
"20/02/2026";"0900";"23,5";"23,9";"23,2";"100,0";"100,0";"100,0";"23,5";"23,9";"23,2";"1009,6";"1010,0";"1009,6";"1,0";"330,0";"4,0";"0,40";"0,0"
"20/02/2026";"1000";"24,5";"24,5";"23,0";"93,0";"100,0";"92,0";"23,2";"23,6";"22,4";"1009,7";"1010,0";"1009,6";"0,2";"178,0";"2,7";"220,40";"0,0"
"20/02/2026";"1100";"26,9";"26,9";"24,5";"79,0";"95,0";"79,0";"23,0";"24,4";"22,2";"1010,3";"1010,3";"1009,7";"0,5";"347,0";"1,7";"1051,00";"0,0"
"20/02/2026";"1200";"27,4";"27,4";"26,9";"78,0";"82,0";"76,0";"23,3";"23,7";"22,5";"1010,4";"1010,5";"1010,3";"0,8";"30,0";"2,7";"1146,00";"0,0"
"20/02/2026";"1300";"29,4";"29,4";"27,4";"65,0";"80,0";"62,0";"22,0";"23,7";"21,0";"1010,0";"1010,4";"1009,9";"1,2";"77,0";"3,5";"1903,90";"0,0"
"20/02/2026";"1400";"30,0";"30,2";"29,4";"66,0";"68,0";"63,0";"22,9";"23,5";"22,0";"1008,9";"1010,0";"1008,9";"2,7";"108,0";"5,3";"3150,20";"0,0"
"20/02/2026";"1500";"30,0";"30,4";"29,5";"68,0";"70,0";"64,0";"23,4";"23,7";"22,3";"1008,7";"1009,0";"1008,7";"2,6";"132,0";"6,1";"3538,20";"0,0"
"20/02/2026";"1600";"28,7";"30,5";"28,6";"76,0";"76,0";"65,0";"23,9";"24,1";"22,7";"1008,9";"1008,9";"1008,5";"2,7";"156,0";"7,2";"2850,10";"0,0"
"20/02/2026";"1700";"28,7";"29,4";"28,6";"73,0";"76,0";"72,0";"23,4";"24,1";"23,2";"1008,4";"1008,9";"1008,4";"2,3";"137,0";"5,5";"1182,20";"0,0"
"20/02/2026";"1800";"28,5";"29,0";"28,4";"76,0";"76,0";"73,0";"24,0";"24,0";"23,3";"1007,8";"1008,4";"1007,8";"1,9";"131,0";"4,8";"693,40";"0,0"
"20/02/2026";"1900";"28,2";"28,6";"28,2";"77,0";"78,0";"75,0";"23,8";"24,0";"23,5";"1007,4";"1007,8";"1007,3";"2,4";"115,0";"4,8";"368,70";"0,0"
"20/02/2026";"2000";"28,1";"28,4";"28,0";"77,0";"78,0";"76,0";"23,6";"24,0";"23,5";"1007,3";"1007,4";"1007,2";"1,9";"132,0";"5,1";"294,30";"0,0"
"20/02/2026";"2100";"27,9";"28,1";"27,8";"77,0";"78,0";"76,0";"23,5";"23,8";"23,3";"1007,7";"1007,7";"1007,2";"2,8";"115,0";"6,1";"127,70";"0,0"
"20/02/2026";"2200";"27,8";"27,9";"27,7";"79,0";"80,0";"77,0";"23,8";"23,9";"23,5";"1007,9";"1007,9";"1007,7";"3,0";"97,0";"7,0";"14,00";"0,0"
"20/02/2026";"2300";"27,3";"27,8";"27,1";"87,0";"87,0";"79,0";"25,0";"25,0";"23,8";"1008,8";"1008,8";"1007,9";"0,9";"6,0";"6,0";"";"0,0"
"21/02/2026";"0000";"26,7";"27,3";"26,7";"92,0";"93,0";"85,0";"25,2";"25,7";"24,4";"1009,4";"1009,4";"1008,8";"1,1";"317,0";"2,5";"";"0,0"
"21/02/2026";"0100";"25,5";"26,7";"25,5";"100,0";"100,0";"92,0";"25,5";"26,3";"25,3";"1010,4";"1010,4";"1009,4";"1,8";"270,0";"3,0";"";"2,0"
"21/02/2026";"0200";"25,3";"26,1";"25,0";"100,0";"100,0";"97,0";"25,3";"26,0";"25,0";"1010,5";"1010,5";"1010,2";"1,4";"315,0";"4,9";"";"7,0"
"21/02/2026";"0300";"25,3";"25,5";"25,1";"100,0";"100,0";"100,0";"25,3";"25,4";"25,1";"1010,1";"1010,5";"1010,1";"1,1";"282,0";"2,5";"";"0,0"
"21/02/2026";"0400";"25,0";"25,3";"25,0";"100,0";"100,0";"100,0";"25,0";"25,3";"25,0";"1009,2";"1010,1";"1009,2";"1,0";"261,0";"2,9";"";"1,2"
"21/02/2026";"0500";"25,0";"25,2";"24,9";"100,0";"100,0";"100,0";"25,0";"25,1";"24,9";"1008,9";"1009,2";"1008,9";"1,1";"291,0";"2,3";"";"0,0"
"21/02/2026";"0600";"24,4";"25,0";"24,4";"100,0";"100,0";"100,0";"24,4";"25,0";"24,4";"1008,7";"1008,9";"1008,5";"0,8";"1,0";"1,9";"";"0,0"
"21/02/2026";"0700";"24,4";"24,7";"24,1";"100,0";"100,0";"100,0";"24,4";"24,7";"24,1";"1008,4";"1008,8";"1008,4";"0,7";"6,0";"2,7";"";"0,0"
"21/02/2026";"0800";"24,2";"24,6";"24,2";"100,0";"100,0";"100,0";"24,2";"24,6";"24,2";"1008,6";"1008,6";"1008,4";"0,6";"264,0";"2,2";"";"0,0"
"21/02/2026";"0900";"24,2";"24,6";"24,2";"100,0";"100,0";"100,0";"24,2";"24,6";"24,2";"1009,1";"1009,1";"1008,6";"0,6";"281,0";"1,9";"0,90";"0,0"
"21/02/2026";"1000";"24,7";"24,7";"24,1";"100,0";"100,0";"100,0";"24,6";"24,6";"24,1";"1009,9";"1009,9";"1009,1";"1,1";"286,0";"2,1";"116,60";"0,0"
"21/02/2026";"1100";"26,9";"26,9";"24,7";"92,0";"100,0";"92,0";"25,5";"25,9";"24,6";"1010,4";"1010,4";"1009,9";"0,6";"264,0";"2,1";"804,30";"0,0"
"21/02/2026";"1200";"29,6";"29,6";"26,8";"73,0";"92,0";"72,0";"24,3";"25,7";"23,0";"1011,2";"1011,2";"1010,4";"1,0";"36,0";"2,8";"1963,80";"0,0"
"21/02/2026";"1300";"28,5";"30,2";"28,5";"76,0";"77,0";"68,0";"23,9";"24,8";"23,1";"1011,7";"1011,8";"1011,2";"1,4";"133,0";"3,5";"1549,80";"0,0"
"21/02/2026";"1400";"27,6";"28,6";"27,6";"86,0";"87,0";"75,0";"25,0";"25,2";"23,7";"1011,6";"1011,8";"1011,6";"0,7";"242,0";"4,2";"478,40";"0,2"
"21/02/2026";"1500";"27,1";"27,7";"27,1";"97,0";"97,0";"86,0";"26,5";"26,6";"25,0";"1011,5";"1011,7";"1011,5";"0,8";"32,0";"3,7";"301,80";"0,2"
"21/02/2026";"1600";"26,6";"27,1";"26,6";"100,0";"100,0";"97,0";"26,6";"27,0";"26,4";"1011,3";"1011,7";"1011,3";"1,2";"340,0";"2,8";"203,00";"0,0"
"21/02/2026";"1700";"26,7";"27,6";"26,5";"98,0";"100,0";"88,0";"26,4";"26,7";"25,3";"1010,8";"1011,3";"1010,7";"2,0";"1,0";"6,4";"241,70";"0,6"
"21/02/2026";"1800";"26,3";"27,1";"26,1";"96,0";"100,0";"89,0";"25,7";"26,4";"25,2";"1010,6";"1011,1";"1010,6";"2,5";"131,0";"7,5";"187,40";"12,6"
"21/02/2026";"1900";"27,0";"27,1";"26,3";"92,0";"96,0";"88,0";"25,6";"25,8";"24,9";"1010,0";"1010,6";"1010,0";"3,4";"125,0";"8,1";"225,20";"0,8"
"21/02/2026";"2000";"27,1";"27,3";"27,0";"88,0";"93,0";"82,0";"24,9";"25,8";"24,0";"1010,2";"1010,3";"1010,0";"3,5";"145,0";"8,3";"160,40";"0,0"
"21/02/2026";"2100";"27,1";"27,2";"26,6";"84,0";"89,0";"81,0";"24,2";"24,9";"23,6";"1010,3";"1010,4";"1010,0";"3,3";"146,0";"8,3";"49,20";"0,2"
"21/02/2026";"2200";"27,1";"27,2";"27,1";"80,0";"85,0";"80,0";"23,5";"24,3";"23,5";"1010,7";"1010,7";"1010,3";"3,8";"136,0";"9,3";"5,50";"0,0"
"21/02/2026";"2300";"27,1";"27,3";"27,0";"80,0";"84,0";"74,0";"23,3";"24,1";"22,1";"1011,8";"1011,8";"1010,7";"3,0";"135,0";"9,5";"";"0,0"
"22/02/2026";"0000";"27,2";"27,2";"27,1";"78,0";"82,0";"78,0";"22,9";"23,7";"22,9";"1012,5";"1012,5";"1011,8";"3,3";"135,0";"8,5";"";"0,0"
"22/02/2026";"0100";"27,2";"27,3";"27,2";"76,0";"78,0";"72,0";"22,7";"22,9";"21,8";"1013,1";"1013,1";"1012,5";"4,0";"149,0";"9,3";"";"0,0"
"22/02/2026";"0200";"27,2";"27,3";"27,1";"77,0";"78,0";"73,0";"22,9";"23,0";"22,1";"1013,4";"1013,5";"1013,1";"2,9";"141,0";"9,5";"";"0,0"
"22/02/2026";"0300";"24,8";"27,2";"24,8";"99,0";"99,0";"77,0";"24,6";"24,6";"22,8";"1013,2";"1013,5";"1013,2";"1,0";"20,0";"8,8";"";"0,0"
"22/02/2026";"0400";"23,7";"24,8";"23,6";"100,0";"100,0";"98,0";"23,7";"24,7";"23,6";"1013,0";"1013,2";"1013,0";"1,4";"249,0";"4,6";"";"12,0"
"22/02/2026";"0500";"23,6";"23,8";"23,5";"100,0";"100,0";"100,0";"23,5";"23,8";"23,5";"1012,1";"1013,1";"1012,1";"0,7";"256,0";"4,0";"";"2,2"
"22/02/2026";"0600";"23,6";"23,8";"23,4";"100,0";"100,0";"100,0";"23,6";"23,8";"23,4";"1011,5";"1012,1";"1011,5";"1,2";"289,0";"2,7";"";"0,0"
"22/02/2026";"0700";"23,3";"23,6";"23,3";"100,0";"100,0";"100,0";"23,3";"23,6";"23,3";"1011,4";"1011,5";"1011,2";"1,3";"224,0";"2,9";"";"0,0"
"22/02/2026";"0800";"23,3";"23,6";"23,3";"100,0";"100,0";"100,0";"23,3";"23,6";"23,3";"1011,5";"1011,5";"1011,4";"1,1";"241,0";"3,6";"";"0,0"
"22/02/2026";"0900";"23,6";"23,6";"23,3";"100,0";"100,0";"100,0";"23,6";"23,6";"23,3";"1011,6";"1011,6";"1011,3";"1,6";"218,0";"4,5";"";"0,0"
"22/02/2026";"1000";"23,7";"23,7";"23,5";"100,0";"100,0";"100,0";"23,7";"23,7";"23,5";"1012,5";"1012,5";"1011,5";"1,4";"195,0";"3,7";"56,30";"0,0"
"22/02/2026";"1100";"24,6";"24,6";"23,7";"100,0";"100,0";"100,0";"24,6";"24,6";"23,7";"1012,8";"1012,8";"1012,5";"1,0";"207,0";"3,0";"524,00";"0,8"
"22/02/2026";"1200";"25,1";"25,6";"24,6";"100,0";"100,0";"94,0";"25,0";"25,4";"24,7";"1013,1";"1013,2";"1012,8";"1,6";"198,0";"4,4";"1088,60";"0,0"
"22/02/2026";"1300";"25,2";"25,8";"24,8";"98,0";"100,0";"94,0";"24,9";"25,2";"24,5";"1013,4";"1013,5";"1013,1";"1,5";"182,0";"4,4";"795,40";"0,0"
"22/02/2026";"1400";"25,3";"26,8";"25,0";"99,0";"100,0";"90,0";"25,1";"25,8";"24,3";"1013,3";"1013,6";"1013,3";"1,4";"212,0";"4,9";"1298,20";"0,0"
"22/02/2026";"1500";"26,8";"26,9";"25,2";"88,0";"100,0";"86,0";"24,6";"25,6";"23,6";"1013,1";"1013,5";"1013,1";"1,2";"208,0";"3,9";"1825,50";"0,0"
"22/02/2026";"1600";"24,9";"26,9";"24,9";"100,0";"100,0";"86,0";"24,8";"25,0";"23,8";"1012,6";"1013,2";"1012,6";"1,4";"263,0";"4,0";"660,60";"0,0"
"22/02/2026";"1700";"24,2";"25,6";"24,2";"100,0";"100,0";"95,0";"24,1";"25,3";"24,1";"1012,5";"1012,7";"1012,5";"2,3";"151,0";"6,3";"468,70";"1,8"
"22/02/2026";"1800";"24,7";"24,7";"24,0";"100,0";"100,0";"100,0";"24,7";"24,7";"24,0";"1011,7";"1012,6";"1011,7";"0,8";"259,0";"5,5";"794,40";"5,4"
"22/02/2026";"1900";"23,8";"24,8";"23,8";"100,0";"100,0";"100,0";"23,8";"24,8";"23,8";"1011,2";"1011,7";"1011,1";"1,3";"172,0";"2,9";"393,70";"5,6"
"22/02/2026";"2000";"23,4";"24,0";"23,4";"100,0";"100,0";"100,0";"23,4";"24,0";"23,4";"1011,3";"1011,3";"1011,0";"0,8";"355,0";"3,1";"262,30";"20,0"
"22/02/2026";"2100";"24,3";"24,3";"23,2";"100,0";"100,0";"100,0";"24,3";"24,3";"23,2";"1010,9";"1011,3";"1010,9";"0,8";"171,0";"4,9";"64,20";"22,2"
"22/02/2026";"2200";"25,8";"25,8";"23,9";"98,0";"100,0";"98,0";"25,4";"25,6";"23,9";"1010,6";"1011,0";"1010,6";"3,1";"132,0";"10,1";"8,30";"5,0"
"22/02/2026";"2300";"25,7";"25,9";"25,1";"97,0";"99,0";"95,0";"25,2";"25,4";"24,2";"1011,5";"1011,5";"1010,6";"3,0";"139,0";"8,5";"0,10";"0,6"
"23/02/2026";"0000";"24,6";"25,7";"24,4";"100,0";"100,0";"97,0";"24,6";"25,1";"24,3";"1012,2";"1012,2";"1011,5";"2,9";"150,0";"12,3";"";"3,2"
"23/02/2026";"0100";"24,6";"24,8";"24,2";"100,0";"100,0";"100,0";"24,6";"24,8";"24,2";"1013,0";"1013,0";"1012,2";"1,7";"139,0";"9,8";"";"6,2"
"23/02/2026";"0200";"23,7";"24,8";"23,7";"100,0";"100,0";"100,0";"23,7";"24,8";"23,7";"1013,0";"1013,1";"1012,8";"0,7";"62,0";"5,2";"";"4,8"
"23/02/2026";"0300";"23,1";"24,1";"23,1";"100,0";"100,0";"100,0";"23,1";"24,0";"23,1";"1012,6";"1013,2";"1012,6";"2,6";"311,0";"7,4";"0,20";"28,0"
"23/02/2026";"0400";"23,0";"23,3";"22,7";"100,0";"100,0";"100,0";"23,0";"23,3";"22,7";"1011,8";"1012,7";"1011,8";"1,9";"271,0";"5,0";"0,30";"42,6"
"23/02/2026";"0500";"23,1";"23,1";"22,9";"100,0";"100,0";"100,0";"23,0";"23,0";"22,9";"1010,7";"1011,8";"1010,7";"1,0";"260,0";"4,0";"";"9,8"
"23/02/2026";"0600";"23,0";"23,2";"22,9";"100,0";"100,0";"100,0";"22,9";"23,1";"22,9";"1010,2";"1010,8";"1010,2";"0,5";"173,0";"1,8";"";"0,0"
"23/02/2026";"0700";"22,8";"23,0";"22,8";"100,0";"100,0";"100,0";"22,8";"23,0";"22,8";"1009,8";"1010,2";"1009,7";"0,3";"316,0";"2,0";"";"0,0"
"23/02/2026";"0800";"22,7";"22,8";"22,7";"100,0";"100,0";"100,0";"22,7";"22,8";"22,7";"1009,4";"1009,8";"1009,3";"0,9";"271,0";"2,1";"";"0,0"
"23/02/2026";"0900";"22,9";"22,9";"22,7";"100,0";"100,0";"100,0";"22,8";"22,9";"22,7";"1009,9";"1009,9";"1009,3";"1,0";"212,0";"2,6";"";"0,0"
"23/02/2026";"1000";"22,9";"23,0";"22,9";"100,0";"100,0";"100,0";"22,9";"23,0";"22,8";"1010,5";"1010,5";"1009,9";"0,8";"266,0";"3,0";"107,10";"0,4"
"23/02/2026";"1100";"23,3";"23,4";"22,9";"100,0";"100,0";"100,0";"23,3";"23,4";"22,9";"1010,8";"1010,9";"1010,5";"0,7";"264,0";"1,6";"387,60";"0,0"
"23/02/2026";"1200";"24,9";"24,9";"23,3";"100,0";"100,0";"100,0";"24,9";"24,9";"23,3";"1011,1";"1011,1";"1010,8";"1,0";"213,0";"2,5";"587,50";"0,0"
"23/02/2026";"1300";"26,5";"26,6";"24,9";"88,0";"100,0";"88,0";"24,2";"25,2";"24,2";"1011,5";"1011,5";"1011,1";"1,8";"196,0";"4,2";"1298,20";"0,0"
"23/02/2026";"1400";"27,9";"27,9";"26,3";"84,0";"89,0";"80,0";"25,1";"25,1";"23,4";"1011,3";"1011,6";"1011,3";"1,4";"211,0";"4,6";"1720,20";"0,0"
"23/02/2026";"1500";"28,8";"28,8";"27,8";"77,0";"84,0";"76,0";"24,3";"24,9";"23,3";"1010,9";"1011,3";"1010,9";"1,2";"201,0";"3,8";"2264,40";"0,0"
"23/02/2026";"1600";"27,5";"28,8";"27,5";"81,0";"86,0";"75,0";"24,0";"25,2";"23,6";"1010,3";"1010,9";"1010,3";"1,9";"201,0";"4,2";"1209,40";"0,0"
"23/02/2026";"1700";"27,1";"28,0";"27,0";"85,0";"85,0";"78,0";"24,4";"24,7";"23,5";"1009,6";"1010,3";"1009,6";"1,0";"242,0";"4,2";"1164,20";"0,0"
"23/02/2026";"1800";"28,0";"28,0";"26,7";"78,0";"88,0";"77,0";"23,8";"25,3";"23,6";"1008,8";"1009,6";"1008,8";"1,5";"161,0";"4,6";"1229,50";"0,0"
"23/02/2026";"1900";"28,3";"28,4";"27,5";"76,0";"81,0";"75,0";"23,8";"24,6";"23,1";"1008,4";"1008,8";"1008,4";"1,2";"186,0";"3,7";"1289,10";"0,0"
"23/02/2026";"2000";"26,8";"28,7";"26,8";"84,0";"88,0";"74,0";"24,0";"25,1";"23,5";"1008,2";"1008,4";"1008,1";"1,9";"176,0";"5,6";"986,70";"0,0"
"23/02/2026";"2100";"24,1";"26,8";"24,1";"100,0";"100,0";"83,0";"24,1";"25,4";"23,3";"1008,6";"1008,7";"1008,2";"1,4";"20,0";"6,4";"73,50";"1,4"
"23/02/2026";"2200";"23,8";"24,1";"23,7";"100,0";"100,0";"100,0";"23,7";"24,0";"23,6";"1008,9";"1008,9";"1008,6";"0,7";"121,0";"4,0";"17,80";"3,6"
"23/02/2026";"2300";"23,2";"23,9";"23,2";"100,0";"100,0";"100,0";"23,2";"23,9";"23,2";"1009,3";"1009,3";"1008,9";"2,5";"312,0";"5,6";"0,60";"15,2"
"24/02/2026";"0000";"23,3";"23,4";"23,2";"100,0";"100,0";"100,0";"23,3";"23,4";"23,2";"1009,3";"1009,4";"1009,3";"0,6";"334,0";"4,4";"";"0,8"
"24/02/2026";"0100";"23,4";"23,4";"23,3";"100,0";"100,0";"100,0";"23,4";"23,4";"23,3";"1009,3";"1009,4";"1009,2";"0,6";"260,0";"1,5";"";"0,0"
"24/02/2026";"0200";"23,3";"23,4";"23,3";"100,0";"100,0";"100,0";"23,3";"23,4";"23,3";"1008,8";"1009,4";"1008,8";"0,4";"244,0";"1,7";"";"0,0"
"24/02/2026";"0300";"23,4";"23,4";"23,3";"100,0";"100,0";"100,0";"23,4";"23,4";"23,3";"1008,5";"1008,8";"1008,5";"0,6";"260,0";"2,5";"";"0,0"
"24/02/2026";"0400";"23,3";"23,4";"23,3";"100,0";"100,0";"100,0";"23,3";"23,4";"23,2";"1008,3";"1008,5";"1008,3";"0,7";"282,0";"2,0";"";"0,0"
"24/02/2026";"0500";"23,2";"23,3";"23,0";"100,0";"100,0";"100,0";"23,2";"23,3";"23,0";"1007,9";"1008,3";"1007,8";"0,6";"254,0";"1,8";"";"0,0"
"24/02/2026";"0600";"23,1";"23,2";"23,1";"100,0";"100,0";"100,0";"23,1";"23,2";"23,0";"1007,3";"1007,9";"1007,3";"1,2";"219,0";"2,9";"";"0,0"
"24/02/2026";"0700";"23,1";"23,3";"23,1";"100,0";"100,0";"100,0";"23,1";"23,3";"23,1";"1007,3";"1007,4";"1007,2";"0,9";"271,0";"3,4";"";"0,0"
"24/02/2026";"0800";"23,2";"23,2";"23,0";"100,0";"100,0";"100,0";"23,2";"23,2";"23,0";"1007,0";"1007,3";"1007,0";"1,0";"227,0";"2,7";"";"0,0"
"24/02/2026";"0900";"23,1";"23,2";"23,0";"100,0";"100,0";"100,0";"23,1";"23,2";"23,0";"1007,1";"1007,1";"1006,8";"1,0";"286,0";"2,9";"";"0,0"
"24/02/2026";"1000";"23,1";"23,1";"22,9";"100,0";"100,0";"100,0";"23,1";"23,1";"22,9";"1007,8";"1007,8";"1007,1";"0,7";"276,0";"1,6";"50,50";"0,0"
"24/02/2026";"1100";"24,0";"24,0";"23,1";"100,0";"100,0";"100,0";"24,0";"24,0";"23,1";"1008,2";"1008,2";"1007,8";"0,8";"267,0";"1,9";"389,80";"0,0"
"24/02/2026";"1200";"25,8";"25,8";"24,0";"92,0";"100,0";"92,0";"24,4";"25,3";"24,0";"1008,3";"1008,5";"1008,2";"0,9";"218,0";"2,8";"830,20";"0,2"
"24/02/2026";"1300";"27,3";"27,9";"25,8";"81,0";"92,0";"76,0";"23,6";"24,9";"22,7";"1008,3";"1008,4";"1008,2";"0,7";"292,0";"2,2";"1629,70";"0,0"
"24/02/2026";"1400";"29,1";"29,1";"27,3";"70,0";"82,0";"67,0";"23,1";"24,1";"22,3";"1007,7";"1008,3";"1007,7";"0,6";"157,0";"1,9";"1993,90";"0,0"
"24/02/2026";"1500";"29,2";"30,2";"29,0";"70,0";"73,0";"67,0";"23,2";"24,7";"22,7";"1007,5";"1007,7";"1007,5";"2,6";"117,0";"5,3";"3614,40";"0,0"
"24/02/2026";"1600";"29,7";"30,2";"29,0";"73,0";"76,0";"68,0";"24,4";"24,8";"23,3";"1006,8";"1007,5";"1006,8";"2,1";"131,0";"5,1";"3125,30";"0,0"
"24/02/2026";"1700";"29,5";"30,2";"28,9";"77,0";"77,0";"68,0";"25,0";"25,0";"23,0";"1006,0";"1006,8";"1006,0";"2,0";"138,0";"5,5";"3073,50";"0,0"
"24/02/2026";"1800";"28,4";"29,9";"28,2";"79,0";"82,0";"72,0";"24,5";"25,2";"23,9";"1005,6";"1006,0";"1005,5";"1,8";"152,0";"4,9";"2307,70";"0,0"
"24/02/2026";"1900";"27,8";"28,6";"27,8";"84,0";"84,0";"77,0";"24,8";"25,1";"24,1";"1005,1";"1005,6";"1005,1";"1,2";"120,0";"4,4";"546,40";"0,0"
"24/02/2026";"2000";"28,2";"28,4";"27,7";"81,0";"84,0";"80,0";"24,6";"25,0";"24,3";"1004,7";"1005,1";"1004,7";"1,2";"120,0";"2,7";"567,20";"0,0"
"24/02/2026";"2100";"27,5";"28,2";"27,5";"87,0";"87,0";"81,0";"25,2";"25,2";"24,4";"1004,9";"1004,9";"1004,6";"0,4";"143,0";"2,8";"257,10";"0,0"
"24/02/2026";"2200";"26,0";"27,5";"26,0";"99,0";"99,0";"87,0";"25,9";"25,9";"25,0";"1005,3";"1005,3";"1004,9";"0,6";"320,0";"1,9";"26,80";"0,0"
"24/02/2026";"2300";"25,3";"26,0";"25,3";"100,0";"100,0";"99,0";"25,2";"26,0";"25,2";"1005,6";"1005,6";"1005,0";"0,7";"325,0";"2,6";"";"0,0"
"25/02/2026";"0000";"24,9";"25,3";"24,9";"100,0";"100,0";"100,0";"24,9";"25,3";"24,9";"1005,8";"1005,9";"1005,6";"0,4";"222,0";"1,8";"";"0,0"
"25/02/2026";"0100";"24,6";"24,9";"24,6";"100,0";"100,0";"100,0";"24,6";"24,9";"24,6";"1006,0";"1006,1";"1005,8";"0,3";"233,0";"1,5";"";"0,0"
"25/02/2026";"0200";"24,5";"24,6";"24,3";"100,0";"100,0";"100,0";"24,5";"24,6";"24,3";"1006,0";"1006,2";"1006,0";"0,7";"221,0";"1,9";"";"0,0"
"25/02/2026";"0300";"24,3";"24,6";"24,2";"100,0";"100,0";"100,0";"24,3";"24,6";"24,2";"1005,5";"1006,0";"1005,5";"0,6";"260,0";"2,5";"";"0,0"
"25/02/2026";"0400";"24,1";"24,4";"24,0";"100,0";"100,0";"100,0";"24,1";"24,3";"24,0";"1004,8";"1005,5";"1004,8";"0,7";"240,0";"1,9";"";"0,0"
"25/02/2026";"0500";"24,0";"24,1";"23,8";"100,0";"100,0";"100,0";"23,9";"24,1";"23,8";"1003,8";"1004,8";"1003,8";"0,8";"203,0";"2,2";"";"0,0"
"25/02/2026";"0600";"23,8";"24,1";"23,8";"100,0";"100,0";"100,0";"23,8";"24,0";"23,8";"1003,7";"1003,9";"1003,7";"0,7";"254,0";"2,6";"";"0,0"
"25/02/2026";"0700";"24,1";"24,1";"23,8";"100,0";"100,0";"100,0";"24,1";"24,1";"23,8";"1004,1";"1004,1";"1003,7";"1,3";"221,0";"4,1";"";"0,0"
"25/02/2026";"0800";"23,8";"24,1";"23,6";"100,0";"100,0";"100,0";"23,8";"24,1";"23,6";"1004,4";"1004,4";"1004,0";"0,6";"244,0";"4,1";"";"0,0"
"25/02/2026";"0900";"23,5";"23,8";"23,5";"100,0";"100,0";"100,0";"23,5";"23,8";"23,4";"1004,8";"1004,9";"1004,4";"0,6";"268,0";"2,5";"";"0,0"
"25/02/2026";"1000";"24,1";"24,1";"23,5";"100,0";"100,0";"100,0";"24,1";"24,1";"23,5";"1004,9";"1004,9";"1004,6";"0,3";"320,0";"1,4";"200,70";"0,0"
"25/02/2026";"1100";"26,5";"26,8";"24,0";"91,0";"100,0";"90,0";"25,0";"26,3";"24,0";"1005,3";"1005,3";"1004,8";"1,0";"244,0";"1,9";"970,10";"0,0"
"25/02/2026";"1200";"29,4";"29,8";"26,5";"76,0";"92,0";"71,0";"24,6";"25,9";"23,5";"1005,3";"1005,4";"1005,2";"0,9";"132,0";"2,4";"1796,90";"0,0"
"25/02/2026";"1300";"29,7";"30,4";"29,4";"77,0";"77,0";"71,0";"25,3";"25,3";"23,9";"1005,2";"1005,4";"1005,2";"2,1";"117,0";"4,5";"2575,50";"0,0"
"25/02/2026";"1400";"30,3";"30,6";"29,6";"73,0";"78,0";"72,0";"24,9";"25,6";"24,7";"1004,6";"1005,3";"1004,6";"2,4";"119,0";"5,0";"2901,00";"0,0"
"25/02/2026";"1500";"30,1";"31,0";"29,4";"76,0";"78,0";"72,0";"25,5";"26,0";"24,5";"1003,8";"1004,6";"1003,8";"2,5";"117,0";"5,3";"3322,70";"0,0"
"25/02/2026";"1600";"29,3";"30,4";"29,2";"77,0";"79,0";"74,0";"24,9";"26,0";"24,6";"1003,4";"1003,8";"1003,4";"2,4";"161,0";"5,3";"2375,70";"0,0"
"25/02/2026";"1700";"29,0";"30,3";"28,9";"82,0";"83,0";"73,0";"25,7";"26,0";"24,3";"1002,9";"1003,4";"1002,8";"2,0";"126,0";"6,0";"1690,90";"0,0"
"25/02/2026";"1800";"28,1";"29,1";"28,1";"88,0";"89,0";"81,0";"25,8";"26,2";"25,2";"1002,3";"1002,9";"1002,3";"1,2";"167,0";"4,9";"304,30";"0,0"
"25/02/2026";"1900";"26,9";"28,1";"26,9";"98,0";"98,0";"87,0";"26,5";"26,6";"25,6";"1001,9";"1002,3";"1001,9";"1,0";"274,0";"4,1";"297,80";"0,0"
"25/02/2026";"2000";"27,2";"27,6";"26,8";"97,0";"99,0";"91,0";"26,7";"26,8";"26,0";"1001,8";"1001,9";"1001,7";"1,0";"318,0";"2,9";"238,10";"0,0"
"25/02/2026";"2100";"26,8";"27,3";"26,8";"100,0";"100,0";"95,0";"26,8";"27,0";"26,4";"1002,1";"1002,2";"1001,8";"0,9";"312,0";"2,7";"56,30";"0,0"
"25/02/2026";"2200";"26,4";"26,8";"26,3";"100,0";"100,0";"100,0";"26,4";"26,8";"26,3";"1002,3";"1002,4";"1002,0";"1,2";"312,0";"2,0";"6,20";"0,0"
"25/02/2026";"2300";"25,9";"26,4";"25,8";"100,0";"100,0";"98,0";"25,8";"26,4";"25,8";"1002,9";"1002,9";"1002,3";"1,0";"295,0";"2,8";"";"0,0"
"26/02/2026";"0000";"25,5";"25,9";"25,5";"100,0";"100,0";"100,0";"25,5";"25,8";"25,5";"1003,6";"1003,6";"1002,9";"0,7";"311,0";"2,0";"";"0,0"
"26/02/2026";"0100";"25,2";"25,5";"25,1";"100,0";"100,0";"100,0";"25,2";"25,5";"25,1";"1004,0";"1004,0";"1003,6";"0,9";"286,0";"1,9";"";"0,0"
"26/02/2026";"0200";"25,0";"25,2";"24,9";"100,0";"100,0";"100,0";"25,0";"25,2";"24,9";"1003,6";"1004,0";"1003,6";"0,8";"295,0";"1,4";"";"0,0"
"26/02/2026";"0300";"24,8";"25,0";"24,8";"100,0";"100,0";"100,0";"24,8";"25,0";"24,8";"1002,9";"1003,6";"1002,9";"1,5";"227,0";"4,0";"";"0,6"
"26/02/2026";"0400";"24,5";"24,8";"24,5";"100,0";"100,0";"100,0";"24,4";"24,8";"24,4";"1002,1";"1002,9";"1002,1";"0,8";"248,0";"4,7";"";"0,2"
"26/02/2026";"0500";"24,5";"24,5";"24,4";"100,0";"100,0";"100,0";"24,5";"24,5";"24,4";"1002,1";"1002,2";"1002,0";"1,2";"231,0";"3,5";"";"0,0"
"26/02/2026";"0600";"24,4";"24,5";"24,4";"100,0";"100,0";"100,0";"24,4";"24,5";"24,4";"1001,7";"1002,1";"1001,7";"1,0";"255,0";"3,5";"";"0,0"
"26/02/2026";"0700";"24,4";"24,5";"24,3";"100,0";"100,0";"100,0";"24,4";"24,5";"24,3";"1001,6";"1001,7";"1001,5";"1,2";"230,0";"4,1";"";"0,0"
"26/02/2026";"0800";"24,7";"24,9";"24,4";"100,0";"100,0";"100,0";"24,7";"24,9";"24,4";"1002,2";"1002,2";"1001,6";"1,4";"273,0";"4,6";"";"0,0"
"26/02/2026";"0900";"24,8";"25,0";"24,7";"100,0";"100,0";"98,0";"24,8";"24,9";"24,6";"1002,8";"1002,8";"1002,2";"1,0";"214,0";"4,7";"";"0,0"
"26/02/2026";"1000";"24,1";"24,8";"23,9";"100,0";"100,0";"100,0";"24,1";"24,8";"23,9";"1003,6";"1003,6";"1002,8";"1,1";"271,0";"4,0";"21,50";"12,8"
"26/02/2026";"1100";"24,1";"24,2";"23,8";"100,0";"100,0";"100,0";"24,1";"24,2";"23,7";"1004,0";"1004,0";"1003,5";"0,6";"293,0";"3,1";"162,90";"10,4"
"26/02/2026";"1200";"24,2";"24,3";"23,9";"100,0";"100,0";"100,0";"24,2";"24,2";"23,9";"1004,4";"1004,4";"1004,0";"0,4";"248,0";"6,3";"282,30";"12,0"
"26/02/2026";"1300";"24,3";"24,5";"24,2";"100,0";"100,0";"100,0";"24,3";"24,4";"24,2";"1004,9";"1005,0";"1004,4";"2,1";"263,0";"4,1";"266,00";"22,2"
"26/02/2026";"1400";"24,3";"24,6";"24,0";"100,0";"100,0";"100,0";"24,3";"24,6";"24,0";"1005,0";"1005,1";"1004,9";"0,9";"315,0";"4,0";"357,80";"15,0"
"26/02/2026";"1500";"23,9";"24,5";"23,8";"100,0";"100,0";"100,0";"23,9";"24,5";"23,8";"1005,2";"1005,2";"1004,9";"1,9";"255,0";"7,4";"351,90";"8,6"
"26/02/2026";"1600";"24,4";"24,6";"23,9";"100,0";"100,0";"100,0";"24,4";"24,6";"23,9";"1005,0";"1005,2";"1005,0";"1,0";"239,0";"4,9";"671,30";"4,6"
"26/02/2026";"1700";"24,8";"24,8";"24,3";"100,0";"100,0";"100,0";"24,8";"24,8";"24,3";"1004,7";"1005,1";"1004,7";"1,3";"231,0";"3,8";"544,80";"0,8"
"26/02/2026";"1800";"25,4";"26,2";"24,8";"95,0";"100,0";"91,0";"24,5";"25,4";"24,3";"1004,5";"1004,7";"1004,4";"1,9";"266,0";"6,3";"1196,60";"0,0"
"26/02/2026";"1900";"25,6";"25,9";"24,8";"94,0";"100,0";"92,0";"24,5";"25,5";"24,2";"1004,5";"1004,6";"1004,4";"1,4";"223,0";"6,3";"675,80";"0,2"
"26/02/2026";"2000";"23,8";"25,6";"23,8";"100,0";"100,0";"93,0";"23,8";"24,7";"23,7";"1005,1";"1005,1";"1004,5";"1,0";"238,0";"5,3";"184,60";"7,2"
"26/02/2026";"2100";"23,5";"23,8";"23,4";"100,0";"100,0";"100,0";"23,5";"23,8";"23,4";"1005,6";"1005,6";"1005,1";"0,4";"47,0";"4,8";"120,60";"3,2"
"26/02/2026";"2200";"23,6";"23,7";"23,5";"100,0";"100,0";"100,0";"23,6";"23,7";"23,5";"1006,2";"1006,2";"1005,6";"0,7";"337,0";"1,7";"16,30";"0,0"
"26/02/2026";"2300";"23,8";"23,8";"23,6";"100,0";"100,0";"100,0";"23,8";"23,8";"23,5";"1006,7";"1006,7";"1006,1";"1,7";"265,0";"4,0";"";"2,6"
"27/02/2026";"0000";"24,0";"24,4";"23,6";"100,0";"100,0";"99,0";"24,0";"24,4";"23,6";"1007,4";"1007,4";"1006,7";"1,2";"231,0";"4,9";"";"3,2"
"27/02/2026";"0100";"23,7";"24,3";"23,5";"100,0";"100,0";"100,0";"23,7";"24,3";"23,5";"1007,8";"1008,0";"1007,4";"1,0";"325,0";"10,3";"";"17,2"
"27/02/2026";"0200";"24,1";"25,0";"23,7";"100,0";"100,0";"99,0";"24,1";"25,0";"23,8";"1007,9";"1007,9";"1007,6";"2,8";"187,0";"8,0";"0,60";"3,2"
"27/02/2026";"0300";"25,6";"25,6";"23,9";"86,0";"100,0";"86,0";"23,2";"24,8";"23,2";"1007,5";"1007,9";"1007,5";"2,8";"190,0";"10,2";"5,10";"5,0"
"27/02/2026";"0400";"24,9";"25,7";"24,3";"92,0";"99,0";"86,0";"23,6";"24,2";"23,1";"1007,2";"1007,5";"1007,2";"1,9";"207,0";"8,5";"2,40";"2,6"
"27/02/2026";"0500";"24,5";"25,3";"23,3";"95,0";"100,0";"89,0";"23,6";"24,2";"22,6";"1007,0";"1007,3";"1006,9";"1,9";"186,0";"8,1";"0,70";"5,4"
"27/02/2026";"0600";"24,6";"24,8";"24,4";"90,0";"95,0";"87,0";"22,8";"23,5";"22,4";"1006,9";"1007,0";"1006,8";"1,5";"240,0";"5,7";"5,20";"0,0"
"27/02/2026";"0700";"23,8";"24,6";"23,8";"99,0";"100,0";"90,0";"23,6";"23,7";"23,0";"1006,9";"1006,9";"1006,7";"0,6";"201,0";"3,6";"1,00";"0,0"
"27/02/2026";"0800";"23,5";"23,8";"23,5";"99,0";"100,0";"97,0";"23,5";"23,6";"23,2";"1007,3";"1007,3";"1006,9";"0,6";"217,0";"2,4";"0,60";"0,0"
"27/02/2026";"0900";"23,4";"23,6";"23,4";"99,0";"100,0";"98,0";"23,2";"23,5";"23,2";"1008,0";"1008,0";"1007,4";"0,6";"191,0";"2,1";"1,60";"0,0"
"27/02/2026";"1000";"24,0";"24,0";"23,3";"92,0";"99,0";"92,0";"22,6";"23,2";"22,5";"1008,9";"1008,9";"1008,0";"0,6";"202,0";"2,0";"160,50";"0,0"
"27/02/2026";"1100";"24,8";"24,8";"24,0";"87,0";"93,0";"85,0";"22,4";"23,0";"22,1";"1009,3";"1009,3";"1008,9";"0,6";"210,0";"1,6";"446,20";"0,0"
"27/02/2026";"1200";"26,3";"26,3";"24,7";"73,0";"88,0";"72,0";"21,0";"23,1";"20,8";"1010,1";"1010,2";"1009,3";"1,4";"200,0";"3,8";"892,60";"0,0"
"27/02/2026";"1300";"26,3";"26,8";"26,3";"65,0";"73,0";"63,0";"19,3";"21,4";"18,9";"1010,7";"1010,7";"1010,2";"1,8";"203,0";"5,5";"1450,10";"0,0"
"27/02/2026";"1400";"26,6";"27,0";"26,1";"64,0";"69,0";"62,0";"19,2";"20,1";"18,8";"1010,8";"1010,8";"1010,7";"1,8";"200,0";"5,5";"1171,40";"0,0"
"27/02/2026";"1500";"27,1";"27,6";"26,6";"63,0";"67,0";"59,0";"19,5";"20,5";"18,5";"1010,8";"1010,8";"1010,8";"1,7";"181,0";"4,4";"1671,90";"0,0"
"27/02/2026";"1600";"26,9";"27,4";"26,7";"64,0";"66,0";"60,0";"19,5";"20,2";"18,7";"1010,6";"1010,8";"1010,5";"1,0";"209,0";"4,5";"1239,20";"0,0"
"27/02/2026";"1700";"25,7";"27,0";"25,7";"77,0";"77,0";"62,0";"21,3";"21,4";"19,0";"1010,5";"1010,6";"1010,4";"1,2";"258,0";"3,5";"684,70";"0,0"
"27/02/2026";"1800";"24,8";"25,7";"24,6";"80,0";"83,0";"76,0";"21,1";"21,6";"20,2";"1010,1";"1010,5";"1010,1";"2,2";"295,0";"4,2";"598,70";"0,0"
"27/02/2026";"1900";"25,5";"25,7";"24,7";"75,0";"86,0";"73,0";"20,8";"22,2";"20,3";"1009,8";"1010,1";"1009,8";"0,5";"22,0";"4,5";"1028,90";"0,0"
"27/02/2026";"2000";"25,4";"26,2";"25,3";"72,0";"79,0";"65,0";"19,9";"21,6";"19,0";"1010,0";"1010,0";"1009,7";"0,8";"234,0";"3,4";"310,90";"0,0"
"27/02/2026";"2100";"22,7";"25,3";"22,6";"94,0";"96,0";"71,0";"21,6";"21,9";"19,6";"1010,3";"1010,3";"1010,0";"2,6";"294,0";"4,3";"105,60";"0,0"
"27/02/2026";"2200";"21,9";"23,0";"21,9";"100,0";"100,0";"90,0";"21,9";"22,5";"21,3";"1010,8";"1011,0";"1010,3";"2,1";"307,0";"4,3";"9,70";"0,4"
"27/02/2026";"2300";"21,8";"22,2";"21,8";"100,0";"100,0";"100,0";"21,8";"22,1";"21,8";"1011,5";"1011,5";"1010,8";"0,9";"202,0";"3,3";"";"0,0"
"28/02/2026";"0000";"21,6";"21,9";"21,6";"100,0";"100,0";"100,0";"21,6";"21,9";"21,6";"1012,1";"1012,1";"1011,5";"0,8";"255,0";"1,9";"";"0,0"
"28/02/2026";"0100";"21,2";"21,7";"21,2";"100,0";"100,0";"100,0";"21,2";"21,7";"21,2";"1012,4";"1012,5";"1012,1";"1,0";"259,0";"2,0";"";"0,0"
"28/02/2026";"0200";"21,1";"21,2";"20,9";"100,0";"100,0";"100,0";"21,0";"21,2";"20,9";"1012,0";"1012,5";"1012,0";"1,1";"285,0";"2,3";"";"0,0"
"28/02/2026";"0300";"20,7";"21,1";"20,7";"100,0";"100,0";"100,0";"20,7";"21,0";"20,7";"1011,6";"1012,0";"1011,6";"1,2";"285,0";"2,0";"";"0,2"
"28/02/2026";"0400";"20,6";"20,7";"20,4";"100,0";"100,0";"100,0";"20,6";"20,7";"20,4";"1010,9";"1011,6";"1010,9";"0,9";"276,0";"2,3";"";"0,0"
"28/02/2026";"0500";"20,6";"20,7";"20,5";"100,0";"100,0";"100,0";"20,6";"20,7";"20,5";"1010,2";"1010,9";"1010,2";"0,8";"274,0";"2,1";"";"0,2"
"28/02/2026";"0600";"21,0";"21,1";"20,5";"100,0";"100,0";"100,0";"21,0";"21,0";"20,5";"1009,9";"1010,2";"1009,9";"0,8";"243,0";"2,2";"";"0,0"
"28/02/2026";"0700";"21,1";"21,3";"20,9";"100,0";"100,0";"100,0";"21,0";"21,2";"20,9";"1009,8";"1009,9";"1009,8";"0,8";"275,0";"2,4";"";"0,0"
"28/02/2026";"0800";"21,2";"21,4";"21,1";"100,0";"100,0";"100,0";"21,2";"21,4";"21,1";"1010,0";"1010,1";"1009,8";"1,6";"204,0";"3,0";"";"0,0"
"28/02/2026";"0900";"21,3";"21,4";"21,0";"100,0";"100,0";"100,0";"21,3";"21,4";"20,9";"1010,0";"1010,1";"1009,9";"0,8";"242,0";"3,0";"";"0,0"
"28/02/2026";"1000";"21,5";"21,5";"21,1";"100,0";"100,0";"100,0";"21,4";"21,4";"21,1";"1010,8";"1010,8";"1010,0";"1,1";"210,0";"3,0";"119,90";"0,0"
"28/02/2026";"1100";"23,9";"24,0";"21,5";"90,0";"100,0";"90,0";"22,1";"22,6";"21,5";"1011,2";"1011,2";"1010,8";"0,8";"223,0";"3,4";"837,70";"0,0"
"28/02/2026";"1200";"26,2";"26,2";"23,9";"75,0";"89,0";"75,0";"21,4";"22,8";"20,9";"1011,7";"1011,7";"1011,2";"1,2";"190,0";"2,8";"1793,00";"0,0"
"28/02/2026";"1300";"26,7";"27,1";"26,2";"57,0";"75,0";"52,0";"17,4";"21,6";"16,9";"1012,2";"1012,2";"1011,7";"1,5";"191,0";"3,5";"2308,00";"0,0"
"28/02/2026";"1400";"26,3";"27,7";"26,2";"59,0";"64,0";"51,0";"17,6";"18,9";"16,3";"1012,0";"1012,2";"1012,0";"1,2";"154,0";"4,1";"2119,50";"0,0"
"28/02/2026";"1500";"27,2";"27,7";"26,2";"58,0";"61,0";"55,0";"18,3";"19,2";"17,0";"1011,7";"1012,0";"1011,7";"2,2";"138,0";"6,2";"1789,40";"0,0"
"28/02/2026";"1600";"26,2";"27,3";"26,2";"71,0";"71,0";"55,0";"20,6";"20,9";"17,1";"1011,4";"1011,7";"1011,3";"3,4";"158,0";"7,7";"1996,50";"0,0"
"28/02/2026";"1700";"25,7";"27,1";"25,7";"69,0";"73,0";"68,0";"19,6";"21,3";"19,5";"1011,4";"1011,4";"1011,2";"1,8";"173,0";"8,1";"1893,20";"0,0"
"28/02/2026";"1800";"25,2";"25,7";"25,0";"68,0";"72,0";"67,0";"18,8";"19,9";"18,8";"1011,2";"1011,4";"1011,2";"1,9";"153,0";"6,8";"870,50";"0,0"
"28/02/2026";"1900";"25,5";"26,4";"25,2";"68,0";"74,0";"63,0";"19,1";"20,5";"18,5";"1011,0";"1011,2";"1011,0";"1,0";"329,0";"4,9";"1286,00";"0,0"
"28/02/2026";"2000";"25,0";"25,5";"25,0";"79,0";"79,0";"68,0";"21,1";"21,1";"19,1";"1011,2";"1011,2";"1011,0";"0,6";"310,0";"2,5";"577,50";"0,0"
"28/02/2026";"2100";"23,1";"25,0";"23,1";"93,0";"93,0";"78,0";"21,8";"21,9";"20,5";"1011,6";"1011,6";"1011,2";"1,9";"314,0";"5,3";"218,30";"0,0"
"28/02/2026";"2200";"22,8";"23,2";"22,7";"93,0";"99,0";"89,0";"21,6";"22,6";"21,3";"1011,8";"1011,8";"1011,6";"1,8";"287,0";"3,7";"34,00";"0,0"
"28/02/2026";"2300";"22,1";"22,8";"22,0";"95,0";"99,0";"90,0";"21,2";"21,9";"21,0";"1012,1";"1012,1";"1011,7";"1,3";"324,0";"3,0";"";"0,0"
"01/03/2026";"0000";"21,3";"22,1";"21,3";"100,0";"100,0";"93,0";"21,3";"21,9";"20,8";"1013,1";"1013,1";"1012,1";"1,0";"328,0";"4,6";"";"1,4"
"01/03/2026";"0100";"21,3";"21,3";"21,1";"100,0";"100,0";"100,0";"21,3";"21,3";"21,1";"1013,3";"1013,4";"1013,1";"0,9";"335,0";"3,0";"";"0,0"
"01/03/2026";"0200";"21,0";"21,3";"20,9";"100,0";"100,0";"100,0";"21,0";"21,3";"20,9";"1013,0";"1013,3";"1013,0";"1,0";"277,0";"1,8";"";"0,0"
"01/03/2026";"0300";"20,9";"21,1";"20,8";"100,0";"100,0";"100,0";"20,9";"21,0";"20,8";"1012,9";"1013,0";"1012,9";"1,3";"281,0";"2,2";"";"0,0"
"01/03/2026";"0400";"21,1";"21,2";"20,9";"100,0";"100,0";"100,0";"21,1";"21,2";"20,9";"1012,1";"1012,9";"1012,1";"0,7";"265,0";"2,0";"";"0,0"
"01/03/2026";"0500";"21,3";"21,4";"21,1";"100,0";"100,0";"100,0";"21,3";"21,4";"21,1";"1011,6";"1012,1";"1011,6";"0,8";"250,0";"2,0";"";"0,0"
"01/03/2026";"0600";"21,2";"21,5";"21,1";"100,0";"100,0";"100,0";"21,2";"21,5";"21,1";"1011,4";"1011,6";"1011,3";"1,0";"231,0";"3,6";"";"0,0"
"01/03/2026";"0700";"21,1";"21,5";"20,9";"100,0";"100,0";"100,0";"21,0";"21,4";"20,9";"1011,1";"1011,4";"1011,1";"0,9";"250,0";"2,8";"";"0,0"
"01/03/2026";"0800";"20,8";"21,1";"20,7";"100,0";"100,0";"100,0";"20,7";"21,1";"20,7";"1011,2";"1011,2";"1011,1";"0,8";"260,0";"2,1";"";"0,0"
"01/03/2026";"0900";"20,4";"20,9";"20,4";"100,0";"100,0";"100,0";"20,4";"20,9";"20,4";"1011,4";"1011,4";"1011,2";"1,5";"281,0";"2,5";"";"0,0"
"01/03/2026";"1000";"21,3";"21,3";"20,3";"100,0";"100,0";"100,0";"21,2";"21,2";"20,3";"1011,8";"1011,8";"1011,4";"0,7";"262,0";"2,7";"167,50";"0,0"
"01/03/2026";"1100";"23,9";"24,0";"21,3";"84,0";"100,0";"82,0";"20,9";"22,8";"20,5";"1012,4";"1012,4";"1011,8";"1,0";"205,0";"2,3";"958,20";"0,0"
"01/03/2026";"1200";"26,1";"26,1";"23,7";"62,0";"83,0";"62,0";"18,3";"21,4";"18,3";"1013,0";"1013,0";"1012,4";"1,2";"225,0";"2,4";"1844,30";"0,0"
"01/03/2026";"1300";"26,4";"27,2";"25,9";"60,0";"66,0";"55,0";"17,9";"19,6";"16,7";"1013,1";"1013,1";"1013,0";"1,5";"151,0";"5,6";"2256,30";"0,0"
"01/03/2026";"1400";"27,5";"27,5";"26,3";"57,0";"61,0";"54,0";"18,2";"18,6";"17,0";"1013,0";"1013,2";"1013,0";"1,5";"207,0";"4,5";"2226,90";"0,0"
"01/03/2026";"1500";"27,7";"27,9";"26,2";"56,0";"67,0";"54,0";"18,0";"20,4";"17,0";"1012,7";"1013,1";"1012,7";"1,7";"185,0";"4,8";"2439,20";"0,2"
"01/03/2026";"1600";"27,3";"27,7";"26,7";"65,0";"65,0";"52,0";"20,2";"20,3";"16,1";"1012,1";"1012,7";"1012,1";"2,8";"158,0";"5,9";"2943,90";"0,0"
"01/03/2026";"1700";"25,9";"27,5";"25,7";"64,0";"67,0";"61,0";"18,6";"20,5";"18,3";"1011,7";"1012,1";"1011,6";"3,0";"150,0";"7,3";"2548,10";"0,0"
"01/03/2026";"1800";"26,7";"27,6";"25,7";"57,0";"66,0";"55,0";"17,5";"19,5";"16,9";"1011,6";"1011,7";"1011,6";"2,1";"178,0";"6,2";"1968,80";"0,0"
"01/03/2026";"1900";"25,1";"26,7";"24,9";"70,0";"77,0";"55,0";"19,1";"20,8";"16,9";"1011,5";"1011,6";"1011,5";"1,5";"285,0";"5,0";"810,00";"0,0"
"01/03/2026";"2000";"26,3";"26,3";"25,1";"62,0";"72,0";"60,0";"18,3";"20,1";"17,7";"1011,8";"1011,8";"1011,5";"0,8";"176,0";"3,2";"708,00";"0,0"
"01/03/2026";"2100";"25,0";"26,4";"25,0";"65,0";"65,0";"60,0";"17,9";"18,4";"17,3";"1011,9";"1011,9";"1011,8";"0,6";"239,0";"3,1";"299,00";"0,0"
"01/03/2026";"2200";"22,6";"25,0";"22,6";"92,0";"93,0";"65,0";"21,2";"21,9";"18,1";"1012,1";"1012,1";"1011,9";"1,0";"296,0";"2,1";"30,50";"0,0"
"01/03/2026";"2300";"21,3";"22,6";"21,3";"100,0";"100,0";"92,0";"21,3";"21,7";"21,2";"1012,1";"1012,2";"1012,1";"1,2";"298,0";"1,7";"";"0,0"
"02/03/2026";"0000";"21,3";"21,3";"21,1";"97,0";"100,0";"96,0";"20,8";"21,3";"20,6";"1012,6";"1012,6";"1012,1";"0,8";"316,0";"1,7";"";"0,0"
"02/03/2026";"0100";"20,9";"21,3";"20,8";"98,0";"99,0";"95,0";"20,6";"21,1";"20,0";"1012,7";"1012,7";"1012,6";"0,6";"306,0";"2,1";"";"0,0"
"02/03/2026";"0200";"20,4";"20,9";"20,4";"100,0";"100,0";"98,0";"20,4";"20,8";"20,4";"1012,6";"1012,8";"1012,6";"0,7";"299,0";"1,2";"";"0,0"
"02/03/2026";"0300";"20,0";"20,5";"20,0";"100,0";"100,0";"100,0";"20,0";"20,5";"20,0";"1012,4";"1012,6";"1012,4";"0,6";"315,0";"1,2";"";"0,0"
"02/03/2026";"0400";"19,7";"20,1";"19,7";"100,0";"100,0";"100,0";"19,7";"20,0";"19,7";"1011,8";"1012,4";"1011,8";"0,6";"273,0";"1,8";"";"0,0"
"02/03/2026";"0500";"20,1";"20,1";"19,6";"100,0";"100,0";"100,0";"20,1";"20,1";"19,6";"1011,3";"1011,9";"1011,3";"0,8";"276,0";"2,3";"";"0,0"
"02/03/2026";"0600";"20,2";"20,3";"20,0";"100,0";"100,0";"100,0";"20,2";"20,3";"20,0";"1011,0";"1011,3";"1011,0";"1,1";"284,0";"2,2";"";"0,0"
"02/03/2026";"0700";"20,8";"20,8";"20,1";"100,0";"100,0";"100,0";"20,7";"20,7";"20,1";"1011,0";"1011,1";"1011,0";"0,9";"269,0";"2,6";"";"0,0"
"02/03/2026";"0800";"20,2";"20,9";"20,2";"100,0";"100,0";"100,0";"20,2";"20,9";"20,2";"1011,0";"1011,0";"1010,9";"0,7";"310,0";"2,2";"";"0,0"
"02/03/2026";"0900";"19,6";"20,3";"19,6";"100,0";"100,0";"100,0";"19,6";"20,2";"19,6";"1011,2";"1011,2";"1011,0";"0,6";"253,0";"1,6";"";"0,0"
"02/03/2026";"1000";"20,6";"20,6";"19,6";"100,0";"100,0";"100,0";"20,6";"20,6";"19,6";"1012,1";"1012,1";"1011,2";"0,4";"267,0";"2,3";"128,10";"0,0"
"02/03/2026";"1100";"23,9";"24,1";"20,6";"73,0";"100,0";"73,0";"18,8";"21,1";"18,8";"1012,4";"1012,4";"1012,1";"0,9";"219,0";"2,6";"977,60";"0,0"
"02/03/2026";"1200";"25,5";"25,9";"23,9";"66,0";"77,0";"64,0";"18,6";"20,2";"18,5";"1012,9";"1012,9";"1012,4";"1,1";"241,0";"2,9";"1756,60";"0,0"
"02/03/2026";"1300";"25,9";"26,7";"25,3";"66,0";"70,0";"63,0";"19,1";"20,1";"18,6";"1013,2";"1013,2";"1012,9";"1,4";"210,0";"3,5";"1947,80";"0,0"
"02/03/2026";"1400";"24,7";"25,9";"24,7";"77,0";"77,0";"66,0";"20,4";"20,4";"19,1";"1013,5";"1013,5";"1013,2";"1,5";"154,0";"5,3";"1011,60";"0,0"
"02/03/2026";"1500";"25,3";"25,4";"24,5";"71,0";"79,0";"69,0";"19,7";"20,7";"19,2";"1013,2";"1013,5";"1013,2";"1,7";"114,0";"4,3";"1110,70";"0,0"
"02/03/2026";"1600";"25,2";"26,3";"24,7";"75,0";"77,0";"65,0";"20,5";"20,6";"19,0";"1012,9";"1013,3";"1012,9";"0,6";"277,0";"3,7";"1440,90";"0,0"
"02/03/2026";"1700";"25,2";"25,2";"23,8";"71,0";"84,0";"71,0";"19,7";"21,1";"19,2";"1012,3";"1012,9";"1012,3";"2,1";"329,0";"4,4";"1232,30";"0,0"
"02/03/2026";"1800";"26,9";"27,3";"25,1";"60,0";"71,0";"58,0";"18,3";"20,2";"18,1";"1011,9";"1012,4";"1011,9";"1,2";"319,0";"3,6";"2376,10";"0,0"
"02/03/2026";"1900";"26,1";"27,7";"25,7";"65,0";"66,0";"60,0";"19,0";"20,0";"18,1";"1011,7";"1011,9";"1011,7";"2,0";"105,0";"4,4";"1115,70";"0,0"
"02/03/2026";"2000";"25,9";"26,2";"25,7";"64,0";"66,0";"60,0";"18,5";"19,1";"17,8";"1011,7";"1011,7";"1011,6";"1,7";"106,0";"3,8";"742,70";"0,0"
"02/03/2026";"2100";"25,3";"25,9";"25,3";"66,0";"68,0";"64,0";"18,6";"19,3";"18,5";"1012,0";"1012,0";"1011,7";"0,9";"140,0";"3,2";"312,00";"0,0"
"02/03/2026";"2200";"23,4";"25,3";"23,4";"90,0";"91,0";"66,0";"21,7";"21,9";"18,4";"1012,0";"1012,0";"1011,9";"0,9";"318,0";"2,0";"36,90";"0,0"
"02/03/2026";"2300";"21,8";"23,4";"21,8";"100,0";"100,0";"90,0";"21,8";"22,4";"21,5";"1012,3";"1012,3";"1012,0";"0,7";"303,0";"1,5";"";"0,0"
"03/03/2026";"0000";"21,4";"21,8";"21,3";"100,0";"100,0";"100,0";"21,4";"21,8";"21,3";"1012,7";"1012,7";"1012,3";"0,7";"353,0";"1,3";"";"0,0"
"03/03/2026";"0100";"20,7";"21,4";"20,7";"100,0";"100,0";"100,0";"20,7";"21,4";"20,6";"1012,8";"1012,8";"1012,7";"0,5";"334,0";"1,5";"";"0,0"
"03/03/2026";"0200";"20,6";"20,8";"20,4";"100,0";"100,0";"100,0";"20,6";"20,7";"20,4";"1012,9";"1012,9";"1012,8";"0,5";"314,0";"1,2";"";"0,0"
"03/03/2026";"0300";"20,6";"20,8";"20,5";"100,0";"100,0";"100,0";"20,6";"20,7";"20,4";"1012,5";"1012,9";"1012,5";"0,7";"304,0";"1,5";"";"0,0"
"03/03/2026";"0400";"20,9";"21,0";"20,5";"100,0";"100,0";"100,0";"20,8";"21,0";"20,5";"1012,1";"1012,5";"1012,1";"0,8";"273,0";"2,2";"";"0,0"
"03/03/2026";"0500";"20,7";"21,2";"20,7";"100,0";"100,0";"100,0";"20,7";"21,2";"20,7";"1011,6";"1012,1";"1011,6";"0,6";"305,0";"2,2";"";"0,0"
"03/03/2026";"0600";"20,9";"21,4";"20,7";"100,0";"100,0";"100,0";"20,9";"21,4";"20,6";"1011,1";"1011,6";"1011,1";"0,6";"305,0";"1,7";"";"0,0"
"03/03/2026";"0700";"21,3";"21,5";"20,9";"100,0";"100,0";"100,0";"21,3";"21,4";"20,8";"1011,1";"1011,1";"1011,0";"0,8";"266,0";"1,9";"";"0,0"
"03/03/2026";"0800";"21,5";"21,7";"21,3";"100,0";"100,0";"100,0";"21,5";"21,6";"21,3";"1011,5";"1011,5";"1011,0";"1,3";"213,0";"3,8";"";"0,0"
"03/03/2026";"0900";"21,7";"22,0";"21,5";"100,0";"100,0";"98,0";"21,7";"22,0";"21,5";"1012,0";"1012,0";"1011,4";"0,7";"252,0";"3,9";"";"0,0"
"03/03/2026";"1000";"22,0";"22,1";"21,7";"97,0";"100,0";"97,0";"21,6";"22,0";"21,5";"1012,5";"1012,5";"1012,0";"0,8";"246,0";"2,0";"114,10";"0,0"
"03/03/2026";"1100";"22,9";"23,0";"22,0";"94,0";"99,0";"94,0";"21,9";"22,3";"21,6";"1013,2";"1013,3";"1012,5";"1,2";"286,0";"2,1";"273,40";"0,0"
"03/03/2026";"1200";"24,4";"24,4";"22,9";"78,0";"94,0";"78,0";"20,3";"22,0";"20,3";"1013,8";"1013,8";"1013,2";"0,6";"337,0";"2,1";"878,50";"0,0"
"03/03/2026";"1300";"25,8";"26,0";"24,4";"68,0";"81,0";"66,0";"19,5";"21,0";"18,7";"1013,8";"1013,8";"1013,8";"0,7";"7,0";"1,5";"1432,00";"0,0"
"03/03/2026";"1400";"27,2";"27,3";"25,8";"61,0";"71,0";"61,0";"19,2";"20,5";"18,7";"1013,7";"1013,9";"1013,7";"1,6";"89,0";"3,4";"1603,40";"0,0"
"03/03/2026";"1500";"25,8";"27,6";"25,7";"73,0";"75,0";"59,0";"20,6";"21,0";"18,8";"1013,5";"1013,7";"1013,5";"2,4";"153,0";"5,4";"1674,40";"0,0"
"03/03/2026";"1600";"25,8";"26,5";"25,7";"71,0";"76,0";"65,0";"20,1";"21,5";"18,7";"1013,1";"1013,5";"1013,1";"2,4";"164,0";"5,4";"1452,40";"0,0"
"03/03/2026";"1700";"27,2";"27,2";"25,5";"64,0";"72,0";"63,0";"19,8";"20,7";"19,1";"1012,5";"1013,1";"1012,5";"1,6";"134,0";"5,5";"2085,80";"0,0"
"03/03/2026";"1800";"27,2";"27,6";"26,1";"66,0";"69,0";"61,0";"20,3";"20,6";"19,0";"1012,0";"1012,5";"1012,0";"1,3";"149,0";"4,1";"2003,30";"0,0"
"03/03/2026";"1900";"26,7";"27,5";"26,2";"68,0";"71,0";"62,0";"20,2";"21,3";"19,1";"1011,6";"1012,0";"1011,6";"1,4";"124,0";"4,1";"1468,10";"0,0"
"03/03/2026";"2000";"26,2";"26,7";"26,2";"67,0";"70,0";"66,0";"19,6";"20,3";"19,5";"1011,8";"1011,8";"1011,6";"1,6";"119,0";"3,8";"565,80";"0,0"
"03/03/2026";"2100";"26,1";"26,2";"26,0";"68,0";"68,0";"65,0";"19,7";"19,8";"18,9";"1011,7";"1011,9";"1011,7";"1,3";"123,0";"3,5";"173,50";"0,0"
"03/03/2026";"2200";"24,5";"26,1";"24,5";"86,0";"86,0";"67,0";"22,0";"22,0";"19,3";"1012,1";"1012,1";"1011,7";"1,1";"302,0";"3,0";"25,30";"0,0"
"03/03/2026";"2300";"23,3";"24,5";"23,3";"94,0";"95,0";"86,0";"22,3";"22,7";"21,2";"1012,5";"1012,5";"1012,0";"0,8";"289,0";"2,1";"";"0,0"
"04/03/2026";"0000";"22,7";"23,3";"22,7";"96,0";"97,0";"92,0";"21,9";"22,6";"21,8";"1013,2";"1013,2";"1012,5";"0,8";"343,0";"2,4";"";"0,0"
"04/03/2026";"0100";"22,1";"22,8";"22,1";"100,0";"100,0";"95,0";"22,1";"22,4";"21,9";"1013,7";"1013,7";"1013,2";"0,7";"283,0";"2,1";"";"0,0"
"04/03/2026";"0200";"21,7";"22,3";"21,7";"100,0";"100,0";"100,0";"21,7";"22,2";"21,6";"1014,0";"1014,0";"1013,7";"0,7";"284,0";"1,2";"";"0,0"
"04/03/2026";"0300";"21,8";"21,9";"21,6";"100,0";"100,0";"100,0";"21,8";"21,9";"21,6";"1013,5";"1014,0";"1013,5";"0,4";"25,0";"1,2";"";"0,0"
"04/03/2026";"0400";"21,5";"21,8";"21,3";"100,0";"100,0";"100,0";"21,4";"21,8";"21,3";"1013,1";"1013,5";"1013,1";"0,6";"325,0";"1,6";"";"0,0"
"04/03/2026";"0500";"21,5";"21,5";"21,0";"100,0";"100,0";"100,0";"21,5";"21,5";"21,0";"1012,5";"1013,1";"1012,5";"0,6";"271,0";"1,8";"";"0,0"
"04/03/2026";"0600";"21,6";"21,8";"21,3";"100,0";"100,0";"100,0";"21,6";"21,7";"21,3";"1012,0";"1012,5";"1012,0";"1,0";"271,0";"2,0";"";"0,0"
"04/03/2026";"0700";"21,5";"21,8";"21,3";"100,0";"100,0";"100,0";"21,5";"21,8";"21,3";"1011,7";"1012,0";"1011,7";"1,0";"290,0";"2,4";"";"0,0"
"04/03/2026";"0800";"20,9";"21,7";"20,9";"100,0";"100,0";"100,0";"20,9";"21,7";"20,9";"1011,8";"1011,9";"1011,7";"0,8";"251,0";"2,1";"";"0,0"
"04/03/2026";"0900";"21,0";"21,4";"20,9";"100,0";"100,0";"100,0";"20,9";"21,3";"20,9";"1012,1";"1012,1";"1011,8";"1,0";"280,0";"2,2";"";"0,0"
"04/03/2026";"1000";"21,8";"21,9";"20,9";"100,0";"100,0";"100,0";"21,8";"21,9";"20,9";"1012,6";"1012,6";"1012,1";"0,7";"285,0";"2,2";"124,30";"0,0"
"04/03/2026";"1100";"23,9";"23,9";"21,8";"91,0";"100,0";"90,0";"22,4";"22,8";"21,7";"1013,2";"1013,2";"1012,6";"1,0";"294,0";"2,1";"999,50";"0,0"
"04/03/2026";"1200";"26,0";"26,6";"23,9";"70,0";"91,0";"68,0";"20,1";"22,4";"19,6";"1013,6";"1013,6";"1013,2";"1,2";"312,0";"1,9";"1836,30";"0,0"
"04/03/2026";"1300";"27,8";"27,8";"26,0";"64,0";"75,0";"63,0";"20,4";"21,7";"19,2";"1013,8";"1013,8";"1013,6";"1,8";"130,0";"3,8";"2437,20";"0,0"
"04/03/2026";"1400";"28,2";"28,2";"27,1";"66,0";"68,0";"62,0";"21,3";"21,3";"19,6";"1013,6";"1013,8";"1013,6";"2,1";"161,0";"5,4";"3217,80";"0,0"
"04/03/2026";"1500";"28,4";"28,4";"27,2";"69,0";"69,0";"64,0";"22,1";"22,1";"20,3";"1013,4";"1013,6";"1013,4";"3,1";"157,0";"6,9";"3628,60";"0,0"
"04/03/2026";"1600";"27,5";"28,5";"26,7";"70,0";"73,0";"67,0";"21,6";"22,2";"20,9";"1013,0";"1013,4";"1013,0";"2,5";"156,0";"7,4";"2300,90";"0,0"
"04/03/2026";"1700";"26,9";"27,9";"26,6";"71,0";"73,0";"68,0";"21,1";"22,2";"20,6";"1012,6";"1013,0";"1012,6";"3,0";"152,0";"7,0";"1712,30";"0,0"
"04/03/2026";"1800";"26,5";"27,0";"26,5";"71,0";"71,0";"66,0";"20,9";"21,2";"20,0";"1012,7";"1012,8";"1012,6";"1,7";"163,0";"6,6";"906,20";"0,0"
"04/03/2026";"1900";"26,6";"26,8";"26,4";"70,0";"73,0";"68,0";"20,7";"21,4";"20,1";"1012,5";"1012,7";"1012,5";"0,9";"159,0";"6,1";"607,90";"0,0"
"04/03/2026";"2000";"26,2";"26,7";"26,2";"75,0";"75,0";"68,0";"21,3";"21,3";"20,2";"1012,6";"1012,7";"1012,5";"1,8";"138,0";"4,9";"360,60";"0,0"
"04/03/2026";"2100";"26,2";"26,3";"26,0";"74,0";"75,0";"73,0";"21,1";"21,4";"20,8";"1012,5";"1012,6";"1012,4";"2,0";"119,0";"5,0";"132,60";"0,0"
"04/03/2026";"2200";"26,0";"26,2";"25,9";"77,0";"78,0";"73,0";"21,7";"21,8";"21,0";"1012,6";"1012,6";"1012,5";"1,7";"104,0";"5,1";"14,70";"0,0"
"04/03/2026";"2300";"24,4";"26,0";"24,3";"93,0";"94,0";"78,0";"23,3";"23,3";"21,9";"1012,7";"1012,7";"1012,6";"0,8";"326,0";"3,7";"";"0,0"
"05/03/2026";"0000";"23,8";"25,6";"23,8";"98,0";"98,0";"82,0";"23,5";"23,5";"22,1";"1012,9";"1013,0";"1012,7";"0,5";"291,0";"4,6";"";"0,0"
"05/03/2026";"0100";"24,1";"24,1";"23,8";"100,0";"100,0";"97,0";"24,0";"24,0";"23,4";"1013,1";"1013,2";"1012,9";"0,8";"351,0";"2,5";"";"0,0"
"05/03/2026";"0200";"23,9";"24,3";"23,9";"98,0";"100,0";"94,0";"23,6";"23,9";"23,2";"1012,8";"1013,2";"1012,7";"1,0";"351,0";"2,5";"";"0,0"
"05/03/2026";"0300";"22,9";"23,9";"22,9";"100,0";"100,0";"98,0";"22,9";"23,7";"22,9";"1013,3";"1013,3";"1012,8";"0,6";"188,0";"2,5";"";"0,0"
"05/03/2026";"0400";"22,3";"22,9";"22,3";"100,0";"100,0";"100,0";"22,3";"22,8";"22,2";"1013,3";"1013,3";"1013,2";"0,8";"303,0";"1,3";"";"0,0"
"05/03/2026";"0500";"22,2";"22,3";"22,2";"100,0";"100,0";"100,0";"22,2";"22,3";"22,1";"1012,8";"1013,3";"1012,8";"0,8";"277,0";"1,5";"";"0,0"
"05/03/2026";"0600";"22,6";"22,8";"22,1";"100,0";"100,0";"100,0";"22,6";"22,8";"22,1";"1012,7";"1012,8";"1012,7";"1,2";"304,0";"2,2";"";"0,0"
"05/03/2026";"0700";"22,8";"23,1";"22,6";"100,0";"100,0";"100,0";"22,8";"23,1";"22,6";"1012,4";"1012,8";"1012,4";"0,8";"233,0";"2,0";"";"0,0"
"05/03/2026";"0800";"22,3";"23,0";"22,3";"100,0";"100,0";"100,0";"22,3";"22,9";"22,3";"1012,3";"1012,4";"1012,2";"0,6";"226,0";"2,2";"";"0,0"
"05/03/2026";"0900";"22,1";"22,7";"22,1";"100,0";"100,0";"100,0";"22,1";"22,7";"22,0";"1012,8";"1012,8";"1012,1";"0,6";"299,0";"1,7";"";"0,0"
"05/03/2026";"1000";"23,3";"23,3";"22,1";"100,0";"100,0";"100,0";"23,3";"23,3";"22,1";"1013,3";"1013,3";"1012,8";"0,9";"250,0";"2,8";"183,50";"0,0"
"05/03/2026";"1100";"25,9";"25,9";"23,3";"81,0";"100,0";"81,0";"22,3";"24,1";"22,2";"1013,7";"1013,7";"1013,3";"0,9";"180,0";"2,8";"910,70";"0,0"
"05/03/2026";"1200";"27,6";"27,9";"25,9";"66,0";"82,0";"66,0";"20,7";"22,9";"20,6";"1014,1";"1014,1";"1013,6";"1,3";"135,0";"3,3";"1858,70";"0,0"
"05/03/2026";"1300";"27,8";"28,7";"27,2";"68,0";"71,0";"63,0";"21,3";"22,3";"20,5";"1014,3";"1014,3";"1014,1";"1,4";"128,0";"4,5";"2395,80";"0,0"
"05/03/2026";"1400";"28,4";"28,9";"27,7";"64,0";"69,0";"62,0";"21,1";"21,8";"20,6";"1014,3";"1014,4";"1014,3";"1,7";"113,0";"3,8";"2087,10";"0,0"
"05/03/2026";"1500";"28,1";"29,3";"28,1";"67,0";"68,0";"62,0";"21,2";"22,3";"20,8";"1013,9";"1014,3";"1013,9";"2,4";"151,0";"5,1";"2593,20";"0,0"
"05/03/2026";"1600";"29,0";"29,2";"28,0";"70,0";"71,0";"66,0";"23,0";"23,1";"21,2";"1013,4";"1013,9";"1013,4";"2,2";"160,0";"5,0";"3210,50";"0,0"
"05/03/2026";"1700";"28,1";"29,6";"27,4";"74,0";"77,0";"68,0";"23,1";"24,0";"22,1";"1013,1";"1013,5";"1013,0";"2,3";"127,0";"5,5";"1488,20";"0,0"
"05/03/2026";"1800";"28,1";"28,4";"27,8";"76,0";"78,0";"73,0";"23,4";"23,8";"22,9";"1012,7";"1013,1";"1012,6";"2,3";"125,0";"5,3";"1055,90";"0,0"
"05/03/2026";"1900";"27,4";"28,3";"27,4";"78,0";"79,0";"74,0";"23,3";"23,7";"23,0";"1012,5";"1012,8";"1012,5";"2,5";"133,0";"6,0";"840,10";"0,0"
"05/03/2026";"2000";"27,2";"27,5";"27,2";"79,0";"81,0";"77,0";"23,4";"23,6";"23,0";"1012,4";"1012,6";"1012,4";"2,4";"126,0";"6,7";"254,10";"0,0"
"05/03/2026";"2100";"26,9";"27,2";"26,9";"82,0";"83,0";"79,0";"23,6";"23,9";"23,3";"1012,2";"1012,4";"1012,1";"3,5";"119,0";"7,6";"105,00";"0,0"
"05/03/2026";"2200";"26,9";"26,9";"26,8";"84,0";"85,0";"82,0";"23,9";"24,2";"23,6";"1012,4";"1012,4";"1012,1";"3,6";"113,0";"8,4";"13,80";"0,0"
"05/03/2026";"2300";"27,0";"27,0";"26,9";"83,0";"85,0";"82,0";"23,8";"24,1";"23,6";"1012,8";"1012,8";"1012,4";"2,8";"123,0";"7,3";"";"0,0"
"06/03/2026";"0000";"26,9";"27,0";"26,9";"82,0";"84,0";"81,0";"23,6";"24,0";"23,5";"1013,8";"1013,8";"1012,8";"2,6";"105,0";"6,8";"";"0,0"
"06/03/2026";"0100";"26,3";"27,1";"26,3";"88,0";"88,0";"80,0";"24,1";"24,2";"23,2";"1014,2";"1014,2";"1013,8";"0,5";"37,0";"5,6";"";"0,0"
"06/03/2026";"0200";"25,2";"26,3";"25,2";"99,0";"99,0";"87,0";"25,0";"25,0";"23,9";"1014,3";"1014,3";"1014,2";"0,8";"360,0";"3,5";"";"0,0"
"06/03/2026";"0300";"24,8";"25,2";"24,8";"100,0";"100,0";"98,0";"24,8";"25,1";"24,7";"1014,3";"1014,5";"1014,2";"1,0";"310,0";"3,0";"";"0,0"
"06/03/2026";"0400";"24,5";"24,9";"24,5";"100,0";"100,0";"100,0";"24,5";"24,8";"24,5";"1013,9";"1014,3";"1013,8";"0,5";"255,0";"1,7";"";"0,0"
"06/03/2026";"0500";"24,0";"24,5";"24,0";"100,0";"100,0";"100,0";"24,0";"24,4";"24,0";"1013,3";"1013,9";"1013,3";"0,5";"318,0";"1,3";"";"0,0"
"06/03/2026";"0600";"23,7";"24,0";"23,6";"100,0";"100,0";"100,0";"23,7";"24,0";"23,6";"1012,7";"1013,3";"1012,6";"0,4";"270,0";"1,1";"";"0,0"
"06/03/2026";"0700";"24,0";"24,0";"23,5";"100,0";"100,0";"100,0";"24,0";"24,0";"23,5";"1012,4";"1012,7";"1012,4";"0,7";"263,0";"1,5";"";"0,0"
"06/03/2026";"0800";"24,0";"24,3";"24,0";"100,0";"100,0";"99,0";"24,0";"24,2";"24,0";"1012,7";"1012,7";"1012,4";"0,4";"242,0";"2,0";"";"0,0"
"06/03/2026";"0900";"24,0";"24,3";"23,9";"100,0";"100,0";"100,0";"23,9";"24,3";"23,9";"1013,4";"1013,4";"1012,6";"0,6";"215,0";"1,9";"";"0,0"
"06/03/2026";"1000";"24,4";"24,4";"23,9";"100,0";"100,0";"100,0";"24,4";"24,4";"23,9";"1013,7";"1013,7";"1013,3";"0,4";"334,0";"2,2";"113,70";"0,0"
"06/03/2026";"1100";"25,0";"25,0";"24,4";"99,0";"100,0";"99,0";"24,8";"24,9";"24,4";"1014,2";"1014,2";"1013,7";"0,5";"314,0";"1,5";"366,40";"0,0"
"06/03/2026";"1200";"27,3";"27,7";"25,0";"76,0";"99,0";"75,0";"22,7";"24,9";"22,7";"1014,3";"1014,4";"1014,2";"1,3";"119,0";"2,9";"1168,90";"0,0"
"06/03/2026";"1300";"27,8";"28,1";"27,3";"77,0";"78,0";"71,0";"23,4";"23,6";"22,4";"1014,3";"1014,3";"1014,1";"1,8";"120,0";"3,6";"1709,90";"0,0"
"06/03/2026";"1400";"27,8";"28,2";"27,4";"79,0";"81,0";"75,0";"23,7";"24,1";"23,0";"1014,2";"1014,3";"1014,2";"1,6";"122,0";"4,1";"1538,60";"0,0"
"06/03/2026";"1500";"27,9";"28,8";"27,8";"80,0";"81,0";"74,0";"24,1";"24,3";"23,2";"1013,9";"1014,2";"1013,9";"2,1";"109,0";"4,2";"1964,30";"0,0"
"06/03/2026";"1600";"27,7";"28,0";"27,4";"81,0";"84,0";"79,0";"24,1";"25,1";"24,0";"1013,1";"1013,9";"1013,1";"1,6";"110,0";"4,2";"921,30";"0,0"
"06/03/2026";"1700";"27,4";"28,2";"27,4";"83,0";"85,0";"80,0";"24,3";"24,9";"24,1";"1012,4";"1013,1";"1012,2";"2,7";"105,0";"5,5";"553,00";"0,0"
"06/03/2026";"1800";"27,1";"27,4";"27,0";"87,0";"88,0";"83,0";"24,7";"24,9";"24,2";"1012,1";"1012,4";"1011,9";"1,9";"116,0";"5,1";"65,10";"0,0"
"06/03/2026";"1900";"25,9";"27,2";"25,7";"100,0";"100,0";"86,0";"25,9";"25,9";"24,6";"1011,4";"1012,2";"1011,4";"1,7";"306,0";"4,6";"65,10";"0,0"
"06/03/2026";"2000";"25,6";"26,1";"25,5";"100,0";"100,0";"99,0";"25,5";"26,0";"25,5";"1011,2";"1011,5";"1011,2";"1,1";"282,0";"4,1";"28,50";"0,2"
"06/03/2026";"2100";"25,1";"25,6";"25,1";"100,0";"100,0";"100,0";"25,1";"25,6";"25,1";"1011,2";"1011,4";"1011,1";"1,5";"312,0";"2,3";"24,90";"0,0"
"06/03/2026";"2200";"24,8";"25,2";"24,8";"100,0";"100,0";"100,0";"24,8";"25,2";"24,8";"1010,9";"1011,2";"1010,8";"1,2";"316,0";"3,3";"1,60";"0,0"
"06/03/2026";"2300";"24,9";"25,0";"24,8";"100,0";"100,0";"100,0";"24,8";"25,0";"24,8";"1011,3";"1011,3";"1010,8";"1,1";"299,0";"2,4";"";"0,0"
"07/03/2026";"0000";"24,5";"24,9";"24,5";"100,0";"100,0";"100,0";"24,5";"24,8";"24,4";"1011,5";"1011,5";"1011,3";"0,2";"329,0";"2,1";"";"0,0"
"07/03/2026";"0100";"24,6";"24,6";"24,5";"100,0";"100,0";"100,0";"24,6";"24,6";"24,5";"1011,9";"1012,1";"1011,5";"0,6";"2,0";"1,2";"";"0,0"
"07/03/2026";"0200";"24,0";"24,6";"24,0";"100,0";"100,0";"100,0";"24,0";"24,6";"24,0";"1012,1";"1012,1";"1011,8";"0,6";"309,0";"2,4";"";"0,0"
"07/03/2026";"0300";"23,9";"24,0";"23,9";"100,0";"100,0";"100,0";"23,9";"24,0";"23,9";"1012,2";"1012,2";"1012,1";"0,4";"260,0";"1,1";"";"0,0"
"07/03/2026";"0400";"24,3";"24,3";"23,9";"100,0";"100,0";"100,0";"24,3";"24,3";"23,9";"1011,9";"1012,2";"1011,9";"0,8";"252,0";"2,6";"";"0,0"
"07/03/2026";"0500";"24,1";"24,4";"24,1";"100,0";"100,0";"100,0";"24,1";"24,4";"24,1";"1011,3";"1011,9";"1011,3";"0,6";"293,0";"2,5";"";"0,0"
"07/03/2026";"0600";"24,2";"24,3";"24,1";"100,0";"100,0";"100,0";"24,2";"24,3";"24,1";"1010,5";"1011,3";"1010,5";"0,8";"314,0";"2,0";"";"0,0"
"07/03/2026";"0700";"24,3";"24,5";"24,1";"100,0";"100,0";"100,0";"24,3";"24,5";"24,1";"1010,5";"1010,5";"1010,3";"0,4";"243,0";"1,9";"";"0,0"
"07/03/2026";"0800";"24,5";"24,8";"24,3";"100,0";"100,0";"100,0";"24,5";"24,7";"24,3";"1010,5";"1010,7";"1010,5";"0,9";"300,0";"2,1";"";"0,0"
"07/03/2026";"0900";"24,1";"24,5";"24,1";"100,0";"100,0";"100,0";"24,1";"24,5";"24,1";"1010,9";"1010,9";"1010,4";"0,6";"322,0";"2,1";"";"0,0"
"07/03/2026";"1000";"24,7";"24,7";"24,0";"100,0";"100,0";"100,0";"24,7";"24,7";"24,0";"1010,9";"1011,2";"1010,9";"0,5";"261,0";"1,3";"141,60";"0,0"
"07/03/2026";"1100";"25,2";"25,3";"24,6";"100,0";"100,0";"100,0";"25,2";"25,3";"24,6";"1011,5";"1011,5";"1010,9";"0,5";"338,0";"2,1";"298,30";"0,0"
"07/03/2026";"1200";"26,9";"26,9";"25,2";"95,0";"100,0";"95,0";"26,1";"26,5";"25,2";"1011,4";"1011,5";"1011,3";"0,5";"254,0";"2,4";"810,00";"0,0"
"07/03/2026";"1300";"28,1";"29,5";"26,9";"84,0";"96,0";"75,0";"25,1";"26,5";"24,1";"1011,3";"1011,4";"1011,1";"1,7";"104,0";"3,0";"1613,20";"0,0"
"07/03/2026";"1400";"29,4";"29,8";"28,0";"77,0";"86,0";"73,0";"25,1";"25,7";"24,4";"1010,7";"1011,3";"1010,7";"2,0";"129,0";"4,2";"2579,70";"0,0"
"07/03/2026";"1500";"30,0";"30,2";"29,2";"77,0";"81,0";"73,0";"25,6";"26,2";"24,5";"1009,8";"1010,7";"1009,8";"2,0";"143,0";"4,8";"3225,60";"0,0"
"07/03/2026";"1600";"29,9";"30,5";"29,4";"78,0";"82,0";"75,0";"25,6";"26,5";"25,0";"1009,0";"1009,8";"1009,0";"2,6";"119,0";"6,1";"2702,50";"0,0"
"07/03/2026";"1700";"29,4";"30,4";"29,3";"80,0";"80,0";"74,0";"25,5";"26,2";"24,9";"1008,5";"1009,0";"1008,4";"2,5";"114,0";"6,3";"2656,60";"0,0"
"07/03/2026";"1800";"28,8";"29,7";"28,7";"81,0";"82,0";"77,0";"25,3";"26,0";"25,0";"1008,1";"1008,6";"1008,1";"1,9";"119,0";"5,6";"1016,20";"0,0"
"07/03/2026";"1900";"24,1";"28,8";"23,7";"100,0";"100,0";"82,0";"24,1";"26,7";"23,7";"1008,5";"1008,5";"1007,6";"2,9";"274,0";"6,9";"148,40";"9,8"
"07/03/2026";"2000";"23,5";"26,6";"23,3";"94,0";"100,0";"67,0";"22,4";"24,3";"20,0";"1008,8";"1009,5";"1007,4";"6,1";"352,0";"12,2";"62,20";"19,0"
"07/03/2026";"2100";"25,8";"25,8";"22,8";"83,0";"100,0";"83,0";"22,8";"23,8";"22,4";"1007,5";"1008,8";"1007,3";"2,9";"274,0";"11,6";"38,00";"4,4"
"07/03/2026";"2200";"26,0";"26,1";"24,9";"77,0";"87,0";"76,0";"21,6";"23,0";"21,5";"1008,5";"1008,5";"1007,5";"1,9";"196,0";"7,2";"2,00";"1,6"
"07/03/2026";"2300";"26,2";"26,5";"25,4";"71,0";"81,0";"71,0";"20,6";"21,9";"20,6";"1008,7";"1008,7";"1008,4";"2,3";"230,0";"10,3";"";"1,0"
"08/03/2026";"0000";"26,5";"27,1";"26,1";"70,0";"73,0";"66,0";"20,5";"21,0";"20,2";"1009,2";"1009,3";"1008,7";"2,1";"191,0";"9,1";"";"1,0"
"08/03/2026";"0100";"27,5";"27,5";"25,8";"74,0";"78,0";"64,0";"22,4";"22,7";"19,9";"1009,1";"1009,4";"1009,1";"1,6";"133,0";"5,1";"";"0,0"
"08/03/2026";"0200";"25,6";"27,7";"25,1";"82,0";"89,0";"67,0";"22,3";"23,4";"20,9";"1008,6";"1009,1";"1008,5";"1,3";"325,0";"6,0";"";"0,0"
"08/03/2026";"0300";"24,3";"25,5";"24,2";"98,0";"98,0";"82,0";"24,0";"24,0";"22,2";"1008,9";"1008,9";"1008,6";"0,6";"346,0";"3,5";"";"0,0"
"08/03/2026";"0400";"23,3";"24,3";"23,3";"100,0";"100,0";"97,0";"23,3";"24,0";"23,3";"1007,4";"1008,9";"1007,4";"0,7";"214,0";"2,6";"";"0,0"
"08/03/2026";"0500";"22,8";"23,4";"22,7";"100,0";"100,0";"100,0";"22,7";"23,3";"22,7";"1006,7";"1007,4";"1006,7";"0,9";"276,0";"2,0";"";"0,0"
"08/03/2026";"0600";"23,9";"23,9";"22,6";"98,0";"100,0";"98,0";"23,6";"23,7";"22,6";"1006,2";"1006,8";"1006,0";"3,5";"209,0";"8,3";"";"0,0"
"08/03/2026";"0700";"24,3";"24,3";"23,7";"88,0";"99,0";"88,0";"22,2";"23,6";"22,2";"1006,8";"1007,1";"1006,2";"1,3";"162,0";"8,3";"";"0,0"
"08/03/2026";"0800";"24,9";"25,8";"23,5";"82,0";"95,0";"72,0";"21,6";"22,9";"20,1";"1006,9";"1006,9";"1006,6";"1,6";"254,0";"4,3";"";"0,0"
"08/03/2026";"0900";"23,2";"25,0";"23,0";"94,0";"94,0";"82,0";"22,2";"22,3";"21,6";"1007,9";"1007,9";"1006,9";"1,1";"213,0";"4,3";"";"0,0"
"08/03/2026";"1000";"24,3";"24,3";"22,9";"85,0";"96,0";"85,0";"21,7";"22,5";"21,6";"1009,2";"1009,2";"1007,9";"0,9";"206,0";"2,9";"151,50";"0,0"
"08/03/2026";"1100";"27,2";"27,2";"24,3";"72,0";"86,0";"72,0";"21,9";"22,1";"20,8";"1009,9";"1009,9";"1009,2";"0,5";"84,0";"3,1";"863,60";"0,0"
"08/03/2026";"1200";"29,1";"29,2";"27,2";"64,0";"74,0";"63,0";"21,5";"22,7";"20,8";"1010,3";"1010,3";"1009,9";"1,1";"177,0";"2,5";"1708,80";"0,0"
"08/03/2026";"1300";"31,2";"31,3";"29,1";"57,0";"66,0";"55,0";"21,6";"22,6";"21,0";"1010,5";"1010,5";"1010,3";"2,0";"95,0";"3,8";"2633,40";"0,0"
"08/03/2026";"1400";"31,6";"31,6";"30,4";"57,0";"61,0";"55,0";"22,0";"22,7";"20,7";"1010,1";"1010,5";"1010,1";"2,4";"110,0";"5,0";"2894,10";"0,0"
"08/03/2026";"1500";"33,2";"33,5";"30,8";"51,0";"65,0";"51,0";"21,7";"23,9";"21,1";"1009,9";"1010,1";"1009,8";"2,2";"207,0";"7,2";"3356,70";"0,0"
"08/03/2026";"1600";"32,4";"33,5";"32,1";"58,0";"59,0";"50,0";"23,2";"23,2";"21,3";"1009,9";"1010,0";"1009,9";"2,4";"203,0";"7,6";"3117,50";"0,0"
"08/03/2026";"1700";"29,1";"32,4";"29,1";"78,0";"78,0";"57,0";"24,8";"24,8";"22,2";"1010,2";"1010,2";"1009,9";"2,4";"228,0";"10,5";"2102,30";"0,0"
"08/03/2026";"1800";"27,9";"29,1";"27,6";"86,0";"91,0";"78,0";"25,3";"26,0";"25,0";"1010,0";"1010,4";"1009,9";"2,9";"175,0";"8,7";"585,20";"0,0"
"08/03/2026";"1900";"27,3";"27,9";"27,2";"82,0";"86,0";"80,0";"24,0";"25,1";"23,8";"1010,5";"1010,6";"1009,9";"2,2";"198,0";"8,2";"501,90";"0,0"
"08/03/2026";"2000";"27,0";"27,4";"27,0";"82,0";"84,0";"81,0";"23,6";"24,2";"23,6";"1011,1";"1011,1";"1010,4";"1,7";"216,0";"6,0";"165,10";"0,0"
"08/03/2026";"2100";"25,3";"27,0";"25,2";"100,0";"100,0";"80,0";"25,3";"25,6";"23,3";"1011,0";"1011,1";"1010,8";"1,8";"343,0";"4,2";"62,80";"0,0"
"08/03/2026";"2200";"25,2";"25,3";"25,0";"100,0";"100,0";"100,0";"25,1";"25,3";"25,0";"1011,3";"1011,3";"1010,9";"1,7";"294,0";"2,9";"2,20";"0,0"
"08/03/2026";"2300";"24,9";"25,2";"24,9";"98,0";"100,0";"92,0";"24,6";"25,2";"23,6";"1012,3";"1012,3";"1011,3";"1,2";"258,0";"4,2";"";"0,0"
"09/03/2026";"0000";"24,0";"24,9";"24,0";"100,0";"100,0";"98,0";"24,0";"24,7";"24,0";"1013,2";"1013,3";"1012,3";"1,8";"344,0";"3,0";"";"1,2"
"09/03/2026";"0100";"24,2";"24,3";"24,0";"100,0";"100,0";"100,0";"24,2";"24,3";"24,0";"1013,5";"1013,6";"1013,2";"1,3";"298,0";"3,4";"";"0,0"
"09/03/2026";"0200";"24,3";"25,4";"24,2";"100,0";"100,0";"95,0";"24,3";"24,9";"24,2";"1013,8";"1013,9";"1013,5";"1,3";"296,0";"5,4";"";"0,0"
"09/03/2026";"0300";"24,1";"24,4";"24,1";"100,0";"100,0";"100,0";"24,1";"24,3";"24,1";"1014,1";"1014,2";"1013,8";"1,2";"317,0";"2,7";"0,30";"0,0"
"09/03/2026";"0400";"23,9";"24,1";"23,9";"100,0";"100,0";"100,0";"23,9";"24,1";"23,9";"1013,8";"1014,1";"1013,8";"1,2";"297,0";"1,9";"0,10";"0,0"
"09/03/2026";"0500";"23,6";"23,9";"23,6";"100,0";"100,0";"100,0";"23,6";"23,9";"23,6";"1013,3";"1013,8";"1013,3";"0,7";"264,0";"1,9";"";"0,0"
"09/03/2026";"0600";"23,3";"23,7";"23,3";"100,0";"100,0";"100,0";"23,3";"23,7";"23,3";"1013,1";"1013,3";"1013,1";"1,1";"295,0";"3,0";"";"2,0"
"09/03/2026";"0700";"23,1";"23,3";"23,0";"100,0";"100,0";"100,0";"23,1";"23,3";"23,0";"1012,8";"1013,1";"1012,6";"1,0";"280,0";"3,0";"";"1,4"
"09/03/2026";"0800";"22,9";"23,1";"22,9";"100,0";"100,0";"100,0";"22,9";"23,1";"22,8";"1013,1";"1013,2";"1012,8";"0,7";"285,0";"1,9";"";"0,2"
"09/03/2026";"0900";"23,0";"23,0";"22,8";"100,0";"100,0";"100,0";"23,0";"23,0";"22,8";"1013,6";"1013,6";"1013,1";"0,8";"238,0";"2,4";"";"0,0"
"09/03/2026";"1000";"23,1";"23,2";"23,0";"100,0";"100,0";"100,0";"23,1";"23,2";"23,0";"1014,3";"1014,3";"1013,6";"0,9";"316,0";"2,8";"73,00";"0,4"
"09/03/2026";"1100";"23,5";"23,7";"23,1";"100,0";"100,0";"100,0";"23,5";"23,7";"23,1";"1015,7";"1015,7";"1014,3";"1,0";"204,0";"3,2";"184,20";"0,2"
"09/03/2026";"1200";"23,5";"23,6";"23,3";"100,0";"100,0";"100,0";"23,5";"23,5";"23,3";"1016,4";"1016,4";"1015,7";"1,6";"315,0";"3,7";"404,60";"0,4"
"09/03/2026";"1300";"24,1";"24,3";"23,5";"100,0";"100,0";"100,0";"24,0";"24,2";"23,5";"1017,0";"1017,0";"1016,4";"0,8";"327,0";"3,7";"661,70";"0,4"
"09/03/2026";"1400";"24,4";"24,5";"23,9";"99,0";"100,0";"96,0";"24,3";"24,5";"23,7";"1017,0";"1017,1";"1017,0";"1,8";"303,0";"3,3";"821,10";"0,0"
"09/03/2026";"1500";"24,3";"24,5";"24,2";"98,0";"100,0";"98,0";"23,9";"24,5";"23,9";"1016,7";"1017,0";"1016,7";"0,7";"33,0";"3,5";"438,90";"0,2"
"09/03/2026";"1600";"23,8";"24,3";"23,3";"100,0";"100,0";"98,0";"23,8";"23,9";"23,3";"1016,2";"1016,7";"1016,2";"2,1";"349,0";"4,3";"640,20";"0,0"
"09/03/2026";"1700";"24,7";"24,9";"23,8";"91,0";"100,0";"89,0";"23,2";"23,9";"22,9";"1015,9";"1016,2";"1015,9";"0,4";"241,0";"3,7";"670,00";"0,0"
"09/03/2026";"1800";"23,1";"24,8";"23,0";"100,0";"100,0";"90,0";"23,1";"24,0";"23,0";"1016,0";"1016,0";"1015,8";"0,7";"207,0";"3,6";"305,60";"3,2"
"09/03/2026";"1900";"22,7";"23,1";"22,7";"100,0";"100,0";"100,0";"22,7";"23,1";"22,7";"1015,8";"1016,1";"1015,8";"1,6";"91,0";"3,8";"351,30";"3,6"
"09/03/2026";"2000";"22,7";"22,8";"22,4";"100,0";"100,0";"100,0";"22,6";"22,8";"22,4";"1015,6";"1015,8";"1015,6";"1,4";"313,0";"2,6";"235,70";"0,4"
"09/03/2026";"2100";"22,8";"22,8";"22,6";"100,0";"100,0";"100,0";"22,8";"22,8";"22,6";"1016,0";"1016,0";"1015,5";"1,4";"350,0";"2,8";"123,40";"0,0"
"09/03/2026";"2200";"22,3";"22,8";"22,2";"100,0";"100,0";"100,0";"22,3";"22,8";"22,2";"1016,0";"1016,2";"1015,9";"0,9";"350,0";"2,9";"6,80";"0,2"
"09/03/2026";"2300";"22,5";"22,5";"22,3";"100,0";"100,0";"100,0";"22,5";"22,5";"22,2";"1016,4";"1016,4";"1016,0";"1,6";"346,0";"2,6";"0,10";"0,0"
"10/03/2026";"0000";"22,4";"22,5";"22,3";"100,0";"100,0";"100,0";"22,4";"22,5";"22,3";"1016,6";"1016,6";"1016,3";"0,3";"139,0";"2,6";"";"0,2"
"10/03/2026";"0100";"22,3";"22,6";"22,3";"100,0";"100,0";"100,0";"22,3";"22,6";"22,3";"1017,0";"1017,0";"1016,6";"0,8";"228,0";"2,1";"";"0,8"
"10/03/2026";"0200";"22,3";"22,5";"22,2";"100,0";"100,0";"100,0";"22,3";"22,5";"22,2";"1016,7";"1017,0";"1016,7";"1,0";"315,0";"2,2";"";"0,2"
"10/03/2026";"0300";"22,2";"22,3";"22,1";"100,0";"100,0";"100,0";"22,2";"22,3";"22,1";"1016,6";"1016,7";"1016,4";"1,1";"351,0";"2,7";"";"0,0"
"10/03/2026";"0400";"22,2";"22,3";"22,0";"100,0";"100,0";"100,0";"22,2";"22,3";"22,0";"1016,1";"1016,6";"1016,1";"1,0";"313,0";"2,0";"";"0,0"
"10/03/2026";"0500";"22,1";"22,3";"22,0";"100,0";"100,0";"100,0";"22,1";"22,3";"22,0";"1015,4";"1016,1";"1015,4";"0,9";"268,0";"1,6";"";"1,0"
"10/03/2026";"0600";"21,9";"22,2";"21,7";"100,0";"100,0";"100,0";"21,9";"22,2";"21,7";"1015,1";"1015,4";"1015,1";"0,9";"304,0";"2,2";"";"1,4"
"10/03/2026";"0700";"21,9";"22,0";"21,7";"100,0";"100,0";"100,0";"21,9";"22,0";"21,7";"1014,9";"1015,1";"1014,9";"1,0";"208,0";"2,0";"";"1,6"
"10/03/2026";"0800";"21,6";"21,9";"21,5";"100,0";"100,0";"100,0";"21,5";"21,9";"21,5";"1015,4";"1015,4";"1014,9";"1,1";"315,0";"3,5";"";"5,6"
"10/03/2026";"0900";"21,7";"21,8";"21,6";"100,0";"100,0";"100,0";"21,7";"21,8";"21,6";"1015,8";"1015,8";"1015,4";"0,6";"275,0";"1,9";"";"1,4"
"10/03/2026";"1000";"21,7";"21,9";"21,7";"100,0";"100,0";"100,0";"21,7";"21,9";"21,7";"1016,3";"1016,3";"1015,8";"1,0";"289,0";"3,3";"9,10";"2,4"
"10/03/2026";"1100";"21,9";"22,2";"21,7";"100,0";"100,0";"100,0";"21,9";"22,2";"21,7";"1017,1";"1017,1";"1016,3";"1,1";"188,0";"2,3";"36,80";"1,4"
"10/03/2026";"1200";"22,0";"22,0";"21,8";"100,0";"100,0";"100,0";"22,0";"22,0";"21,7";"1017,5";"1017,6";"1017,1";"0,7";"100,0";"3,2";"154,60";"7,0"
"10/03/2026";"1300";"22,6";"22,7";"22,0";"100,0";"100,0";"100,0";"22,5";"22,7";"22,0";"1017,6";"1017,6";"1017,4";"0,3";"254,0";"2,3";"368,30";"0,2"
"10/03/2026";"1400";"22,6";"22,7";"22,5";"100,0";"100,0";"100,0";"22,6";"22,7";"22,5";"1017,2";"1017,6";"1017,2";"1,6";"317,0";"2,3";"356,70";"0,0"
"10/03/2026";"1500";"22,4";"22,6";"22,3";"100,0";"100,0";"100,0";"22,4";"22,6";"22,3";"1016,8";"1017,1";"1016,8";"0,7";"210,0";"3,3";"279,80";"3,0"
"10/03/2026";"1600";"22,5";"22,8";"22,2";"100,0";"100,0";"100,0";"22,5";"22,8";"22,2";"1016,1";"1016,8";"1016,1";"2,1";"217,0";"5,2";"315,80";"12,2"
"10/03/2026";"1700";"22,8";"22,9";"22,5";"100,0";"100,0";"100,0";"22,8";"22,9";"22,5";"1015,8";"1016,1";"1015,7";"3,2";"111,0";"7,9";"357,40";"8,0"
"10/03/2026";"1800";"23,0";"23,1";"22,8";"100,0";"100,0";"100,0";"23,0";"23,1";"22,8";"1015,3";"1015,8";"1015,3";"2,7";"118,0";"6,8";"470,40";"1,4"
"10/03/2026";"1900";"23,1";"23,2";"23,0";"100,0";"100,0";"100,0";"23,1";"23,2";"23,0";"1015,1";"1015,3";"1015,0";"2,5";"122,0";"7,3";"289,40";"0,4"
"10/03/2026";"2000";"23,4";"23,4";"23,1";"99,0";"100,0";"97,0";"23,2";"23,3";"22,7";"1015,0";"1015,1";"1015,0";"3,1";"112,0";"7,7";"122,70";"0,4"
"10/03/2026";"2100";"23,0";"23,4";"22,9";"100,0";"100,0";"94,0";"23,0";"23,3";"22,3";"1014,9";"1015,1";"1014,9";"3,6";"115,0";"8,5";"48,40";"0,6"
"10/03/2026";"2200";"23,4";"23,5";"23,0";"96,0";"100,0";"95,0";"22,7";"23,1";"22,6";"1015,1";"1015,3";"1014,9";"2,7";"127,0";"7,6";"1,30";"0,2"
"10/03/2026";"2300";"23,5";"23,6";"23,4";"97,0";"100,0";"96,0";"23,0";"23,5";"22,8";"1015,2";"1015,3";"1015,1";"3,3";"119,0";"7,3";"";"0,4"
"11/03/2026";"0000";"22,5";"23,6";"22,5";"100,0";"100,0";"94,0";"22,5";"23,0";"22,5";"1015,7";"1015,7";"1015,2";"1,4";"347,0";"7,3";"";"0,0"
"11/03/2026";"0100";"22,3";"22,5";"22,3";"100,0";"100,0";"100,0";"22,3";"22,4";"22,3";"1015,8";"1015,9";"1015,7";"0,4";"349,0";"2,6";"";"0,0"
"11/03/2026";"0200";"22,2";"22,4";"22,2";"100,0";"100,0";"100,0";"22,2";"22,4";"22,2";"1015,5";"1015,8";"1015,5";"0,6";"307,0";"1,1";"";"0,0"
"11/03/2026";"0300";"22,0";"22,3";"22,0";"100,0";"100,0";"100,0";"22,0";"22,2";"22,0";"1015,1";"1015,6";"1015,1";"1,3";"292,0";"1,9";"";"0,0"
"11/03/2026";"0400";"22,0";"22,1";"22,0";"100,0";"100,0";"100,0";"22,0";"22,1";"22,0";"1014,5";"1015,1";"1014,5";"0,7";"310,0";"1,9";"";"0,0"
"11/03/2026";"0500";"22,1";"22,1";"22,0";"100,0";"100,0";"100,0";"22,1";"22,1";"22,0";"1014,2";"1014,5";"1014,2";"0,6";"277,0";"1,9";"";"0,0"
"11/03/2026";"0600";"22,0";"22,1";"22,0";"100,0";"100,0";"100,0";"22,0";"22,1";"22,0";"1013,7";"1014,2";"1013,7";"0,4";"260,0";"1,7";"";"0,0"
"11/03/2026";"0700";"22,0";"22,1";"22,0";"100,0";"100,0";"100,0";"22,0";"22,1";"22,0";"1013,5";"1013,7";"1013,4";"0,7";"304,0";"1,4";"";"0,0"
"11/03/2026";"0800";"22,0";"22,0";"21,9";"100,0";"100,0";"100,0";"21,9";"22,0";"21,9";"1013,6";"1013,6";"1013,4";"0,4";"212,0";"1,1";"";"0,2"
"11/03/2026";"0900";"21,9";"22,0";"21,8";"100,0";"100,0";"100,0";"21,9";"22,0";"21,8";"1013,8";"1013,9";"1013,6";"0,3";"307,0";"1,2";"";"0,0"
"11/03/2026";"1000";"22,2";"22,2";"21,9";"100,0";"100,0";"100,0";"22,1";"22,1";"21,9";"1014,3";"1014,3";"1013,8";"0,4";"269,0";"1,1";"75,30";"0,0"
"11/03/2026";"1100";"23,0";"23,0";"22,1";"100,0";"100,0";"100,0";"23,0";"23,0";"22,1";"1015,0";"1015,0";"1014,3";"0,4";"193,0";"1,2";"324,00";"0,0"
"11/03/2026";"1200";"24,1";"24,2";"23,0";"94,0";"100,0";"94,0";"23,1";"23,8";"23,0";"1015,2";"1015,2";"1015,0";"0,5";"280,0";"1,3";"737,70";"0,0"
"11/03/2026";"1300";"25,3";"25,4";"24,0";"89,0";"95,0";"83,0";"23,3";"23,4";"22,0";"1015,1";"1015,3";"1015,1";"0,6";"59,0";"2,1";"949,30";"0,0"
"11/03/2026";"1400";"23,4";"25,4";"23,3";"100,0";"100,0";"86,0";"23,4";"23,8";"22,7";"1015,0";"1015,3";"1015,0";"1,1";"355,0";"3,5";"622,70";"0,6"
"11/03/2026";"1500";"23,4";"23,8";"23,3";"100,0";"100,0";"100,0";"23,4";"23,7";"23,3";"1014,6";"1015,0";"1014,6";"1,6";"296,0";"2,8";"754,60";"0,4"
"11/03/2026";"1600";"23,9";"24,3";"23,4";"100,0";"100,0";"99,0";"23,9";"24,3";"23,4";"1013,9";"1014,6";"1013,9";"0,9";"289,0";"2,9";"958,70";"0,2"
"11/03/2026";"1700";"24,0";"24,1";"23,9";"100,0";"100,0";"100,0";"24,0";"24,1";"23,8";"1013,2";"1013,9";"1013,2";"1,4";"335,0";"2,7";"529,30";"0,0"
"11/03/2026";"1800";"23,8";"24,0";"23,4";"100,0";"100,0";"100,0";"23,7";"24,0";"23,4";"1012,6";"1013,2";"1012,6";"0,7";"294,0";"3,2";"329,90";"0,0"
"11/03/2026";"1900";"23,7";"24,0";"23,6";"100,0";"100,0";"100,0";"23,7";"24,0";"23,6";"1012,1";"1012,6";"1012,1";"1,4";"325,0";"3,1";"418,30";"0,2"
"11/03/2026";"2000";"23,8";"23,8";"23,6";"100,0";"100,0";"100,0";"23,8";"23,8";"23,6";"1011,8";"1012,1";"1011,7";"0,6";"299,0";"2,9";"244,80";"0,4"
"11/03/2026";"2100";"23,7";"24,1";"23,5";"100,0";"100,0";"100,0";"23,7";"24,1";"23,5";"1011,6";"1011,8";"1011,6";"1,1";"359,0";"2,8";"96,30";"0,0"
"11/03/2026";"2200";"23,2";"23,7";"23,1";"100,0";"100,0";"100,0";"23,2";"23,6";"23,1";"1011,9";"1011,9";"1011,6";"0,8";"322,0";"2,8";"7,00";"0,0"
"11/03/2026";"2300";"23,0";"23,3";"23,0";"100,0";"100,0";"100,0";"23,0";"23,3";"23,0";"1012,5";"1012,5";"1011,9";"0,1";"271,0";"1,5";"";"0,0"
"12/03/2026";"0000";"22,8";"23,0";"22,8";"100,0";"100,0";"100,0";"22,8";"23,0";"22,8";"1013,1";"1013,1";"1012,5";"0,8";"332,0";"1,0";"";"0,0"
"12/03/2026";"0100";"22,8";"23,0";"22,7";"100,0";"100,0";"100,0";"22,8";"22,9";"22,7";"1013,2";"1013,2";"1013,1";"0,3";"314,0";"1,3";"";"0,0"
"12/03/2026";"0200";"22,7";"22,8";"22,7";"100,0";"100,0";"100,0";"22,7";"22,8";"22,6";"1012,8";"1013,2";"1012,8";"0,3";"323,0";"1,1";"";"0,0"
"12/03/2026";"0300";"22,6";"22,7";"22,6";"100,0";"100,0";"100,0";"22,6";"22,7";"22,6";"1012,5";"1012,9";"1012,5";"0,5";"351,0";"1,3";"";"0,0"
"12/03/2026";"0400";"22,6";"22,7";"22,6";"100,0";"100,0";"100,0";"22,6";"22,6";"22,6";"1012,4";"1012,5";"1012,3";"0,6";"270,0";"1,1";"";"0,2"
"12/03/2026";"0500";"22,7";"22,8";"22,6";"100,0";"100,0";"100,0";"22,7";"22,8";"22,6";"1011,9";"1012,4";"1011,9";"0,4";"239,0";"1,4";"";"0,4"
"12/03/2026";"0600";"22,5";"22,7";"22,5";"100,0";"100,0";"100,0";"22,5";"22,7";"22,5";"1011,3";"1011,9";"1011,3";"1,0";"333,0";"1,7";"";"1,4"
"12/03/2026";"0700";"22,4";"22,5";"22,4";"100,0";"100,0";"100,0";"22,4";"22,5";"22,4";"1010,9";"1011,3";"1010,9";"0,4";"14,0";"1,7";"";"0,8"
"12/03/2026";"0800";"22,3";"22,4";"22,3";"100,0";"100,0";"100,0";"22,3";"22,4";"22,3";"1010,9";"1010,9";"1010,8";"0,5";"340,0";"1,8";"";"2,8"
"12/03/2026";"0900";"22,3";"22,3";"22,3";"100,0";"100,0";"100,0";"22,3";"22,3";"22,3";"1011,1";"1011,1";"1010,9";"0,7";"357,0";"1,1";"";"0,8"
"12/03/2026";"1000";"22,3";"22,3";"22,3";"100,0";"100,0";"100,0";"22,3";"22,3";"22,3";"1011,2";"1011,2";"1011,0";"0,8";"331,0";"1,1";"30,60";"1,6"
"12/03/2026";"1100";"22,5";"22,6";"22,3";"100,0";"100,0";"100,0";"22,5";"22,6";"22,2";"1011,5";"1011,5";"1011,2";"0,7";"322,0";"1,5";"229,00";"0,8"
"12/03/2026";"1200";"23,2";"23,4";"22,5";"100,0";"100,0";"100,0";"23,2";"23,3";"22,6";"1011,7";"1011,7";"1011,4";"0,5";"360,0";"1,3";"445,80";"0,6"
"12/03/2026";"1300";"22,8";"23,2";"22,7";"100,0";"100,0";"100,0";"22,8";"23,1";"22,7";"1011,5";"1011,7";"1011,5";"0,8";"254,0";"2,2";"220,10";"5,8"
"12/03/2026";"1400";"23,3";"23,5";"22,8";"100,0";"100,0";"100,0";"23,3";"23,5";"22,8";"1010,5";"1011,5";"1010,5";"0,9";"343,0";"2,2";"550,00";"0,2"
"12/03/2026";"1500";"23,7";"23,9";"23,3";"100,0";"100,0";"100,0";"23,7";"23,9";"23,3";"1009,8";"1010,5";"1009,8";"0,4";"288,0";"1,8";"477,90";"0,0"
"12/03/2026";"1600";"24,7";"24,7";"23,7";"99,0";"100,0";"98,0";"24,5";"24,7";"23,8";"1008,7";"1009,8";"1008,7";"1,0";"116,0";"2,7";"744,90";"0,0"
"12/03/2026";"1700";"25,3";"25,3";"24,5";"95,0";"100,0";"94,0";"24,5";"25,0";"24,0";"1008,0";"1008,7";"1007,9";"0,9";"104,0";"2,7";"874,70";"0,0"
"12/03/2026";"1800";"24,4";"25,3";"24,3";"100,0";"100,0";"94,0";"24,4";"24,8";"24,0";"1007,3";"1008,0";"1007,3";"1,5";"305,0";"2,6";"567,50";"0,0"
"12/03/2026";"1900";"24,7";"24,7";"24,4";"100,0";"100,0";"100,0";"24,6";"24,7";"24,4";"1006,5";"1007,3";"1006,5";"0,6";"293,0";"2,9";"319,60";"0,0"
"12/03/2026";"2000";"25,2";"25,5";"24,6";"97,0";"100,0";"95,0";"24,7";"25,0";"24,1";"1006,3";"1006,5";"1006,3";"0,7";"199,0";"1,8";"355,40";"0,0"
"12/03/2026";"2100";"24,9";"25,2";"24,9";"100,0";"100,0";"97,0";"24,9";"25,2";"24,7";"1006,4";"1006,6";"1006,3";"1,0";"201,0";"2,6";"179,70";"0,0"
"12/03/2026";"2200";"23,3";"24,9";"23,3";"100,0";"100,0";"100,0";"23,3";"24,9";"23,3";"1006,7";"1006,8";"1006,4";"1,8";"214,0";"6,0";"5,70";"3,4"
"12/03/2026";"2300";"22,9";"23,4";"22,9";"100,0";"100,0";"100,0";"22,9";"23,4";"22,9";"1007,7";"1007,7";"1006,7";"1,8";"260,0";"4,5";"";"5,6"
"13/03/2026";"0000";"22,7";"22,9";"22,7";"100,0";"100,0";"100,0";"22,7";"22,9";"22,7";"1008,8";"1008,8";"1007,7";"2,1";"243,0";"6,2";"";"0,8"
"13/03/2026";"0100";"22,0";"22,7";"22,0";"100,0";"100,0";"100,0";"22,0";"22,7";"22,0";"1009,2";"1009,2";"1008,8";"1,8";"211,0";"7,3";"";"5,2"
"13/03/2026";"0200";"22,2";"22,2";"22,0";"100,0";"100,0";"100,0";"22,1";"22,1";"22,0";"1009,3";"1009,4";"1009,2";"1,1";"175,0";"4,5";"";"2,8"
"13/03/2026";"0300";"22,1";"22,2";"22,1";"100,0";"100,0";"100,0";"22,1";"22,2";"22,1";"1009,3";"1009,4";"1009,2";"1,4";"220,0";"3,4";"";"2,4"
"13/03/2026";"0400";"22,1";"22,1";"22,0";"100,0";"100,0";"100,0";"22,0";"22,1";"22,0";"1008,9";"1009,3";"1008,9";"1,2";"234,0";"3,2";"";"0,4"
"13/03/2026";"0500";"22,0";"22,1";"22,0";"100,0";"100,0";"100,0";"22,0";"22,1";"22,0";"1008,0";"1008,9";"1008,0";"0,8";"234,0";"3,1";"";"0,0"
"13/03/2026";"0600";"21,9";"22,1";"21,9";"100,0";"100,0";"100,0";"21,9";"22,1";"21,9";"1007,3";"1008,0";"1007,3";"1,4";"220,0";"3,6";"";"0,0"
"13/03/2026";"0700";"22,0";"22,1";"21,9";"100,0";"100,0";"100,0";"22,0";"22,1";"21,9";"1007,1";"1007,3";"1006,9";"1,2";"276,0";"4,2";"";"0,2"
"13/03/2026";"0800";"21,6";"22,0";"21,5";"100,0";"100,0";"100,0";"21,6";"22,0";"21,5";"1007,6";"1007,6";"1007,1";"1,0";"319,0";"3,7";"";"0,0"
"13/03/2026";"0900";"21,8";"21,8";"21,5";"100,0";"100,0";"100,0";"21,8";"21,8";"21,5";"1008,0";"1008,0";"1007,6";"1,3";"291,0";"2,6";"";"0,0"
"13/03/2026";"1000";"22,3";"22,3";"21,6";"100,0";"100,0";"100,0";"22,3";"22,3";"21,6";"1008,7";"1008,7";"1008,0";"1,3";"250,0";"3,1";"85,20";"0,0"
"13/03/2026";"1100";"22,6";"22,9";"22,2";"100,0";"100,0";"100,0";"22,5";"22,9";"22,2";"1009,5";"1009,5";"1008,7";"1,3";"336,0";"2,6";"324,00";"0,0"
"13/03/2026";"1200";"24,1";"24,2";"22,6";"90,0";"100,0";"89,0";"22,4";"23,5";"22,2";"1010,0";"1010,0";"1009,5";"0,9";"345,0";"1,8";"803,20";"0,0"
"13/03/2026";"1300";"26,0";"26,2";"24,1";"77,0";"92,0";"77,0";"21,7";"23,3";"21,7";"1010,1";"1010,1";"1010,0";"1,3";"236,0";"4,5";"1160,40";"0,2"
"13/03/2026";"1400";"26,1";"26,7";"25,9";"77,0";"80,0";"75,0";"21,8";"22,7";"21,6";"1010,1";"1010,1";"1010,0";"1,7";"228,0";"5,6";"1594,00";"0,0"
"13/03/2026";"1500";"26,5";"26,6";"26,0";"76,0";"81,0";"75,0";"21,8";"22,7";"21,6";"1009,9";"1010,1";"1009,9";"1,3";"240,0";"5,6";"892,30";"0,0"
"13/03/2026";"1600";"27,0";"27,1";"26,4";"77,0";"81,0";"73,0";"22,7";"23,4";"21,7";"1009,5";"1009,9";"1009,5";"1,0";"166,0";"3,4";"1036,50";"0,0"
"13/03/2026";"1700";"26,1";"27,1";"26,0";"87,0";"87,0";"75,0";"23,8";"23,8";"22,2";"1009,0";"1009,5";"1009,0";"1,4";"185,0";"4,0";"1042,80";"0,0"
"13/03/2026";"1800";"25,1";"26,4";"24,6";"99,0";"100,0";"82,0";"24,8";"25,3";"22,9";"1008,8";"1009,0";"1008,8";"0,3";"23,0";"3,7";"580,90";"0,2"
"13/03/2026";"1900";"26,5";"26,9";"25,1";"89,0";"99,0";"80,0";"24,4";"25,4";"22,7";"1008,6";"1008,8";"1008,6";"0,8";"236,0";"1,9";"841,40";"0,0"
"13/03/2026";"2000";"25,9";"26,7";"25,4";"93,0";"93,0";"81,0";"24,7";"24,7";"22,7";"1008,8";"1008,8";"1008,6";"0,5";"148,0";"3,0";"365,60";"0,0"
"13/03/2026";"2100";"24,5";"26,1";"24,5";"100,0";"100,0";"87,0";"24,5";"24,9";"23,7";"1009,2";"1009,2";"1008,8";"1,3";"305,0";"2,3";"146,10";"0,0"
"13/03/2026";"2200";"23,5";"24,5";"23,5";"100,0";"100,0";"100,0";"23,5";"24,5";"23,5";"1009,5";"1009,5";"1009,2";"0,5";"343,0";"2,0";"8,70";"0,0"
"13/03/2026";"2300";"22,7";"23,5";"22,7";"100,0";"100,0";"100,0";"22,7";"23,5";"22,7";"1010,0";"1010,0";"1009,5";"0,4";"324,0";"0,9";"";"0,0"
"14/03/2026";"0000";"22,3";"22,7";"22,2";"100,0";"100,0";"100,0";"22,3";"22,6";"22,2";"1010,5";"1010,5";"1010,0";"0,6";"262,0";"1,2";"";"0,0"
"14/03/2026";"0100";"21,8";"22,3";"21,7";"100,0";"100,0";"100,0";"21,8";"22,2";"21,7";"1010,7";"1010,8";"1010,5";"0,8";"284,0";"1,3";"";"0,0"
"14/03/2026";"0200";"21,6";"21,9";"21,6";"100,0";"100,0";"100,0";"21,6";"21,9";"21,6";"1010,1";"1010,7";"1010,1";"0,7";"311,0";"1,6";"";"0,0"
"14/03/2026";"0300";"21,3";"21,7";"21,2";"100,0";"100,0";"100,0";"21,3";"21,7";"21,2";"1009,6";"1010,1";"1009,6";"0,3";"292,0";"1,2";"";"0,0"
"14/03/2026";"0400";"20,9";"21,4";"20,8";"100,0";"100,0";"100,0";"20,9";"21,4";"20,8";"1009,0";"1009,6";"1009,0";"0,6";"319,0";"1,1";"";"0,0"
"14/03/2026";"0500";"20,9";"21,0";"20,8";"100,0";"100,0";"100,0";"20,9";"21,0";"20,8";"1008,6";"1009,0";"1008,6";"0,7";"271,0";"2,0";"";"0,0"
"14/03/2026";"0600";"21,2";"21,3";"20,8";"100,0";"100,0";"100,0";"21,2";"21,3";"20,8";"1008,3";"1008,6";"1008,2";"0,9";"240,0";"2,8";"";"0,0"
"14/03/2026";"0700";"20,4";"21,3";"20,3";"100,0";"100,0";"100,0";"20,4";"21,2";"20,3";"1008,6";"1008,6";"1008,2";"0,5";"320,0";"2,2";"";"0,0"
"14/03/2026";"0800";"20,3";"20,6";"20,3";"100,0";"100,0";"100,0";"20,3";"20,6";"20,2";"1008,8";"1008,8";"1008,5";"1,0";"302,0";"1,5";"";"0,0"
"14/03/2026";"0900";"20,0";"20,3";"19,9";"100,0";"100,0";"100,0";"19,9";"20,2";"19,9";"1009,5";"1009,5";"1008,8";"0,5";"294,0";"1,5";"";"0,0"
"14/03/2026";"1000";"20,2";"20,5";"20,0";"100,0";"100,0";"100,0";"20,2";"20,5";"19,9";"1010,2";"1010,2";"1009,5";"0,5";"349,0";"1,6";"139,20";"0,0"
"14/03/2026";"1100";"22,8";"22,8";"20,1";"100,0";"100,0";"99,0";"22,8";"22,8";"20,1";"1010,6";"1010,6";"1010,2";"0,2";"299,0";"0,9";"908,00";"0,0"
"14/03/2026";"1200";"25,8";"25,8";"22,8";"70,0";"100,0";"68,0";"19,9";"22,9";"19,2";"1011,0";"1011,0";"1010,6";"0,6";"341,0";"1,0";"1750,00";"0,2"
"14/03/2026";"1300";"27,3";"27,8";"25,6";"68,0";"72,0";"66,0";"20,9";"21,6";"19,1";"1011,0";"1011,2";"1011,0";"1,3";"116,0";"2,8";"2326,40";"0,0"
"14/03/2026";"1400";"28,0";"28,4";"27,0";"72,0";"78,0";"66,0";"22,4";"23,4";"20,6";"1010,9";"1011,0";"1010,9";"2,3";"122,0";"5,2";"3003,70";"0,0"
"14/03/2026";"1500";"27,5";"28,5";"27,1";"72,0";"74,0";"67,0";"21,9";"22,7";"21,0";"1010,7";"1010,9";"1010,7";"2,1";"139,0";"5,4";"3492,10";"0,0"
"14/03/2026";"1600";"27,4";"28,3";"26,9";"74,0";"77,0";"68,0";"22,4";"23,0";"21,0";"1010,3";"1010,7";"1010,3";"2,0";"145,0";"6,5";"2687,40";"0,0"
"14/03/2026";"1700";"27,4";"28,2";"27,0";"76,0";"80,0";"73,0";"22,8";"24,1";"22,4";"1010,0";"1010,3";"1010,0";"1,9";"128,0";"5,3";"2812,70";"0,0"
"14/03/2026";"1800";"28,3";"28,4";"27,1";"72,0";"78,0";"70,0";"22,7";"23,7";"21,6";"1009,5";"1010,0";"1009,5";"2,8";"103,0";"5,5";"2415,60";"0,0"
"14/03/2026";"1900";"27,4";"28,3";"27,4";"73,0";"75,0";"69,0";"22,1";"22,8";"21,4";"1008,9";"1009,5";"1008,9";"1,9";"115,0";"5,4";"2213,60";"0,0"
"14/03/2026";"2000";"26,6";"27,7";"26,6";"77,0";"78,0";"72,0";"22,4";"22,8";"22,0";"1008,7";"1008,9";"1008,7";"2,1";"116,0";"4,9";"1281,40";"0,0"
"14/03/2026";"2100";"25,9";"26,6";"25,8";"85,0";"86,0";"77,0";"23,1";"23,2";"22,3";"1008,5";"1008,7";"1008,5";"2,3";"97,0";"3,9";"161,40";"0,0"
"14/03/2026";"2200";"24,7";"25,9";"24,7";"94,0";"94,0";"84,0";"23,6";"23,6";"22,9";"1008,5";"1008,5";"1008,4";"0,6";"12,0";"3,5";"9,50";"0,0"
"14/03/2026";"2300";"23,2";"24,7";"23,2";"100,0";"100,0";"94,0";"23,2";"24,1";"23,2";"1009,1";"1009,1";"1008,5";"1,1";"334,0";"2,4";"";"0,0"
"15/03/2026";"0000";"22,6";"23,2";"22,6";"98,0";"100,0";"98,0";"22,3";"23,1";"22,3";"1009,7";"1009,7";"1009,0";"1,3";"339,0";"2,0";"";"0,0"
"15/03/2026";"0100";"21,9";"22,6";"21,9";"100,0";"100,0";"98,0";"21,9";"22,4";"21,9";"1010,4";"1010,4";"1009,7";"0,6";"289,0";"2,0";"";"0,0"
"15/03/2026";"0200";"21,8";"22,0";"21,6";"98,0";"100,0";"98,0";"21,5";"21,9";"21,5";"1010,2";"1010,5";"1010,2";"1,6";"349,0";"2,7";"";"0,0"
"15/03/2026";"0300";"21,1";"22,0";"21,1";"100,0";"100,0";"95,0";"21,1";"21,6";"21,1";"1009,8";"1010,2";"1009,8";"0,5";"247,0";"2,6";"";"0,0"
"15/03/2026";"0400";"21,4";"21,4";"21,1";"100,0";"100,0";"100,0";"21,4";"21,4";"21,0";"1009,1";"1009,8";"1009,1";"0,7";"294,0";"2,1";"";"0,0"
"15/03/2026";"0500";"20,5";"21,4";"20,5";"100,0";"100,0";"100,0";"20,4";"21,4";"20,4";"1008,5";"1009,1";"1008,5";"0,5";"328,0";"1,6";"";"0,0"
"15/03/2026";"0600";"20,9";"20,9";"20,4";"100,0";"100,0";"100,0";"20,9";"20,9";"20,3";"1008,2";"1008,5";"1008,1";"0,6";"269,0";"1,5";"";"0,0"
"15/03/2026";"0700";"21,0";"21,1";"20,7";"100,0";"100,0";"100,0";"21,0";"21,1";"20,7";"1008,2";"1008,2";"1008,0";"0,7";"268,0";"1,5";"";"0,0"
"15/03/2026";"0800";"21,0";"21,1";"20,8";"100,0";"100,0";"100,0";"21,0";"21,1";"20,7";"1008,2";"1008,2";"1008,1";"0,7";"261,0";"2,0";"";"0,0"
"15/03/2026";"0900";"20,8";"21,0";"20,5";"100,0";"100,0";"100,0";"20,8";"21,0";"20,5";"1008,7";"1008,7";"1008,2";"0,8";"282,0";"2,0";"";"0,0"
"15/03/2026";"1000";"21,5";"21,8";"20,7";"100,0";"100,0";"100,0";"21,5";"21,8";"20,7";"1009,5";"1009,5";"1008,7";"1,1";"287,0";"3,9";"102,20";"0,0"
"15/03/2026";"1100";"23,6";"23,6";"21,5";"83,0";"100,0";"83,0";"20,6";"22,0";"20,6";"1010,3";"1010,3";"1009,5";"1,0";"337,0";"2,3";"879,20";"0,0"
"15/03/2026";"1200";"27,3";"27,3";"23,6";"74,0";"84,0";"71,0";"22,2";"22,6";"20,3";"1010,4";"1010,6";"1010,3";"1,0";"131,0";"2,9";"1721,80";"0,0"
"15/03/2026";"1300";"28,0";"28,3";"26,6";"65,0";"77,0";"65,0";"20,9";"22,6";"20,3";"1010,2";"1010,6";"1010,2";"0,6";"302,0";"3,4";"2209,00";"0,0"
"15/03/2026";"1400";"29,5";"29,8";"27,9";"62,0";"69,0";"60,0";"21,5";"22,4";"20,1";"1009,8";"1010,2";"1009,8";"2,4";"113,0";"4,7";"2896,50";"0,0"
"15/03/2026";"1500";"29,1";"29,8";"28,7";"68,0";"71,0";"61,0";"22,7";"23,4";"21,2";"1009,8";"1010,0";"1009,8";"3,3";"106,0";"5,7";"3336,70";"0,0"
"15/03/2026";"1600";"29,1";"29,2";"28,3";"70,0";"73,0";"68,0";"23,1";"23,6";"22,5";"1009,6";"1009,8";"1009,5";"3,0";"105,0";"6,8";"3420,90";"0,0"
"15/03/2026";"1700";"29,6";"30,2";"28,7";"62,0";"73,0";"51,0";"21,5";"23,8";"18,5";"1009,1";"1009,6";"1009,1";"2,0";"122,0";"5,3";"3232,90";"0,0"
"15/03/2026";"1800";"29,1";"29,7";"28,7";"68,0";"68,0";"62,0";"22,6";"22,8";"21,6";"1008,7";"1009,1";"1008,7";"2,4";"99,0";"4,9";"2609,50";"0,0"
"15/03/2026";"1900";"29,2";"29,3";"28,2";"64,0";"70,0";"61,0";"21,6";"22,7";"21,0";"1008,2";"1008,7";"1008,1";"1,9";"119,0";"5,0";"1655,90";"0,0"
"15/03/2026";"2000";"27,7";"29,3";"27,7";"72,0";"74,0";"63,0";"22,2";"22,8";"21,2";"1008,2";"1008,3";"1008,0";"1,9";"114,0";"4,9";"554,10";"0,0"
"15/03/2026";"2100";"27,3";"27,7";"27,3";"75,0";"77,0";"72,0";"22,5";"23,2";"22,3";"1008,2";"1008,2";"1008,1";"1,3";"129,0";"3,9";"181,00";"0,0"
"15/03/2026";"2200";"25,3";"27,3";"25,3";"96,0";"96,0";"75,0";"24,6";"24,6";"22,4";"1008,7";"1008,7";"1008,2";"1,0";"311,0";"3,4";"9,00";"0,0"
"15/03/2026";"2300";"23,9";"25,3";"23,9";"100,0";"100,0";"96,0";"23,9";"24,9";"23,9";"1009,1";"1009,1";"1008,6";"0,7";"345,0";"1,6";"";"0,0"
"16/03/2026";"0000";"23,2";"24,0";"23,1";"100,0";"100,0";"100,0";"23,2";"23,9";"23,0";"1009,9";"1009,9";"1009,1";"0,3";"267,0";"1,3";"";"0,0"
"16/03/2026";"0100";"22,5";"23,2";"22,5";"100,0";"100,0";"100,0";"22,5";"23,2";"22,5";"1010,7";"1010,7";"1009,9";"0,5";"352,0";"1,2";"";"0,0"
"16/03/2026";"0200";"22,0";"22,5";"22,0";"100,0";"100,0";"100,0";"21,9";"22,5";"21,9";"1010,6";"1010,8";"1010,6";"0,6";"12,0";"1,2";"";"0,0"
"16/03/2026";"0300";"22,1";"22,2";"21,9";"100,0";"100,0";"100,0";"22,1";"22,2";"21,9";"1010,4";"1010,6";"1010,4";"0,7";"273,0";"1,8";"";"0,0"
"16/03/2026";"0400";"22,2";"22,3";"22,1";"100,0";"100,0";"100,0";"22,1";"22,3";"22,0";"1010,0";"1010,3";"1010,0";"0,8";"274,0";"1,7";"";"0,0"
"16/03/2026";"0500";"21,7";"22,2";"21,7";"100,0";"100,0";"100,0";"21,6";"22,2";"21,6";"1009,5";"1010,0";"1009,5";"0,9";"314,0";"1,7";"";"0,0"
"16/03/2026";"0600";"21,9";"21,9";"21,4";"100,0";"100,0";"100,0";"21,9";"21,9";"21,4";"1009,5";"1009,5";"1009,5";"0,6";"236,0";"2,1";"";"0,0"
"16/03/2026";"0700";"21,6";"22,2";"21,6";"100,0";"100,0";"100,0";"21,6";"22,1";"21,6";"1009,6";"1009,6";"1009,5";"0,9";"261,0";"2,2";"";"0,0"
"16/03/2026";"0800";"21,8";"22,2";"21,4";"100,0";"100,0";"100,0";"21,8";"22,2";"21,4";"1009,9";"1009,9";"1009,6";"1,1";"252,0";"2,8";"";"0,0"
"16/03/2026";"0900";"21,7";"22,8";"21,6";"100,0";"100,0";"100,0";"21,7";"22,8";"21,6";"1011,0";"1011,0";"1009,9";"1,3";"269,0";"5,2";"";"0,0"
"16/03/2026";"1000";"22,4";"22,6";"21,6";"100,0";"100,0";"100,0";"22,4";"22,6";"21,6";"1011,7";"1011,7";"1011,0";"1,1";"298,0";"2,9";"92,50";"0,2"
"16/03/2026";"1100";"24,9";"24,9";"22,4";"85,0";"100,0";"84,0";"22,1";"22,9";"21,8";"1012,2";"1012,2";"1011,6";"0,8";"303,0";"2,1";"859,40";"0,0"
"16/03/2026";"1200";"27,2";"27,2";"24,9";"71,0";"85,0";"71,0";"21,6";"22,3";"21,4";"1012,3";"1012,4";"1012,2";"0,8";"8,0";"2,5";"1705,10";"0,0"
"16/03/2026";"1300";"28,6";"29,2";"27,2";"76,0";"76,0";"65,0";"24,0";"24,0";"20,8";"1012,6";"1012,6";"1012,3";"2,0";"126,0";"3,8";"2223,80";"0,0"
"16/03/2026";"1400";"29,6";"29,6";"28,4";"75,0";"79,0";"73,0";"24,6";"25,1";"23,4";"1012,5";"1012,7";"1012,5";"2,0";"115,0";"4,5";"2877,50";"0,0"
"16/03/2026";"1500";"29,8";"30,4";"29,4";"73,0";"75,0";"67,0";"24,4";"24,7";"23,3";"1011,8";"1012,5";"1011,8";"2,5";"138,0";"5,7";"3343,60";"0,0"
"16/03/2026";"1600";"29,9";"30,3";"29,1";"75,0";"78,0";"70,0";"24,9";"25,7";"23,7";"1011,4";"1011,8";"1011,4";"2,4";"123,0";"5,7";"3410,10";"0,0"
"16/03/2026";"1700";"29,5";"30,3";"29,2";"77,0";"79,0";"72,0";"25,1";"25,7";"24,3";"1011,0";"1011,4";"1011,0";"2,1";"138,0";"5,6";"3203,30";"0,0"
"16/03/2026";"1800";"29,0";"29,8";"28,5";"81,0";"82,0";"75,0";"25,3";"25,5";"24,6";"1010,6";"1011,0";"1010,6";"2,8";"159,0";"7,1";"2773,00";"0,0"
"16/03/2026";"1900";"28,4";"29,4";"28,2";"80,0";"82,0";"77,0";"24,6";"25,4";"24,5";"1010,1";"1010,6";"1010,1";"1,3";"141,0";"5,1";"1463,00";"0,0"
"16/03/2026";"2000";"26,9";"28,5";"26,9";"92,0";"93,0";"80,0";"25,5";"25,6";"24,7";"1010,1";"1010,2";"1010,1";"2,5";"153,0";"5,6";"566,40";"0,0"
"16/03/2026";"2100";"26,5";"26,9";"26,5";"94,0";"94,0";"92,0";"25,5";"25,6";"25,4";"1010,2";"1010,2";"1010,1";"1,4";"149,0";"4,8";"141,50";"0,0"
"16/03/2026";"2200";"26,3";"26,5";"26,3";"94,0";"96,0";"94,0";"25,2";"25,6";"25,2";"1011,2";"1011,2";"1010,2";"1,0";"117,0";"3,4";"7,20";"0,0"
"16/03/2026";"2300";"25,7";"26,4";"25,7";"100,0";"100,0";"94,0";"25,6";"25,6";"25,2";"1011,9";"1011,9";"1011,2";"0,4";"252,0";"2,1";"";"0,0"
"17/03/2026";"0000";"25,2";"25,7";"25,1";"100,0";"100,0";"100,0";"25,2";"25,6";"25,1";"1012,8";"1012,8";"1011,8";"0,2";"69,0";"1,7";"";"0,0"
"17/03/2026";"0100";"24,6";"25,2";"24,6";"100,0";"100,0";"100,0";"24,6";"25,2";"24,6";"1012,8";"1012,9";"1012,5";"0,7";"228,0";"2,0";"";"0,0"
"17/03/2026";"0200";"23,9";"24,6";"23,9";"100,0";"100,0";"100,0";"23,9";"24,6";"23,9";"1013,0";"1013,1";"1012,8";"0,7";"219,0";"2,0";"";"0,0"
"17/03/2026";"0300";"23,7";"24,0";"23,5";"100,0";"100,0";"100,0";"23,7";"23,9";"23,5";"1012,5";"1013,0";"1012,5";"0,7";"266,0";"1,5";"";"0,0"
"17/03/2026";"0400";"22,5";"23,7";"22,5";"100,0";"100,0";"100,0";"22,5";"23,6";"22,4";"1012,2";"1012,5";"1012,1";"1,2";"335,0";"1,9";"";"0,0"
"17/03/2026";"0500";"22,3";"22,6";"22,3";"100,0";"100,0";"100,0";"22,3";"22,6";"22,3";"1011,5";"1012,2";"1011,5";"0,3";"229,0";"1,9";"";"0,0"
"17/03/2026";"0600";"22,4";"22,6";"22,3";"100,0";"100,0";"100,0";"22,4";"22,6";"22,2";"1011,1";"1011,5";"1011,1";"0,8";"331,0";"1,5";"";"0,0"
"17/03/2026";"0700";"21,3";"22,4";"21,3";"100,0";"100,0";"100,0";"21,2";"22,4";"21,2";"1011,1";"1011,2";"1011,0";"0,3";"275,0";"2,1";"";"0,0"
"17/03/2026";"0800";"22,9";"22,9";"21,3";"100,0";"100,0";"100,0";"22,9";"22,9";"21,3";"1011,5";"1011,6";"1011,1";"0,8";"224,0";"3,4";"";"0,0"
"17/03/2026";"0900";"21,7";"23,0";"21,5";"100,0";"100,0";"100,0";"21,7";"23,0";"21,5";"1011,8";"1011,8";"1011,5";"0,8";"267,0";"3,4";"";"0,0"
"17/03/2026";"1000";"22,2";"22,2";"21,5";"100,0";"100,0";"100,0";"22,2";"22,2";"21,5";"1012,2";"1012,2";"1011,8";"0,8";"263,0";"1,6";"98,70";"0,0"
"17/03/2026";"1100";"24,7";"24,7";"22,2";"100,0";"100,0";"100,0";"24,7";"24,7";"22,3";"1013,0";"1013,0";"1012,2";"1,2";"199,0";"2,8";"748,20";"0,0"
"17/03/2026";"1200";"26,9";"27,3";"24,7";"81,0";"100,0";"76,0";"23,3";"24,9";"22,5";"1013,8";"1013,8";"1013,0";"0,8";"166,0";"3,3";"1633,90";"0,0"
"17/03/2026";"1300";"28,1";"28,2";"26,9";"77,0";"83,0";"75,0";"23,6";"24,3";"22,9";"1013,7";"1013,8";"1013,7";"2,3";"121,0";"4,8";"2368,20";"0,0"
"17/03/2026";"1400";"27,9";"28,3";"27,3";"79,0";"80,0";"73,0";"24,0";"24,0";"22,9";"1013,5";"1013,7";"1013,5";"2,6";"109,0";"5,4";"2264,10";"0,0"
"17/03/2026";"1500";"27,6";"27,9";"27,3";"75,0";"79,0";"73,0";"22,7";"23,5";"22,2";"1012,8";"1013,5";"1012,8";"2,4";"116,0";"5,2";"1412,80";"0,0"
"17/03/2026";"1600";"27,2";"27,7";"27,0";"77,0";"79,0";"74,0";"22,7";"23,5";"22,5";"1012,2";"1012,8";"1012,2";"2,4";"104,0";"4,5";"1496,90";"0,0"
"17/03/2026";"1700";"27,2";"27,3";"27,0";"76,0";"80,0";"75,0";"22,6";"23,5";"22,3";"1011,3";"1012,2";"1011,3";"1,8";"124,0";"4,2";"873,10";"0,0"
"17/03/2026";"1800";"27,3";"27,4";"27,0";"78,0";"80,0";"76,0";"23,2";"23,5";"22,5";"1010,7";"1011,3";"1010,7";"1,7";"111,0";"4,0";"852,30";"0,0"
"17/03/2026";"1900";"27,1";"28,0";"26,9";"78,0";"80,0";"75,0";"23,0";"23,8";"22,8";"1010,1";"1010,7";"1010,1";"1,8";"146,0";"3,8";"820,80";"0,0"
"17/03/2026";"2000";"27,0";"27,8";"26,9";"80,0";"80,0";"75,0";"23,2";"23,3";"22,6";"1010,2";"1010,2";"1010,0";"1,5";"150,0";"3,6";"697,30";"0,0"
"17/03/2026";"2100";"26,5";"27,1";"26,5";"83,0";"83,0";"79,0";"23,5";"23,5";"23,0";"1010,3";"1010,4";"1010,2";"1,0";"141,0";"3,3";"169,50";"0,0"
"17/03/2026";"2200";"25,3";"26,5";"25,3";"97,0";"98,0";"83,0";"24,8";"25,0";"23,3";"1010,9";"1010,9";"1010,2";"1,0";"274,0";"1,9";"6,10";"0,0"
"17/03/2026";"2300";"24,5";"25,3";"24,5";"100,0";"100,0";"97,0";"24,5";"25,1";"24,5";"1011,6";"1011,7";"1010,9";"0,5";"210,0";"1,9";"";"0,0"
"18/03/2026";"0000";"23,7";"24,5";"23,6";"100,0";"100,0";"100,0";"23,6";"24,4";"23,6";"1012,2";"1012,2";"1011,6";"0,3";"263,0";"1,7";"";"0,0"
"18/03/2026";"0100";"23,1";"23,7";"23,1";"100,0";"100,0";"100,0";"23,1";"23,7";"23,1";"1012,5";"1012,6";"1012,2";"0,5";"267,0";"1,1";"";"0,0"
"18/03/2026";"0200";"22,8";"23,1";"22,8";"100,0";"100,0";"100,0";"22,8";"23,1";"22,7";"1012,5";"1012,6";"1012,4";"0,8";"287,0";"1,3";"";"0,0"
"18/03/2026";"0300";"23,1";"23,1";"22,7";"100,0";"100,0";"100,0";"23,0";"23,0";"22,7";"1012,5";"1012,6";"1012,3";"0,8";"245,0";"2,5";"";"0,0"
"18/03/2026";"0400";"23,5";"23,5";"23,1";"100,0";"100,0";"100,0";"23,5";"23,5";"23,1";"1011,5";"1012,5";"1011,5";"0,9";"249,0";"3,1";"";"0,0"
"18/03/2026";"0500";"22,7";"23,6";"22,5";"100,0";"100,0";"100,0";"22,7";"23,5";"22,5";"1010,7";"1011,5";"1010,7";"0,5";"317,0";"2,3";"";"0,0"
"18/03/2026";"0600";"22,9";"23,1";"22,5";"100,0";"100,0";"100,0";"22,9";"23,1";"22,5";"1010,4";"1010,7";"1010,4";"0,7";"261,0";"1,7";"";"0,0"
"18/03/2026";"0700";"22,9";"23,1";"22,8";"100,0";"100,0";"100,0";"22,9";"23,1";"22,8";"1010,1";"1010,4";"1010,1";"0,4";"301,0";"1,7";"";"0,0"
"18/03/2026";"0800";"22,6";"23,1";"22,6";"100,0";"100,0";"100,0";"22,6";"23,1";"22,6";"1010,7";"1010,7";"1010,1";"0,6";"299,0";"1,8";"";"0,0"
"18/03/2026";"0900";"23,1";"23,2";"22,5";"100,0";"100,0";"100,0";"23,1";"23,2";"22,5";"1011,3";"1011,3";"1010,7";"0,7";"306,0";"1,2";"";"0,0"
"18/03/2026";"1000";"23,0";"23,3";"22,8";"100,0";"100,0";"100,0";"23,0";"23,3";"22,8";"1011,8";"1011,8";"1011,3";"0,8";"341,0";"2,1";"28,20";"0,0"
"18/03/2026";"1100";"23,6";"23,7";"23,0";"100,0";"100,0";"100,0";"23,6";"23,7";"23,0";"1012,2";"1012,2";"1011,8";"0,7";"240,0";"1,6";"168,80";"0,0"
"18/03/2026";"1200";"26,5";"26,6";"23,6";"85,0";"100,0";"84,0";"23,8";"25,2";"23,5";"1012,0";"1012,2";"1012,0";"0,6";"242,0";"1,5";"976,40";"0,0"
"18/03/2026";"1300";"28,4";"28,6";"26,5";"68,0";"87,0";"67,0";"21,9";"24,6";"21,6";"1011,8";"1012,0";"1011,7";"1,4";"151,0";"3,3";"2292,20";"0,0"
"18/03/2026";"1400";"27,0";"29,1";"26,9";"80,0";"81,0";"65,0";"23,3";"23,5";"21,4";"1011,7";"1012,0";"1011,7";"1,8";"122,0";"5,5";"1130,10";"0,0"
"18/03/2026";"1500";"27,5";"27,5";"27,0";"82,0";"84,0";"76,0";"24,1";"24,5";"22,9";"1010,8";"1011,7";"1010,8";"1,6";"131,0";"3,8";"1220,10";"0,0"
"18/03/2026";"1600";"27,2";"27,7";"27,0";"80,0";"83,0";"80,0";"23,5";"24,3";"23,4";"1010,1";"1010,8";"1010,1";"1,9";"106,0";"3,8";"1089,30";"0,0"
"18/03/2026";"1700";"27,2";"27,4";"27,1";"80,0";"81,0";"79,0";"23,5";"23,7";"23,2";"1009,5";"1010,1";"1009,5";"1,6";"121,0";"3,8";"771,10";"0,0"
"18/03/2026";"1800";"27,4";"27,6";"27,2";"79,0";"80,0";"77,0";"23,3";"23,6";"23,1";"1008,7";"1009,5";"1008,6";"1,9";"104,0";"4,1";"717,70";"0,0"
"18/03/2026";"1900";"27,2";"27,6";"27,2";"78,0";"80,0";"77,0";"23,1";"23,7";"23,1";"1008,0";"1008,8";"1008,0";"2,1";"110,0";"4,6";"638,50";"0,0"
"18/03/2026";"2000";"27,0";"27,3";"27,0";"76,0";"79,0";"76,0";"22,5";"23,2";"22,5";"1008,3";"1008,3";"1007,9";"1,4";"121,0";"4,1";"272,30";"0,0"
"18/03/2026";"2100";"26,6";"27,1";"26,6";"81,0";"81,0";"76,0";"22,9";"23,0";"22,5";"1008,5";"1008,5";"1008,1";"1,7";"128,0";"3,5";"128,50";"0,0"
"18/03/2026";"2200";"26,4";"26,6";"26,4";"80,0";"82,0";"79,0";"22,7";"23,2";"22,5";"1009,5";"1009,5";"1008,5";"1,6";"124,0";"4,7";"2,40";"0,0"
"18/03/2026";"2300";"26,1";"26,5";"26,1";"84,0";"84,0";"78,0";"23,2";"23,3";"22,3";"1009,9";"1009,9";"1009,5";"1,5";"137,0";"3,9";"";"0,0"
"19/03/2026";"0000";"26,0";"26,1";"26,0";"87,0";"87,0";"84,0";"23,7";"23,7";"23,1";"1010,5";"1010,5";"1009,9";"1,2";"131,0";"4,1";"";"0,0"
"19/03/2026";"0100";"24,7";"26,1";"24,7";"98,0";"98,0";"86,0";"24,4";"24,5";"23,5";"1010,3";"1010,6";"1010,3";"0,8";"318,0";"2,8";"";"0,0"
"19/03/2026";"0200";"24,2";"24,7";"24,2";"100,0";"100,0";"98,0";"24,2";"24,5";"24,2";"1010,1";"1010,3";"1010,0";"0,6";"208,0";"2,1";"";"0,0"
"19/03/2026";"0300";"23,6";"24,2";"23,5";"100,0";"100,0";"100,0";"23,6";"24,2";"23,5";"1009,6";"1010,1";"1009,5";"0,4";"308,0";"1,7";"";"0,0"
"19/03/2026";"0400";"23,4";"23,6";"23,4";"100,0";"100,0";"100,0";"23,4";"23,5";"23,3";"1009,2";"1009,6";"1009,2";"1,1";"343,0";"2,1";"";"0,0"
"19/03/2026";"0500";"23,4";"23,5";"23,1";"100,0";"100,0";"100,0";"23,4";"23,5";"23,1";"1008,8";"1009,2";"1008,8";"0,6";"275,0";"2,1";"";"0,0"
"19/03/2026";"0600";"23,5";"23,6";"23,2";"100,0";"100,0";"100,0";"23,5";"23,5";"23,2";"1008,0";"1008,8";"1008,0";"0,8";"308,0";"1,4";"";"0,0"
"19/03/2026";"0700";"23,5";"23,7";"23,3";"100,0";"100,0";"100,0";"23,5";"23,6";"23,3";"1007,7";"1008,0";"1007,6";"0,6";"296,0";"1,4";"";"0,0"
"19/03/2026";"0800";"23,2";"23,5";"23,2";"100,0";"100,0";"100,0";"23,2";"23,5";"23,2";"1007,6";"1007,7";"1007,6";"0,4";"238,0";"1,2";"";"0,0"
"19/03/2026";"0900";"23,2";"23,6";"23,2";"100,0";"100,0";"100,0";"23,2";"23,6";"23,2";"1007,8";"1007,8";"1007,6";"0,3";"249,0";"1,5";"";"0,0"
"19/03/2026";"1000";"23,5";"23,6";"23,2";"100,0";"100,0";"100,0";"23,5";"23,6";"23,2";"1008,4";"1008,4";"1007,8";"0,7";"210,0";"2,2";"42,70";"0,0"
"19/03/2026";"1100";"24,4";"24,5";"23,5";"100,0";"100,0";"100,0";"24,4";"24,5";"23,5";"1009,3";"1009,3";"1008,4";"1,0";"275,0";"2,2";"249,80";"0,0"
"19/03/2026";"1200";"24,1";"24,4";"24,1";"100,0";"100,0";"100,0";"24,1";"24,4";"24,1";"1009,5";"1009,6";"1009,3";"0,6";"334,0";"2,1";"242,20";"0,4"
"19/03/2026";"1300";"25,4";"25,4";"24,0";"100,0";"100,0";"100,0";"25,4";"25,4";"24,0";"1009,0";"1009,5";"1009,0";"0,5";"269,0";"1,6";"758,80";"0,2"
"19/03/2026";"1400";"27,1";"27,1";"25,4";"81,0";"100,0";"78,0";"23,7";"25,4";"22,5";"1008,9";"1009,1";"1008,9";"0,8";"290,0";"1,4";"1541,90";"0,0"
"19/03/2026";"1500";"27,5";"27,8";"26,8";"79,0";"81,0";"73,0";"23,5";"23,7";"22,1";"1008,7";"1008,9";"1008,7";"0,9";"154,0";"2,2";"1327,90";"0,0"
"19/03/2026";"1600";"26,9";"28,2";"26,8";"80,0";"80,0";"70,0";"23,2";"23,4";"21,7";"1008,1";"1008,7";"1008,1";"1,6";"145,0";"3,8";"1371,30";"0,0"
"19/03/2026";"1700";"25,9";"26,9";"25,9";"89,0";"89,0";"80,0";"24,0";"24,1";"23,0";"1007,9";"1008,1";"1007,8";"1,2";"195,0";"3,8";"250,20";"0,2"
"19/03/2026";"1800";"24,3";"25,9";"24,2";"100,0";"100,0";"89,0";"24,3";"25,1";"24,0";"1007,6";"1008,1";"1007,6";"1,1";"353,0";"3,0";"150,80";"3,4"
"19/03/2026";"1900";"23,9";"24,4";"23,7";"100,0";"100,0";"100,0";"23,8";"24,3";"23,7";"1006,5";"1007,7";"1006,5";"0,8";"80,0";"3,6";"161,00";"2,4"
"19/03/2026";"2000";"23,8";"24,2";"23,8";"100,0";"100,0";"100,0";"23,8";"24,1";"23,8";"1006,6";"1006,9";"1006,5";"0,6";"266,0";"2,4";"196,70";"0,2"
"19/03/2026";"2100";"23,8";"24,0";"23,6";"100,0";"100,0";"100,0";"23,8";"23,9";"23,6";"1007,3";"1007,3";"1006,6";"1,6";"344,0";"2,6";"111,50";"0,0"
"19/03/2026";"2200";"23,3";"23,8";"23,3";"100,0";"100,0";"100,0";"23,3";"23,7";"23,3";"1008,2";"1008,2";"1007,3";"0,3";"17,0";"2,6";"5,70";"0,0"
"19/03/2026";"2300";"22,9";"23,4";"22,8";"100,0";"100,0";"100,0";"22,9";"23,4";"22,8";"1008,3";"1008,3";"1008,1";"1,8";"342,0";"2,8";"";"0,0"
"20/03/2026";"0000";"22,3";"23,0";"22,3";"100,0";"100,0";"100,0";"22,3";"22,9";"22,3";"1008,5";"1008,5";"1008,0";"0,7";"195,0";"2,9";"";"0,0"
"20/03/2026";"0100";"22,4";"22,6";"22,2";"100,0";"100,0";"100,0";"22,3";"22,5";"22,2";"1009,1";"1009,2";"1008,5";"1,1";"297,0";"1,7";"";"0,0"
"20/03/2026";"0200";"22,2";"22,4";"22,2";"100,0";"100,0";"100,0";"22,2";"22,4";"22,1";"1009,1";"1009,2";"1009,0";"0,6";"285,0";"1,7";"";"0,0"
"20/03/2026";"0300";"22,1";"22,3";"22,0";"100,0";"100,0";"100,0";"22,1";"22,3";"22,0";"1008,8";"1009,1";"1008,8";"1,3";"310,0";"1,9";"";"0,0"
"20/03/2026";"0400";"22,2";"22,3";"22,0";"100,0";"100,0";"100,0";"22,2";"22,3";"22,0";"1008,3";"1008,8";"1008,3";"0,8";"283,0";"1,9";"";"0,0"
"20/03/2026";"0500";"22,1";"22,4";"22,1";"100,0";"100,0";"100,0";"22,0";"22,4";"22,0";"1007,8";"1008,3";"1007,8";"1,0";"274,0";"2,1";"";"0,0"
"20/03/2026";"0600";"22,0";"22,3";"21,9";"100,0";"100,0";"100,0";"22,0";"22,3";"21,9";"1007,5";"1007,8";"1007,5";"1,1";"239,0";"2,6";"";"0,0"
"20/03/2026";"0700";"21,8";"22,2";"21,8";"100,0";"100,0";"100,0";"21,8";"22,2";"21,8";"1007,6";"1007,7";"1007,4";"1,4";"316,0";"2,6";"";"0,0"
"20/03/2026";"0800";"21,7";"21,8";"21,6";"100,0";"100,0";"100,0";"21,7";"21,8";"21,6";"1007,9";"1007,9";"1007,6";"1,4";"320,0";"2,0";"";"0,2"
"20/03/2026";"0900";"21,6";"21,8";"21,3";"100,0";"100,0";"100,0";"21,6";"21,7";"21,3";"1008,6";"1008,6";"1007,9";"0,9";"319,0";"1,8";"";"0,0"
"20/03/2026";"1000";"22,2";"22,2";"21,4";"100,0";"100,0";"100,0";"22,2";"22,2";"21,4";"1009,3";"1009,3";"1008,6";"0,8";"260,0";"1,9";"84,70";"0,0"
"20/03/2026";"1100";"24,3";"24,3";"22,2";"97,0";"100,0";"96,0";"23,9";"24,1";"22,2";"1009,9";"1009,9";"1009,3";"0,9";"218,0";"2,8";"778,60";"0,0"
"20/03/2026";"1200";"25,9";"25,9";"24,3";"84,0";"97,0";"84,0";"23,0";"24,7";"22,7";"1010,4";"1010,4";"1009,9";"1,0";"186,0";"3,0";"1548,60";"0,0"
"20/03/2026";"1300";"27,5";"27,7";"25,6";"77,0";"90,0";"75,0";"23,0";"24,4";"22,6";"1010,6";"1010,6";"1010,4";"1,0";"176,0";"3,7";"2152,10";"0,0"
"20/03/2026";"1400";"27,3";"28,0";"27,0";"79,0";"80,0";"73,0";"23,3";"23,9";"21,9";"1010,7";"1010,8";"1010,6";"2,0";"148,0";"4,3";"2510,60";"0,0"
"20/03/2026";"1500";"27,8";"28,0";"26,8";"74,0";"81,0";"72,0";"22,7";"24,0";"22,2";"1010,2";"1010,7";"1010,2";"2,3";"155,0";"5,3";"3206,40";"0,0"
"20/03/2026";"1600";"28,1";"28,4";"26,7";"69,0";"79,0";"69,0";"21,8";"23,4";"21,8";"1009,8";"1010,2";"1009,8";"2,4";"151,0";"6,1";"3055,10";"0,0"
"20/03/2026";"1700";"27,8";"28,6";"27,6";"72,0";"75,0";"66,0";"22,3";"23,3";"21,4";"1009,2";"1009,8";"1009,2";"2,2";"149,0";"5,9";"2892,50";"0,0"
"20/03/2026";"1800";"27,5";"28,5";"27,0";"74,0";"78,0";"69,0";"22,4";"23,2";"22,0";"1009,0";"1009,2";"1009,0";"1,8";"143,0";"7,2";"2292,30";"0,0"
"20/03/2026";"1900";"27,3";"27,6";"26,9";"73,0";"78,0";"72,0";"22,0";"23,2";"21,8";"1008,8";"1009,0";"1008,8";"2,0";"126,0";"5,3";"967,90";"0,0"
"20/03/2026";"2000";"26,7";"27,6";"26,6";"82,0";"82,0";"72,0";"23,4";"23,4";"21,9";"1008,8";"1008,8";"1008,7";"1,4";"135,0";"3,9";"632,10";"0,0"
"20/03/2026";"2100";"26,4";"26,8";"26,4";"82,0";"83,0";"79,0";"23,0";"23,5";"22,8";"1009,2";"1009,2";"1008,7";"1,3";"150,0";"3,0";"229,60";"0,0"
"20/03/2026";"2200";"25,6";"26,4";"25,6";"90,0";"90,0";"80,0";"23,9";"23,9";"22,5";"1009,7";"1009,7";"1009,2";"0,5";"204,0";"2,9";"1,90";"0,0"
"20/03/2026";"2300";"24,9";"25,6";"24,7";"97,0";"100,0";"90,0";"24,5";"24,9";"24,0";"1010,3";"1010,3";"1009,7";"0,5";"99,0";"1,7";"";"0,0"
"21/03/2026";"0000";"24,7";"25,0";"24,6";"100,0";"100,0";"96,0";"24,6";"24,8";"24,3";"1010,8";"1010,8";"1010,3";"0,8";"310,0";"1,5";"";"0,0"
"21/03/2026";"0100";"24,9";"24,9";"24,4";"96,0";"100,0";"96,0";"24,3";"24,6";"24,2";"1011,1";"1011,2";"1010,8";"0,5";"246,0";"2,1";"";"0,0"
"21/03/2026";"0200";"24,5";"24,9";"24,5";"100,0";"100,0";"97,0";"24,5";"24,8";"24,3";"1011,0";"1011,1";"1011,0";"0,5";"43,0";"2,3";"";"0,0"
"21/03/2026";"0300";"24,0";"25,8";"24,0";"100,0";"100,0";"92,0";"24,0";"25,1";"24,0";"1010,9";"1011,0";"1010,9";"0,7";"326,0";"4,3";"";"0,0"
"21/03/2026";"0400";"23,4";"24,0";"23,4";"100,0";"100,0";"100,0";"23,4";"23,9";"23,4";"1010,9";"1011,1";"1010,8";"0,7";"328,0";"1,6";"";"0,0"
"21/03/2026";"0500";"23,0";"23,5";"23,0";"100,0";"100,0";"100,0";"23,0";"23,5";"23,0";"1010,2";"1010,9";"1010,2";"1,3";"355,0";"2,5";"";"0,0"
"21/03/2026";"0600";"22,6";"23,0";"22,5";"100,0";"100,0";"100,0";"22,5";"23,0";"22,5";"1009,8";"1010,3";"1009,8";"0,5";"196,0";"2,5";"";"0,0"
"21/03/2026";"0700";"22,5";"22,9";"22,5";"100,0";"100,0";"100,0";"22,5";"22,9";"22,5";"1009,5";"1009,8";"1009,3";"0,4";"270,0";"1,4";"";"0,0"
"21/03/2026";"0800";"22,4";"22,6";"22,3";"100,0";"100,0";"100,0";"22,4";"22,6";"22,3";"1009,9";"1009,9";"1009,5";"0,8";"274,0";"1,6";"";"0,0"
"21/03/2026";"0900";"22,4";"22,5";"22,2";"100,0";"100,0";"100,0";"22,3";"22,5";"22,2";"1010,2";"1010,2";"1009,9";"1,3";"213,0";"2,9";"";"0,0"
"21/03/2026";"1000";"23,1";"23,1";"22,4";"100,0";"100,0";"100,0";"23,0";"23,0";"22,4";"1010,6";"1010,6";"1010,2";"1,0";"274,0";"2,9";"100,70";"0,0"
"21/03/2026";"1100";"24,7";"24,8";"22,9";"100,0";"100,0";"100,0";"24,7";"24,8";"22,9";"1011,3";"1011,3";"1010,6";"1,3";"285,0";"2,5";"806,60";"0,0"
"21/03/2026";"1200";"26,8";"27,0";"24,6";"76,0";"100,0";"76,0";"22,3";"25,0";"22,1";"1011,4";"1011,5";"1011,3";"1,6";"186,0";"3,1";"1627,90";"0,0"
"21/03/2026";"1300";"27,4";"28,2";"26,7";"73,0";"77,0";"71,0";"22,1";"23,0";"21,8";"1011,4";"1011,6";"1011,4";"2,2";"123,0";"4,5";"2287,40";"0,0"
"21/03/2026";"1400";"28,6";"28,9";"27,3";"73,0";"75,0";"68,0";"23,3";"23,3";"22,1";"1011,4";"1011,5";"1011,4";"2,3";"120,0";"5,2";"2574,80";"0,0"
"21/03/2026";"1500";"27,9";"28,8";"27,4";"75,0";"79,0";"70,0";"23,1";"23,8";"22,6";"1011,6";"1011,6";"1011,4";"2,6";"118,0";"5,4";"2511,30";"0,0"
"21/03/2026";"1600";"28,7";"28,8";"27,3";"74,0";"81,0";"74,0";"23,6";"24,6";"23,2";"1011,3";"1011,6";"1011,3";"3,0";"107,0";"6,0";"2829,70";"0,0"
"21/03/2026";"1700";"28,6";"28,9";"27,8";"77,0";"80,0";"73,0";"24,1";"24,5";"23,2";"1010,7";"1011,3";"1010,6";"2,6";"126,0";"5,4";"3107,90";"0,0"
"21/03/2026";"1800";"27,8";"29,1";"27,7";"75,0";"77,0";"69,0";"23,0";"24,0";"22,5";"1010,6";"1010,7";"1010,5";"2,3";"114,0";"5,6";"2016,00";"0,0"
"21/03/2026";"1900";"28,1";"28,2";"27,6";"77,0";"79,0";"74,0";"23,7";"23,9";"22,9";"1010,4";"1010,6";"1010,4";"2,0";"120,0";"5,5";"1532,70";"0,0"
"21/03/2026";"2000";"27,1";"28,2";"27,1";"84,0";"84,0";"75,0";"24,2";"24,2";"23,0";"1010,5";"1010,6";"1010,4";"2,3";"119,0";"5,5";"708,80";"0,0"
"21/03/2026";"2100";"26,7";"27,2";"26,7";"83,0";"84,0";"76,0";"23,5";"24,0";"22,5";"1010,7";"1010,7";"1010,5";"1,5";"132,0";"5,5";"226,40";"0,0"
"21/03/2026";"2200";"26,4";"26,7";"26,3";"89,0";"90,0";"83,0";"24,5";"24,6";"23,5";"1010,9";"1010,9";"1010,7";"1,1";"153,0";"3,7";"5,90";"0,0"
"21/03/2026";"2300";"25,5";"26,4";"25,4";"97,0";"98,0";"89,0";"25,1";"25,2";"24,4";"1011,5";"1011,5";"1010,9";"2,4";"302,0";"3,2";"";"0,0"
"22/03/2026";"0000";"24,6";"25,6";"24,6";"100,0";"100,0";"95,0";"24,6";"25,1";"24,5";"1012,0";"1012,1";"1011,5";"0,7";"267,0";"3,2";"";"0,0"
"22/03/2026";"0100";"23,9";"24,6";"23,9";"100,0";"100,0";"100,0";"23,8";"24,6";"23,8";"1012,2";"1012,2";"1011,9";"0,7";"299,0";"1,7";"";"0,0"
"22/03/2026";"0200";"23,4";"23,9";"23,3";"100,0";"100,0";"100,0";"23,3";"23,8";"23,3";"1012,1";"1012,2";"1012,1";"0,5";"268,0";"1,3";"";"0,0"
"22/03/2026";"0300";"22,6";"23,4";"22,6";"100,0";"100,0";"100,0";"22,6";"23,4";"22,6";"1011,7";"1012,1";"1011,7";"0,6";"319,0";"1,7";"";"0,0"
"22/03/2026";"0400";"22,5";"22,7";"22,4";"100,0";"100,0";"100,0";"22,5";"22,7";"22,4";"1011,2";"1011,7";"1011,2";"0,7";"248,0";"2,1";"";"0,0"
"22/03/2026";"0500";"22,1";"22,6";"21,7";"100,0";"100,0";"100,0";"22,0";"22,6";"21,7";"1010,8";"1011,2";"1010,8";"0,9";"289,0";"1,9";"";"0,0"
"22/03/2026";"0600";"21,7";"22,1";"21,7";"100,0";"100,0";"100,0";"21,7";"22,1";"21,7";"1010,9";"1010,9";"1010,7";"0,7";"250,0";"1,8";"";"0,0"
"22/03/2026";"0700";"21,1";"21,7";"21,0";"100,0";"100,0";"100,0";"21,1";"21,7";"21,0";"1010,4";"1010,8";"1010,4";"0,7";"332,0";"1,8";"";"0,0"
"22/03/2026";"0800";"20,9";"21,1";"20,7";"100,0";"100,0";"100,0";"20,8";"21,1";"20,7";"1010,4";"1010,5";"1010,3";"0,8";"302,0";"1,3";"";"0,2"
"22/03/2026";"0900";"21,8";"21,9";"20,8";"100,0";"100,0";"100,0";"21,8";"21,9";"20,8";"1011,2";"1011,2";"1010,4";"1,6";"221,0";"5,1";"";"0,0"
"22/03/2026";"1000";"22,3";"22,4";"21,8";"100,0";"100,0";"100,0";"22,3";"22,3";"21,8";"1011,6";"1011,7";"1011,2";"1,5";"237,0";"5,1";"136,10";"0,0"
"22/03/2026";"1100";"23,8";"23,8";"22,1";"95,0";"100,0";"95,0";"23,0";"23,1";"22,1";"1012,8";"1012,8";"1011,6";"0,9";"269,0";"4,7";"675,80";"0,0"
"22/03/2026";"1200";"25,4";"25,4";"23,8";"82,0";"96,0";"81,0";"22,0";"23,2";"21,6";"1012,9";"1013,1";"1012,8";"0,5";"298,0";"2,1";"1433,60";"0,0"
"22/03/2026";"1300";"27,9";"28,4";"25,3";"64,0";"82,0";"62,0";"20,4";"22,3";"19,8";"1012,6";"1012,9";"1012,6";"1,1";"110,0";"2,3";"2074,60";"0,0"
"22/03/2026";"1400";"28,0";"28,9";"27,9";"63,0";"67,0";"61,0";"20,3";"21,8";"20,2";"1011,8";"1012,6";"1011,7";"1,9";"126,0";"4,1";"2569,30";"0,0"
"22/03/2026";"1500";"29,3";"29,5";"28,0";"61,0";"65,0";"60,0";"21,1";"21,8";"20,5";"1011,3";"1011,8";"1011,3";"2,2";"113,0";"4,3";"2888,80";"0,0"
"22/03/2026";"1600";"27,9";"29,3";"27,8";"71,0";"73,0";"61,0";"22,3";"22,8";"20,9";"1011,2";"1011,4";"1011,1";"2,8";"161,0";"5,9";"2580,40";"0,0"
"22/03/2026";"1700";"29,2";"29,2";"27,7";"71,0";"74,0";"69,0";"23,3";"23,3";"21,6";"1011,1";"1011,3";"1011,1";"1,9";"154,0";"5,9";"2578,60";"0,0"
"22/03/2026";"1800";"28,9";"29,3";"28,3";"68,0";"72,0";"67,0";"22,5";"23,4";"22,2";"1010,7";"1011,1";"1010,7";"2,7";"121,0";"5,2";"2640,90";"0,0"
"22/03/2026";"1900";"28,3";"29,3";"28,1";"72,0";"72,0";"65,0";"22,9";"23,1";"21,6";"1010,3";"1010,7";"1010,3";"2,1";"129,0";"5,4";"1976,20";"0,0"
"22/03/2026";"2000";"27,3";"28,9";"27,3";"79,0";"79,0";"70,0";"23,4";"23,7";"22,8";"1010,4";"1010,6";"1010,2";"2,6";"111,0";"5,3";"1154,80";"0,0"
"22/03/2026";"2100";"26,9";"27,4";"26,9";"81,0";"84,0";"79,0";"23,3";"24,2";"23,1";"1010,4";"1010,4";"1010,2";"2,1";"104,0";"4,5";"223,50";"0,0"
"22/03/2026";"2200";"25,7";"27,0";"25,7";"86,0";"88,0";"79,0";"23,2";"24,6";"23,1";"1011,2";"1011,2";"1010,4";"1,3";"331,0";"4,6";"3,00";"0,0"
"22/03/2026";"2300";"24,3";"25,7";"24,3";"97,0";"98,0";"86,0";"23,8";"24,8";"23,4";"1011,3";"1011,3";"1011,2";"1,0";"343,0";"2,9";"";"0,0"
"23/03/2026";"0000";"23,7";"24,4";"23,7";"97,0";"100,0";"97,0";"23,2";"24,2";"23,2";"1012,3";"1012,3";"1011,3";"0,4";"347,0";"2,0";"";"0,0"
"23/03/2026";"0100";"23,2";"23,8";"23,2";"100,0";"100,0";"97,0";"23,2";"23,7";"23,2";"1012,8";"1012,8";"1012,3";"0,8";"293,0";"1,6";"";"0,0"
"23/03/2026";"0200";"23,0";"23,2";"22,9";"100,0";"100,0";"100,0";"23,0";"23,2";"22,9";"1012,9";"1013,0";"1012,8";"0,9";"300,0";"1,3";"";"0,0"
"23/03/2026";"0300";"23,1";"23,2";"22,8";"100,0";"100,0";"100,0";"23,1";"23,2";"22,8";"1012,9";"1013,0";"1012,8";"0,8";"293,0";"1,6";"";"0,0"
"23/03/2026";"0400";"22,6";"23,1";"22,6";"100,0";"100,0";"100,0";"22,6";"23,1";"22,6";"1012,9";"1013,0";"1012,9";"0,8";"298,0";"1,9";"";"0,0"
"23/03/2026";"0500";"23,0";"23,2";"22,7";"100,0";"100,0";"100,0";"23,0";"23,2";"22,6";"1012,6";"1013,0";"1012,6";"0,5";"315,0";"2,2";"";"0,0"
"23/03/2026";"0600";"22,3";"23,0";"22,3";"100,0";"100,0";"100,0";"22,3";"23,0";"22,3";"1011,6";"1012,6";"1011,6";"1,0";"322,0";"1,9";"";"0,0"
"23/03/2026";"0700";"22,0";"22,4";"22,0";"100,0";"100,0";"100,0";"22,0";"22,4";"22,0";"1011,8";"1011,8";"1011,6";"0,7";"257,0";"1,8";"";"0,0"
"23/03/2026";"0800";"21,9";"22,3";"21,9";"100,0";"100,0";"100,0";"21,9";"22,3";"21,9";"1011,8";"1011,9";"1011,7";"0,8";"313,0";"2,1";"";"0,0"
"23/03/2026";"0900";"21,6";"21,9";"21,5";"100,0";"100,0";"100,0";"21,6";"21,9";"21,5";"1011,9";"1012,1";"1011,8";"0,5";"340,0";"2,5";"";"0,0"
"23/03/2026";"1000";"21,9";"21,9";"21,3";"100,0";"100,0";"100,0";"21,8";"21,8";"21,3";"1011,8";"1012,0";"1011,8";"0,5";"354,0";"1,5";"67,30";"0,0"
"23/03/2026";"1100";"24,7";"24,7";"21,8";"92,0";"100,0";"91,0";"23,4";"23,4";"21,9";"1011,9";"1011,9";"1011,7";"0,5";"301,0";"1,3";"798,30";"0,0"
"23/03/2026";"1200";"27,0";"27,4";"24,7";"72,0";"92,0";"67,0";"21,6";"23,3";"20,2";"1012,1";"1012,2";"1011,9";"1,8";"105,0";"3,6";"1671,70";"0,0"
"23/03/2026";"1300";"28,2";"28,2";"26,8";"66,0";"76,0";"65,0";"21,2";"22,7";"20,8";"1012,1";"1012,3";"1012,0";"2,7";"109,0";"4,7";"2332,80";"0,0"
"23/03/2026";"1400";"28,4";"28,8";"27,8";"66,0";"69,0";"62,0";"21,5";"21,9";"20,4";"1012,0";"1012,1";"1012,0";"2,5";"130,0";"5,8";"2739,00";"0,0"
"23/03/2026";"1500";"28,3";"29,3";"27,9";"70,0";"71,0";"65,0";"22,4";"22,7";"21,1";"1011,7";"1012,0";"1011,7";"2,5";"135,0";"6,2";"3251,80";"0,0"
"23/03/2026";"1600";"27,6";"29,1";"27,0";"74,0";"75,0";"67,0";"22,6";"23,3";"21,6";"1011,0";"1011,7";"1011,0";"3,2";"157,0";"6,3";"2826,50";"0,0"
"23/03/2026";"1700";"28,4";"28,5";"27,0";"73,0";"79,0";"69,0";"23,0";"23,5";"21,8";"1010,6";"1011,0";"1010,6";"2,5";"161,0";"7,0";"2985,80";"0,0"
"23/03/2026";"1800";"28,5";"28,9";"27,6";"73,0";"78,0";"69,0";"23,1";"23,8";"22,2";"1010,4";"1010,6";"1010,4";"2,0";"142,0";"5,9";"2518,40";"0,0"
"23/03/2026";"1900";"27,3";"28,6";"27,2";"80,0";"80,0";"72,0";"23,4";"23,4";"22,6";"1010,1";"1010,4";"1010,0";"2,7";"137,0";"5,5";"1391,10";"0,0"
"23/03/2026";"2000";"26,9";"27,8";"26,7";"82,0";"82,0";"78,0";"23,5";"23,7";"23,2";"1009,9";"1010,1";"1009,8";"1,9";"135,0";"5,5";"625,30";"0,0"
"23/03/2026";"2100";"26,5";"26,9";"26,5";"87,0";"87,0";"81,0";"24,1";"24,1";"23,4";"1009,9";"1009,9";"1009,8";"1,4";"140,0";"4,9";"90,00";"0,0"
"23/03/2026";"2200";"26,7";"26,7";"26,4";"81,0";"87,0";"81,0";"23,2";"24,1";"23,1";"1009,9";"1010,0";"1009,7";"2,2";"106,0";"4,8";"1,50";"0,0"
"23/03/2026";"2300";"24,7";"26,7";"24,7";"100,0";"100,0";"79,0";"24,7";"24,8";"22,6";"1010,4";"1010,4";"1009,9";"1,6";"290,0";"4,9";"";"0,0"
"24/03/2026";"0000";"23,8";"24,7";"23,8";"100,0";"100,0";"100,0";"23,8";"24,7";"23,8";"1011,1";"1011,1";"1010,4";"0,4";"123,0";"2,4";"";"0,0"
"24/03/2026";"0100";"23,3";"24,0";"23,3";"100,0";"100,0";"100,0";"23,3";"24,0";"23,3";"1011,5";"1011,5";"1011,0";"0,7";"266,0";"1,8";"";"0,0"
"24/03/2026";"0200";"22,8";"23,3";"22,8";"100,0";"100,0";"100,0";"22,8";"23,3";"22,8";"1011,4";"1011,6";"1011,2";"0,7";"308,0";"2,0";"";"0,0"
"24/03/2026";"0300";"22,5";"22,9";"22,5";"100,0";"100,0";"100,0";"22,5";"22,9";"22,5";"1011,2";"1011,5";"1011,2";"0,7";"276,0";"1,6";"";"0,0"
"24/03/2026";"0400";"22,6";"22,7";"22,4";"100,0";"100,0";"100,0";"22,6";"22,7";"22,3";"1011,1";"1011,4";"1011,1";"1,0";"267,0";"2,0";"";"0,0"
"24/03/2026";"0500";"21,8";"22,6";"21,8";"100,0";"100,0";"100,0";"21,8";"22,6";"21,8";"1010,7";"1011,1";"1010,7";"1,3";"345,0";"2,0";"";"0,0"
"24/03/2026";"0600";"21,5";"21,9";"21,4";"100,0";"100,0";"100,0";"21,5";"21,9";"21,4";"1010,2";"1010,7";"1010,2";"1,2";"343,0";"2,4";"";"0,0"
"24/03/2026";"0700";"21,4";"21,5";"21,2";"100,0";"100,0";"100,0";"21,4";"21,5";"21,2";"1010,1";"1010,2";"1009,9";"0,7";"256,0";"2,6";"";"0,0"
"24/03/2026";"0800";"21,1";"21,5";"21,0";"100,0";"100,0";"100,0";"21,0";"21,5";"21,0";"1010,3";"1010,4";"1010,0";"0,6";"264,0";"2,1";"";"0,0"
"24/03/2026";"0900";"20,8";"21,1";"20,7";"100,0";"100,0";"100,0";"20,8";"21,0";"20,6";"1010,6";"1010,6";"1010,3";"1,0";"288,0";"1,7";"";"0,2"
"24/03/2026";"1000";"21,8";"21,8";"20,8";"100,0";"100,0";"100,0";"21,7";"21,7";"20,8";"1010,8";"1010,8";"1010,6";"0,9";"263,0";"2,2";"65,00";"0,0"
"24/03/2026";"1100";"24,3";"24,4";"21,8";"91,0";"100,0";"91,0";"22,6";"23,9";"21,8";"1011,3";"1011,3";"1010,8";"1,5";"190,0";"3,8";"718,00";"0,0"
"24/03/2026";"1200";"27,0";"27,0";"24,2";"74,0";"92,0";"73,0";"21,8";"22,9";"21,4";"1011,5";"1011,6";"1011,2";"0,8";"96,0";"3,9";"1675,30";"0,0"
"24/03/2026";"1300";"27,0";"27,7";"26,8";"75,0";"77,0";"67,0";"22,3";"23,0";"20,7";"1011,3";"1011,5";"1011,3";"2,3";"122,0";"4,4";"2333,10";"0,0"
"24/03/2026";"1400";"28,5";"28,5";"26,8";"70,0";"78,0";"68,0";"22,5";"22,7";"21,0";"1010,7";"1011,4";"1010,7";"2,4";"117,0";"4,4";"2751,00";"0,0"
"24/03/2026";"1500";"28,5";"28,7";"27,7";"71,0";"75,0";"67,0";"22,8";"23,4";"21,7";"1010,0";"1010,7";"1010,0";"2,0";"132,0";"5,5";"3224,40";"0,0"
"24/03/2026";"1600";"28,9";"29,2";"27,8";"65,0";"73,0";"65,0";"21,6";"23,4";"21,6";"1009,6";"1010,0";"1009,5";"2,3";"163,0";"4,9";"3296,80";"0,0"
"24/03/2026";"1700";"28,8";"29,6";"28,1";"66,0";"70,0";"63,0";"21,9";"22,7";"21,1";"1009,1";"1009,7";"1009,1";"3,0";"113,0";"6,0";"3090,90";"0,0"
"24/03/2026";"1800";"28,8";"29,4";"28,2";"69,0";"71,0";"63,0";"22,6";"22,9";"21,4";"1008,8";"1009,1";"1008,7";"2,0";"117,0";"5,2";"2561,10";"0,0"
"24/03/2026";"1900";"27,7";"28,9";"27,4";"71,0";"73,0";"67,0";"22,0";"23,1";"21,7";"1008,8";"1008,8";"1008,7";"1,8";"130,0";"4,8";"1764,70";"0,0"
"24/03/2026";"2000";"26,6";"27,7";"26,5";"80,0";"80,0";"71,0";"22,9";"22,9";"21,8";"1009,0";"1009,0";"1008,8";"1,8";"153,0";"5,0";"813,70";"0,0"
"24/03/2026";"2100";"25,9";"26,6";"25,8";"83,0";"84,0";"80,0";"22,7";"22,9";"22,5";"1009,3";"1009,3";"1008,8";"1,6";"157,0";"4,3";"182,40";"0,0"
"24/03/2026";"2200";"25,3";"25,9";"25,3";"89,0";"91,0";"83,0";"23,4";"23,8";"22,7";"1009,9";"1009,9";"1009,3";"0,7";"250,0";"3,7";"1,20";"0,0"
"24/03/2026";"2300";"24,7";"25,3";"24,6";"96,0";"97,0";"89,0";"24,1";"24,2";"23,3";"1010,8";"1010,8";"1009,9";"0,9";"210,0";"2,0";"";"0,0"
"25/03/2026";"0000";"24,5";"24,8";"24,4";"100,0";"100,0";"96,0";"24,4";"24,8";"24,1";"1011,6";"1011,6";"1010,8";"1,1";"306,0";"2,0";"";"0,0"
"25/03/2026";"0100";"24,1";"24,6";"24,0";"100,0";"100,0";"99,0";"24,0";"24,6";"24,0";"1011,8";"1011,8";"1011,6";"0,6";"300,0";"1,8";"";"0,0"
"25/03/2026";"0200";"23,6";"24,1";"23,6";"100,0";"100,0";"100,0";"23,6";"24,1";"23,6";"1011,8";"1011,9";"1011,7";"0,6";"321,0";"1,8";"";"0,0"
"25/03/2026";"0300";"23,2";"23,6";"23,2";"100,0";"100,0";"100,0";"23,2";"23,5";"23,2";"1011,8";"1011,9";"1011,7";"0,8";"322,0";"1,4";"";"0,0"
"25/03/2026";"0400";"22,8";"23,2";"22,7";"100,0";"100,0";"100,0";"22,8";"23,2";"22,6";"1011,8";"1012,2";"1011,8";"0,9";"295,0";"1,6";"";"0,0"
"25/03/2026";"0500";"22,8";"22,9";"22,6";"100,0";"100,0";"100,0";"22,8";"22,8";"22,6";"1011,4";"1011,8";"1011,4";"1,0";"290,0";"1,7";"";"0,0"
"25/03/2026";"0600";"22,5";"22,8";"22,5";"100,0";"100,0";"100,0";"22,5";"22,8";"22,5";"1011,2";"1011,4";"1011,2";"0,9";"308,0";"1,8";"";"0,0"
"25/03/2026";"0700";"22,6";"22,7";"22,4";"100,0";"100,0";"100,0";"22,6";"22,7";"22,4";"1011,1";"1011,2";"1011,0";"1,0";"327,0";"1,6";"";"0,0"
"25/03/2026";"0800";"22,3";"22,6";"22,2";"100,0";"100,0";"100,0";"22,2";"22,6";"22,2";"1011,9";"1011,9";"1011,1";"1,1";"276,0";"1,8";"";"0,0"
"25/03/2026";"0900";"21,8";"22,3";"21,8";"100,0";"100,0";"100,0";"21,8";"22,2";"21,8";"1012,6";"1012,6";"1011,9";"0,4";"4,0";"1,8";"";"0,0"
"25/03/2026";"1000";"22,1";"22,1";"21,8";"100,0";"100,0";"100,0";"22,1";"22,1";"21,8";"1013,3";"1013,3";"1012,6";"0,6";"302,0";"1,9";"59,80";"0,0"
"25/03/2026";"1100";"24,7";"24,7";"22,1";"94,0";"100,0";"94,0";"23,7";"23,9";"22,0";"1014,0";"1014,0";"1013,2";"0,7";"295,0";"1,5";"667,20";"0,0"
"25/03/2026";"1200";"26,9";"27,0";"24,6";"77,0";"94,0";"77,0";"22,6";"23,8";"22,3";"1014,3";"1014,3";"1014,0";"2,1";"194,0";"4,0";"1454,20";"0,0"
"25/03/2026";"1300";"27,6";"27,6";"26,7";"75,0";"80,0";"74,0";"22,9";"23,3";"22,4";"1014,4";"1014,6";"1014,3";"1,4";"181,0";"4,0";"1428,50";"0,0"
"25/03/2026";"1400";"27,4";"27,7";"27,0";"81,0";"82,0";"74,0";"24,0";"24,0";"22,3";"1014,6";"1014,6";"1014,4";"1,6";"128,0";"4,0";"1223,60";"0,0"
"25/03/2026";"1500";"27,2";"27,6";"27,0";"82,0";"83,0";"78,0";"24,0";"24,2";"23,4";"1014,2";"1014,6";"1014,2";"1,8";"156,0";"5,0";"1444,10";"0,0"
"25/03/2026";"1600";"26,9";"27,3";"26,5";"82,0";"86,0";"81,0";"23,6";"24,3";"23,3";"1013,8";"1014,2";"1013,8";"2,4";"151,0";"4,9";"1200,90";"0,0"
"25/03/2026";"1700";"27,1";"28,8";"26,9";"81,0";"83,0";"74,0";"23,5";"24,4";"23,2";"1013,3";"1013,8";"1013,2";"1,9";"152,0";"4,9";"1858,10";"0,0"
"25/03/2026";"1800";"26,4";"27,5";"26,3";"89,0";"89,0";"80,0";"24,4";"24,4";"23,5";"1013,0";"1013,3";"1013,0";"2,1";"161,0";"5,0";"710,60";"0,0"
"25/03/2026";"1900";"26,5";"26,7";"26,3";"87,0";"90,0";"85,0";"24,2";"24,5";"23,9";"1013,0";"1013,1";"1012,9";"2,3";"156,0";"4,6";"560,20";"0,0"
"25/03/2026";"2000";"26,3";"26,8";"26,2";"88,0";"88,0";"84,0";"24,1";"24,3";"23,7";"1013,2";"1013,2";"1012,9";"1,2";"156,0";"4,1";"396,50";"0,0"
"25/03/2026";"2100";"26,2";"26,4";"26,1";"90,0";"90,0";"87,0";"24,4";"24,4";"24,0";"1013,3";"1013,3";"1013,1";"0,9";"149,0";"2,6";"110,80";"0,0"
"25/03/2026";"2200";"25,8";"26,2";"25,8";"93,0";"93,0";"90,0";"24,7";"24,7";"24,2";"1014,1";"1014,1";"1013,3";"0,8";"193,0";"2,0";"1,30";"0,0"
"25/03/2026";"2300";"25,3";"25,8";"25,3";"100,0";"100,0";"94,0";"25,3";"25,3";"24,8";"1014,6";"1014,7";"1014,1";"0,5";"346,0";"1,8";"";"0,0"
"26/03/2026";"0000";"24,5";"25,3";"24,5";"100,0";"100,0";"100,0";"24,5";"25,2";"24,5";"1014,9";"1014,9";"1014,6";"0,5";"218,0";"2,0";"";"0,0"
"26/03/2026";"0100";"23,9";"24,5";"23,9";"100,0";"100,0";"100,0";"23,9";"24,5";"23,9";"1015,3";"1015,3";"1014,9";"0,6";"213,0";"1,7";"";"0,0"
"26/03/2026";"0200";"23,7";"23,9";"23,7";"100,0";"100,0";"100,0";"23,7";"23,9";"23,7";"1015,3";"1015,3";"1015,2";"0,8";"309,0";"2,0";"";"0,0"
"26/03/2026";"0300";"23,0";"23,7";"23,0";"100,0";"100,0";"100,0";"23,0";"23,7";"23,0";"1014,8";"1015,3";"1014,8";"0,3";"209,0";"1,5";"";"0,0"
"26/03/2026";"0400";"22,9";"23,2";"22,8";"100,0";"100,0";"100,0";"22,9";"23,2";"22,8";"1014,4";"1014,9";"1014,4";"0,5";"301,0";"1,7";"";"0,0"
"26/03/2026";"0500";"22,8";"22,9";"22,7";"100,0";"100,0";"100,0";"22,8";"22,9";"22,6";"1014,2";"1014,4";"1014,0";"0,6";"323,0";"1,3";"";"0,0"
"26/03/2026";"0600";"22,6";"22,9";"22,6";"100,0";"100,0";"100,0";"22,5";"22,9";"22,5";"1013,5";"1014,2";"1013,5";"0,4";"214,0";"1,3";"";"0,0"
"26/03/2026";"0700";"22,6";"22,8";"22,5";"100,0";"100,0";"100,0";"22,6";"22,8";"22,5";"1013,4";"1013,5";"1013,3";"0,9";"277,0";"1,6";"";"0,0"
"26/03/2026";"0800";"22,6";"22,9";"22,5";"100,0";"100,0";"100,0";"22,6";"22,9";"22,5";"1013,9";"1013,9";"1013,4";"1,0";"304,0";"2,0";"";"0,0"
"26/03/2026";"0900";"22,3";"22,7";"22,3";"100,0";"100,0";"100,0";"22,3";"22,7";"22,3";"1014,6";"1014,6";"1013,9";"0,4";"349,0";"1,6";"";"0,0"
"26/03/2026";"1000";"22,5";"22,5";"22,2";"100,0";"100,0";"100,0";"22,5";"22,5";"22,2";"1015,4";"1015,4";"1014,6";"0,8";"288,0";"1,4";"71,60";"0,0"
"26/03/2026";"1100";"23,9";"23,9";"22,5";"100,0";"100,0";"100,0";"23,9";"23,9";"22,5";"1016,2";"1016,2";"1015,4";"0,7";"289,0";"1,3";"409,70";"0,0"
"26/03/2026";"1200";"25,9";"26,1";"23,9";"85,0";"100,0";"83,0";"23,1";"24,7";"22,7";"1016,5";"1016,5";"1016,2";"0,7";"356,0";"1,5";"1328,70";"0,0"
"26/03/2026";"1300";"27,1";"27,8";"25,9";"77,0";"88,0";"75,0";"22,7";"24,2";"22,4";"1016,8";"1016,8";"1016,4";"2,0";"104,0";"3,6";"1373,90";"0,0"
"26/03/2026";"1400";"28,7";"28,8";"27,2";"73,0";"79,0";"70,0";"23,3";"23,9";"22,3";"1016,2";"1016,8";"1016,2";"1,2";"118,0";"3,8";"2284,50";"0,0"
"26/03/2026";"1500";"28,9";"29,3";"28,1";"70,0";"75,0";"68,0";"22,8";"23,6";"22,7";"1015,6";"1016,2";"1015,6";"2,6";"112,0";"5,0";"2535,10";"0,0"
"26/03/2026";"1600";"29,0";"29,3";"28,5";"71,0";"75,0";"68,0";"23,2";"23,9";"22,5";"1014,7";"1015,6";"1014,7";"2,5";"119,0";"5,3";"3196,70";"0,0"
"26/03/2026";"1700";"28,7";"29,8";"28,5";"76,0";"76,0";"68,0";"23,9";"24,1";"23,0";"1014,1";"1014,7";"1014,1";"2,9";"136,0";"5,2";"3029,40";"0,0"
"26/03/2026";"1800";"29,4";"29,9";"28,7";"72,0";"76,0";"70,0";"23,9";"24,3";"23,2";"1013,9";"1014,1";"1013,9";"2,5";"115,0";"6,5";"2548,70";"0,0"
"26/03/2026";"1900";"28,7";"29,7";"28,6";"76,0";"77,0";"71,0";"24,2";"24,3";"23,5";"1013,7";"1013,9";"1013,7";"2,5";"119,0";"5,5";"1891,70";"0,0"
"26/03/2026";"2000";"27,5";"28,9";"27,4";"82,0";"82,0";"75,0";"24,1";"24,5";"23,5";"1014,2";"1014,2";"1013,7";"1,1";"118,0";"5,5";"548,00";"0,0"
"26/03/2026";"2100";"26,6";"27,5";"26,6";"90,0";"90,0";"81,0";"24,8";"24,8";"24,0";"1014,1";"1014,2";"1014,0";"0,8";"6,0";"3,6";"56,30";"0,0"
"26/03/2026";"2200";"25,5";"26,6";"25,5";"100,0";"100,0";"90,0";"25,5";"25,7";"24,8";"1014,3";"1014,3";"1014,1";"1,1";"323,0";"2,2";"";"0,0"
"26/03/2026";"2300";"24,7";"25,5";"24,7";"100,0";"100,0";"100,0";"24,7";"25,5";"24,7";"1015,1";"1015,1";"1014,3";"0,7";"243,0";"1,7";"";"0,0"
"27/03/2026";"0000";"24,8";"24,8";"24,5";"100,0";"100,0";"100,0";"24,8";"24,8";"24,5";"1016,0";"1016,0";"1015,1";"0,9";"316,0";"1,5";"";"0,0"
"27/03/2026";"0100";"24,5";"24,9";"24,5";"100,0";"100,0";"100,0";"24,5";"24,8";"24,5";"1016,2";"1016,2";"1016,0";"0,5";"251,0";"1,4";"";"0,0"
"27/03/2026";"0200";"24,2";"24,6";"24,2";"100,0";"100,0";"100,0";"24,2";"24,5";"24,1";"1015,9";"1016,2";"1015,9";"0,7";"262,0";"2,2";"";"0,0"
"27/03/2026";"0300";"23,4";"24,2";"23,4";"100,0";"100,0";"100,0";"23,4";"24,2";"23,4";"1015,6";"1016,0";"1015,6";"0,8";"342,0";"1,5";"";"0,0"
"27/03/2026";"0400";"23,1";"23,4";"23,1";"100,0";"100,0";"100,0";"23,1";"23,4";"23,1";"1015,0";"1015,6";"1015,0";"0,6";"355,0";"1,5";"";"0,0"
"27/03/2026";"0500";"22,8";"23,1";"22,7";"100,0";"100,0";"100,0";"22,8";"23,1";"22,7";"1014,7";"1015,0";"1014,7";"0,5";"241,0";"1,3";"";"0,0"
"27/03/2026";"0600";"23,1";"23,2";"22,8";"100,0";"100,0";"100,0";"23,1";"23,1";"22,8";"1014,8";"1014,8";"1014,7";"0,4";"292,0";"1,2";"";"0,0"
"27/03/2026";"0700";"23,6";"23,6";"23,1";"100,0";"100,0";"100,0";"23,6";"23,6";"23,1";"1014,7";"1014,8";"1014,6";"0,5";"311,0";"1,3";"";"0,0"
"27/03/2026";"0800";"23,8";"23,8";"23,6";"100,0";"100,0";"100,0";"23,8";"23,8";"23,6";"1015,2";"1015,3";"1014,7";"0,5";"317,0";"1,7";"";"0,0"
"27/03/2026";"0900";"22,9";"23,8";"22,9";"100,0";"100,0";"100,0";"22,9";"23,7";"22,9";"1015,8";"1015,8";"1015,2";"0,4";"247,0";"2,1";"";"0,0"
"27/03/2026";"1000";"23,6";"23,6";"22,8";"100,0";"100,0";"100,0";"23,6";"23,6";"22,8";"1016,4";"1016,4";"1015,8";"0,9";"205,0";"2,3";"78,50";"0,0"
"27/03/2026";"1100";"26,1";"26,1";"23,6";"96,0";"100,0";"95,0";"25,4";"25,6";"23,6";"1017,6";"1017,6";"1016,4";"1,0";"176,0";"3,4";"560,30";"0,0"
"27/03/2026";"1200";"26,9";"26,9";"26,1";"92,0";"96,0";"88,0";"25,5";"25,6";"24,4";"1018,1";"1018,1";"1017,6";"0,8";"186,0";"2,6";"807,10";"0,0"
"27/03/2026";"1300";"28,1";"28,1";"26,9";"81,0";"92,0";"81,0";"24,6";"25,4";"24,0";"1018,1";"1018,2";"1018,1";"2,0";"164,0";"3,9";"1558,10";"0,0"
"27/03/2026";"1400";"28,9";"29,2";"27,5";"77,0";"86,0";"74,0";"24,6";"25,3";"23,9";"1017,6";"1018,2";"1017,6";"2,6";"111,0";"4,9";"2528,60";"0,0"
"27/03/2026";"1500";"29,4";"29,7";"28,7";"75,0";"79,0";"73,0";"24,5";"25,1";"23,7";"1017,1";"1017,6";"1017,1";"2,5";"124,0";"5,3";"3259,00";"0,0"
"27/03/2026";"1600";"28,6";"29,7";"28,3";"77,0";"81,0";"74,0";"24,1";"25,7";"23,8";"1016,2";"1017,1";"1016,2";"1,9";"148,0";"5,9";"3518,40";"0,0"
"27/03/2026";"1700";"28,7";"29,3";"28,2";"75,0";"80,0";"73,0";"23,9";"25,0";"23,4";"1015,8";"1016,3";"1015,8";"2,8";"158,0";"6,0";"2762,70";"0,0"
"27/03/2026";"1800";"28,7";"29,6";"28,3";"76,0";"78,0";"73,0";"24,1";"24,9";"23,6";"1015,8";"1015,8";"1015,7";"2,2";"134,0";"6,2";"2570,10";"0,0"
"27/03/2026";"1900";"28,1";"29,2";"27,7";"81,0";"84,0";"75,0";"24,6";"25,3";"24,0";"1015,9";"1016,0";"1015,7";"2,2";"126,0";"5,5";"1380,40";"0,0"
"27/03/2026";"2000";"27,3";"28,2";"27,3";"86,0";"86,0";"80,0";"24,7";"25,0";"24,3";"1016,0";"1016,1";"1015,9";"1,7";"133,0";"5,5";"350,50";"0,0"
"27/03/2026";"2100";"26,9";"27,3";"26,9";"91,0";"91,0";"86,0";"25,2";"25,2";"24,4";"1016,1";"1016,2";"1016,0";"1,4";"113,0";"3,5";"124,00";"0,0"
"27/03/2026";"2200";"26,3";"26,9";"26,3";"94,0";"95,0";"91,0";"25,2";"25,8";"25,2";"1016,5";"1016,5";"1016,1";"1,2";"122,0";"3,3";"";"0,0"
"27/03/2026";"2300";"25,2";"26,3";"25,2";"100,0";"100,0";"94,0";"25,2";"25,7";"25,2";"1017,1";"1017,1";"1016,5";"0,8";"294,0";"2,5";"";"0,0"
"28/03/2026";"0000";"24,4";"25,2";"24,4";"100,0";"100,0";"100,0";"24,4";"25,2";"24,4";"1017,7";"1017,7";"1017,1";"0,5";"252,0";"1,5";"";"0,0"
"28/03/2026";"0100";"24,1";"24,5";"24,0";"100,0";"100,0";"100,0";"24,0";"24,5";"24,0";"1018,0";"1018,0";"1017,7";"0,6";"254,0";"1,5";"";"0,0"
"28/03/2026";"0200";"23,4";"24,2";"23,3";"100,0";"100,0";"100,0";"23,4";"24,1";"23,3";"1017,9";"1018,2";"1017,9";"0,4";"338,0";"1,7";"";"0,0"
"28/03/2026";"0300";"23,0";"23,4";"22,9";"100,0";"100,0";"100,0";"22,9";"23,3";"22,9";"1017,8";"1017,9";"1017,7";"0,3";"359,0";"1,0";"";"0,0"
"28/03/2026";"0400";"22,8";"23,1";"22,8";"100,0";"100,0";"100,0";"22,8";"23,1";"22,8";"1017,3";"1017,8";"1017,3";"0,7";"277,0";"1,5";"";"0,0"
"28/03/2026";"0500";"22,8";"23,1";"22,8";"100,0";"100,0";"100,0";"22,8";"23,1";"22,7";"1016,9";"1017,3";"1016,9";"0,8";"234,0";"2,5";"";"0,0"
"28/03/2026";"0600";"22,7";"23,2";"22,6";"100,0";"100,0";"100,0";"22,7";"23,2";"22,6";"1016,7";"1016,9";"1016,7";"0,9";"262,0";"2,6";"";"0,0"
"28/03/2026";"0700";"22,7";"22,9";"22,6";"100,0";"100,0";"100,0";"22,7";"22,9";"22,6";"1016,7";"1016,8";"1016,7";"0,9";"312,0";"1,9";"";"0,0"
"28/03/2026";"0800";"21,9";"22,7";"21,8";"100,0";"100,0";"100,0";"21,9";"22,6";"21,8";"1016,8";"1016,9";"1016,6";"0,7";"293,0";"1,7";"";"0,0"
"28/03/2026";"0900";"21,9";"22,2";"21,9";"100,0";"100,0";"100,0";"21,9";"22,2";"21,8";"1017,5";"1017,5";"1016,8";"1,0";"300,0";"1,9";"";"0,0"
"28/03/2026";"1000";"22,1";"22,3";"21,9";"100,0";"100,0";"100,0";"22,1";"22,3";"21,9";"1018,0";"1018,0";"1017,5";"1,3";"302,0";"2,2";"61,50";"0,2"
"28/03/2026";"1100";"24,5";"24,5";"22,1";"100,0";"100,0";"100,0";"24,5";"24,5";"22,1";"1018,6";"1018,6";"1017,9";"0,8";"250,0";"2,3";"618,40";"0,0"
"28/03/2026";"1200";"26,9";"27,8";"24,5";"76,0";"100,0";"71,0";"22,3";"24,6";"21,9";"1019,3";"1019,3";"1018,6";"0,7";"36,0";"2,9";"1561,70";"0,0"
"28/03/2026";"1300";"28,1";"28,2";"26,9";"67,0";"76,0";"66,0";"21,4";"22,6";"20,8";"1019,2";"1019,3";"1019,2";"2,0";"127,0";"3,7";"2191,90";"0,0"
"28/03/2026";"1400";"28,6";"28,7";"27,7";"66,0";"70,0";"64,0";"21,5";"22,1";"20,8";"1018,9";"1019,2";"1018,9";"2,6";"117,0";"5,0";"2856,50";"0,0"
"28/03/2026";"1500";"28,5";"29,1";"28,2";"69,0";"71,0";"65,0";"22,1";"22,7";"21,4";"1017,9";"1018,9";"1017,9";"2,6";"126,0";"5,4";"3178,70";"0,0"
"28/03/2026";"1600";"28,3";"29,4";"27,8";"74,0";"75,0";"64,0";"23,3";"23,3";"21,6";"1017,3";"1017,9";"1017,3";"2,7";"158,0";"5,1";"3219,30";"0,0"
"28/03/2026";"1700";"28,0";"29,0";"27,8";"78,0";"80,0";"70,0";"23,8";"24,5";"22,8";"1016,9";"1017,3";"1016,9";"2,8";"152,0";"6,3";"3020,50";"0,0"
"28/03/2026";"1800";"28,3";"28,5";"27,6";"79,0";"80,0";"72,0";"24,3";"24,3";"22,6";"1017,0";"1017,0";"1016,9";"2,3";"163,0";"6,8";"2667,50";"0,0"
"28/03/2026";"1900";"27,6";"28,6";"27,1";"81,0";"84,0";"76,0";"24,1";"24,9";"23,4";"1016,8";"1017,0";"1016,8";"1,5";"106,0";"5,6";"1743,90";"0,0"
"28/03/2026";"2000";"26,8";"27,9";"26,5";"83,0";"86,0";"77,0";"23,6";"24,2";"23,3";"1017,2";"1017,2";"1016,8";"2,2";"129,0";"5,1";"709,60";"0,0"
"28/03/2026";"2100";"25,7";"26,8";"25,7";"92,0";"92,0";"82,0";"24,3";"24,4";"23,5";"1017,2";"1017,2";"1017,1";"1,1";"171,0";"5,1";"142,90";"0,0"
"28/03/2026";"2200";"24,6";"25,7";"24,6";"100,0";"100,0";"92,0";"24,6";"24,7";"24,2";"1017,6";"1017,6";"1017,2";"0,7";"238,0";"2,3";"";"0,0"
"28/03/2026";"2300";"24,4";"24,6";"24,3";"100,0";"100,0";"100,0";"24,4";"24,6";"24,3";"1018,0";"1018,1";"1017,6";"0,8";"190,0";"2,0";"";"0,0"
"29/03/2026";"0000";"23,6";"24,4";"23,6";"100,0";"100,0";"100,0";"23,6";"24,3";"23,6";"1018,5";"1018,5";"1018,0";"0,6";"255,0";"2,0";"";"0,0"
"29/03/2026";"0100";"23,0";"23,8";"23,0";"100,0";"100,0";"100,0";"23,0";"23,7";"23,0";"1018,8";"1018,9";"1018,5";"0,9";"343,0";"1,6";"";"0,0"
"29/03/2026";"0200";"22,6";"23,1";"22,6";"100,0";"100,0";"100,0";"22,6";"23,1";"22,6";"1018,3";"1018,8";"1018,2";"0,8";"266,0";"2,1";"";"0,0"
"29/03/2026";"0300";"22,9";"23,1";"22,6";"100,0";"100,0";"100,0";"22,9";"23,0";"22,6";"1018,3";"1018,5";"1018,3";"1,5";"299,0";"2,2";"";"0,0"
"29/03/2026";"0400";"22,6";"22,9";"22,3";"100,0";"100,0";"100,0";"22,6";"22,9";"22,3";"1017,5";"1018,3";"1017,5";"0,9";"264,0";"2,2";"";"0,0"
"29/03/2026";"0500";"22,4";"22,9";"22,4";"100,0";"100,0";"100,0";"22,4";"22,8";"22,3";"1016,9";"1017,5";"1016,7";"0,9";"266,0";"1,7";"";"0,0"
"29/03/2026";"0600";"22,5";"22,5";"22,2";"100,0";"100,0";"100,0";"22,4";"22,5";"22,2";"1016,6";"1016,9";"1016,5";"0,7";"268,0";"2,2";"";"0,0"
"29/03/2026";"0700";"22,7";"22,8";"22,3";"100,0";"100,0";"100,0";"22,7";"22,8";"22,3";"1016,2";"1016,7";"1016,2";"1,3";"296,0";"2,0";"";"0,0"
"29/03/2026";"0800";"22,1";"22,7";"22,1";"100,0";"100,0";"100,0";"22,1";"22,7";"22,1";"1016,5";"1016,5";"1016,2";"0,9";"298,0";"1,9";"";"0,0"
"29/03/2026";"0900";"22,3";"22,3";"21,8";"100,0";"100,0";"100,0";"22,3";"22,3";"21,8";"1016,9";"1016,9";"1016,4";"0,8";"261,0";"1,9";"";"0,0"
"29/03/2026";"1000";"22,5";"22,6";"22,0";"100,0";"100,0";"100,0";"22,5";"22,5";"22,0";"1017,3";"1017,3";"1016,9";"0,8";"302,0";"1,9";"59,90";"0,0"
"29/03/2026";"1100";"24,7";"24,7";"22,5";"100,0";"100,0";"100,0";"24,6";"24,6";"22,5";"1017,5";"1017,5";"1017,3";"0,9";"276,0";"1,7";"596,90";"0,0"
"29/03/2026";"1200";"26,7";"27,1";"24,7";"76,0";"100,0";"76,0";"22,2";"24,5";"22,1";"1018,3";"1018,3";"1017,5";"1,9";"187,0";"4,7";"1573,70";"0,0"
"29/03/2026";"1300";"28,2";"28,2";"26,6";"73,0";"79,0";"70,0";"23,0";"23,2";"21,7";"1018,1";"1018,3";"1018,1";"2,0";"106,0";"4,7";"2171,60";"0,0"
"29/03/2026";"1400";"27,3";"28,7";"27,3";"76,0";"77,0";"71,0";"22,7";"24,1";"22,3";"1017,8";"1018,1";"1017,8";"2,3";"151,0";"5,2";"2840,00";"0,0"
"29/03/2026";"1500";"27,7";"28,2";"26,7";"78,0";"82,0";"76,0";"23,6";"24,0";"23,0";"1017,4";"1017,8";"1017,3";"2,1";"127,0";"6,1";"1547,60";"0,0"
"29/03/2026";"1600";"26,7";"28,6";"26,6";"83,0";"84,0";"74,0";"23,7";"24,3";"23,1";"1016,8";"1017,4";"1016,8";"2,6";"152,0";"5,7";"1762,10";"0,0"
"29/03/2026";"1700";"27,6";"27,8";"26,5";"78,0";"86,0";"78,0";"23,4";"24,2";"22,9";"1015,7";"1016,8";"1015,7";"2,1";"109,0";"6,4";"1333,60";"0,0"
"29/03/2026";"1800";"28,1";"28,4";"27,3";"78,0";"80,0";"73,0";"23,8";"24,1";"22,6";"1015,1";"1015,7";"1015,1";"2,0";"113,0";"5,2";"2426,00";"0,0"
"29/03/2026";"1900";"26,4";"28,3";"26,3";"84,0";"85,0";"76,0";"23,4";"24,2";"23,2";"1015,1";"1015,2";"1015,0";"2,4";"141,0";"5,0";"1156,60";"0,0"
"29/03/2026";"2000";"26,5";"26,5";"26,1";"82,0";"85,0";"82,0";"23,2";"23,5";"23,0";"1015,0";"1015,2";"1015,0";"1,3";"147,0";"4,6";"419,70";"0,0"
"29/03/2026";"2100";"25,6";"26,6";"25,6";"88,0";"89,0";"82,0";"23,5";"23,6";"23,1";"1015,2";"1015,2";"1014,7";"1,5";"158,0";"2,8";"140,80";"0,0"
"29/03/2026";"2200";"25,3";"25,6";"25,3";"95,0";"95,0";"87,0";"24,6";"24,6";"23,3";"1015,9";"1015,9";"1015,2";"1,5";"160,0";"4,0";"1,10";"0,0"
"29/03/2026";"2300";"25,0";"25,3";"25,0";"95,0";"96,0";"94,0";"24,1";"24,6";"24,1";"1016,3";"1016,3";"1015,9";"0,9";"144,0";"3,3";"";"0,0"
"30/03/2026";"0000";"23,9";"25,0";"23,9";"100,0";"100,0";"95,0";"23,9";"24,5";"23,9";"1016,6";"1016,6";"1016,2";"0,5";"242,0";"1,6";"";"0,0"
"30/03/2026";"0100";"23,6";"23,9";"23,5";"100,0";"100,0";"100,0";"23,6";"23,9";"23,5";"1017,2";"1017,2";"1016,6";"0,9";"301,0";"1,4";"";"0,0"
"30/03/2026";"0200";"22,9";"23,6";"22,9";"100,0";"100,0";"100,0";"22,9";"23,6";"22,9";"1017,0";"1017,2";"1017,0";"0,4";"231,0";"1,6";"";"0,0"
"30/03/2026";"0300";"22,1";"23,0";"22,1";"100,0";"100,0";"100,0";"22,1";"23,0";"22,1";"1016,3";"1017,0";"1016,3";"0,7";"239,0";"1,7";"";"0,0"
"30/03/2026";"0400";"22,1";"22,3";"21,9";"100,0";"100,0";"100,0";"22,1";"22,3";"21,9";"1015,7";"1016,3";"1015,7";"1,0";"218,0";"2,3";"";"0,0"
"30/03/2026";"0500";"22,2";"22,6";"21,9";"100,0";"100,0";"100,0";"22,2";"22,6";"21,9";"1015,2";"1015,7";"1015,2";"1,4";"326,0";"2,3";"";"0,0"
"30/03/2026";"0600";"21,6";"22,2";"21,4";"100,0";"100,0";"100,0";"21,6";"22,2";"21,4";"1014,7";"1015,2";"1014,7";"1,3";"315,0";"2,2";"";"0,0"
"30/03/2026";"0700";"21,1";"21,6";"20,8";"100,0";"100,0";"100,0";"21,1";"21,5";"20,8";"1013,8";"1014,7";"1013,7";"1,1";"332,0";"2,2";"";"0,0"
"30/03/2026";"0800";"21,3";"21,5";"20,9";"100,0";"100,0";"100,0";"21,2";"21,4";"20,9";"1013,7";"1013,9";"1013,6";"0,8";"282,0";"1,7";"";"0,2"
"30/03/2026";"0900";"20,8";"21,4";"20,7";"100,0";"100,0";"100,0";"20,8";"21,4";"20,7";"1014,0";"1014,0";"1013,7";"0,7";"336,0";"2,0";"";"0,0"
"30/03/2026";"1000";"21,4";"21,8";"20,7";"100,0";"100,0";"100,0";"21,4";"21,8";"20,7";"1014,4";"1014,4";"1014,0";"0,4";"27,0";"2,5";"69,50";"0,0"
"30/03/2026";"1100";"23,4";"23,4";"21,4";"99,0";"100,0";"99,0";"23,1";"23,3";"21,5";"1014,5";"1014,5";"1014,1";"0,9";"228,0";"2,5";"598,90";"0,0"
"30/03/2026";"1200";"26,4";"26,5";"23,4";"79,0";"99,0";"78,0";"22,3";"23,5";"22,2";"1014,9";"1014,9";"1014,5";"1,3";"196,0";"3,3";"1503,70";"0,0"
"30/03/2026";"1300";"27,3";"27,5";"26,0";"67,0";"80,0";"65,0";"20,7";"22,6";"20,4";"1014,7";"1015,0";"1014,7";"1,8";"188,0";"4,3";"2150,10";"0,0"
"30/03/2026";"1400";"26,9";"28,4";"26,1";"80,0";"82,0";"63,0";"23,2";"23,2";"20,1";"1015,1";"1015,2";"1014,7";"2,5";"153,0";"6,6";"2171,00";"0,0"
"30/03/2026";"1500";"26,7";"27,6";"26,3";"79,0";"81,0";"75,0";"22,8";"23,4";"22,3";"1014,6";"1015,1";"1014,6";"2,2";"124,0";"7,4";"2212,10";"0,0"
"30/03/2026";"1600";"26,0";"27,2";"25,9";"81,0";"83,0";"77,0";"22,4";"23,2";"22,4";"1014,1";"1014,6";"1014,1";"2,8";"152,0";"6,3";"1694,40";"0,0"
"30/03/2026";"1700";"26,0";"27,3";"25,9";"79,0";"83,0";"75,0";"22,1";"23,0";"21,6";"1013,5";"1014,1";"1013,5";"3,2";"157,0";"6,4";"1629,00";"0,0"
"30/03/2026";"1800";"27,0";"27,1";"25,7";"73,0";"81,0";"72,0";"21,6";"22,4";"21,5";"1013,2";"1013,5";"1013,2";"2,5";"153,0";"6,6";"1649,00";"0,0"
"30/03/2026";"1900";"26,3";"27,0";"25,7";"76,0";"79,0";"72,0";"21,6";"22,2";"21,2";"1013,0";"1013,2";"1012,9";"2,8";"155,0";"6,7";"864,40";"0,0"
"30/03/2026";"2000";"25,4";"26,5";"25,4";"84,0";"84,0";"73,0";"22,6";"22,6";"21,1";"1012,9";"1013,0";"1012,9";"1,8";"138,0";"5,7";"589,70";"0,0"
"30/03/2026";"2100";"25,0";"25,5";"25,0";"87,0";"90,0";"84,0";"22,7";"23,3";"22,7";"1012,7";"1013,0";"1012,7";"1,2";"104,0";"3,8";"124,80";"0,0"
"30/03/2026";"2200";"24,4";"25,0";"24,4";"98,0";"98,0";"87,0";"24,1";"24,2";"22,6";"1012,8";"1012,9";"1012,7";"1,1";"299,0";"2,3";"";"0,0"
"30/03/2026";"2300";"23,9";"24,4";"23,9";"100,0";"100,0";"98,0";"23,9";"24,3";"23,9";"1013,3";"1013,3";"1012,8";"0,8";"239,0";"2,1";"";"0,0"
"31/03/2026";"0000";"23,6";"23,9";"23,5";"100,0";"100,0";"100,0";"23,6";"23,9";"23,5";"1013,6";"1013,6";"1013,3";"0,5";"250,0";"2,1";"";"0,0"
"31/03/2026";"0100";"23,4";"23,8";"23,3";"100,0";"100,0";"100,0";"23,4";"23,8";"23,3";"1013,4";"1013,7";"1013,4";"1,0";"304,0";"2,3";"";"0,0"
"31/03/2026";"0200";"23,3";"23,5";"23,2";"100,0";"100,0";"100,0";"23,3";"23,5";"23,2";"1013,1";"1013,4";"1013,1";"0,6";"270,0";"1,4";"";"0,0"
"31/03/2026";"0300";"23,4";"23,5";"23,3";"100,0";"100,0";"100,0";"23,4";"23,5";"23,3";"1012,8";"1013,2";"1012,8";"0,7";"259,0";"2,1";"";"0,0"
"31/03/2026";"0400";"23,2";"23,5";"23,0";"100,0";"100,0";"100,0";"23,2";"23,5";"23,0";"1012,2";"1012,8";"1012,2";"0,5";"232,0";"2,0";"";"0,2"
"31/03/2026";"0500";"23,1";"23,3";"22,9";"100,0";"100,0";"100,0";"23,1";"23,3";"22,9";"1011,8";"1012,2";"1011,8";"0,8";"251,0";"3,9";"";"1,0"
"31/03/2026";"0600";"22,9";"23,1";"22,7";"100,0";"100,0";"100,0";"22,9";"23,1";"22,7";"1011,2";"1011,8";"1011,2";"0,7";"264,0";"1,8";"";"0,8"
"31/03/2026";"0700";"22,9";"23,0";"22,7";"100,0";"100,0";"100,0";"22,9";"23,0";"22,7";"1011,0";"1011,2";"1011,0";"1,1";"256,0";"2,3";"";"0,4"
"31/03/2026";"0800";"22,8";"23,0";"22,7";"100,0";"100,0";"100,0";"22,8";"23,0";"22,7";"1011,1";"1011,1";"1010,9";"0,7";"141,0";"2,3";"";"0,8"
"31/03/2026";"0900";"21,8";"22,8";"21,8";"100,0";"100,0";"100,0";"21,8";"22,7";"21,8";"1011,4";"1011,4";"1011,1";"1,7";"327,0";"3,0";"";"1,4"
"31/03/2026";"1000";"21,7";"22,0";"21,5";"100,0";"100,0";"100,0";"21,7";"22,0";"21,5";"1012,0";"1012,0";"1011,4";"1,2";"322,0";"2,5";"19,10";"5,0"
"31/03/2026";"1100";"21,9";"22,0";"21,5";"100,0";"100,0";"100,0";"21,9";"22,0";"21,4";"1012,7";"1012,7";"1012,0";"0,4";"199,0";"2,3";"131,00";"0,2"
"31/03/2026";"1200";"22,4";"22,5";"21,9";"100,0";"100,0";"100,0";"22,4";"22,5";"21,9";"1013,0";"1013,1";"1012,7";"1,1";"334,0";"2,2";"303,60";"0,0"
"31/03/2026";"1300";"24,3";"24,3";"22,4";"89,0";"100,0";"88,0";"22,4";"23,3";"21,9";"1012,8";"1013,0";"1012,8";"0,6";"357,0";"2,3";"936,90";"0,2"
"31/03/2026";"1400";"25,7";"25,9";"24,2";"77,0";"89,0";"77,0";"21,4";"23,3";"21,4";"1012,5";"1012,8";"1012,5";"0,5";"294,0";"1,4";"1435,40";"0,0"
"31/03/2026";"1500";"27,1";"27,4";"25,7";"74,0";"79,0";"72,0";"22,1";"22,9";"20,9";"1011,7";"1012,5";"1011,7";"2,3";"99,0";"4,1";"2717,10";"0,0"
"31/03/2026";"1600";"25,1";"27,1";"25,1";"85,0";"85,0";"72,0";"22,3";"22,8";"21,5";"1011,0";"1011,7";"1011,0";"3,2";"154,0";"6,2";"1188,90";"0,0"
"31/03/2026";"1700";"23,7";"25,2";"23,7";"100,0";"100,0";"85,0";"23,7";"23,8";"22,5";"1010,5";"1011,0";"1010,5";"1,3";"172,0";"6,3";"433,00";"3,2"
"31/03/2026";"1800";"22,9";"24,0";"22,9";"100,0";"100,0";"100,0";"22,9";"23,9";"22,9";"1010,4";"1010,5";"1010,2";"2,6";"331,0";"6,0";"93,30";"1,0"
"31/03/2026";"1900";"22,3";"22,9";"22,1";"100,0";"100,0";"100,0";"22,3";"22,7";"22,1";"1010,7";"1010,7";"1010,3";"1,7";"6,0";"6,3";"45,70";"6,4"
"31/03/2026";"2000";"22,6";"22,6";"22,1";"100,0";"100,0";"100,0";"22,5";"22,6";"22,0";"1010,8";"1010,9";"1010,6";"0,9";"345,0";"3,9";"120,40";"0,2"
"31/03/2026";"2100";"22,9";"22,9";"22,6";"100,0";"100,0";"100,0";"22,9";"22,9";"22,6";"1011,0";"1011,0";"1010,7";"1,2";"301,0";"1,9";"66,90";"0,0"
"31/03/2026";"2200";"22,6";"23,0";"22,6";"100,0";"100,0";"100,0";"22,6";"23,0";"22,5";"1011,4";"1011,4";"1011,0";"1,2";"319,0";"1,9";"";"0,0"
"31/03/2026";"2300";"22,1";"22,6";"22,1";"100,0";"100,0";"100,0";"22,0";"22,6";"22,0";"1012,3";"1012,3";"1011,4";"1,2";"336,0";"2,0";"";"0,2"
"01/04/2026";"0000";"22,0";"22,2";"21,9";"100,0";"100,0";"100,0";"21,9";"22,2";"21,9";"1012,6";"1012,6";"1012,2";"1,2";"304,0";"2,0";"";"0,0"
"01/04/2026";"0100";"22,0";"22,1";"21,9";"100,0";"100,0";"100,0";"22,0";"22,1";"21,9";"1013,1";"1013,1";"1012,6";"1,0";"310,0";"1,8";"";"0,0"
"01/04/2026";"0200";"21,9";"22,1";"21,8";"100,0";"100,0";"100,0";"21,9";"22,1";"21,8";"1012,3";"1013,1";"1012,3";"0,9";"248,0";"1,9";"";"0,0"
"01/04/2026";"0300";"21,9";"22,1";"21,7";"100,0";"100,0";"100,0";"21,9";"22,1";"21,7";"1012,1";"1012,3";"1012,1";"0,9";"307,0";"2,2";"";"0,0"
"01/04/2026";"0400";"21,2";"21,9";"21,2";"100,0";"100,0";"100,0";"21,2";"21,9";"21,2";"1011,6";"1012,2";"1011,6";"1,2";"298,0";"2,2";"";"0,0"
"01/04/2026";"0500";"21,3";"21,5";"21,0";"100,0";"100,0";"100,0";"21,3";"21,4";"21,0";"1011,2";"1011,6";"1011,2";"1,3";"312,0";"2,6";"";"0,0"
"01/04/2026";"0600";"21,0";"21,4";"21,0";"100,0";"100,0";"100,0";"21,0";"21,4";"20,9";"1011,0";"1011,2";"1011,0";"0,8";"290,0";"2,3";"";"0,0"
"01/04/2026";"0700";"21,1";"21,1";"20,6";"100,0";"100,0";"100,0";"21,1";"21,1";"20,6";"1011,1";"1011,2";"1011,0";"0,9";"312,0";"1,6";"";"0,0"
"01/04/2026";"0800";"21,1";"21,2";"20,8";"100,0";"100,0";"100,0";"21,1";"21,1";"20,8";"1011,3";"1011,4";"1011,1";"0,5";"213,0";"2,0";"";"0,0"
"01/04/2026";"0900";"21,2";"21,6";"21,0";"100,0";"100,0";"100,0";"21,1";"21,6";"21,0";"1011,6";"1011,6";"1011,1";"0,6";"277,0";"1,9";"";"0,0"
"01/04/2026";"1000";"21,4";"21,5";"20,9";"100,0";"100,0";"100,0";"21,4";"21,4";"20,8";"1012,2";"1012,2";"1011,6";"0,8";"271,0";"2,1";"57,30";"0,0"
"01/04/2026";"1100";"23,1";"23,4";"21,5";"98,0";"100,0";"98,0";"22,9";"23,3";"21,5";"1012,8";"1012,8";"1012,2";"0,7";"277,0";"2,0";"524,70";"0,0"
"01/04/2026";"1200";"25,5";"26,1";"23,1";"77,0";"98,0";"76,0";"21,2";"22,9";"21,2";"1013,1";"1013,1";"1012,8";"1,3";"123,0";"3,0";"1547,30";"0,0"
"01/04/2026";"1300";"25,8";"26,7";"25,4";"77,0";"79,0";"73,0";"21,5";"22,0";"20,7";"1013,5";"1013,5";"1013,1";"2,1";"116,0";"4,4";"1900,40";"0,0"
"01/04/2026";"1400";"26,7";"27,0";"25,8";"76,0";"78,0";"71,0";"22,1";"22,5";"20,8";"1013,2";"1013,6";"1013,2";"2,8";"107,0";"5,5";"2788,80";"0,0"
"01/04/2026";"1500";"26,3";"27,1";"26,1";"77,0";"79,0";"74,0";"22,0";"22,9";"21,9";"1012,4";"1013,2";"1012,4";"2,4";"116,0";"5,5";"2601,00";"0,0"
"01/04/2026";"1600";"26,5";"27,4";"26,3";"76,0";"80,0";"73,0";"21,9";"23,1";"21,6";"1011,7";"1012,4";"1011,7";"2,4";"115,0";"5,4";"2610,30";"0,0"
"01/04/2026";"1700";"26,5";"26,7";"26,0";"75,0";"80,0";"72,0";"21,7";"22,4";"21,0";"1011,3";"1011,7";"1011,3";"1,8";"106,0";"4,2";"871,50";"0,0"
"01/04/2026";"1800";"26,5";"27,4";"26,5";"76,0";"76,0";"68,0";"21,8";"22,3";"20,6";"1011,1";"1011,3";"1010,9";"1,8";"116,0";"4,2";"1465,80";"0,0"
"01/04/2026";"1900";"25,7";"26,5";"25,7";"84,0";"84,0";"76,0";"22,8";"23,1";"21,6";"1011,1";"1011,2";"1010,9";"2,0";"119,0";"4,1";"520,20";"0,0"
"01/04/2026";"2000";"25,5";"25,8";"25,4";"81,0";"84,0";"81,0";"21,9";"22,9";"21,9";"1011,3";"1011,4";"1011,0";"1,1";"122,0";"4,0";"238,10";"0,0"
"01/04/2026";"2100";"25,2";"25,5";"25,2";"86,0";"86,0";"80,0";"22,8";"22,8";"21,7";"1011,6";"1011,9";"1011,3";"1,7";"86,0";"3,4";"17,60";"0,0"
"01/04/2026";"2200";"24,1";"25,2";"24,1";"100,0";"100,0";"86,0";"24,1";"24,4";"22,8";"1012,6";"1012,6";"1011,6";"1,1";"265,0";"3,5";"";"0,0"
"01/04/2026";"2300";"23,4";"24,1";"23,3";"100,0";"100,0";"100,0";"23,4";"24,1";"23,3";"1012,9";"1013,1";"1012,6";"0,4";"348,0";"4,1";"";"1,2"
"02/04/2026";"0000";"22,8";"23,4";"22,8";"100,0";"100,0";"100,0";"22,8";"23,4";"22,8";"1012,7";"1012,9";"1012,5";"0,5";"8,0";"2,7";"";"0,2"
"02/04/2026";"0100";"22,5";"23,0";"22,5";"100,0";"100,0";"100,0";"22,5";"23,0";"22,5";"1012,5";"1012,8";"1012,5";"0,6";"80,0";"2,3";"";"0,0"
"02/04/2026";"0200";"22,2";"22,7";"22,2";"100,0";"100,0";"100,0";"22,2";"22,7";"22,2";"1011,8";"1012,7";"1011,8";"1,2";"205,0";"2,2";"";"0,0"
"02/04/2026";"0300";"22,5";"22,5";"22,2";"100,0";"100,0";"100,0";"22,5";"22,5";"22,2";"1012,4";"1012,4";"1011,7";"1,6";"192,0";"5,0";"";"0,0"
"02/04/2026";"0400";"22,1";"22,7";"22,1";"100,0";"100,0";"100,0";"22,1";"22,7";"22,1";"1011,9";"1012,4";"1011,9";"0,9";"267,0";"3,5";"";"0,0"
"02/04/2026";"0500";"22,2";"22,3";"22,0";"100,0";"100,0";"100,0";"22,2";"22,3";"22,0";"1011,4";"1011,9";"1011,4";"0,4";"254,0";"2,3";"";"0,0"
"02/04/2026";"0600";"22,2";"22,4";"22,1";"100,0";"100,0";"100,0";"22,2";"22,4";"22,1";"1011,0";"1011,5";"1011,0";"1,2";"339,0";"1,9";"";"0,0"
"02/04/2026";"0700";"22,4";"22,4";"22,1";"100,0";"100,0";"100,0";"22,3";"22,4";"22,1";"1010,9";"1011,0";"1010,8";"0,9";"320,0";"1,9";"";"0,0"
"02/04/2026";"0800";"22,3";"22,4";"22,1";"100,0";"100,0";"100,0";"22,3";"22,4";"22,1";"1011,1";"1011,1";"1010,7";"0,7";"223,0";"2,1";"";"0,0"
"02/04/2026";"0900";"22,6";"22,7";"22,3";"100,0";"100,0";"100,0";"22,6";"22,7";"22,3";"1011,6";"1011,6";"1011,1";"0,9";"241,0";"2,2";"";"0,0"
"02/04/2026";"1000";"22,9";"22,9";"22,5";"100,0";"100,0";"100,0";"22,8";"22,8";"22,5";"1011,9";"1011,9";"1011,6";"1,5";"269,0";"3,1";"9,90";"0,0"
"02/04/2026";"1100";"23,5";"23,5";"22,4";"100,0";"100,0";"100,0";"23,5";"23,5";"22,4";"1012,4";"1012,4";"1011,9";"1,2";"212,0";"4,2";"251,00";"0,0"
"02/04/2026";"1200";"25,2";"25,2";"23,5";"97,0";"100,0";"96,0";"24,7";"24,8";"23,5";"1012,5";"1012,8";"1012,4";"1,8";"197,0";"4,0";"868,30";"0,0"
"02/04/2026";"1300";"26,3";"27,2";"25,2";"89,0";"98,0";"80,0";"24,3";"25,0";"23,2";"1012,7";"1012,8";"1012,5";"0,9";"93,0";"3,2";"1310,30";"0,2"
"02/04/2026";"1400";"26,2";"26,8";"25,7";"87,0";"91,0";"84,0";"23,9";"24,7";"23,4";"1012,8";"1012,8";"1012,7";"1,3";"151,0";"3,3";"971,80";"0,0"
"02/04/2026";"1500";"26,3";"27,1";"26,2";"92,0";"92,0";"83,0";"24,9";"25,0";"23,6";"1012,6";"1012,8";"1012,4";"1,7";"112,0";"4,5";"1403,90";"0,0"
"02/04/2026";"1600";"26,8";"27,3";"26,2";"87,0";"92,0";"85,0";"24,5";"25,2";"24,3";"1012,1";"1012,6";"1012,1";"1,8";"105,0";"3,5";"1249,10";"0,2"
"02/04/2026";"1700";"26,6";"28,3";"26,5";"91,0";"91,0";"80,0";"24,9";"25,1";"24,3";"1011,6";"1012,1";"1011,6";"1,4";"127,0";"3,5";"1288,50";"0,0"
"02/04/2026";"1800";"26,3";"26,7";"26,2";"89,0";"93,0";"89,0";"24,5";"25,3";"24,5";"1011,4";"1011,6";"1011,3";"2,1";"111,0";"3,9";"576,60";"0,0"
"02/04/2026";"1900";"24,6";"26,3";"24,4";"100,0";"100,0";"87,0";"24,6";"24,6";"23,8";"1011,2";"1011,4";"1011,2";"1,7";"112,0";"6,6";"259,50";"8,2"
"02/04/2026";"2000";"22,9";"24,6";"21,9";"100,0";"100,0";"88,0";"22,8";"24,0";"21,8";"1012,9";"1013,2";"1010,9";"1,3";"47,0";"6,6";"81,00";"26,2"
"02/04/2026";"2100";"22,8";"23,2";"22,5";"100,0";"100,0";"100,0";"22,8";"23,1";"22,5";"1013,2";"1013,8";"1012,3";"2,6";"276,0";"5,6";"2,50";"8,0"
"02/04/2026";"2200";"22,6";"22,8";"22,2";"100,0";"100,0";"100,0";"22,6";"22,8";"22,2";"1012,8";"1013,5";"1012,8";"0,8";"294,0";"6,8";"0,30";"0,6"
"02/04/2026";"2300";"22,9";"23,0";"22,4";"100,0";"100,0";"100,0";"22,9";"22,9";"22,4";"1014,0";"1014,0";"1012,8";"0,7";"37,0";"3,4";"0,20";"0,0"
"03/04/2026";"0000";"22,7";"22,9";"22,4";"100,0";"100,0";"100,0";"22,6";"22,8";"22,4";"1014,1";"1014,2";"1013,8";"1,1";"346,0";"2,4";"";"0,0"
"03/04/2026";"0100";"22,8";"22,8";"22,5";"100,0";"100,0";"100,0";"22,7";"22,7";"22,5";"1014,1";"1014,3";"1014,1";"0,4";"338,0";"2,1";"";"0,0"
"03/04/2026";"0200";"22,6";"22,8";"22,4";"100,0";"100,0";"100,0";"22,6";"22,8";"22,4";"1013,4";"1014,1";"1013,4";"0,9";"207,0";"2,2";"";"0,0"
"03/04/2026";"0300";"22,6";"22,8";"22,5";"100,0";"100,0";"100,0";"22,5";"22,8";"22,5";"1013,3";"1013,4";"1013,2";"0,7";"301,0";"2,2";"";"0,0"
"03/04/2026";"0400";"22,5";"22,6";"22,4";"100,0";"100,0";"100,0";"22,5";"22,6";"22,3";"1012,9";"1013,3";"1012,8";"0,8";"241,0";"2,2";"";"0,0"
"03/04/2026";"0500";"22,7";"22,9";"22,3";"100,0";"100,0";"100,0";"22,7";"22,9";"22,3";"1012,4";"1012,9";"1012,3";"1,6";"227,0";"3,7";"";"0,0"
"03/04/2026";"0600";"23,0";"23,0";"22,7";"100,0";"100,0";"100,0";"23,0";"23,0";"22,7";"1011,9";"1012,4";"1011,8";"1,9";"210,0";"4,0";"";"0,2"
"03/04/2026";"0700";"22,9";"23,0";"22,6";"100,0";"100,0";"100,0";"22,9";"22,9";"22,6";"1011,9";"1012,0";"1011,8";"1,3";"225,0";"4,0";"";"0,0"
"03/04/2026";"0800";"22,9";"23,3";"22,6";"100,0";"100,0";"100,0";"22,9";"23,3";"22,6";"1011,8";"1011,9";"1011,6";"1,2";"185,0";"3,4";"";"0,0"
"03/04/2026";"0900";"22,7";"23,0";"22,7";"100,0";"100,0";"100,0";"22,6";"23,0";"22,6";"1012,5";"1012,5";"1011,8";"0,9";"310,0";"3,4";"";"0,0"
"03/04/2026";"1000";"22,4";"22,8";"22,3";"100,0";"100,0";"100,0";"22,4";"22,7";"22,3";"1013,1";"1013,1";"1012,5";"0,9";"216,0";"2,7";"48,80";"0,0"
"03/04/2026";"1100";"24,7";"24,7";"22,4";"91,0";"100,0";"91,0";"23,1";"24,0";"22,4";"1013,7";"1013,7";"1013,1";"0,5";"312,0";"3,1";"563,10";"0,0"
"03/04/2026";"1200";"27,0";"27,4";"24,7";"91,0";"94,0";"80,0";"25,3";"25,7";"22,6";"1013,8";"1013,8";"1013,6";"1,5";"131,0";"3,3";"1459,90";"0,0"
"03/04/2026";"1300";"27,5";"28,0";"26,7";"80,0";"93,0";"78,0";"23,8";"25,6";"23,6";"1013,9";"1013,9";"1013,8";"2,5";"151,0";"4,4";"2219,00";"0,0"
"03/04/2026";"1400";"27,2";"28,3";"27,2";"91,0";"91,0";"77,0";"25,6";"25,6";"23,8";"1013,9";"1014,0";"1013,8";"2,9";"110,0";"5,7";"2048,20";"0,0"
"03/04/2026";"1500";"27,9";"28,1";"26,6";"80,0";"92,0";"77,0";"24,2";"25,7";"23,5";"1013,5";"1014,0";"1013,5";"2,4";"121,0";"5,7";"2742,20";"0,0"
"03/04/2026";"1600";"27,9";"28,8";"27,9";"79,0";"80,0";"73,0";"24,0";"24,4";"23,1";"1012,8";"1013,5";"1012,8";"2,6";"120,0";"5,4";"2931,70";"0,0"
"03/04/2026";"1700";"28,4";"28,8";"27,7";"73,0";"82,0";"73,0";"23,2";"24,8";"23,2";"1012,3";"1012,8";"1012,3";"2,6";"119,0";"5,3";"2420,50";"0,0"
"03/04/2026";"1800";"28,2";"28,8";"27,7";"77,0";"79,0";"72,0";"23,8";"24,0";"22,8";"1012,1";"1012,3";"1012,0";"2,4";"118,0";"5,4";"1626,50";"0,0"
"03/04/2026";"1900";"27,7";"28,4";"27,7";"80,0";"83,0";"73,0";"23,9";"25,1";"23,0";"1012,1";"1012,1";"1011,6";"1,5";"111,0";"4,8";"1197,80";"0,0"
"03/04/2026";"2000";"27,0";"27,7";"27,0";"87,0";"87,0";"76,0";"24,5";"24,9";"22,9";"1012,4";"1012,5";"1012,1";"1,4";"142,0";"3,4";"216,10";"0,0"
"03/04/2026";"2100";"26,9";"27,3";"26,9";"90,0";"92,0";"85,0";"25,1";"25,5";"24,4";"1012,2";"1012,5";"1012,1";"1,0";"36,0";"4,1";"157,10";"0,0"
"03/04/2026";"2200";"25,8";"26,9";"25,8";"100,0";"100,0";"90,0";"25,8";"25,8";"25,1";"1012,8";"1013,0";"1012,2";"1,1";"318,0";"3,2";"";"0,0"
"03/04/2026";"2300";"24,8";"25,8";"24,8";"100,0";"100,0";"100,0";"24,8";"25,7";"24,8";"1012,7";"1012,8";"1012,5";"0,5";"305,0";"3,0";"";"0,0"
"04/04/2026";"0000";"24,7";"25,3";"24,6";"100,0";"100,0";"100,0";"24,7";"25,3";"24,6";"1013,7";"1013,7";"1012,7";"1,0";"334,0";"2,4";"";"0,0"
"04/04/2026";"0100";"24,4";"24,7";"24,3";"100,0";"100,0";"100,0";"24,4";"24,6";"24,3";"1013,9";"1013,9";"1013,7";"0,4";"166,0";"2,4";"";"0,0"
"04/04/2026";"0200";"28,0";"28,1";"24,1";"61,0";"100,0";"61,0";"19,8";"24,5";"19,8";"1014,1";"1014,4";"1013,9";"4,0";"348,0";"7,4";"";"0,0"
"04/04/2026";"0300";"26,3";"28,0";"26,3";"72,0";"72,0";"61,0";"20,8";"20,9";"19,7";"1014,0";"1014,2";"1013,8";"0,9";"52,0";"7,4";"";"0,0"
"04/04/2026";"0400";"26,7";"27,8";"25,6";"68,0";"79,0";"61,0";"20,4";"21,6";"19,7";"1013,3";"1014,0";"1013,3";"0,9";"31,0";"3,5";"";"0,0"
"04/04/2026";"0500";"25,8";"28,3";"25,0";"74,0";"85,0";"60,0";"20,7";"22,5";"19,8";"1012,6";"1013,3";"1012,6";"1,2";"229,0";"5,7";"";"0,0"
"04/04/2026";"0600";"24,9";"26,1";"24,8";"83,0";"88,0";"74,0";"21,8";"22,6";"20,7";"1012,1";"1012,7";"1012,1";"0,6";"215,0";"2,6";"";"0,0"
"04/04/2026";"0700";"23,5";"24,9";"23,5";"100,0";"100,0";"83,0";"23,5";"24,0";"21,9";"1011,4";"1012,1";"1011,4";"0,6";"201,0";"2,0";"";"0,0"
"04/04/2026";"0800";"23,0";"23,6";"23,0";"100,0";"100,0";"100,0";"23,0";"23,6";"23,0";"1011,5";"1011,5";"1011,4";"0,7";"265,0";"2,8";"";"0,0"
"04/04/2026";"0900";"22,9";"23,0";"22,6";"100,0";"100,0";"100,0";"22,9";"23,0";"22,6";"1012,1";"1012,1";"1011,5";"1,4";"202,0";"4,1";"";"0,0"
"04/04/2026";"1000";"23,6";"23,7";"22,9";"100,0";"100,0";"98,0";"23,6";"23,6";"23,0";"1012,8";"1012,8";"1012,1";"0,8";"272,0";"3,1";"51,10";"0,0"
"04/04/2026";"1100";"25,4";"25,6";"23,5";"88,0";"100,0";"88,0";"23,2";"23,9";"23,2";"1013,5";"1013,5";"1012,8";"0,7";"290,0";"2,0";"504,70";"0,0"
"04/04/2026";"1200";"28,2";"28,5";"25,4";"70,0";"92,0";"68,0";"22,3";"24,3";"21,7";"1014,3";"1014,3";"1013,5";"1,5";"150,0";"2,6";"1495,70";"0,0"
"04/04/2026";"1300";"29,0";"29,4";"28,1";"65,0";"73,0";"63,0";"21,7";"22,9";"21,2";"1014,4";"1014,5";"1014,3";"1,2";"111,0";"3,4";"2065,50";"0,0"
"04/04/2026";"1400";"29,5";"29,8";"28,4";"70,0";"77,0";"63,0";"23,5";"24,1";"21,4";"1014,4";"1014,5";"1014,4";"1,9";"148,0";"5,1";"2693,70";"0,0"
"04/04/2026";"1500";"28,8";"29,6";"28,3";"77,0";"82,0";"68,0";"24,4";"25,2";"23,2";"1014,1";"1014,5";"1014,1";"2,4";"137,0";"5,6";"2995,20";"0,0"
"04/04/2026";"1600";"28,5";"28,8";"27,8";"80,0";"86,0";"76,0";"24,8";"26,1";"23,7";"1013,6";"1014,1";"1013,6";"2,4";"149,0";"5,8";"2421,90";"0,0"
"04/04/2026";"1700";"27,5";"29,0";"27,4";"88,0";"90,0";"74,0";"25,2";"26,1";"23,6";"1013,3";"1013,6";"1013,2";"2,6";"108,0";"5,3";"1254,80";"0,0"
"04/04/2026";"1800";"27,2";"28,3";"27,1";"89,0";"90,0";"85,0";"25,2";"26,2";"25,0";"1012,5";"1013,3";"1012,5";"1,6";"122,0";"5,2";"1049,30";"0,0"
"04/04/2026";"1900";"27,1";"27,2";"26,7";"87,0";"94,0";"87,0";"24,9";"25,8";"24,8";"1012,5";"1012,6";"1012,2";"0,9";"194,0";"3,3";"384,10";"0,0"
"04/04/2026";"2000";"27,1";"27,3";"26,8";"82,0";"89,0";"78,0";"23,8";"25,0";"23,0";"1012,0";"1012,6";"1012,0";"0,8";"171,0";"2,6";"334,40";"0,0"
"04/04/2026";"2100";"25,9";"27,1";"25,9";"92,0";"94,0";"82,0";"24,5";"25,4";"23,5";"1012,6";"1012,6";"1012,0";"0,6";"313,0";"1,5";"78,50";"0,0"
"04/04/2026";"2200";"25,5";"25,9";"25,3";"100,0";"100,0";"92,0";"25,5";"25,6";"24,6";"1013,0";"1013,0";"1012,6";"1,1";"353,0";"1,9";"";"0,0"
"04/04/2026";"2300";"25,1";"25,5";"25,1";"100,0";"100,0";"100,0";"25,1";"25,5";"25,1";"1013,4";"1013,4";"1013,0";"0,9";"328,0";"2,3";"";"0,0"
"05/04/2026";"0000";"24,8";"25,2";"24,7";"100,0";"100,0";"100,0";"24,7";"25,1";"24,7";"1013,7";"1013,7";"1013,4";"0,5";"22,0";"2,2";"";"0,0"
"05/04/2026";"0100";"24,1";"24,8";"24,1";"100,0";"100,0";"100,0";"24,1";"24,8";"24,1";"1013,6";"1013,7";"1013,6";"0,4";"195,0";"1,6";"";"0,0"
"05/04/2026";"0200";"23,7";"24,2";"23,7";"100,0";"100,0";"100,0";"23,7";"24,1";"23,7";"1013,5";"1013,7";"1013,5";"0,5";"8,0";"1,4";"";"0,0"
"05/04/2026";"0300";"23,2";"23,8";"23,2";"100,0";"100,0";"100,0";"23,2";"23,8";"23,2";"1013,7";"1013,8";"1013,5";"0,6";"241,0";"1,8";"";"0,0"
"05/04/2026";"0400";"23,2";"23,2";"23,0";"100,0";"100,0";"100,0";"23,1";"23,2";"23,0";"1013,1";"1013,7";"1013,1";"0,7";"236,0";"2,4";"";"0,0"
"05/04/2026";"0500";"23,4";"23,7";"23,1";"100,0";"100,0";"100,0";"23,4";"23,7";"23,1";"1012,7";"1013,1";"1012,7";"0,6";"259,0";"3,0";"";"0,0"
"05/04/2026";"0600";"22,7";"23,5";"22,6";"100,0";"100,0";"100,0";"22,7";"23,5";"22,6";"1012,4";"1012,8";"1012,3";"0,8";"215,0";"2,7";"";"0,0"
"05/04/2026";"0700";"23,7";"23,7";"22,7";"100,0";"100,0";"100,0";"23,7";"23,7";"22,7";"1012,6";"1012,6";"1012,3";"1,8";"185,0";"3,8";"";"0,0"
"05/04/2026";"0800";"23,0";"24,0";"22,7";"100,0";"100,0";"100,0";"23,0";"23,9";"22,7";"1013,0";"1013,0";"1012,5";"1,4";"283,0";"3,8";"";"0,0"
"05/04/2026";"0900";"22,5";"23,0";"22,5";"100,0";"100,0";"100,0";"22,4";"23,0";"22,4";"1013,4";"1013,4";"1012,9";"0,8";"349,0";"2,5";"";"0,0"
"05/04/2026";"1000";"22,6";"22,6";"22,2";"100,0";"100,0";"100,0";"22,6";"22,6";"22,2";"1014,7";"1014,7";"1013,4";"0,5";"277,0";"2,2";"49,30";"0,0"
"05/04/2026";"1100";"24,7";"24,8";"22,6";"90,0";"100,0";"90,0";"22,9";"24,5";"22,6";"1015,6";"1015,6";"1014,7";"1,1";"335,0";"2,5";"477,80";"0,0"
"05/04/2026";"1200";"27,3";"27,3";"24,7";"86,0";"89,0";"79,0";"24,8";"25,0";"22,2";"1016,2";"1016,2";"1015,5";"1,1";"203,0";"4,0";"1330,90";"0,0"
"05/04/2026";"1300";"27,2";"28,0";"26,9";"87,0";"89,0";"81,0";"24,9";"25,1";"24,1";"1016,4";"1016,5";"1016,1";"1,5";"208,0";"5,7";"1228,70";"0,0"
"05/04/2026";"1400";"28,5";"28,6";"27,2";"78,0";"88,0";"77,0";"24,3";"25,4";"23,8";"1016,1";"1016,4";"1016,1";"1,7";"208,0";"4,8";"1654,50";"0,0"
"05/04/2026";"1500";"28,2";"29,6";"28,1";"81,0";"82,0";"70,0";"24,6";"25,7";"23,2";"1015,9";"1016,1";"1015,8";"3,2";"152,0";"5,5";"2952,10";"0,0"
"05/04/2026";"1600";"28,1";"30,0";"28,1";"76,0";"82,0";"70,0";"23,5";"25,2";"23,2";"1015,2";"1015,9";"1015,2";"3,0";"153,0";"6,5";"2637,90";"0,0"
"05/04/2026";"1700";"29,1";"29,5";"27,9";"69,0";"78,0";"65,0";"22,9";"24,1";"21,8";"1014,6";"1015,2";"1014,6";"2,5";"159,0";"5,3";"2519,60";"0,0"
"05/04/2026";"1800";"28,6";"29,4";"28,5";"71,0";"73,0";"66,0";"22,8";"23,6";"22,1";"1014,2";"1014,6";"1014,2";"2,1";"158,0";"5,7";"2130,40";"0,0"
"05/04/2026";"1900";"28,3";"29,2";"28,3";"74,0";"75,0";"69,0";"23,1";"23,8";"22,4";"1014,0";"1014,3";"1013,9";"1,6";"162,0";"4,9";"1568,50";"0,0"
"05/04/2026";"2000";"27,4";"28,5";"27,4";"78,0";"79,0";"67,0";"23,2";"23,5";"21,7";"1014,3";"1014,3";"1013,9";"1,2";"148,0";"3,8";"638,60";"0,0"
"05/04/2026";"2100";"26,6";"27,6";"26,6";"89,0";"91,0";"78,0";"24,7";"25,1";"23,3";"1014,5";"1014,5";"1014,3";"0,5";"295,0";"2,6";"134,80";"0,0"
"05/04/2026";"2200";"26,1";"26,6";"26,1";"97,0";"97,0";"87,0";"25,5";"25,5";"24,3";"1015,0";"1015,0";"1014,5";"1,1";"347,0";"1,9";"";"0,0"
"05/04/2026";"2300";"25,6";"26,1";"25,6";"98,0";"98,0";"95,0";"25,2";"25,6";"24,9";"1015,7";"1015,7";"1014,9";"1,0";"323,0";"1,9";"";"0,0"
"06/04/2026";"0000";"25,0";"25,6";"25,0";"100,0";"100,0";"97,0";"25,0";"25,3";"25,0";"1016,4";"1016,4";"1015,7";"0,5";"299,0";"1,5";"";"0,0"
"06/04/2026";"0100";"24,6";"25,0";"24,6";"100,0";"100,0";"100,0";"24,6";"25,0";"24,6";"1016,9";"1016,9";"1016,4";"1,0";"323,0";"1,8";"";"0,0"
"06/04/2026";"0200";"24,1";"24,6";"24,0";"100,0";"100,0";"100,0";"24,1";"24,6";"24,0";"1016,7";"1016,9";"1016,6";"0,5";"1,0";"1,6";"";"0,0"
"06/04/2026";"0300";"23,5";"24,1";"23,4";"100,0";"100,0";"100,0";"23,5";"24,1";"23,4";"1016,4";"1016,7";"1016,4";"0,2";"191,0";"2,2";"";"0,0"
"06/04/2026";"0400";"23,0";"23,6";"23,0";"100,0";"100,0";"100,0";"23,0";"23,6";"23,0";"1015,7";"1016,4";"1015,7";"0,3";"40,0";"2,3";"";"0,0"
"06/04/2026";"0500";"22,7";"23,2";"22,7";"100,0";"100,0";"100,0";"22,7";"23,2";"22,7";"1015,2";"1015,7";"1015,2";"0,8";"308,0";"1,4";"";"0,0"
"06/04/2026";"0600";"23,1";"23,1";"22,6";"100,0";"100,0";"100,0";"23,1";"23,1";"22,6";"1015,1";"1015,3";"1015,0";"0,6";"282,0";"1,4";"";"0,0"
"06/04/2026";"0700";"22,7";"23,2";"22,7";"100,0";"100,0";"100,0";"22,7";"23,1";"22,7";"1015,1";"1015,1";"1014,9";"1,0";"302,0";"2,4";"";"0,0"
"06/04/2026";"0800";"22,4";"22,7";"22,2";"100,0";"100,0";"100,0";"22,4";"22,7";"22,1";"1015,3";"1015,3";"1014,9";"0,9";"326,0";"1,5";"";"0,0"
"06/04/2026";"0900";"22,3";"22,5";"22,3";"100,0";"100,0";"100,0";"22,3";"22,5";"22,3";"1015,8";"1015,8";"1015,3";"0,6";"245,0";"1,6";"";"0,0"
"06/04/2026";"1000";"23,1";"23,1";"22,3";"100,0";"100,0";"100,0";"23,0";"23,1";"22,3";"1016,4";"1016,4";"1015,8";"1,2";"291,0";"3,0";"71,10";"0,0"
"06/04/2026";"1100";"25,5";"25,5";"23,1";"94,0";"100,0";"93,0";"24,5";"24,8";"23,1";"1017,0";"1017,0";"1016,4";"0,8";"238,0";"2,6";"484,00";"0,0"
"06/04/2026";"1200";"27,6";"27,6";"25,5";"76,0";"95,0";"76,0";"23,1";"24,8";"22,9";"1017,6";"1017,6";"1017,0";"0,9";"170,0";"3,0";"1455,30";"0,0"
"06/04/2026";"1300";"28,3";"29,0";"27,3";"74,0";"78,0";"71,0";"23,1";"24,1";"22,4";"1017,8";"1017,8";"1017,6";"1,6";"111,0";"3,7";"2041,80";"0,0"
"06/04/2026";"1400";"29,1";"29,1";"28,3";"71,0";"76,0";"69,0";"23,2";"24,1";"22,7";"1016,9";"1017,8";"1016,9";"1,9";"105,0";"4,0";"2702,30";"0,0"
"06/04/2026";"1500";"28,9";"29,4";"28,5";"74,0";"76,0";"67,0";"23,8";"24,4";"22,6";"1016,1";"1016,9";"1016,1";"1,7";"148,0";"4,8";"3013,20";"0,0"
"06/04/2026";"1600";"29,0";"29,4";"28,2";"75,0";"79,0";"71,0";"24,2";"24,7";"22,9";"1015,5";"1016,1";"1015,5";"2,5";"156,0";"5,4";"3067,30";"0,0"
"06/04/2026";"1700";"28,5";"29,2";"28,2";"80,0";"85,0";"74,0";"24,8";"25,5";"23,7";"1015,3";"1015,5";"1015,3";"2,5";"142,0";"5,6";"2836,70";"0,0"
"06/04/2026";"1800";"27,7";"29,0";"27,7";"84,0";"86,0";"76,0";"24,8";"25,3";"24,1";"1014,9";"1015,3";"1014,9";"2,3";"133,0";"5,3";"1698,20";"0,0"
"06/04/2026";"1900";"27,9";"28,6";"27,5";"87,0";"90,0";"82,0";"25,5";"25,9";"24,9";"1015,1";"1015,2";"1014,9";"2,3";"113,0";"5,0";"1238,70";"0,0"
"06/04/2026";"2000";"27,3";"27,9";"27,3";"92,0";"92,0";"87,0";"25,9";"26,1";"25,4";"1014,7";"1015,2";"1014,7";"2,7";"110,0";"5,7";"423,80";"0,0"
"06/04/2026";"2100";"26,8";"27,3";"26,8";"96,0";"96,0";"90,0";"26,1";"26,1";"25,6";"1014,7";"1014,9";"1014,7";"2,3";"92,0";"5,7";"73,60";"0,0"
"06/04/2026";"2200";"26,6";"26,9";"26,6";"98,0";"98,0";"96,0";"26,2";"26,3";"26,1";"1014,6";"1014,7";"1014,5";"1,4";"94,0";"4,2";"";"0,0"
"06/04/2026";"2300";"25,8";"26,6";"25,8";"100,0";"100,0";"98,0";"25,8";"26,3";"25,8";"1015,6";"1015,6";"1014,5";"0,9";"305,0";"3,7";"";"0,0"
"07/04/2026";"0000";"25,4";"25,8";"25,3";"100,0";"100,0";"100,0";"25,3";"25,8";"25,3";"1016,3";"1016,3";"1015,6";"0,6";"341,0";"1,8";"";"0,0"
"07/04/2026";"0100";"24,8";"25,4";"24,8";"100,0";"100,0";"100,0";"24,8";"25,3";"24,8";"1016,7";"1016,7";"1016,3";"0,9";"301,0";"1,7";"";"0,0"
"07/04/2026";"0200";"24,4";"24,8";"24,4";"100,0";"100,0";"100,0";"24,4";"24,8";"24,4";"1016,5";"1016,7";"1016,5";"0,5";"314,0";"1,7";"";"0,0"
"07/04/2026";"0300";"24,2";"24,6";"24,1";"100,0";"100,0";"100,0";"24,2";"24,5";"24,1";"1016,4";"1016,5";"1016,2";"0,5";"266,0";"1,9";"";"0,0"
"07/04/2026";"0400";"24,5";"24,5";"24,1";"100,0";"100,0";"100,0";"24,5";"24,5";"24,1";"1016,3";"1016,4";"1016,3";"0,4";"262,0";"1,4";"";"0,0"
"07/04/2026";"0500";"24,3";"24,5";"24,3";"100,0";"100,0";"100,0";"24,3";"24,5";"24,2";"1015,7";"1016,3";"1015,7";"0,6";"271,0";"1,4";"";"0,0"
"07/04/2026";"0600";"24,2";"24,5";"24,2";"100,0";"100,0";"100,0";"24,2";"24,5";"24,2";"1015,2";"1015,7";"1015,2";"0,5";"320,0";"1,5";"";"0,0"
"07/04/2026";"0700";"24,1";"24,2";"24,0";"100,0";"100,0";"100,0";"24,1";"24,2";"23,9";"1015,0";"1015,2";"1015,0";"0,3";"327,0";"1,5";"";"0,0"
"07/04/2026";"0800";"23,8";"24,2";"23,8";"100,0";"100,0";"100,0";"23,8";"24,1";"23,8";"1014,6";"1015,0";"1014,6";"0,5";"351,0";"1,5";"";"0,0"
"07/04/2026";"0900";"23,5";"23,8";"23,5";"100,0";"100,0";"100,0";"23,5";"23,7";"23,5";"1014,4";"1014,6";"1014,4";"0,3";"31,0";"1,3";"";"0,0"
"07/04/2026";"1000";"23,8";"23,8";"23,4";"100,0";"100,0";"100,0";"23,8";"23,8";"23,4";"1015,0";"1015,0";"1014,4";"0,4";"199,0";"2,3";"76,10";"0,0"
"07/04/2026";"1100";"25,8";"25,8";"23,8";"92,0";"100,0";"92,0";"24,4";"25,0";"23,9";"1015,3";"1015,3";"1014,9";"0,6";"294,0";"1,5";"586,70";"0,0"
"07/04/2026";"1200";"26,5";"27,2";"25,8";"87,0";"92,0";"81,0";"24,2";"24,6";"23,2";"1016,0";"1016,0";"1015,3";"1,0";"332,0";"1,7";"942,70";"0,0"
"07/04/2026";"1300";"28,0";"29,2";"26,5";"77,0";"89,0";"72,0";"23,5";"24,7";"23,0";"1015,9";"1016,1";"1015,9";"1,1";"102,0";"3,6";"1767,10";"0,0"
"07/04/2026";"1400";"28,1";"28,3";"27,6";"81,0";"85,0";"73,0";"24,6";"24,9";"23,0";"1015,7";"1016,0";"1015,7";"1,5";"137,0";"3,4";"1212,90";"0,0"
"07/04/2026";"1500";"27,8";"28,5";"27,5";"85,0";"85,0";"78,0";"25,0";"25,0";"24,2";"1014,9";"1015,7";"1014,9";"1,5";"143,0";"3,1";"1072,70";"0,0"
"07/04/2026";"1600";"28,9";"29,0";"27,8";"77,0";"86,0";"71,0";"24,4";"25,2";"22,9";"1013,7";"1014,9";"1013,7";"2,3";"118,0";"4,2";"2290,20";"0,0"
"07/04/2026";"1700";"28,5";"29,2";"28,1";"80,0";"81,0";"75,0";"24,7";"25,3";"23,8";"1012,8";"1013,7";"1012,8";"2,4";"118,0";"5,2";"2477,70";"0,0"
"07/04/2026";"1800";"28,8";"29,3";"28,1";"83,0";"85,0";"74,0";"25,5";"26,0";"24,0";"1011,9";"1012,8";"1011,9";"2,4";"113,0";"5,0";"1824,70";"0,0"
"07/04/2026";"1900";"27,3";"29,3";"27,3";"88,0";"88,0";"79,0";"25,2";"25,9";"24,1";"1011,9";"1012,0";"1011,7";"1,8";"113,0";"4,8";"708,10";"0,0"
"07/04/2026";"2000";"26,4";"27,4";"26,4";"97,0";"98,0";"87,0";"25,9";"26,0";"25,0";"1012,4";"1012,6";"1011,8";"0,6";"97,0";"3,5";"66,90";"0,2"
"07/04/2026";"2100";"25,8";"26,4";"25,7";"100,0";"100,0";"97,0";"25,7";"26,4";"25,7";"1011,7";"1012,5";"1011,7";"0,7";"330,0";"2,9";"48,00";"0,8"
"07/04/2026";"2200";"25,2";"25,8";"25,2";"100,0";"100,0";"100,0";"25,2";"25,7";"25,2";"1011,5";"1011,8";"1011,2";"0,5";"348,0";"2,0";"";"0,4"
"07/04/2026";"2300";"24,7";"25,2";"24,4";"100,0";"100,0";"100,0";"24,6";"25,2";"24,4";"1011,6";"1011,7";"1011,4";"0,9";"288,0";"2,0";"";"0,0"
"08/04/2026";"0000";"24,1";"24,6";"23,9";"100,0";"100,0";"100,0";"24,1";"24,5";"23,9";"1011,8";"1011,9";"1011,5";"0,5";"220,0";"2,1";"";"0,0"
"08/04/2026";"0100";"23,6";"24,2";"23,5";"100,0";"100,0";"100,0";"23,6";"24,1";"23,5";"1011,8";"1012,1";"1011,8";"1,0";"249,0";"3,1";"";"0,0"
"08/04/2026";"0200";"23,0";"23,7";"23,0";"100,0";"100,0";"100,0";"23,0";"23,7";"23,0";"1011,7";"1012,0";"1011,7";"0,8";"212,0";"2,4";"";"0,0"
"08/04/2026";"0300";"23,2";"23,3";"22,9";"100,0";"100,0";"100,0";"23,2";"23,3";"22,9";"1011,2";"1011,7";"1011,1";"0,8";"265,0";"2,3";"";"0,0"
"08/04/2026";"0400";"23,5";"23,5";"23,0";"100,0";"100,0";"100,0";"23,5";"23,5";"23,0";"1010,7";"1011,2";"1010,6";"1,1";"277,0";"2,9";"";"0,0"
"08/04/2026";"0500";"24,5";"24,5";"23,3";"100,0";"100,0";"100,0";"24,5";"24,5";"23,3";"1009,6";"1010,7";"1009,6";"0,9";"37,0";"3,4";"";"0,0"
"08/04/2026";"0600";"24,3";"25,5";"24,1";"96,0";"100,0";"83,0";"23,5";"24,4";"22,4";"1009,4";"1009,8";"1009,4";"0,9";"187,0";"3,4";"";"0,0"
"08/04/2026";"0700";"25,0";"25,1";"24,1";"94,0";"99,0";"89,0";"23,9";"24,2";"23,1";"1009,4";"1009,5";"1009,1";"1,7";"221,0";"4,1";"";"0,0"
"08/04/2026";"0800";"28,0";"28,2";"24,9";"66,0";"94,0";"65,0";"21,1";"23,9";"20,9";"1009,5";"1009,6";"1009,3";"1,3";"120,0";"4,2";"0,60";"0,0"
"08/04/2026";"0900";"28,2";"29,5";"27,2";"67,0";"72,0";"60,0";"21,6";"21,9";"20,5";"1010,1";"1010,1";"1009,3";"2,4";"235,0";"7,1";"";"0,0"
"08/04/2026";"1000";"28,2";"28,2";"26,2";"69,0";"82,0";"68,0";"21,9";"22,9";"21,5";"1010,7";"1010,8";"1010,1";"1,6";"45,0";"7,0";"20,70";"0,0"
"08/04/2026";"1100";"29,6";"30,1";"28,0";"58,0";"69,0";"54,0";"20,6";"21,9";"19,6";"1010,2";"1010,7";"1009,8";"2,7";"319,0";"7,8";"347,00";"0,0"
"08/04/2026";"1200";"30,3";"30,8";"29,0";"55,0";"64,0";"53,0";"20,3";"21,6";"19,9";"1010,4";"1010,6";"1009,9";"2,4";"259,0";"7,4";"1013,40";"0,0"
"08/04/2026";"1300";"31,1";"31,3";"30,0";"52,0";"58,0";"49,0";"20,0";"20,8";"19,2";"1010,9";"1010,9";"1010,4";"1,9";"241,0";"8,4";"940,70";"0,0"
"08/04/2026";"1400";"31,1";"31,7";"30,0";"52,0";"60,0";"47,0";"20,0";"21,9";"18,7";"1010,7";"1011,0";"1010,5";"2,2";"312,0";"7,4";"1225,90";"0,0"
"08/04/2026";"1500";"31,8";"32,1";"30,8";"49,0";"55,0";"48,0";"19,7";"20,7";"19,3";"1009,7";"1010,7";"1009,5";"1,8";"118,0";"6,9";"830,70";"0,0"
"08/04/2026";"1600";"32,8";"32,8";"30,9";"45,0";"59,0";"44,0";"19,4";"21,9";"18,6";"1009,2";"1009,8";"1009,2";"1,4";"196,0";"6,7";"1569,20";"0,2"
"08/04/2026";"1700";"31,0";"33,2";"30,2";"55,0";"62,0";"45,0";"20,9";"22,4";"19,3";"1008,8";"1009,2";"1008,6";"2,4";"156,0";"5,4";"1316,00";"0,0"
"08/04/2026";"1800";"31,5";"32,0";"30,8";"50,0";"59,0";"45,0";"19,7";"21,8";"18,3";"1008,4";"1008,9";"1008,4";"2,6";"240,0";"7,1";"980,00";"0,0"
"08/04/2026";"1900";"31,4";"31,9";"30,9";"49,0";"53,0";"45,0";"19,4";"20,3";"18,3";"1007,6";"1008,5";"1007,6";"1,7";"80,0";"6,2";"433,70";"0,0"
"08/04/2026";"2000";"29,8";"31,6";"29,8";"57,0";"60,0";"47,0";"20,3";"21,2";"18,8";"1007,4";"1007,6";"1007,2";"1,6";"221,0";"5,3";"204,10";"0,0"
"08/04/2026";"2100";"28,8";"31,2";"28,7";"61,0";"66,0";"46,0";"20,4";"21,7";"18,2";"1008,0";"1008,0";"1007,4";"1,3";"252,0";"4,0";"77,50";"0,0"
"08/04/2026";"2200";"27,4";"30,3";"27,3";"69,0";"73,0";"51,0";"21,2";"22,1";"19,2";"1008,8";"1008,8";"1008,0";"0,9";"193,0";"3,1";"";"0,0"
"08/04/2026";"2300";"29,1";"29,8";"26,9";"59,0";"75,0";"56,0";"20,3";"21,9";"20,1";"1008,5";"1008,8";"1008,4";"0,9";"158,0";"4,4";"";"0,0"
"09/04/2026";"0000";"26,9";"29,1";"26,9";"72,0";"75,0";"59,0";"21,5";"22,3";"20,2";"1009,0";"1009,0";"1008,5";"0,7";"150,0";"3,9";"";"0,0"
"09/04/2026";"0100";"26,6";"27,5";"26,6";"73,0";"77,0";"69,0";"21,5";"22,5";"21,1";"1009,4";"1009,4";"1008,8";"0,6";"196,0";"3,0";"";"0,0"
"09/04/2026";"0200";"30,4";"30,7";"26,6";"55,0";"74,0";"53,0";"20,2";"21,7";"20,1";"1009,8";"1009,8";"1009,3";"1,8";"341,0";"5,3";"";"0,0"
"09/04/2026";"0300";"29,7";"31,0";"29,7";"57,0";"57,0";"52,0";"20,4";"20,6";"19,9";"1009,6";"1009,8";"1009,6";"1,3";"26,0";"6,5";"";"0,0"
"09/04/2026";"0400";"29,7";"30,1";"28,9";"58,0";"63,0";"55,0";"20,5";"21,2";"20,1";"1009,2";"1009,6";"1009,2";"3,0";"313,0";"6,9";"";"0,0"
"09/04/2026";"0500";"27,9";"30,1";"27,9";"65,0";"65,0";"55,0";"20,8";"20,8";"20,1";"1009,0";"1009,2";"1009,0";"1,0";"214,0";"7,8";"";"0,0"
"09/04/2026";"0600";"26,4";"27,9";"26,1";"77,0";"84,0";"65,0";"22,0";"23,1";"20,7";"1009,3";"1009,3";"1009,0";"0,9";"296,0";"2,3";"";"0,0"
"09/04/2026";"0700";"28,7";"28,7";"26,1";"62,0";"82,0";"62,0";"20,7";"23,0";"20,6";"1009,3";"1009,4";"1009,3";"2,3";"295,0";"4,7";"";"0,0"
"09/04/2026";"0800";"27,2";"28,9";"26,7";"70,0";"75,0";"60,0";"21,2";"21,9";"20,3";"1009,7";"1009,8";"1009,3";"1,2";"340,0";"4,7";"";"0,0"
"09/04/2026";"0900";"27,4";"29,0";"26,2";"67,0";"79,0";"61,0";"20,7";"22,2";"20,5";"1010,6";"1010,6";"1009,7";"1,0";"162,0";"6,9";"";"0,0"
"09/04/2026";"1000";"26,8";"27,4";"26,3";"71,0";"76,0";"67,0";"21,1";"21,7";"20,8";"1011,6";"1011,6";"1010,6";"1,8";"226,0";"6,1";"65,00";"0,0"
"09/04/2026";"1100";"27,8";"27,8";"26,9";"60,0";"71,0";"60,0";"19,5";"21,1";"19,3";"1012,7";"1012,7";"1011,6";"2,8";"250,0";"8,6";"508,30";"0,0"
"09/04/2026";"1200";"27,7";"28,2";"27,4";"62,0";"63,0";"58,0";"19,9";"19,9";"18,9";"1013,6";"1013,6";"1012,7";"2,0";"241,0";"8,3";"944,90";"0,0"
"09/04/2026";"1300";"28,2";"28,5";"27,3";"63,0";"65,0";"60,0";"20,4";"20,7";"19,3";"1014,0";"1014,0";"1013,6";"2,4";"244,0";"7,1";"1627,10";"0,0"
"09/04/2026";"1400";"28,7";"28,9";"27,7";"60,0";"67,0";"56,0";"20,0";"21,3";"19,4";"1013,8";"1014,0";"1013,7";"2,3";"241,0";"7,1";"2666,10";"0,0"
"09/04/2026";"1500";"28,9";"29,3";"28,0";"50,0";"60,0";"50,0";"17,4";"19,9";"17,2";"1013,5";"1013,9";"1013,5";"2,7";"236,0";"7,2";"2881,50";"0,0"
"09/04/2026";"1600";"29,2";"29,4";"28,0";"47,0";"55,0";"47,0";"16,8";"18,6";"16,6";"1012,9";"1013,5";"1012,9";"2,2";"235,0";"8,0";"2686,50";"0,0"
"09/04/2026";"1700";"29,0";"29,6";"28,2";"53,0";"57,0";"46,0";"18,6";"19,0";"16,7";"1012,4";"1012,9";"1012,3";"1,7";"238,0";"6,8";"2979,20";"0,0"
"09/04/2026";"1800";"27,6";"29,3";"27,6";"60,0";"64,0";"50,0";"19,3";"20,2";"17,6";"1012,1";"1012,4";"1012,0";"1,6";"243,0";"7,2";"2197,30";"0,0"
"09/04/2026";"1900";"28,0";"28,1";"27,1";"60,0";"66,0";"59,0";"19,6";"20,6";"18,9";"1012,1";"1012,2";"1012,1";"1,6";"246,0";"4,6";"1115,40";"0,0"
"09/04/2026";"2000";"26,4";"28,2";"26,4";"66,0";"66,0";"56,0";"19,5";"20,3";"18,4";"1012,9";"1012,9";"1012,1";"1,4";"205,0";"4,8";"672,80";"0,0"
"09/04/2026";"2100";"25,7";"26,4";"25,7";"76,0";"76,0";"66,0";"21,1";"21,1";"19,5";"1013,2";"1013,3";"1012,9";"0,8";"268,0";"4,2";"30,60";"0,0"
"09/04/2026";"2200";"25,1";"25,7";"25,1";"79,0";"79,0";"73,0";"21,2";"21,4";"20,4";"1013,7";"1013,7";"1013,2";"0,8";"332,0";"1,8";"";"0,0"
"09/04/2026";"2300";"23,6";"25,2";"23,6";"99,0";"99,0";"79,0";"23,4";"23,4";"20,9";"1014,6";"1014,7";"1013,7";"1,5";"263,0";"3,2";"";"1,0"
"10/04/2026";"0000";"23,0";"23,8";"22,8";"100,0";"100,0";"89,0";"23,0";"23,7";"21,7";"1015,2";"1015,2";"1014,6";"1,1";"294,0";"3,2";"";"1,4"
"10/04/2026";"0100";"23,1";"23,2";"22,9";"100,0";"100,0";"100,0";"23,1";"23,2";"22,9";"1015,7";"1015,7";"1015,2";"1,0";"345,0";"2,3";"";"0,0"
"10/04/2026";"0200";"23,1";"23,2";"23,0";"100,0";"100,0";"100,0";"23,1";"23,2";"23,0";"1015,8";"1015,8";"1015,6";"0,6";"331,0";"2,0";"";"0,0"
"10/04/2026";"0300";"23,4";"23,4";"23,1";"100,0";"100,0";"100,0";"23,4";"23,4";"23,1";"1015,7";"1015,8";"1015,6";"1,4";"307,0";"2,5";"";"0,0"
"10/04/2026";"0400";"23,2";"23,4";"23,2";"100,0";"100,0";"99,0";"23,1";"23,4";"23,0";"1015,4";"1015,7";"1015,4";"1,0";"274,0";"2,5";"";"0,0"
"10/04/2026";"0500";"22,9";"23,2";"22,8";"100,0";"100,0";"100,0";"22,8";"23,2";"22,8";"1015,3";"1015,4";"1015,3";"0,7";"256,0";"2,1";"";"0,0"
"10/04/2026";"0600";"22,6";"22,9";"22,4";"100,0";"100,0";"100,0";"22,6";"22,9";"22,4";"1015,0";"1015,3";"1015,0";"0,7";"321,0";"1,7";"";"0,0"
"10/04/2026";"0700";"22,4";"22,6";"22,2";"100,0";"100,0";"100,0";"22,4";"22,6";"22,1";"1014,7";"1015,0";"1014,7";"0,4";"278,0";"1,3";"";"0,2"
"10/04/2026";"0800";"22,5";"22,7";"22,4";"100,0";"100,0";"100,0";"22,5";"22,7";"22,4";"1015,0";"1015,0";"1014,7";"0,9";"327,0";"1,2";"";"0,0"
"10/04/2026";"0900";"22,6";"22,7";"22,3";"100,0";"100,0";"100,0";"22,6";"22,7";"22,2";"1015,5";"1015,5";"1015,0";"0,7";"358,0";"1,5";"";"0,0"
"10/04/2026";"1000";"22,6";"22,7";"22,5";"100,0";"100,0";"100,0";"22,6";"22,6";"22,4";"1016,5";"1016,5";"1015,5";"0,7";"303,0";"2,0";"45,20";"0,0"
"10/04/2026";"1100";"23,3";"23,3";"22,6";"100,0";"100,0";"99,0";"23,3";"23,3";"22,6";"1017,1";"1017,1";"1016,5";"1,1";"334,0";"1,7";"301,20";"0,0"
"10/04/2026";"1200";"24,9";"25,0";"23,3";"84,0";"100,0";"84,0";"22,0";"23,4";"22,0";"1017,5";"1017,7";"1017,1";"0,9";"354,0";"1,9";"828,80";"0,0"
"10/04/2026";"1300";"25,9";"25,9";"24,8";"64,0";"85,0";"62,0";"18,6";"22,4";"18,0";"1017,8";"1017,8";"1017,5";"1,7";"99,0";"3,1";"906,50";"0,0"
"10/04/2026";"1400";"25,9";"26,1";"25,7";"65,0";"69,0";"59,0";"18,9";"19,8";"17,3";"1017,7";"1017,9";"1017,7";"1,2";"91,0";"3,1";"1036,60";"0,0"
"10/04/2026";"1500";"25,4";"26,4";"25,3";"65,0";"67,0";"60,0";"18,3";"19,7";"17,6";"1017,5";"1017,8";"1017,5";"1,1";"118,0";"3,0";"908,80";"0,0"
"10/04/2026";"1600";"24,9";"25,4";"23,8";"85,0";"90,0";"63,0";"22,2";"22,2";"17,9";"1017,5";"1017,9";"1017,4";"1,3";"268,0";"2,7";"973,00";"1,6"
"10/04/2026";"1700";"23,1";"24,9";"23,1";"88,0";"90,0";"77,0";"21,0";"21,6";"19,8";"1016,9";"1017,5";"1016,9";"1,1";"14,0";"3,3";"500,50";"0,0"
"10/04/2026";"1800";"22,2";"23,2";"22,2";"89,0";"100,0";"86,0";"20,3";"22,5";"20,2";"1017,0";"1017,6";"1016,6";"0,7";"350,0";"4,8";"230,00";"0,6"
"10/04/2026";"1900";"21,4";"22,2";"21,3";"100,0";"100,0";"89,0";"21,4";"21,9";"20,1";"1017,4";"1017,4";"1016,9";"1,7";"307,0";"2,9";"218,10";"2,0"
"10/04/2026";"2000";"20,8";"21,5";"20,8";"100,0";"100,0";"99,0";"20,8";"21,4";"20,7";"1017,7";"1017,7";"1017,4";"1,9";"342,0";"3,0";"174,60";"0,2"
"10/04/2026";"2100";"20,4";"20,8";"20,3";"100,0";"100,0";"100,0";"20,4";"20,8";"20,3";"1017,5";"1017,8";"1017,5";"1,7";"329,0";"3,0";"46,00";"0,4"
"10/04/2026";"2200";"20,2";"20,5";"20,0";"100,0";"100,0";"99,0";"20,2";"20,5";"20,0";"1018,2";"1018,2";"1017,4";"1,1";"312,0";"3,1";"";"0,0"
"10/04/2026";"2300";"20,4";"20,6";"20,0";"100,0";"100,0";"100,0";"20,4";"20,5";"20,0";"1018,8";"1018,8";"1018,2";"1,1";"337,0";"2,4";"";"0,0"
"11/04/2026";"0000";"20,4";"20,8";"20,4";"100,0";"100,0";"100,0";"20,4";"20,7";"20,3";"1019,1";"1019,1";"1018,7";"1,2";"353,0";"2,5";"";"0,0"
"11/04/2026";"0100";"20,2";"20,8";"20,2";"100,0";"100,0";"100,0";"20,2";"20,8";"20,2";"1019,2";"1019,3";"1019,1";"1,5";"345,0";"2,4";"";"0,0"
"11/04/2026";"0200";"19,9";"20,3";"19,7";"100,0";"100,0";"100,0";"19,9";"20,3";"19,7";"1019,0";"1019,2";"1018,9";"1,0";"307,0";"2,4";"";"0,0"
"11/04/2026";"0300";"19,4";"19,9";"19,1";"100,0";"100,0";"100,0";"19,4";"19,8";"19,1";"1018,9";"1019,1";"1018,9";"1,0";"351,0";"2,2";"";"0,0"
"11/04/2026";"0400";"18,9";"19,6";"18,9";"100,0";"100,0";"100,0";"18,9";"19,6";"18,9";"1018,7";"1018,9";"1018,6";"0,8";"229,0";"2,2";"";"0,0"
"11/04/2026";"0500";"19,1";"19,5";"18,9";"100,0";"100,0";"100,0";"19,1";"19,4";"18,9";"1018,4";"1018,8";"1018,4";"0,6";"236,0";"2,2";"";"0,0"
"11/04/2026";"0600";"18,8";"19,6";"18,8";"100,0";"100,0";"100,0";"18,8";"19,6";"18,8";"1018,3";"1018,5";"1018,3";"1,0";"226,0";"2,7";"";"0,0"
"11/04/2026";"0700";"18,9";"19,3";"18,7";"100,0";"100,0";"100,0";"18,8";"19,3";"18,7";"1018,3";"1018,4";"1018,2";"0,6";"254,0";"2,3";"";"0,0"
"11/04/2026";"0800";"18,6";"19,2";"18,6";"100,0";"100,0";"100,0";"18,5";"19,1";"18,5";"1018,3";"1018,4";"1018,1";"0,5";"256,0";"2,5";"";"0,0"
"11/04/2026";"0900";"18,6";"18,7";"18,4";"100,0";"100,0";"100,0";"18,6";"18,6";"18,4";"1018,8";"1018,8";"1018,3";"0,9";"259,0";"1,9";"";"0,0"
"11/04/2026";"1000";"18,9";"18,9";"18,5";"100,0";"100,0";"100,0";"18,9";"18,9";"18,5";"1019,4";"1019,4";"1018,8";"0,5";"268,0";"2,2";"58,60";"0,0"
"11/04/2026";"1100";"20,8";"20,8";"18,9";"97,0";"100,0";"95,0";"20,2";"20,2";"18,9";"1019,9";"1019,9";"1019,4";"0,7";"299,0";"1,7";"421,90";"0,0"
"11/04/2026";"1200";"23,5";"23,5";"20,8";"77,0";"98,0";"77,0";"19,3";"20,7";"19,1";"1020,4";"1020,4";"1019,9";"0,3";"335,0";"1,2";"1502,80";"0,0"
"11/04/2026";"1300";"25,5";"25,6";"23,5";"64,0";"77,0";"61,0";"18,2";"19,3";"16,8";"1020,4";"1020,5";"1020,4";"2,0";"117,0";"3,6";"2045,90";"0,0"
"11/04/2026";"1400";"26,6";"26,6";"25,2";"58,0";"66,0";"57,0";"17,8";"18,8";"17,0";"1020,3";"1020,4";"1020,3";"1,9";"113,0";"4,0";"2730,10";"0,0"
"11/04/2026";"1500";"26,2";"26,6";"25,9";"64,0";"66,0";"56,0";"18,8";"19,3";"16,9";"1019,9";"1020,3";"1019,9";"2,7";"113,0";"5,5";"3044,60";"0,0"
"11/04/2026";"1600";"25,8";"26,4";"25,6";"71,0";"73,0";"63,0";"20,1";"20,6";"18,8";"1019,5";"1019,9";"1019,5";"2,7";"120,0";"5,6";"3083,70";"0,2"
"11/04/2026";"1700";"26,4";"26,8";"25,5";"68,0";"72,0";"67,0";"19,9";"20,8";"19,4";"1019,2";"1019,5";"1019,2";"2,1";"109,0";"5,4";"2967,10";"0,0"
"11/04/2026";"1800";"26,3";"26,7";"25,8";"68,0";"69,0";"65,0";"19,9";"20,3";"19,3";"1019,0";"1019,2";"1019,0";"2,5";"115,0";"5,5";"2068,20";"0,0"
"11/04/2026";"1900";"25,5";"26,6";"25,4";"69,0";"71,0";"65,0";"19,2";"20,1";"19,2";"1019,2";"1019,2";"1019,0";"2,4";"111,0";"5,1";"969,70";"0,0"
"11/04/2026";"2000";"25,2";"25,8";"25,2";"70,0";"70,0";"67,0";"19,3";"19,7";"19,1";"1019,2";"1019,2";"1019,0";"2,5";"97,0";"5,5";"534,90";"0,0"
"11/04/2026";"2100";"24,5";"25,2";"24,5";"78,0";"79,0";"70,0";"20,4";"20,6";"19,3";"1019,4";"1019,4";"1019,2";"2,1";"99,0";"5,9";"54,70";"0,0"
"11/04/2026";"2200";"23,4";"24,5";"23,4";"89,0";"89,0";"78,0";"21,5";"21,5";"20,4";"1019,7";"1019,7";"1019,4";"2,0";"50,0";"5,7";"";"0,0"
"11/04/2026";"2300";"22,0";"23,8";"21,9";"100,0";"100,0";"87,0";"22,0";"22,4";"21,5";"1020,3";"1020,3";"1019,7";"0,7";"23,0";"5,7";"";"0,0"
"12/04/2026";"0000";"21,5";"22,0";"21,5";"100,0";"100,0";"100,0";"21,5";"22,0";"21,5";"1020,8";"1020,8";"1020,3";"1,2";"343,0";"2,3";"";"0,0"
"12/04/2026";"0100";"20,8";"21,5";"20,8";"100,0";"100,0";"100,0";"20,8";"21,5";"20,8";"1020,6";"1020,8";"1020,5";"0,7";"2,0";"2,0";"";"0,0"
"12/04/2026";"0200";"20,0";"20,8";"20,0";"100,0";"100,0";"100,0";"20,0";"20,8";"20,0";"1020,5";"1020,7";"1020,5";"0,3";"225,0";"1,5";"";"0,0"
"12/04/2026";"0300";"20,3";"20,4";"20,0";"100,0";"100,0";"100,0";"20,3";"20,4";"20,0";"1020,3";"1020,5";"1020,3";"0,6";"357,0";"1,7";"";"0,0"
"12/04/2026";"0400";"19,8";"20,4";"19,8";"100,0";"100,0";"100,0";"19,8";"20,3";"19,8";"1019,8";"1020,3";"1019,8";"0,7";"307,0";"1,5";"";"0,0"
"12/04/2026";"0500";"19,4";"19,9";"19,4";"100,0";"100,0";"100,0";"19,4";"19,9";"19,4";"1019,6";"1019,8";"1019,6";"0,6";"352,0";"1,3";"";"0,0"
"12/04/2026";"0600";"19,4";"19,7";"19,1";"100,0";"100,0";"100,0";"19,4";"19,7";"19,1";"1019,3";"1019,6";"1019,3";"1,2";"273,0";"2,3";"";"0,0"
"12/04/2026";"0700";"18,9";"19,5";"18,9";"100,0";"100,0";"100,0";"18,9";"19,5";"18,9";"1019,1";"1019,3";"1019,0";"0,2";"247,0";"2,3";"";"0,0"
"12/04/2026";"0800";"18,7";"19,3";"18,5";"100,0";"100,0";"100,0";"18,6";"19,3";"18,5";"1018,6";"1019,1";"1018,6";"0,6";"320,0";"1,4";"";"0,0"
"12/04/2026";"0900";"18,6";"19,0";"18,3";"100,0";"100,0";"100,0";"18,5";"19,0";"18,3";"1019,2";"1019,2";"1018,6";"1,2";"332,0";"2,1";"";"0,0"
"12/04/2026";"1000";"19,0";"19,0";"18,1";"100,0";"100,0";"100,0";"19,0";"19,0";"18,1";"1019,9";"1019,9";"1019,2";"1,3";"272,0";"2,5";"49,70";"0,0"
"12/04/2026";"1100";"21,5";"21,5";"19,1";"95,0";"100,0";"95,0";"20,7";"21,0";"19,1";"1020,3";"1020,3";"1019,9";"0,7";"249,0";"2,3";"409,80";"0,0"
"12/04/2026";"1200";"25,0";"25,0";"21,5";"65,0";"96,0";"63,0";"18,0";"21,2";"16,7";"1020,5";"1020,5";"1020,3";"1,2";"105,0";"2,6";"1402,30";"0,0"
"12/04/2026";"1300";"25,7";"26,0";"25,0";"61,0";"68,0";"57,0";"17,6";"18,7";"16,7";"1020,5";"1020,6";"1020,4";"1,8";"108,0";"3,9";"2027,50";"0,0"
"12/04/2026";"1400";"25,5";"26,2";"25,3";"65,0";"65,0";"61,0";"18,5";"19,0";"17,4";"1019,8";"1020,4";"1019,8";"2,5";"119,0";"4,8";"2734,10";"0,0"
"12/04/2026";"1500";"25,9";"26,3";"25,4";"68,0";"68,0";"64,0";"19,6";"19,9";"18,7";"1019,2";"1019,8";"1019,2";"2,9";"107,0";"5,9";"3014,30";"0,0"
"12/04/2026";"1600";"26,1";"27,0";"25,7";"69,0";"71,0";"63,0";"20,0";"20,4";"19,2";"1018,4";"1019,2";"1018,4";"2,2";"127,0";"5,4";"3094,60";"0,0"
"12/04/2026";"1700";"26,8";"27,1";"25,8";"67,0";"72,0";"65,0";"20,1";"21,0";"19,4";"1017,8";"1018,4";"1017,8";"1,8";"154,0";"5,0";"2746,40";"0,0"
"12/04/2026";"1800";"26,4";"27,1";"25,8";"72,0";"73,0";"64,0";"20,9";"21,1";"19,6";"1017,4";"1017,8";"1017,4";"1,9";"151,0";"5,1";"2264,60";"0,0"
"12/04/2026";"1900";"25,4";"26,9";"25,3";"75,0";"75,0";"68,0";"20,7";"21,6";"20,4";"1017,2";"1017,4";"1017,2";"2,0";"161,0";"4,3";"1295,00";"0,0"
"12/04/2026";"2000";"25,5";"26,1";"25,4";"75,0";"78,0";"73,0";"20,8";"21,4";"20,4";"1017,3";"1017,3";"1017,1";"2,0";"156,0";"3,8";"856,50";"0,0"
"12/04/2026";"2100";"25,0";"25,7";"25,0";"78,0";"78,0";"73,0";"20,9";"20,9";"20,4";"1017,5";"1017,5";"1017,3";"0,8";"151,0";"3,6";"160,00";"0,0"
"12/04/2026";"2200";"23,9";"25,1";"23,9";"93,0";"96,0";"78,0";"22,6";"23,2";"21,0";"1017,5";"1017,5";"1017,5";"1,9";"300,0";"2,5";"";"0,0"
"12/04/2026";"2300";"22,8";"23,9";"22,8";"100,0";"100,0";"92,0";"22,8";"22,9";"22,5";"1017,6";"1017,6";"1017,4";"0,7";"275,0";"2,6";"";"0,0"
"13/04/2026";"0000";"22,2";"22,8";"22,1";"100,0";"100,0";"100,0";"22,2";"22,8";"22,1";"1017,6";"1017,7";"1017,5";"0,8";"298,0";"1,6";"";"0,0"
"13/04/2026";"0100";"21,8";"22,2";"21,7";"100,0";"100,0";"100,0";"21,8";"22,1";"21,7";"1017,5";"1017,8";"1017,5";"0,8";"262,0";"1,6";"";"0,0"
"13/04/2026";"0200";"21,4";"21,9";"21,4";"100,0";"100,0";"100,0";"21,4";"21,9";"21,4";"1017,2";"1017,6";"1017,2";"0,8";"279,0";"1,8";"";"0,0"
"13/04/2026";"0300";"21,7";"21,9";"21,3";"100,0";"100,0";"100,0";"21,7";"21,8";"21,3";"1017,0";"1017,3";"1017,0";"0,9";"272,0";"2,3";"";"0,0"
"13/04/2026";"0400";"20,9";"21,8";"20,9";"100,0";"100,0";"100,0";"20,9";"21,7";"20,9";"1016,5";"1017,0";"1016,5";"1,2";"332,0";"2,1";"";"0,0"
"13/04/2026";"0500";"20,3";"20,9";"20,3";"100,0";"100,0";"100,0";"20,3";"20,9";"20,3";"1015,8";"1016,5";"1015,8";"0,3";"262,0";"2,1";"";"0,0"
"13/04/2026";"0600";"20,5";"20,5";"20,2";"100,0";"100,0";"100,0";"20,5";"20,5";"20,2";"1015,3";"1015,8";"1015,3";"0,5";"261,0";"1,3";"";"0,0"
"13/04/2026";"0700";"20,2";"20,6";"20,1";"100,0";"100,0";"100,0";"20,2";"20,6";"20,1";"1014,9";"1015,3";"1014,9";"0,9";"200,0";"2,1";"";"0,0"
"13/04/2026";"0800";"20,4";"20,8";"20,2";"100,0";"100,0";"100,0";"20,4";"20,8";"20,2";"1014,9";"1015,1";"1014,8";"1,2";"313,0";"2,8";"";"0,0"
"13/04/2026";"0900";"20,4";"20,5";"20,0";"100,0";"100,0";"100,0";"20,4";"20,5";"20,0";"1015,4";"1015,4";"1014,8";"0,7";"261,0";"2,8";"";"0,2"
"13/04/2026";"1000";"20,5";"20,6";"20,2";"100,0";"100,0";"100,0";"20,5";"20,6";"20,2";"1015,6";"1015,6";"1015,4";"0,7";"261,0";"2,9";"55,20";"0,0"
"13/04/2026";"1100";"22,9";"22,9";"20,5";"99,0";"100,0";"99,0";"22,7";"22,8";"20,5";"1016,4";"1016,4";"1015,6";"0,8";"220,0";"1,8";"378,90";"0,0"
"13/04/2026";"1200";"25,2";"25,4";"22,9";"78,0";"99,0";"76,0";"21,0";"22,7";"20,5";"1016,9";"1016,9";"1016,4";"1,4";"207,0";"3,4";"1433,80";"0,0"
"13/04/2026";"1300";"26,3";"26,3";"25,2";"73,0";"78,0";"69,0";"21,1";"21,2";"19,8";"1017,3";"1017,3";"1016,9";"1,7";"165,0";"4,2";"1998,50";"0,0"
"13/04/2026";"1400";"26,6";"27,5";"26,3";"73,0";"75,0";"66,0";"21,3";"21,9";"20,3";"1017,3";"1017,3";"1017,2";"2,0";"156,0";"5,7";"2247,40";"0,0"
"13/04/2026";"1500";"26,5";"26,8";"26,1";"74,0";"77,0";"71,0";"21,4";"21,9";"20,9";"1017,2";"1017,4";"1017,2";"1,2";"225,0";"5,0";"830,40";"0,0"
"13/04/2026";"1600";"26,3";"27,2";"25,6";"80,0";"80,0";"72,0";"22,5";"22,9";"21,3";"1016,1";"1017,2";"1016,1";"1,9";"149,0";"6,0";"1964,90";"0,0"
"13/04/2026";"1700";"26,7";"26,8";"26,0";"75,0";"80,0";"73,0";"21,8";"22,8";"21,5";"1015,2";"1016,1";"1015,2";"3,1";"92,0";"5,4";"2158,40";"0,0"
"13/04/2026";"1800";"27,3";"27,6";"26,5";"67,0";"76,0";"64,0";"20,8";"21,9";"20,0";"1014,7";"1015,2";"1014,7";"2,0";"129,0";"5,3";"2336,30";"0,0"
"13/04/2026";"1900";"25,7";"27,6";"25,6";"79,0";"79,0";"66,0";"21,7";"21,9";"20,3";"1014,8";"1014,8";"1014,5";"2,1";"151,0";"5,0";"1389,90";"0,0"
"13/04/2026";"2000";"25,2";"25,8";"25,2";"82,0";"83,0";"77,0";"22,0";"22,3";"21,4";"1015,1";"1015,1";"1014,8";"2,1";"105,0";"5,0";"511,30";"0,0"
"13/04/2026";"2100";"24,6";"25,2";"24,6";"87,0";"87,0";"79,0";"22,3";"22,3";"21,0";"1015,4";"1015,4";"1015,1";"0,4";"353,0";"3,7";"91,20";"0,0"
"13/04/2026";"2200";"23,6";"24,6";"23,6";"100,0";"100,0";"87,0";"23,6";"23,8";"22,0";"1015,2";"1015,4";"1015,2";"0,9";"333,0";"1,8";"";"0,0"
"13/04/2026";"2300";"22,8";"23,6";"22,8";"100,0";"100,0";"100,0";"22,8";"23,6";"22,8";"1015,3";"1015,5";"1015,2";"1,3";"293,0";"1,9";"";"0,0"
"14/04/2026";"0000";"22,3";"22,8";"22,3";"100,0";"100,0";"100,0";"22,3";"22,8";"22,3";"1015,3";"1015,4";"1015,3";"0,7";"305,0";"1,9";"";"0,0"
"14/04/2026";"0100";"21,9";"22,3";"21,9";"100,0";"100,0";"100,0";"21,9";"22,3";"21,9";"1015,1";"1015,3";"1015,0";"0,6";"248,0";"1,5";"";"0,0"
"14/04/2026";"0200";"21,8";"22,0";"21,7";"100,0";"100,0";"100,0";"21,8";"22,0";"21,7";"1015,3";"1015,3";"1015,1";"1,0";"261,0";"2,0";"";"0,0"
"14/04/2026";"0300";"21,9";"22,0";"21,7";"100,0";"100,0";"100,0";"21,9";"22,0";"21,7";"1015,3";"1015,3";"1015,2";"1,0";"212,0";"3,4";"";"0,0"
"14/04/2026";"0400";"21,7";"22,0";"21,7";"100,0";"100,0";"100,0";"21,7";"21,9";"21,7";"1015,3";"1015,4";"1015,2";"0,8";"226,0";"2,9";"";"0,0"
"14/04/2026";"0500";"21,3";"21,9";"21,3";"100,0";"100,0";"100,0";"21,3";"21,9";"21,2";"1015,0";"1015,3";"1015,0";"0,6";"265,0";"2,1";"";"0,0"
"14/04/2026";"0600";"21,2";"21,6";"21,1";"100,0";"100,0";"100,0";"21,2";"21,6";"21,1";"1014,8";"1015,1";"1014,8";"0,4";"267,0";"1,9";"";"0,0"
"14/04/2026";"0700";"21,0";"21,3";"21,0";"100,0";"100,0";"100,0";"21,0";"21,3";"20,9";"1014,6";"1014,9";"1014,6";"0,7";"250,0";"1,7";"";"0,0"
"14/04/2026";"0800";"21,1";"21,5";"21,0";"100,0";"100,0";"100,0";"21,1";"21,4";"21,0";"1014,9";"1014,9";"1014,6";"0,6";"248,0";"1,5";"";"0,0"
"14/04/2026";"0900";"21,3";"21,6";"21,1";"100,0";"100,0";"100,0";"21,3";"21,6";"21,0";"1015,4";"1015,4";"1014,9";"0,7";"256,0";"1,9";"";"0,0"
"14/04/2026";"1000";"21,6";"21,6";"21,2";"100,0";"100,0";"100,0";"21,6";"21,6";"21,2";"1015,9";"1015,9";"1015,4";"1,3";"293,0";"2,0";"55,80";"0,0"
"14/04/2026";"1100";"23,7";"23,7";"21,3";"95,0";"100,0";"95,0";"22,9";"23,2";"21,3";"1016,2";"1016,3";"1015,8";"0,8";"183,0";"2,1";"365,60";"0,0"
"14/04/2026";"1200";"25,8";"26,0";"23,7";"76,0";"96,0";"73,0";"21,3";"23,1";"20,5";"1016,9";"1016,9";"1016,2";"1,9";"108,0";"3,3";"1506,60";"0,0"
"14/04/2026";"1300";"26,3";"26,4";"25,4";"68,0";"76,0";"67,0";"20,0";"21,4";"19,7";"1016,7";"1017,0";"1016,7";"1,9";"119,0";"4,3";"2101,50";"0,0"
"14/04/2026";"1400";"26,9";"27,1";"25,8";"63,0";"73,0";"59,0";"19,3";"20,7";"18,4";"1016,0";"1016,7";"1016,0";"2,0";"119,0";"5,4";"2714,10";"0,0"
"14/04/2026";"1500";"27,3";"27,6";"26,5";"62,0";"67,0";"55,0";"19,4";"19,9";"17,3";"1015,1";"1016,0";"1015,1";"2,3";"114,0";"5,2";"3012,60";"0,0"
"14/04/2026";"1600";"27,1";"27,8";"26,5";"64,0";"66,0";"56,0";"19,8";"19,8";"17,7";"1014,7";"1015,1";"1014,7";"2,3";"126,0";"5,0";"3056,10";"0,0"
"14/04/2026";"1700";"27,0";"27,3";"26,1";"62,0";"70,0";"62,0";"19,1";"21,0";"19,1";"1014,2";"1014,7";"1014,2";"2,4";"133,0";"5,9";"2833,30";"0,0"
"14/04/2026";"1800";"26,3";"27,0";"26,2";"68,0";"69,0";"62,0";"19,9";"20,3";"19,1";"1014,0";"1014,2";"1014,0";"2,8";"118,0";"5,9";"2397,40";"0,0"
"14/04/2026";"1900";"25,8";"26,7";"25,2";"77,0";"78,0";"67,0";"21,4";"21,5";"19,9";"1014,1";"1014,1";"1014,0";"2,2";"131,0";"6,1";"1753,40";"0,0"
"14/04/2026";"2000";"24,7";"26,0";"24,6";"80,0";"81,0";"73,0";"21,1";"21,6";"20,3";"1014,2";"1014,2";"1014,1";"1,8";"110,0";"4,4";"774,90";"0,0"
"14/04/2026";"2100";"24,2";"24,7";"24,0";"80,0";"83,0";"78,0";"20,5";"21,2";"20,3";"1014,6";"1014,6";"1014,2";"1,2";"120,0";"3,4";"67,10";"0,0"
"14/04/2026";"2200";"22,9";"24,2";"22,9";"97,0";"97,0";"77,0";"22,4";"22,4";"19,7";"1015,0";"1015,0";"1014,6";"0,5";"295,0";"2,9";"";"0,0"
"14/04/2026";"2300";"22,4";"22,9";"22,2";"100,0";"100,0";"97,0";"22,3";"22,6";"22,2";"1015,8";"1015,8";"1015,0";"1,0";"334,0";"1,8";"";"0,0"
"15/04/2026";"0000";"22,4";"22,4";"22,2";"99,0";"100,0";"98,0";"22,2";"22,4";"22,0";"1015,7";"1015,9";"1015,7";"0,8";"320,0";"1,6";"";"0,0"
"15/04/2026";"0100";"21,5";"22,4";"21,5";"100,0";"100,0";"99,0";"21,5";"22,3";"21,5";"1015,8";"1015,9";"1015,7";"0,8";"352,0";"1,7";"";"0,0"
"15/04/2026";"0200";"20,8";"21,6";"20,7";"100,0";"100,0";"100,0";"20,8";"21,5";"20,7";"1015,8";"1016,0";"1015,8";"0,7";"259,0";"2,3";"";"0,0"
"15/04/2026";"0300";"20,6";"21,0";"20,4";"100,0";"100,0";"100,0";"20,6";"20,9";"20,4";"1015,4";"1015,8";"1015,4";"0,7";"317,0";"2,0";"";"0,0"
"15/04/2026";"0400";"20,1";"20,6";"20,0";"100,0";"100,0";"100,0";"20,1";"20,6";"20,0";"1014,8";"1015,4";"1014,8";"0,5";"220,0";"1,8";"";"0,0"
"15/04/2026";"0500";"20,1";"20,4";"19,7";"100,0";"100,0";"100,0";"20,1";"20,3";"19,7";"1014,4";"1014,8";"1014,4";"0,8";"269,0";"2,0";"";"0,0"
"15/04/2026";"0600";"19,9";"20,2";"19,6";"100,0";"100,0";"100,0";"19,8";"20,2";"19,6";"1014,3";"1014,4";"1014,2";"0,7";"267,0";"2,2";"";"0,0"
"15/04/2026";"0700";"19,2";"20,2";"19,2";"100,0";"100,0";"100,0";"19,2";"20,1";"19,2";"1013,9";"1014,3";"1013,8";"0,7";"204,0";"2,3";"";"0,0"
"15/04/2026";"0800";"19,6";"19,6";"19,1";"100,0";"100,0";"100,0";"19,5";"19,6";"19,1";"1014,7";"1014,9";"1013,9";"1,0";"284,0";"2,4";"";"0,2"
"15/04/2026";"0900";"19,5";"19,7";"19,3";"100,0";"100,0";"100,0";"19,5";"19,7";"19,4";"1015,3";"1015,4";"1014,6";"0,9";"278,0";"2,3";"";"0,0"
"15/04/2026";"1000";"19,8";"20,0";"19,3";"100,0";"100,0";"100,0";"19,8";"20,0";"19,3";"1016,3";"1016,3";"1015,3";"1,4";"289,0";"2,2";"46,40";"0,0"
"15/04/2026";"1100";"21,1";"21,1";"19,4";"89,0";"100,0";"89,0";"19,3";"19,8";"19,0";"1016,9";"1016,9";"1016,3";"0,5";"294,0";"2,7";"329,10";"0,0"
"15/04/2026";"1200";"23,6";"23,8";"21,1";"72,0";"90,0";"67,0";"18,2";"19,6";"17,0";"1017,4";"1017,5";"1016,9";"0,6";"318,0";"1,7";"1474,90";"0,0"
"15/04/2026";"1300";"25,7";"25,8";"23,6";"68,0";"73,0";"63,0";"19,2";"19,2";"17,0";"1017,3";"1017,4";"1017,3";"2,5";"111,0";"4,0";"2078,90";"0,0"
"15/04/2026";"1400";"25,9";"26,4";"25,2";"69,0";"72,0";"63,0";"19,8";"20,3";"18,3";"1016,6";"1017,3";"1016,6";"2,1";"144,0";"4,3";"2715,80";"0,0"
"15/04/2026";"1500";"26,1";"26,6";"25,7";"72,0";"73,0";"68,0";"20,8";"21,0";"19,6";"1016,2";"1016,6";"1016,2";"2,4";"116,0";"5,6";"2995,80";"0,0"
"15/04/2026";"1600";"26,2";"26,7";"25,7";"72,0";"75,0";"69,0";"20,8";"21,3";"20,3";"1015,4";"1016,2";"1015,4";"2,4";"123,0";"6,3";"3033,30";"0,0"
"15/04/2026";"1700";"26,4";"26,9";"26,1";"70,0";"74,0";"67,0";"20,5";"21,4";"19,6";"1014,9";"1015,4";"1014,9";"2,5";"121,0";"6,3";"2811,10";"0,0"
"15/04/2026";"1800";"26,5";"26,7";"25,7";"69,0";"75,0";"68,0";"20,3";"21,3";"20,0";"1014,1";"1014,9";"1014,1";"2,3";"112,0";"5,1";"2351,00";"0,0"
"15/04/2026";"1900";"26,1";"26,7";"25,8";"69,0";"73,0";"67,0";"19,8";"20,8";"19,8";"1013,4";"1014,1";"1013,4";"2,0";"120,0";"5,7";"1677,90";"0,0"
"15/04/2026";"2000";"25,4";"26,3";"25,3";"75,0";"76,0";"69,0";"20,8";"20,8";"19,9";"1013,8";"1013,8";"1013,4";"1,6";"129,0";"4,1";"853,00";"0,0"
"15/04/2026";"2100";"24,2";"25,4";"24,2";"87,0";"87,0";"75,0";"21,8";"21,8";"20,6";"1014,4";"1014,4";"1013,8";"1,0";"156,0";"3,5";"114,50";"0,0"
"15/04/2026";"2200";"23,1";"24,2";"23,1";"99,0";"99,0";"87,0";"22,9";"23,1";"21,8";"1014,8";"1014,8";"1014,4";"0,9";"320,0";"2,9";"";"0,0"
"15/04/2026";"2300";"22,8";"23,1";"22,7";"99,0";"100,0";"97,0";"22,7";"23,0";"22,5";"1015,1";"1015,1";"1014,8";"0,9";"286,0";"1,4";"";"0,0"
"16/04/2026";"0000";"23,0";"23,2";"22,8";"100,0";"100,0";"96,0";"22,9";"23,0";"22,5";"1014,9";"1015,1";"1014,9";"0,9";"321,0";"1,5";"";"0,0"
"16/04/2026";"0100";"22,5";"23,0";"22,5";"100,0";"100,0";"100,0";"22,5";"23,0";"22,5";"1015,0";"1015,2";"1014,9";"0,6";"270,0";"1,5";"";"0,0"
"16/04/2026";"0200";"21,7";"22,5";"21,7";"100,0";"100,0";"100,0";"21,7";"22,4";"21,7";"1015,2";"1015,3";"1015,0";"0,8";"332,0";"1,4";"";"0,0"
"16/04/2026";"0300";"21,5";"21,9";"21,5";"100,0";"100,0";"100,0";"21,5";"21,9";"21,5";"1015,1";"1015,4";"1015,1";"1,0";"319,0";"1,5";"";"0,0"
"16/04/2026";"0400";"21,1";"21,6";"21,1";"100,0";"100,0";"100,0";"21,1";"21,5";"21,0";"1014,6";"1015,1";"1014,6";"0,9";"345,0";"1,5";"";"0,0"
"16/04/2026";"0500";"20,4";"21,1";"20,4";"100,0";"100,0";"100,0";"20,4";"21,0";"20,4";"1014,2";"1014,6";"1014,2";"0,5";"250,0";"1,9";"";"0,0"
"16/04/2026";"0600";"20,4";"20,8";"20,2";"100,0";"100,0";"100,0";"20,4";"20,8";"20,2";"1013,9";"1014,2";"1013,9";"0,7";"257,0";"1,8";"";"0,0"
"16/04/2026";"0700";"20,4";"20,6";"20,3";"100,0";"100,0";"100,0";"20,3";"20,6";"20,2";"1013,4";"1013,9";"1013,4";"0,9";"321,0";"2,3";"";"0,0"
"16/04/2026";"0800";"19,9";"20,4";"19,8";"100,0";"100,0";"100,0";"19,9";"20,4";"19,8";"1013,3";"1013,4";"1013,2";"0,8";"266,0";"2,0";"";"0,0"
"16/04/2026";"0900";"19,7";"20,3";"19,7";"100,0";"100,0";"100,0";"19,7";"20,3";"19,7";"1013,4";"1013,4";"1013,2";"0,2";"312,0";"2,1";"";"0,0"
"16/04/2026";"1000";"20,0";"20,0";"19,4";"100,0";"100,0";"100,0";"20,0";"20,0";"19,4";"1013,6";"1013,7";"1013,4";"0,9";"328,0";"1,6";"46,90";"0,0"
"16/04/2026";"1100";"22,3";"22,3";"19,9";"97,0";"100,0";"97,0";"21,8";"22,2";"19,9";"1014,2";"1014,2";"1013,6";"1,3";"204,0";"2,7";"321,40";"0,0"
"16/04/2026";"1200";"25,4";"25,5";"22,3";"71,0";"97,0";"71,0";"19,7";"21,9";"19,7";"1014,0";"1014,2";"1014,0";"1,2";"105,0";"2,9";"1458,90";"0,0"
"16/04/2026";"1300";"25,9";"26,1";"25,0";"65,0";"71,0";"62,0";"18,7";"19,7";"18,1";"1014,0";"1014,1";"1013,9";"2,1";"115,0";"4,5";"2076,00";"0,0"
"16/04/2026";"1400";"26,1";"26,3";"25,4";"67,0";"71,0";"64,0";"19,6";"20,6";"18,4";"1014,0";"1014,0";"1013,9";"2,1";"127,0";"4,6";"2654,90";"0,0"
"16/04/2026";"1500";"26,9";"27,1";"26,2";"70,0";"70,0";"63,0";"20,9";"20,9";"19,2";"1013,6";"1014,0";"1013,6";"2,3";"118,0";"5,2";"2954,80";"0,0"
"16/04/2026";"1600";"26,4";"27,0";"25,9";"71,0";"72,0";"65,0";"20,7";"20,9";"19,4";"1012,7";"1013,6";"1012,7";"2,5";"153,0";"6,2";"2938,80";"0,0"
"16/04/2026";"1700";"26,6";"27,1";"25,7";"67,0";"75,0";"66,0";"20,1";"21,3";"19,9";"1011,9";"1012,8";"1011,9";"2,3";"114,0";"6,2";"2531,50";"0,0"
"16/04/2026";"1800";"25,6";"26,6";"25,4";"76,0";"77,0";"67,0";"21,1";"21,3";"19,7";"1011,5";"1011,9";"1011,5";"2,2";"100,0";"5,2";"1491,80";"0,0"
"16/04/2026";"1900";"26,0";"26,3";"25,6";"72,0";"77,0";"72,0";"20,6";"21,5";"20,6";"1011,1";"1011,5";"1011,1";"2,4";"110,0";"4,2";"1670,60";"0,0"
"16/04/2026";"2000";"25,0";"26,2";"24,7";"79,0";"81,0";"71,0";"21,2";"21,2";"20,2";"1010,9";"1011,1";"1010,8";"1,4";"122,0";"4,3";"510,20";"0,0"
"16/04/2026";"2100";"24,2";"25,2";"24,2";"83,0";"83,0";"79,0";"21,2";"21,4";"20,9";"1011,2";"1011,2";"1010,9";"0,6";"186,0";"3,2";"142,10";"0,0"
"16/04/2026";"2200";"23,1";"24,2";"23,1";"100,0";"100,0";"83,0";"23,1";"23,3";"21,2";"1011,3";"1011,3";"1011,1";"1,5";"313,0";"2,1";"";"0,0"
"16/04/2026";"2300";"22,3";"23,1";"22,3";"100,0";"100,0";"100,0";"22,2";"23,0";"22,2";"1011,0";"1011,4";"1011,0";"1,1";"345,0";"2,1";"";"0,0"
"17/04/2026";"0000";"21,4";"22,3";"21,4";"100,0";"100,0";"100,0";"21,4";"22,2";"21,4";"1011,5";"1011,5";"1011,0";"0,7";"237,0";"1,7";"";"0,0"
"17/04/2026";"0100";"21,2";"21,7";"21,1";"100,0";"100,0";"100,0";"21,2";"21,7";"21,1";"1011,3";"1011,5";"1011,2";"1,0";"352,0";"1,7";"";"0,0"
"17/04/2026";"0200";"20,9";"21,3";"20,9";"100,0";"100,0";"100,0";"20,9";"21,3";"20,9";"1011,1";"1011,4";"1011,1";"0,7";"263,0";"1,7";"";"0,0"
"17/04/2026";"0300";"20,6";"20,9";"20,5";"100,0";"100,0";"100,0";"20,6";"20,9";"20,5";"1010,6";"1011,1";"1010,6";"0,5";"310,0";"1,6";"";"0,0"
"17/04/2026";"0400";"20,7";"20,7";"20,4";"100,0";"100,0";"100,0";"20,7";"20,7";"20,4";"1010,4";"1010,6";"1010,4";"0,9";"307,0";"1,9";"";"0,0"
"17/04/2026";"0500";"20,2";"20,7";"20,2";"100,0";"100,0";"100,0";"20,2";"20,7";"20,2";"1009,7";"1010,4";"1009,7";"1,5";"340,0";"2,5";"";"0,0"
"17/04/2026";"0600";"19,8";"20,3";"19,6";"100,0";"100,0";"100,0";"19,8";"20,3";"19,6";"1009,4";"1009,7";"1009,4";"0,5";"324,0";"2,1";"";"0,0"
"17/04/2026";"0700";"19,5";"19,9";"19,5";"100,0";"100,0";"100,0";"19,5";"19,9";"19,5";"1008,8";"1009,4";"1008,8";"0,6";"265,0";"1,2";"";"0,0"
"17/04/2026";"0800";"20,1";"20,1";"19,5";"100,0";"100,0";"100,0";"20,1";"20,1";"19,5";"1008,8";"1008,8";"1008,7";"1,1";"302,0";"2,1";"";"0,2"
"17/04/2026";"0900";"19,9";"20,2";"19,7";"100,0";"100,0";"100,0";"19,9";"20,2";"19,7";"1009,0";"1009,0";"1008,8";"0,7";"252,0";"2,1";"";"0,0"
"17/04/2026";"1000";"20,6";"20,7";"19,7";"100,0";"100,0";"100,0";"20,6";"20,7";"19,7";"1009,7";"1009,7";"1009,0";"0,8";"293,0";"3,4";"42,10";"0,0"
"17/04/2026";"1100";"22,2";"22,2";"20,6";"100,0";"100,0";"100,0";"22,2";"22,2";"20,5";"1010,3";"1010,3";"1009,7";"1,0";"268,0";"2,1";"359,20";"0,0"
"17/04/2026";"1200";"25,0";"25,0";"22,2";"79,0";"100,0";"78,0";"21,2";"22,9";"20,6";"1010,4";"1010,5";"1010,3";"0,6";"62,0";"2,1";"1386,70";"0,0"
"17/04/2026";"1300";"26,8";"26,8";"25,0";"72,0";"79,0";"68,0";"21,2";"21,7";"20,1";"1010,3";"1010,5";"1010,2";"1,1";"166,0";"2,9";"1964,10";"0,0"
"17/04/2026";"1400";"27,9";"27,9";"26,4";"65,0";"72,0";"64,0";"20,7";"21,4";"19,7";"1009,9";"1010,3";"1009,9";"1,9";"132,0";"4,2";"2524,50";"0,0"
"17/04/2026";"1500";"28,1";"28,9";"27,5";"68,0";"69,0";"62,0";"21,5";"21,8";"19,9";"1009,3";"1009,9";"1009,3";"2,3";"120,0";"5,2";"2829,40";"0,0"
"17/04/2026";"1600";"27,8";"28,1";"27,0";"69,0";"71,0";"67,0";"21,5";"21,7";"20,7";"1008,3";"1009,3";"1008,3";"3,2";"113,0";"6,0";"2815,80";"0,0"
"17/04/2026";"1700";"26,8";"27,9";"26,8";"70,0";"73,0";"67,0";"20,9";"21,9";"20,9";"1007,8";"1008,3";"1007,8";"2,0";"132,0";"5,5";"2102,80";"0,0"
"17/04/2026";"1800";"27,3";"28,5";"26,7";"67,0";"72,0";"66,0";"20,7";"22,2";"20,5";"1007,3";"1007,8";"1007,3";"2,8";"98,0";"4,8";"1963,60";"0,0"
"17/04/2026";"1900";"27,5";"27,8";"27,0";"66,0";"71,0";"64,0";"20,6";"21,5";"20,3";"1006,9";"1007,3";"1006,8";"1,7";"117,0";"5,1";"1409,80";"0,0"
"17/04/2026";"2000";"26,9";"27,6";"26,9";"73,0";"73,0";"66,0";"21,7";"22,1";"20,6";"1006,6";"1006,9";"1006,4";"1,4";"120,0";"3,2";"673,90";"0,0"
"17/04/2026";"2100";"26,1";"26,9";"26,1";"79,0";"79,0";"73,0";"22,3";"22,3";"21,8";"1006,9";"1006,9";"1006,6";"1,6";"105,0";"3,2";"85,00";"0,0"
"17/04/2026";"2200";"24,2";"26,1";"24,2";"95,0";"95,0";"79,0";"23,3";"23,6";"22,3";"1007,2";"1007,2";"1006,9";"0,3";"327,0";"3,1";"";"0,0"
"17/04/2026";"2300";"23,4";"24,2";"23,3";"98,0";"98,0";"93,0";"23,0";"23,6";"22,2";"1007,5";"1007,5";"1007,1";"0,7";"354,0";"2,1";"";"0,0"
"18/04/2026";"0000";"22,6";"23,4";"22,6";"97,0";"98,0";"96,0";"22,1";"22,9";"22,1";"1007,6";"1007,6";"1007,4";"0,8";"357,0";"1,9";"";"0,0"
"18/04/2026";"0100";"22,2";"22,7";"22,2";"100,0";"100,0";"97,0";"22,1";"22,4";"22,0";"1007,9";"1008,2";"1007,5";"0,6";"306,0";"1,6";"";"0,0"
"18/04/2026";"0200";"22,0";"22,2";"21,7";"100,0";"100,0";"100,0";"22,0";"22,2";"21,7";"1006,8";"1007,9";"1006,8";"1,5";"342,0";"2,7";"";"0,0"
"18/04/2026";"0300";"22,1";"22,1";"21,7";"100,0";"100,0";"100,0";"22,1";"22,1";"21,7";"1007,0";"1007,2";"1006,8";"0,8";"299,0";"2,7";"";"0,0"
"18/04/2026";"0400";"22,3";"22,3";"21,9";"100,0";"100,0";"100,0";"22,3";"22,3";"21,9";"1006,3";"1007,0";"1006,3";"0,8";"240,0";"2,8";"";"0,0"
"18/04/2026";"0500";"23,9";"23,9";"22,1";"92,0";"100,0";"92,0";"22,4";"22,9";"22,1";"1007,5";"1007,5";"1006,0";"2,8";"219,0";"9,1";"";"0,0"
"18/04/2026";"0600";"23,5";"24,5";"23,2";"93,0";"96,0";"85,0";"22,2";"22,6";"21,3";"1009,2";"1009,3";"1007,3";"1,5";"193,0";"9,8";"";"0,0"
"18/04/2026";"0700";"22,8";"23,5";"22,8";"100,0";"100,0";"93,0";"22,7";"22,9";"22,0";"1009,0";"1009,4";"1008,9";"0,9";"36,0";"4,9";"";"0,0"
"18/04/2026";"0800";"22,6";"22,8";"22,6";"100,0";"100,0";"98,0";"22,5";"22,7";"22,5";"1007,8";"1009,0";"1007,8";"1,1";"15,0";"4,5";"";"0,0"
"18/04/2026";"0900";"23,9";"23,9";"22,5";"85,0";"100,0";"85,0";"21,2";"22,7";"21,2";"1008,4";"1008,4";"1007,2";"2,5";"202,0";"5,6";"";"0,0"
"18/04/2026";"1000";"22,8";"24,5";"22,5";"100,0";"100,0";"80,0";"22,8";"22,9";"20,8";"1008,6";"1009,3";"1008,4";"2,8";"309,0";"5,8";"";"3,2"
"18/04/2026";"1100";"27,3";"27,3";"22,0";"63,0";"100,0";"63,0";"19,6";"22,8";"19,6";"1006,7";"1008,6";"1006,7";"2,0";"13,0";"8,2";"64,10";"4,0"
"18/04/2026";"1200";"23,0";"28,3";"23,0";"99,0";"99,0";"53,0";"22,8";"22,8";"17,7";"1007,6";"1007,9";"1006,7";"2,0";"191,0";"8,2";"287,40";"0,0"
"18/04/2026";"1300";"29,4";"29,4";"23,0";"60,0";"99,0";"58,0";"20,9";"23,0";"20,2";"1007,3";"1007,7";"1007,2";"1,8";"258,0";"5,5";"1388,90";"0,0"
"18/04/2026";"1400";"30,5";"31,9";"28,4";"59,0";"68,0";"50,0";"21,6";"22,3";"19,9";"1006,9";"1007,3";"1006,9";"1,8";"151,0";"5,5";"2318,20";"0,0"
"18/04/2026";"1500";"29,7";"30,7";"28,6";"56,0";"62,0";"53,0";"19,8";"21,4";"19,6";"1006,5";"1006,9";"1006,4";"1,6";"145,0";"5,0";"1260,40";"0,0"
"18/04/2026";"1600";"27,3";"29,8";"27,1";"84,0";"86,0";"55,0";"24,4";"24,7";"19,7";"1006,2";"1006,5";"1006,1";"2,3";"117,0";"5,5";"680,50";"0,0"
"18/04/2026";"1700";"27,2";"28,3";"26,6";"82,0";"89,0";"72,0";"23,9";"24,8";"22,8";"1006,1";"1006,4";"1005,8";"3,0";"97,0";"5,7";"2123,00";"0,0"
"18/04/2026";"1800";"27,4";"28,2";"27,2";"75,0";"83,0";"73,0";"22,5";"24,3";"22,4";"1005,8";"1006,2";"1005,8";"2,9";"95,0";"5,9";"2135,20";"0,2"
"18/04/2026";"1900";"27,1";"27,8";"26,9";"80,0";"81,0";"74,0";"23,2";"23,7";"22,4";"1006,2";"1006,3";"1005,8";"2,3";"110,0";"5,9";"1446,40";"0,0"
"18/04/2026";"2000";"25,3";"27,1";"25,3";"93,0";"93,0";"79,0";"24,1";"24,1";"23,1";"1006,8";"1006,8";"1006,2";"0,8";"135,0";"5,2";"188,50";"0,0"
"18/04/2026";"2100";"25,2";"25,4";"25,2";"97,0";"97,0";"93,0";"24,7";"24,7";"24,1";"1007,2";"1007,3";"1006,8";"0,8";"311,0";"1,6";"23,80";"0,0"
"18/04/2026";"2200";"25,1";"25,2";"25,1";"99,0";"99,0";"95,0";"24,9";"25,1";"24,3";"1007,7";"1007,7";"1006,9";"1,2";"279,0";"2,3";"";"0,0"
"18/04/2026";"2300";"24,7";"25,1";"24,7";"100,0";"100,0";"99,0";"24,7";"25,1";"24,7";"1008,2";"1008,2";"1007,7";"0,4";"350,0";"2,0";"";"0,0"
"19/04/2026";"0000";"24,6";"24,8";"24,6";"100,0";"100,0";"100,0";"24,6";"24,8";"24,6";"1008,9";"1008,9";"1008,2";"1,0";"333,0";"2,1";"";"0,0"
"19/04/2026";"0100";"24,2";"24,7";"24,2";"100,0";"100,0";"100,0";"24,2";"24,6";"24,2";"1009,4";"1009,4";"1008,9";"0,7";"196,0";"2,4";"";"0,0"
"19/04/2026";"0200";"24,4";"24,4";"24,0";"100,0";"100,0";"100,0";"24,4";"24,4";"24,0";"1009,5";"1009,5";"1009,3";"1,2";"212,0";"3,0";"";"0,0"
"19/04/2026";"0300";"24,4";"24,4";"24,2";"100,0";"100,0";"100,0";"24,3";"24,4";"24,2";"1010,1";"1010,1";"1009,5";"0,8";"253,0";"3,0";"";"0,0"
"19/04/2026";"0400";"23,9";"24,4";"23,9";"100,0";"100,0";"100,0";"23,9";"24,4";"23,8";"1010,0";"1010,2";"1009,9";"1,3";"347,0";"2,6";"";"0,0"
"19/04/2026";"0500";"23,5";"23,9";"23,5";"100,0";"100,0";"100,0";"23,5";"23,9";"23,5";"1010,0";"1010,1";"1010,0";"0,9";"320,0";"2,6";"";"0,0"
"19/04/2026";"0600";"22,8";"23,5";"22,7";"100,0";"100,0";"100,0";"22,8";"23,5";"22,7";"1010,0";"1010,0";"1009,8";"0,6";"248,0";"1,8";"";"0,0"
"19/04/2026";"0700";"21,8";"22,9";"21,8";"100,0";"100,0";"100,0";"21,8";"22,9";"21,8";"1010,0";"1010,1";"1009,9";"0,8";"317,0";"1,7";"";"0,0"
"19/04/2026";"0800";"21,9";"22,6";"21,5";"100,0";"100,0";"100,0";"21,8";"22,6";"21,5";"1010,2";"1010,2";"1009,9";"0,9";"304,0";"2,1";"";"0,0"
"19/04/2026";"0900";"21,4";"22,0";"21,3";"100,0";"100,0";"100,0";"21,4";"21,9";"21,3";"1011,1";"1011,1";"1010,2";"1,0";"285,0";"2,1";"";"0,0"
"19/04/2026";"1000";"21,5";"21,8";"20,9";"100,0";"100,0";"100,0";"21,5";"21,8";"20,9";"1012,0";"1012,0";"1011,1";"1,0";"296,0";"2,2";"44,80";"0,0"
"19/04/2026";"1100";"22,5";"22,5";"21,5";"100,0";"100,0";"100,0";"22,5";"22,5";"21,5";"1012,7";"1012,7";"1012,0";"1,0";"296,0";"1,9";"477,70";"0,0"
"19/04/2026";"1200";"25,9";"25,9";"22,5";"85,0";"100,0";"85,0";"23,1";"25,3";"22,6";"1013,4";"1013,4";"1012,7";"0,9";"208,0";"3,1";"1388,10";"0,0"
"19/04/2026";"1300";"27,3";"27,3";"25,9";"66,0";"87,0";"63,0";"20,3";"23,6";"19,4";"1013,6";"1013,7";"1013,4";"0,9";"125,0";"3,6";"2012,60";"0,0"
"19/04/2026";"1400";"27,2";"27,8";"26,9";"71,0";"74,0";"63,0";"21,4";"22,3";"19,4";"1013,5";"1013,7";"1013,5";"2,1";"162,0";"4,4";"2648,20";"0,0"
"19/04/2026";"1500";"27,3";"28,0";"27,1";"69,0";"72,0";"63,0";"21,0";"21,7";"19,7";"1013,1";"1013,5";"1013,1";"2,1";"152,0";"5,2";"2926,30";"0,0"
"19/04/2026";"1600";"27,0";"27,9";"27,0";"66,0";"70,0";"61,0";"20,1";"21,5";"19,6";"1012,5";"1013,1";"1012,5";"2,4";"126,0";"6,5";"2796,80";"0,0"
"19/04/2026";"1700";"27,2";"28,1";"26,7";"68,0";"72,0";"61,0";"20,8";"21,6";"19,8";"1012,2";"1012,5";"1012,2";"1,7";"132,0";"5,2";"2195,10";"0,0"
"19/04/2026";"1800";"27,5";"28,2";"26,8";"58,0";"71,0";"56,0";"18,5";"21,9";"18,0";"1011,8";"1012,2";"1011,8";"1,8";"140,0";"4,5";"2221,70";"0,0"
"19/04/2026";"1900";"26,9";"27,9";"26,6";"68,0";"70,0";"56,0";"20,6";"20,7";"18,1";"1012,0";"1012,1";"1011,8";"1,6";"133,0";"4,5";"1413,00";"0,0"
"19/04/2026";"2000";"25,9";"27,0";"25,9";"75,0";"76,0";"67,0";"21,1";"21,5";"20,2";"1012,4";"1012,4";"1012,0";"2,0";"130,0";"4,5";"790,90";"0,0"
"19/04/2026";"2100";"24,8";"25,9";"24,6";"81,0";"84,0";"75,0";"21,4";"21,8";"21,0";"1012,9";"1012,9";"1012,4";"1,1";"116,0";"4,0";"59,60";"0,0"
"19/04/2026";"2200";"23,5";"24,9";"23,4";"97,0";"99,0";"80,0";"23,1";"23,3";"21,2";"1013,4";"1013,4";"1012,9";"0,7";"318,0";"2,4";"";"0,0"
"19/04/2026";"2300";"23,2";"23,5";"23,0";"100,0";"100,0";"96,0";"23,2";"23,2";"22,6";"1014,1";"1014,1";"1013,4";"0,6";"320,0";"1,5";"";"0,0"
"20/04/2026";"0000";"22,7";"23,2";"22,7";"100,0";"100,0";"100,0";"22,7";"23,2";"22,7";"1014,6";"1014,6";"1014,1";"0,6";"346,0";"1,3";"";"0,0"
"20/04/2026";"0100";"22,6";"22,8";"22,5";"100,0";"100,0";"100,0";"22,6";"22,7";"22,5";"1014,8";"1014,9";"1014,6";"0,8";"297,0";"1,1";"";"0,0"
"20/04/2026";"0200";"22,4";"22,6";"22,3";"100,0";"100,0";"100,0";"22,4";"22,6";"22,3";"1015,2";"1015,2";"1014,8";"0,7";"260,0";"1,1";"";"0,0"
"20/04/2026";"0300";"21,7";"22,4";"21,7";"100,0";"100,0";"100,0";"21,7";"22,4";"21,7";"1015,5";"1015,6";"1015,2";"0,5";"236,0";"1,4";"";"0,0"
"20/04/2026";"0400";"21,3";"21,8";"21,3";"100,0";"100,0";"100,0";"21,3";"21,8";"21,3";"1015,2";"1015,5";"1015,0";"0,6";"247,0";"1,6";"";"0,0"
"20/04/2026";"0500";"20,1";"21,3";"20,1";"100,0";"100,0";"100,0";"20,1";"21,2";"20,1";"1014,8";"1015,2";"1014,8";"0,9";"330,0";"1,8";"";"0,0"
"20/04/2026";"0600";"20,0";"20,3";"19,8";"100,0";"100,0";"100,0";"20,0";"20,3";"19,8";"1014,6";"1014,8";"1014,6";"1,1";"300,0";"1,7";"";"0,0"
"20/04/2026";"0700";"20,1";"20,2";"19,8";"100,0";"100,0";"100,0";"20,1";"20,2";"19,8";"1014,9";"1014,9";"1014,5";"1,4";"280,0";"2,2";"";"0,0"
"20/04/2026";"0800";"20,1";"20,2";"19,8";"100,0";"100,0";"100,0";"20,0";"20,2";"19,8";"1015,2";"1015,3";"1014,9";"1,2";"294,0";"2,8";"";"0,0"
"20/04/2026";"0900";"19,4";"20,1";"19,4";"100,0";"100,0";"100,0";"19,4";"20,1";"19,4";"1015,6";"1015,6";"1015,2";"0,3";"55,0";"2,3";"";"0,0"
"20/04/2026";"1000";"19,9";"19,9";"19,3";"100,0";"100,0";"100,0";"19,9";"19,9";"19,3";"1016,2";"1016,2";"1015,6";"0,8";"296,0";"1,4";"36,30";"0,0"
"20/04/2026";"1100";"21,9";"21,9";"19,8";"100,0";"100,0";"100,0";"21,8";"21,8";"19,8";"1016,7";"1016,7";"1016,2";"1,0";"276,0";"2,2";"378,40";"0,0"
"20/04/2026";"1200";"24,6";"24,6";"21,9";"78,0";"100,0";"78,0";"20,6";"22,4";"20,4";"1017,2";"1017,2";"1016,7";"1,2";"170,0";"2,6";"1409,80";"0,0"
"20/04/2026";"1300";"26,1";"26,5";"24,6";"66,0";"80,0";"65,0";"19,3";"20,9";"18,7";"1017,0";"1017,2";"1016,9";"1,5";"132,0";"3,7";"1992,30";"0,0"
"20/04/2026";"1400";"27,0";"27,1";"25,9";"66,0";"67,0";"62,0";"20,2";"20,2";"18,8";"1017,0";"1017,1";"1016,9";"2,1";"112,0";"4,3";"2585,60";"0,0"
"20/04/2026";"1500";"26,1";"27,4";"26,0";"70,0";"70,0";"61,0";"20,2";"20,5";"18,6";"1016,3";"1017,1";"1016,3";"3,2";"156,0";"5,6";"2940,30";"0,0"
"20/04/2026";"1600";"26,6";"26,9";"26,1";"66,0";"70,0";"65,0";"19,8";"20,5";"19,3";"1015,7";"1016,3";"1015,6";"2,6";"153,0";"6,1";"2960,20";"0,0"
"20/04/2026";"1700";"26,6";"27,0";"26,2";"65,0";"69,0";"61,0";"19,4";"20,8";"18,8";"1015,2";"1015,7";"1015,2";"3,1";"150,0";"6,9";"2738,30";"0,0"
"20/04/2026";"1800";"25,8";"26,8";"25,7";"66,0";"68,0";"62,0";"19,0";"19,9";"18,5";"1015,0";"1015,2";"1015,0";"2,9";"147,0";"6,5";"1506,40";"0,0"
"20/04/2026";"1900";"25,2";"25,8";"25,2";"68,0";"68,0";"65,0";"18,7";"19,4";"18,6";"1015,0";"1015,0";"1014,9";"1,8";"156,0";"6,2";"417,40";"0,0"
"20/04/2026";"2000";"24,5";"25,2";"24,5";"69,0";"70,0";"67,0";"18,5";"18,9";"18,4";"1015,4";"1015,4";"1015,0";"1,2";"189,0";"5,1";"216,70";"0,0"
"20/04/2026";"2100";"23,0";"24,5";"23,0";"87,0";"87,0";"69,0";"20,6";"20,9";"18,5";"1015,7";"1015,7";"1015,4";"0,6";"302,0";"3,0";"44,30";"0,0"
"20/04/2026";"2200";"21,9";"23,0";"21,9";"99,0";"99,0";"84,0";"21,7";"21,8";"20,2";"1015,9";"1016,0";"1015,7";"0,9";"277,0";"1,5";"";"0,0"
"20/04/2026";"2300";"21,4";"21,9";"21,3";"100,0";"100,0";"99,0";"21,4";"21,8";"21,3";"1016,2";"1016,3";"1015,9";"0,9";"310,0";"1,5";"";"0,0"
"21/04/2026";"0000";"21,3";"21,5";"21,1";"100,0";"100,0";"100,0";"21,3";"21,4";"21,1";"1016,6";"1016,6";"1016,2";"0,3";"144,0";"1,4";"";"0,0"
"21/04/2026";"0100";"21,3";"21,4";"21,3";"100,0";"100,0";"100,0";"21,3";"21,4";"21,2";"1016,8";"1016,8";"1016,5";"0,4";"228,0";"1,3";"";"0,0"
"21/04/2026";"0200";"21,0";"21,4";"21,0";"100,0";"100,0";"100,0";"21,0";"21,3";"21,0";"1016,5";"1016,9";"1016,5";"0,9";"315,0";"1,5";"";"0,0"
"21/04/2026";"0300";"20,3";"21,0";"20,3";"100,0";"100,0";"100,0";"20,3";"20,9";"20,2";"1016,7";"1016,8";"1016,5";"0,5";"238,0";"1,5";"";"0,0"
"21/04/2026";"0400";"20,3";"20,5";"19,9";"100,0";"100,0";"100,0";"20,3";"20,5";"19,9";"1016,4";"1016,8";"1016,4";"1,0";"342,0";"1,6";"";"0,0"
"21/04/2026";"0500";"19,6";"20,6";"19,6";"100,0";"100,0";"100,0";"19,6";"20,6";"19,6";"1015,7";"1016,4";"1015,7";"0,2";"50,0";"2,5";"";"0,0"
"21/04/2026";"0600";"19,3";"19,7";"19,2";"100,0";"100,0";"100,0";"19,2";"19,7";"19,2";"1015,1";"1015,7";"1015,1";"0,5";"342,0";"1,9";"";"0,0"
"21/04/2026";"0700";"18,9";"19,3";"18,8";"100,0";"100,0";"100,0";"18,9";"19,3";"18,8";"1015,0";"1015,1";"1014,9";"0,7";"271,0";"1,0";"";"0,0"
"21/04/2026";"0800";"19,0";"19,2";"18,9";"100,0";"100,0";"100,0";"19,0";"19,2";"18,9";"1015,5";"1015,5";"1014,9";"0,7";"267,0";"1,6";"";"0,2"
"21/04/2026";"0900";"19,3";"19,4";"18,9";"100,0";"100,0";"100,0";"19,3";"19,4";"18,9";"1016,3";"1016,3";"1015,5";"1,0";"265,0";"2,4";"";"0,0"
"21/04/2026";"1000";"19,3";"19,4";"19,1";"100,0";"100,0";"100,0";"19,3";"19,3";"19,1";"1016,8";"1016,8";"1016,3";"1,2";"310,0";"2,3";"46,40";"0,0"
"21/04/2026";"1100";"21,3";"21,3";"19,3";"99,0";"100,0";"99,0";"21,1";"21,3";"19,3";"1017,7";"1017,7";"1016,8";"0,8";"260,0";"2,1";"380,90";"0,0"
"21/04/2026";"1200";"24,4";"24,4";"21,4";"74,0";"99,0";"71,0";"19,5";"21,6";"18,6";"1018,2";"1018,2";"1017,7";"1,3";"193,0";"2,9";"1390,70";"0,0"
"21/04/2026";"1300";"25,3";"25,9";"24,3";"65,0";"74,0";"62,0";"18,3";"19,6";"17,6";"1018,3";"1018,3";"1018,1";"1,6";"129,0";"3,5";"2083,40";"0,0"
"21/04/2026";"1400";"26,0";"26,2";"25,3";"65,0";"69,0";"64,0";"18,9";"19,5";"18,3";"1017,8";"1018,3";"1017,8";"2,2";"115,0";"4,3";"2621,10";"0,0"
"21/04/2026";"1500";"26,3";"26,8";"25,7";"67,0";"68,0";"62,0";"19,7";"19,7";"18,2";"1017,0";"1017,8";"1017,0";"2,2";"121,0";"4,7";"2881,30";"0,0"
"21/04/2026";"1600";"26,3";"26,7";"25,9";"64,0";"70,0";"62,0";"18,8";"20,5";"18,5";"1016,2";"1017,0";"1016,2";"2,1";"120,0";"4,9";"2980,70";"0,0"
"21/04/2026";"1700";"26,8";"27,1";"26,3";"61,0";"67,0";"59,0";"18,8";"19,8";"18,1";"1015,7";"1016,2";"1015,7";"2,5";"116,0";"5,0";"2721,90";"0,0"
"21/04/2026";"1800";"26,5";"26,9";"26,0";"67,0";"70,0";"61,0";"19,8";"20,2";"19,0";"1015,3";"1015,7";"1015,3";"2,3";"129,0";"6,7";"2266,10";"0,0"
"21/04/2026";"1900";"25,7";"26,6";"25,7";"70,0";"70,0";"65,0";"19,8";"20,2";"19,3";"1015,7";"1015,7";"1015,3";"2,1";"126,0";"5,2";"1705,60";"0,0"
"21/04/2026";"2000";"24,9";"25,7";"24,9";"70,0";"73,0";"69,0";"19,1";"20,0";"18,9";"1016,1";"1016,1";"1015,7";"1,4";"133,0";"5,2";"420,90";"0,0"
"21/04/2026";"2100";"23,6";"24,9";"23,6";"85,0";"85,0";"68,0";"20,9";"20,9";"18,3";"1016,3";"1016,3";"1016,1";"1,1";"254,0";"3,4";"65,00";"0,0"
"21/04/2026";"2200";"22,6";"23,6";"22,6";"90,0";"91,0";"85,0";"20,9";"21,6";"20,5";"1016,3";"1016,5";"1016,3";"0,8";"282,0";"2,2";"";"0,0"
"21/04/2026";"2300";"22,1";"22,7";"22,1";"97,0";"98,0";"89,0";"21,6";"22,0";"20,7";"1016,5";"1016,6";"1016,3";"0,9";"306,0";"1,5";"";"0,0"
"22/04/2026";"0000";"21,6";"22,1";"21,6";"100,0";"100,0";"95,0";"21,6";"21,9";"21,4";"1016,7";"1016,7";"1016,5";"0,7";"240,0";"1,5";"";"0,0"
"22/04/2026";"0100";"21,6";"21,7";"21,5";"100,0";"100,0";"99,0";"21,6";"21,7";"21,4";"1016,8";"1016,9";"1016,7";"1,3";"322,0";"1,8";"";"0,0"
"22/04/2026";"0200";"21,2";"21,7";"21,2";"100,0";"100,0";"100,0";"21,2";"21,6";"21,1";"1017,1";"1017,1";"1016,8";"0,6";"242,0";"1,8";"";"0,0"
"22/04/2026";"0300";"20,7";"21,2";"20,7";"100,0";"100,0";"100,0";"20,7";"21,2";"20,7";"1016,8";"1017,1";"1016,8";"0,6";"246,0";"1,6";"";"0,0"
"22/04/2026";"0400";"20,6";"20,7";"20,3";"100,0";"100,0";"100,0";"20,6";"20,6";"20,3";"1016,8";"1016,9";"1016,7";"1,1";"287,0";"1,9";"";"0,0"
"22/04/2026";"0500";"20,5";"20,6";"20,3";"100,0";"100,0";"100,0";"20,5";"20,6";"20,3";"1016,7";"1016,8";"1016,7";"0,9";"273,0";"2,3";"";"0,0"
"22/04/2026";"0600";"20,4";"20,6";"20,3";"100,0";"100,0";"100,0";"20,4";"20,6";"20,3";"1016,3";"1016,7";"1016,3";"1,0";"265,0";"2,5";"";"0,0"
"22/04/2026";"0700";"20,3";"20,4";"20,1";"100,0";"100,0";"100,0";"20,3";"20,4";"20,1";"1016,1";"1016,3";"1016,1";"0,5";"238,0";"2,2";"";"0,0"
"22/04/2026";"0800";"20,0";"20,5";"20,0";"100,0";"100,0";"100,0";"19,9";"20,5";"19,9";"1016,3";"1016,3";"1015,9";"0,7";"263,0";"2,3";"";"0,0"
"22/04/2026";"0900";"19,8";"20,0";"19,7";"100,0";"100,0";"100,0";"19,8";"20,0";"19,7";"1016,6";"1016,6";"1016,3";"0,8";"267,0";"2,4";"";"0,0"
"22/04/2026";"1000";"19,8";"19,8";"19,5";"100,0";"100,0";"100,0";"19,8";"19,8";"19,5";"1017,0";"1017,0";"1016,6";"0,4";"260,0";"2,1";"35,00";"0,0"
"22/04/2026";"1100";"21,6";"21,6";"19,7";"100,0";"100,0";"100,0";"21,6";"21,6";"19,7";"1017,4";"1017,4";"1017,0";"0,9";"214,0";"2,0";"342,80";"0,0"
"22/04/2026";"1200";"24,0";"24,0";"21,6";"83,0";"100,0";"80,0";"21,0";"22,1";"20,0";"1017,8";"1017,8";"1017,4";"1,3";"189,0";"2,6";"1240,20";"0,0"
"22/04/2026";"1300";"24,9";"25,5";"24,0";"71,0";"83,0";"69,0";"19,4";"20,6";"19,3";"1017,8";"1017,9";"1017,7";"1,5";"141,0";"3,7";"1816,40";"0,0"
"22/04/2026";"1400";"25,0";"25,8";"24,8";"71,0";"73,0";"66,0";"19,4";"19,8";"18,4";"1017,4";"1017,8";"1017,4";"1,9";"127,0";"4,2";"1515,60";"0,0"
"22/04/2026";"1500";"25,0";"25,7";"24,9";"75,0";"75,0";"68,0";"20,3";"20,4";"18,9";"1016,7";"1017,4";"1016,7";"1,8";"132,0";"4,7";"1478,10";"0,0"
"22/04/2026";"1600";"24,4";"25,3";"24,4";"77,0";"77,0";"73,0";"20,2";"20,4";"19,6";"1016,1";"1016,7";"1016,1";"1,6";"141,0";"4,7";"826,60";"0,0"
"22/04/2026";"1700";"25,1";"25,2";"24,4";"74,0";"77,0";"73,0";"20,2";"20,4";"19,8";"1015,5";"1016,1";"1015,5";"1,4";"119,0";"4,4";"809,00";"0,0"
"22/04/2026";"1800";"25,0";"25,2";"24,7";"75,0";"76,0";"72,0";"20,2";"20,4";"19,7";"1015,2";"1015,5";"1015,2";"1,6";"137,0";"4,3";"933,50";"0,0"
"22/04/2026";"1900";"24,7";"25,2";"24,6";"75,0";"77,0";"73,0";"20,0";"20,4";"19,9";"1015,3";"1015,3";"1015,1";"1,5";"117,0";"3,8";"712,50";"0,0"
"22/04/2026";"2000";"24,3";"24,7";"24,3";"76,0";"78,0";"75,0";"19,9";"20,3";"19,8";"1015,7";"1015,7";"1015,3";"1,3";"126,0";"3,3";"229,30";"0,0"
"22/04/2026";"2100";"24,1";"24,3";"24,0";"79,0";"79,0";"76,0";"20,2";"20,2";"19,7";"1016,3";"1016,3";"1015,7";"1,0";"124,0";"3,3";"35,60";"0,0"
"22/04/2026";"2200";"23,2";"24,1";"23,2";"91,0";"92,0";"78,0";"21,6";"22,0";"19,9";"1017,0";"1017,0";"1016,3";"0,7";"288,0";"2,4";"";"0,0"
"22/04/2026";"2300";"22,9";"23,3";"22,9";"94,0";"94,0";"87,0";"21,9";"22,0";"21,1";"1017,7";"1017,7";"1017,0";"1,1";"285,0";"2,4";"";"0,0"
"23/04/2026";"0000";"22,7";"23,0";"22,7";"94,0";"97,0";"92,0";"21,8";"22,4";"21,5";"1017,8";"1017,9";"1017,7";"1,7";"349,0";"2,8";"";"0,0"
"23/04/2026";"0100";"22,5";"22,7";"22,3";"97,0";"100,0";"94,0";"22,0";"22,4";"21,7";"1017,7";"1017,9";"1017,7";"1,3";"297,0";"3,1";"";"0,0"
"23/04/2026";"0200";"22,4";"22,5";"22,3";"100,0";"100,0";"97,0";"22,4";"22,5";"22,0";"1017,5";"1017,7";"1017,5";"1,0";"322,0";"1,7";"";"0,0"
"23/04/2026";"0300";"22,4";"22,4";"22,3";"100,0";"100,0";"100,0";"22,3";"22,4";"22,3";"1017,3";"1017,6";"1017,3";"0,8";"342,0";"1,4";"";"0,0"
"23/04/2026";"0400";"21,9";"22,3";"21,9";"100,0";"100,0";"100,0";"21,9";"22,3";"21,9";"1017,2";"1017,3";"1017,2";"0,9";"337,0";"1,6";"";"0,0"
"23/04/2026";"0500";"21,9";"22,1";"21,9";"100,0";"100,0";"100,0";"21,9";"22,1";"21,9";"1016,8";"1017,2";"1016,8";"1,3";"312,0";"1,8";"";"0,0"
"23/04/2026";"0600";"21,6";"21,9";"21,5";"100,0";"100,0";"100,0";"21,6";"21,9";"21,5";"1016,7";"1016,8";"1016,6";"0,8";"329,0";"1,8";"";"0,0"
"23/04/2026";"0700";"21,4";"21,7";"21,4";"100,0";"100,0";"100,0";"21,4";"21,7";"21,3";"1016,5";"1016,7";"1016,5";"1,1";"329,0";"1,8";"";"0,0"
"23/04/2026";"0800";"21,5";"21,6";"21,3";"100,0";"100,0";"100,0";"21,5";"21,5";"21,3";"1016,5";"1016,6";"1016,4";"0,9";"317,0";"1,7";"";"0,0"
"23/04/2026";"0900";"21,4";"21,5";"21,2";"100,0";"100,0";"100,0";"21,4";"21,5";"21,2";"1016,9";"1016,9";"1016,5";"0,3";"338,0";"1,4";"";"0,0"
"23/04/2026";"1000";"21,6";"21,6";"21,3";"100,0";"100,0";"100,0";"21,6";"21,6";"21,2";"1017,8";"1017,8";"1016,9";"0,6";"317,0";"1,4";"33,20";"0,0"
"23/04/2026";"1100";"22,6";"22,6";"21,5";"97,0";"100,0";"97,0";"22,0";"22,4";"21,5";"1018,3";"1018,3";"1017,8";"0,7";"208,0";"1,6";"303,80";"0,0"
"23/04/2026";"1200";"24,5";"24,6";"22,6";"76,0";"97,0";"74,0";"19,9";"22,4";"19,6";"1018,5";"1018,6";"1018,3";"0,7";"342,0";"1,7";"1197,10";"0,0"
"23/04/2026";"1300";"26,1";"26,1";"24,5";"69,0";"76,0";"67,0";"19,9";"20,3";"19,3";"1018,6";"1018,7";"1018,5";"1,7";"117,0";"4,4";"1899,70";"0,0"
"23/04/2026";"1400";"26,5";"26,6";"25,4";"67,0";"72,0";"67,0";"19,8";"20,6";"19,5";"1018,2";"1018,6";"1018,1";"2,2";"119,0";"5,1";"2522,50";"0,0"
"23/04/2026";"1500";"26,8";"26,8";"25,9";"67,0";"71,0";"66,0";"20,2";"20,8";"19,6";"1017,5";"1018,2";"1017,5";"2,4";"115,0";"5,0";"2479,50";"0,0"
"23/04/2026";"1600";"27,0";"27,6";"26,6";"63,0";"68,0";"62,0";"19,4";"20,5";"19,3";"1016,9";"1017,5";"1016,9";"1,9";"124,0";"5,0";"2847,30";"0,0"
"23/04/2026";"1700";"26,5";"27,7";"26,4";"70,0";"71,0";"60,0";"20,6";"20,9";"18,9";"1016,7";"1016,9";"1016,6";"2,7";"158,0";"6,3";"2621,00";"0,0"
"23/04/2026";"1800";"26,3";"27,6";"25,9";"75,0";"77,0";"65,0";"21,6";"21,6";"20,1";"1016,5";"1016,7";"1016,4";"2,3";"153,0";"5,7";"2069,50";"0,0"
"23/04/2026";"1900";"25,9";"26,9";"25,7";"74,0";"77,0";"72,0";"20,8";"21,9";"20,8";"1016,3";"1016,5";"1016,2";"1,9";"121,0";"4,7";"1058,20";"0,0"
"23/04/2026";"2000";"25,3";"25,9";"25,2";"78,0";"81,0";"74,0";"21,1";"21,8";"20,6";"1016,6";"1016,7";"1016,3";"1,5";"120,0";"4,1";"299,50";"0,0"
"23/04/2026";"2100";"24,8";"25,3";"24,8";"84,0";"84,0";"78,0";"21,9";"21,9";"21,1";"1016,8";"1016,8";"1016,6";"1,2";"167,0";"3,9";"58,90";"0,0"
"23/04/2026";"2200";"25,1";"25,1";"24,8";"82,0";"86,0";"81,0";"21,9";"22,4";"21,6";"1017,2";"1017,2";"1016,8";"1,0";"118,0";"3,6";"";"0,0"
"23/04/2026";"2300";"23,7";"25,1";"23,7";"98,0";"99,0";"80,0";"23,3";"23,5";"21,5";"1017,7";"1017,7";"1017,2";"1,8";"304,0";"3,2";"";"0,0"
"24/04/2026";"0000";"22,8";"23,6";"22,8";"100,0";"100,0";"97,0";"22,8";"23,3";"22,8";"1018,2";"1018,2";"1017,7";"0,9";"301,0";"3,2";"";"0,0"
"24/04/2026";"0100";"22,0";"22,8";"22,0";"100,0";"100,0";"100,0";"22,0";"22,8";"22,0";"1018,4";"1018,4";"1018,2";"0,9";"300,0";"1,5";"";"0,0"
"24/04/2026";"0200";"21,6";"22,1";"21,6";"100,0";"100,0";"100,0";"21,5";"22,0";"21,5";"1018,0";"1018,4";"1018,0";"1,0";"315,0";"1,5";"";"0,0"
"24/04/2026";"0300";"21,2";"21,6";"21,1";"100,0";"100,0";"100,0";"21,2";"21,5";"21,1";"1017,9";"1018,0";"1017,9";"0,8";"257,0";"1,6";"";"0,0"
"24/04/2026";"0400";"21,0";"21,2";"20,9";"100,0";"100,0";"100,0";"20,9";"21,2";"20,9";"1017,5";"1017,9";"1017,5";"0,8";"258,0";"2,0";"";"0,0"
"24/04/2026";"0500";"21,3";"21,6";"21,0";"100,0";"100,0";"100,0";"21,3";"21,5";"20,9";"1017,1";"1017,5";"1017,1";"0,7";"261,0";"1,8";"";"0,0"
"24/04/2026";"0600";"21,0";"21,4";"21,0";"100,0";"100,0";"100,0";"21,0";"21,4";"21,0";"1016,9";"1017,1";"1016,8";"0,7";"263,0";"1,8";"";"0,0"
"24/04/2026";"0700";"20,9";"21,1";"20,9";"100,0";"100,0";"100,0";"20,9";"21,1";"20,9";"1016,7";"1017,0";"1016,7";"1,0";"268,0";"2,0";"";"0,0"
"24/04/2026";"0800";"20,6";"21,0";"20,6";"100,0";"100,0";"100,0";"20,6";"21,0";"20,6";"1016,6";"1016,7";"1016,6";"1,2";"301,0";"2,0";"";"0,0"
"24/04/2026";"0900";"20,2";"20,8";"20,2";"100,0";"100,0";"100,0";"20,2";"20,8";"20,2";"1017,1";"1017,1";"1016,6";"0,8";"298,0";"1,8";"";"0,0"
"24/04/2026";"1000";"20,5";"20,5";"20,1";"100,0";"100,0";"100,0";"20,5";"20,5";"20,1";"1017,7";"1017,7";"1017,1";"0,9";"298,0";"1,8";"36,60";"0,2"
"24/04/2026";"1100";"22,3";"22,3";"20,5";"100,0";"100,0";"100,0";"22,3";"22,3";"20,5";"1017,8";"1017,8";"1017,7";"0,9";"236,0";"2,1";"334,80";"0,0"
"24/04/2026";"1200";"25,1";"25,1";"22,3";"76,0";"100,0";"76,0";"20,7";"22,4";"20,6";"1018,0";"1018,0";"1017,8";"1,1";"197,0";"2,8";"1279,70";"0,0"
"24/04/2026";"1300";"26,0";"26,3";"25,1";"67,0";"76,0";"66,0";"19,5";"20,7";"18,8";"1018,1";"1018,1";"1018,0";"1,7";"155,0";"3,8";"1863,60";"0,0"
"24/04/2026";"1400";"27,0";"27,3";"26,0";"61,0";"68,0";"57,0";"18,7";"20,0";"17,9";"1017,4";"1018,1";"1017,4";"1,9";"119,0";"4,1";"2448,80";"0,0"
"24/04/2026";"1500";"27,4";"27,7";"26,7";"65,0";"66,0";"59,0";"20,2";"20,3";"18,4";"1016,3";"1017,4";"1016,3";"2,4";"119,0";"5,5";"2726,00";"0,0"
"24/04/2026";"1600";"27,2";"27,8";"26,7";"63,0";"68,0";"63,0";"19,6";"20,7";"19,4";"1015,4";"1016,3";"1015,4";"2,4";"118,0";"5,5";"2763,30";"0,0"
"24/04/2026";"1700";"27,0";"27,5";"26,6";"67,0";"69,0";"63,0";"20,4";"20,9";"19,7";"1014,9";"1015,4";"1014,9";"2,4";"108,0";"5,6";"2471,60";"0,0"
"24/04/2026";"1800";"26,6";"27,4";"26,3";"70,0";"71,0";"67,0";"20,7";"21,1";"19,9";"1014,4";"1014,9";"1014,3";"2,3";"116,0";"5,1";"1929,00";"0,0"
"24/04/2026";"1900";"26,1";"26,9";"26,0";"73,0";"74,0";"66,0";"20,8";"21,1";"19,8";"1014,2";"1014,4";"1014,1";"2,3";"115,0";"4,6";"1372,60";"0,0"
"24/04/2026";"2000";"25,5";"26,3";"25,5";"79,0";"79,0";"73,0";"21,5";"21,6";"20,6";"1014,5";"1014,5";"1014,2";"1,7";"107,0";"4,3";"573,50";"0,0"
"24/04/2026";"2100";"24,6";"25,5";"24,6";"85,0";"85,0";"79,0";"21,9";"21,9";"21,4";"1014,6";"1014,7";"1014,5";"0,9";"147,0";"3,5";"63,10";"0,0"
"24/04/2026";"2200";"23,0";"24,6";"23,0";"100,0";"100,0";"85,0";"23,0";"23,6";"21,9";"1014,6";"1014,6";"1014,4";"0,7";"314,0";"1,7";"";"0,0"
"24/04/2026";"2300";"22,3";"23,0";"22,3";"100,0";"100,0";"100,0";"22,3";"23,0";"22,2";"1014,8";"1014,8";"1014,6";"0,9";"300,0";"1,9";"";"0,0"
"25/04/2026";"0000";"22,2";"22,4";"22,1";"100,0";"100,0";"100,0";"22,1";"22,4";"22,1";"1014,8";"1014,9";"1014,8";"0,9";"336,0";"1,5";"";"0,0"
"25/04/2026";"0100";"21,7";"22,2";"21,7";"100,0";"100,0";"100,0";"21,7";"22,1";"21,7";"1014,2";"1014,8";"1014,2";"1,0";"329,0";"2,1";"";"0,0"
"25/04/2026";"0200";"21,1";"21,8";"21,0";"100,0";"100,0";"100,0";"21,1";"21,8";"21,0";"1013,7";"1014,2";"1013,7";"0,6";"286,0";"1,8";"";"0,0"
"25/04/2026";"0300";"20,7";"21,1";"20,7";"100,0";"100,0";"100,0";"20,7";"21,0";"20,7";"1013,0";"1013,7";"1013,0";"0,7";"264,0";"1,3";"";"0,0"
"25/04/2026";"0400";"21,3";"21,3";"20,7";"100,0";"100,0";"100,0";"21,3";"21,3";"20,7";"1012,7";"1013,1";"1012,7";"0,6";"270,0";"2,0";"";"0,0"
"25/04/2026";"0500";"21,0";"21,3";"20,8";"100,0";"100,0";"100,0";"21,0";"21,3";"20,8";"1012,2";"1012,7";"1012,2";"0,9";"296,0";"1,8";"";"0,0"
"25/04/2026";"0600";"20,5";"21,1";"20,5";"100,0";"100,0";"100,0";"20,5";"21,0";"20,5";"1011,8";"1012,2";"1011,8";"0,6";"255,0";"1,9";"";"0,0"
"25/04/2026";"0700";"20,5";"20,8";"20,5";"100,0";"100,0";"100,0";"20,5";"20,8";"20,5";"1011,4";"1011,8";"1011,4";"0,6";"272,0";"2,3";"";"0,0"
"25/04/2026";"0800";"20,4";"20,8";"20,4";"100,0";"100,0";"100,0";"20,4";"20,8";"20,4";"1011,2";"1011,4";"1011,1";"0,7";"219,0";"2,1";"";"0,0"
"25/04/2026";"0900";"20,7";"20,8";"20,4";"100,0";"100,0";"100,0";"20,7";"20,7";"20,4";"1011,6";"1011,6";"1011,2";"0,8";"217,0";"2,6";"";"0,0"
"25/04/2026";"1000";"21,6";"21,6";"20,7";"100,0";"100,0";"100,0";"21,6";"21,6";"20,7";"1012,0";"1012,0";"1011,6";"1,1";"214,0";"3,2";"48,10";"0,0"
"25/04/2026";"1100";"23,0";"23,0";"21,6";"100,0";"100,0";"100,0";"22,9";"22,9";"21,6";"1012,7";"1012,7";"1012,0";"1,3";"257,0";"3,5";"329,90";"0,0"
"25/04/2026";"1200";"26,1";"26,1";"23,0";"73,0";"100,0";"73,0";"20,9";"22,9";"20,8";"1012,8";"1012,8";"1012,7";"1,3";"210,0";"3,5";"1222,20";"0,0"
"25/04/2026";"1300";"27,1";"27,7";"26,0";"63,0";"76,0";"63,0";"19,6";"22,0";"19,5";"1012,6";"1012,8";"1012,6";"2,2";"163,0";"4,1";"1712,40";"0,0"
"25/04/2026";"1400";"28,4";"28,5";"27,1";"64,0";"69,0";"63,0";"21,0";"21,7";"19,9";"1011,8";"1012,6";"1011,8";"1,6";"147,0";"4,5";"2201,80";"0,0"
"25/04/2026";"1500";"28,3";"29,2";"28,0";"69,0";"70,0";"63,0";"22,0";"22,4";"20,7";"1010,6";"1011,8";"1010,6";"2,8";"144,0";"4,9";"2618,50";"0,0"
"25/04/2026";"1600";"30,2";"30,3";"28,2";"65,0";"72,0";"63,0";"22,9";"23,2";"21,6";"1009,8";"1010,6";"1009,8";"0,7";"51,0";"5,5";"2484,30";"0,0"
"25/04/2026";"1700";"27,8";"30,3";"27,0";"78,0";"80,0";"63,0";"23,6";"23,7";"22,1";"1009,0";"1009,9";"1008,9";"2,0";"119,0";"5,8";"2121,60";"0,0"
"25/04/2026";"1800";"28,8";"28,8";"27,7";"70,0";"78,0";"65,0";"22,7";"23,5";"21,4";"1008,5";"1009,0";"1008,5";"1,9";"112,0";"4,1";"1984,20";"0,0"
"25/04/2026";"1900";"28,8";"29,2";"28,2";"71,0";"73,0";"68,0";"22,9";"23,4";"22,4";"1008,8";"1008,9";"1008,4";"1,6";"78,0";"4,6";"1325,50";"0,0"
"25/04/2026";"2000";"27,5";"28,8";"27,5";"72,0";"75,0";"63,0";"21,9";"23,3";"20,2";"1009,1";"1009,1";"1008,8";"1,6";"97,0";"4,6";"589,50";"0,0"
"25/04/2026";"2100";"25,6";"27,5";"25,6";"91,0";"91,0";"72,0";"24,1";"24,3";"22,2";"1009,4";"1009,4";"1009,1";"0,5";"322,0";"2,7";"53,20";"0,0"
"25/04/2026";"2200";"24,7";"25,6";"24,6";"100,0";"100,0";"91,0";"24,6";"25,0";"24,2";"1009,5";"1009,5";"1009,4";"0,7";"332,0";"1,3";"";"0,0"
"25/04/2026";"2300";"23,9";"24,7";"23,8";"100,0";"100,0";"100,0";"23,9";"24,7";"23,7";"1010,1";"1010,1";"1009,5";"0,5";"356,0";"1,3";"";"0,0"
"26/04/2026";"0000";"23,3";"23,9";"23,3";"100,0";"100,0";"100,0";"23,3";"23,9";"23,3";"1010,6";"1010,6";"1010,1";"0,5";"297,0";"1,2";"";"0,0"
"26/04/2026";"0100";"22,9";"23,4";"22,9";"100,0";"100,0";"100,0";"22,8";"23,3";"22,8";"1010,5";"1010,6";"1010,5";"0,6";"324,0";"1,5";"";"0,0"
"26/04/2026";"0200";"22,3";"22,9";"22,3";"100,0";"100,0";"100,0";"22,3";"22,9";"22,3";"1010,3";"1010,5";"1010,3";"0,5";"325,0";"1,4";"";"0,0"
"26/04/2026";"0300";"22,6";"22,6";"22,3";"100,0";"100,0";"100,0";"22,6";"22,6";"22,3";"1010,1";"1010,3";"1010,0";"0,7";"279,0";"1,9";"";"0,0"
"26/04/2026";"0400";"23,1";"23,4";"22,6";"100,0";"100,0";"100,0";"23,1";"23,4";"22,5";"1010,2";"1010,4";"1010,1";"0,8";"282,0";"3,8";"";"0,0"
"26/04/2026";"0500";"23,9";"24,0";"23,1";"99,0";"100,0";"97,0";"23,9";"23,9";"23,1";"1010,1";"1010,2";"1010,0";"1,4";"215,0";"4,8";"";"0,0"
"26/04/2026";"0600";"22,8";"24,0";"22,6";"100,0";"100,0";"100,0";"22,8";"23,9";"22,6";"1010,3";"1010,4";"1010,1";"1,0";"296,0";"3,6";"";"0,0"
"26/04/2026";"0700";"22,3";"22,9";"22,3";"100,0";"100,0";"100,0";"22,3";"22,8";"22,3";"1010,1";"1010,3";"1010,1";"0,8";"301,0";"1,7";"";"0,0"
"26/04/2026";"0800";"22,2";"22,4";"22,1";"100,0";"100,0";"100,0";"22,2";"22,3";"22,1";"1009,9";"1010,1";"1009,8";"0,9";"300,0";"1,6";"";"0,0"
"26/04/2026";"0900";"21,7";"22,3";"21,7";"100,0";"100,0";"100,0";"21,7";"22,3";"21,6";"1010,3";"1010,3";"1009,8";"0,8";"352,0";"1,4";"";"0,0"
"26/04/2026";"1000";"22,0";"22,0";"21,6";"100,0";"100,0";"100,0";"21,9";"22,0";"21,6";"1010,8";"1010,9";"1010,3";"1,0";"329,0";"1,5";"36,70";"0,0"
"26/04/2026";"1100";"23,8";"23,8";"21,9";"100,0";"100,0";"100,0";"23,7";"23,7";"21,9";"1011,1";"1011,1";"1010,8";"0,7";"304,0";"1,5";"304,90";"0,0"
"26/04/2026";"1200";"26,3";"26,9";"23,8";"82,0";"100,0";"78,0";"23,0";"24,0";"22,1";"1011,3";"1011,4";"1011,1";"0,9";"294,0";"2,7";"1207,80";"0,0"
"26/04/2026";"1300";"27,7";"28,5";"26,3";"71,0";"82,0";"62,0";"21,9";"22,8";"20,2";"1011,4";"1011,5";"1011,2";"2,6";"153,0";"4,8";"1791,00";"0,0"
"26/04/2026";"1400";"28,4";"29,4";"27,7";"75,0";"77,0";"60,0";"23,4";"23,7";"20,3";"1010,5";"1011,4";"1010,5";"2,5";"115,0";"5,2";"2440,50";"0,0"
"26/04/2026";"1500";"28,2";"28,6";"27,7";"79,0";"80,0";"72,0";"24,2";"24,4";"22,7";"1009,1";"1010,5";"1009,1";"2,5";"114,0";"5,9";"2613,40";"0,0"
"26/04/2026";"1600";"29,2";"29,2";"27,9";"70,0";"79,0";"65,0";"23,0";"24,4";"22,0";"1008,5";"1009,1";"1008,3";"1,9";"115,0";"5,8";"2724,60";"0,0"
"26/04/2026";"1700";"28,8";"29,5";"28,1";"71,0";"78,0";"67,0";"23,0";"24,5";"22,6";"1007,3";"1008,5";"1007,3";"2,3";"137,0";"5,4";"2464,90";"0,0"
"26/04/2026";"1800";"28,8";"29,6";"28,0";"72,0";"81,0";"65,0";"23,3";"24,9";"21,6";"1007,2";"1007,4";"1007,1";"2,0";"119,0";"5,4";"2031,50";"0,0"
"26/04/2026";"1900";"28,4";"29,0";"28,0";"77,0";"82,0";"70,0";"24,0";"24,8";"22,6";"1007,4";"1007,4";"1007,0";"1,9";"109,0";"4,7";"1303,20";"0,0"
"26/04/2026";"2000";"27,8";"28,4";"27,7";"78,0";"82,0";"77,0";"23,6";"24,5";"23,5";"1007,7";"1007,7";"1007,4";"1,3";"117,0";"4,0";"596,00";"0,0"
"26/04/2026";"2100";"26,2";"27,8";"26,2";"96,0";"96,0";"76,0";"25,6";"25,6";"23,2";"1007,8";"1007,9";"1007,7";"1,0";"320,0";"2,8";"54,40";"0,0"
"26/04/2026";"2200";"25,2";"26,2";"25,2";"100,0";"100,0";"96,0";"25,1";"25,8";"25,1";"1007,8";"1007,9";"1007,6";"0,9";"221,0";"3,1";"";"0,0"
"26/04/2026";"2300";"24,9";"25,6";"24,9";"93,0";"100,0";"91,0";"23,6";"25,3";"23,5";"1008,1";"1008,2";"1007,7";"1,0";"259,0";"4,9";"";"0,0"
"27/04/2026";"0000";"25,1";"25,3";"24,5";"97,0";"100,0";"92,0";"24,5";"25,0";"23,5";"1008,6";"1008,8";"1008,1";"1,4";"262,0";"4,6";"";"0,0"
"27/04/2026";"0100";"24,7";"25,2";"24,6";"98,0";"100,0";"95,0";"24,5";"24,9";"24,2";"1009,1";"1009,1";"1008,6";"1,5";"245,0";"5,9";"";"0,0"
"27/04/2026";"0200";"26,3";"26,3";"24,8";"92,0";"98,0";"92,0";"24,9";"25,2";"24,5";"1011,1";"1011,2";"1009,1";"2,9";"259,0";"11,2";"";"0,0"
"27/04/2026";"0300";"26,0";"26,3";"25,9";"97,0";"98,0";"92,0";"25,5";"25,6";"24,9";"1011,4";"1011,5";"1011,1";"1,7";"178,0";"7,8";"";"0,0"
"27/04/2026";"0400";"25,5";"26,0";"25,4";"97,0";"98,0";"97,0";"25,0";"25,5";"24,9";"1011,4";"1011,5";"1011,2";"0,9";"185,0";"4,0";"";"0,0"
"27/04/2026";"0500";"25,2";"25,5";"25,2";"97,0";"97,0";"95,0";"24,7";"25,0";"24,4";"1010,7";"1011,4";"1010,7";"0,6";"166,0";"3,4";"";"0,0"
"27/04/2026";"0600";"24,9";"25,2";"24,9";"95,0";"97,0";"94,0";"24,1";"24,7";"23,9";"1010,3";"1010,7";"1010,3";"1,0";"119,0";"2,8";"";"0,0"
"27/04/2026";"0700";"24,8";"25,0";"24,8";"100,0";"100,0";"95,0";"24,7";"24,7";"24,0";"1010,1";"1010,3";"1010,0";"0,7";"17,0";"3,0";"";"0,0"
"27/04/2026";"0800";"24,6";"24,8";"24,5";"100,0";"100,0";"100,0";"24,6";"24,8";"24,5";"1009,9";"1010,1";"1009,9";"1,2";"348,0";"2,1";"";"0,0"
"27/04/2026";"0900";"24,5";"24,6";"24,4";"100,0";"100,0";"100,0";"24,4";"24,6";"24,4";"1010,9";"1010,9";"1009,9";"0,9";"307,0";"2,0";"";"0,0"
"27/04/2026";"1000";"24,5";"24,5";"24,4";"100,0";"100,0";"100,0";"24,5";"24,5";"24,4";"1011,5";"1011,6";"1010,9";"0,6";"337,0";"2,0";"59,50";"0,0"
"27/04/2026";"1100";"25,1";"25,1";"24,5";"99,0";"100,0";"99,0";"24,9";"25,0";"24,5";"1012,2";"1012,2";"1011,5";"0,7";"283,0";"2,6";"359,60";"0,0"
"27/04/2026";"1200";"26,2";"26,3";"25,0";"87,0";"99,0";"87,0";"23,9";"24,8";"23,9";"1012,8";"1012,8";"1012,2";"0,6";"273,0";"1,4";"645,20";"0,0"
"27/04/2026";"1300";"26,8";"26,8";"26,1";"85,0";"90,0";"83,0";"24,0";"24,4";"23,6";"1013,1";"1013,3";"1012,8";"1,2";"165,0";"3,1";"942,20";"0,0"
"27/04/2026";"1400";"26,4";"27,4";"26,2";"88,0";"88,0";"81,0";"24,2";"24,2";"23,4";"1012,5";"1013,2";"1012,5";"2,3";"109,0";"4,3";"1158,00";"0,0"
"27/04/2026";"1500";"26,1";"26,9";"26,1";"89,0";"89,0";"84,0";"24,2";"24,3";"23,7";"1011,8";"1012,5";"1011,8";"2,2";"158,0";"4,1";"1170,60";"0,0"
"27/04/2026";"1600";"26,5";"26,5";"25,9";"89,0";"92,0";"88,0";"24,4";"24,8";"24,0";"1011,5";"1011,8";"1011,5";"2,1";"143,0";"5,3";"1034,70";"0,0"
"27/04/2026";"1700";"25,8";"26,4";"25,8";"91,0";"91,0";"88,0";"24,2";"24,6";"24,1";"1011,1";"1011,5";"1011,1";"1,9";"138,0";"4,3";"455,90";"0,0"
"27/04/2026";"1800";"25,5";"26,1";"25,5";"97,0";"97,0";"90,0";"25,0";"25,0";"24,1";"1011,2";"1011,2";"1010,9";"1,1";"145,0";"3,8";"166,80";"0,0"
"27/04/2026";"1900";"25,1";"25,5";"25,0";"99,0";"100,0";"96,0";"24,9";"25,1";"24,7";"1011,8";"1011,8";"1011,2";"0,7";"155,0";"2,9";"72,40";"0,0"
"27/04/2026";"2000";"24,5";"25,1";"24,5";"99,0";"99,0";"94,0";"24,3";"24,8";"24,0";"1012,5";"1012,5";"1011,8";"0,8";"190,0";"3,4";"31,40";"0,0"
"27/04/2026";"2100";"23,9";"24,6";"23,9";"100,0";"100,0";"99,0";"23,9";"24,5";"23,9";"1013,1";"1013,1";"1012,5";"0,5";"152,0";"2,5";"2,50";"0,4"
"27/04/2026";"2200";"23,7";"24,0";"23,6";"100,0";"100,0";"100,0";"23,7";"24,0";"23,6";"1013,6";"1013,6";"1013,1";"0,7";"300,0";"1,8";"";"1,0"
"27/04/2026";"2300";"23,4";"23,7";"23,4";"100,0";"100,0";"100,0";"23,4";"23,6";"23,4";"1014,4";"1014,4";"1013,6";"0,4";"268,0";"2,2";"";"1,6"
"28/04/2026";"0000";"23,2";"23,6";"23,1";"100,0";"100,0";"100,0";"23,2";"23,6";"23,1";"1015,1";"1015,2";"1014,4";"0,6";"235,0";"2,2";"";"2,4"
"28/04/2026";"0100";"23,1";"23,3";"23,1";"100,0";"100,0";"100,0";"23,1";"23,2";"23,0";"1015,4";"1015,4";"1014,8";"0,4";"35,0";"2,2";"";"0,6"
"28/04/2026";"0200";"23,3";"23,4";"22,9";"100,0";"100,0";"100,0";"23,3";"23,4";"22,9";"1015,4";"1015,6";"1015,3";"0,8";"336,0";"1,4";"";"0,2"
"28/04/2026";"0300";"23,3";"23,4";"23,1";"100,0";"100,0";"100,0";"23,3";"23,4";"23,1";"1014,7";"1015,4";"1014,7";"0,4";"11,0";"1,5";"";"0,0"
"28/04/2026";"0400";"23,0";"23,4";"23,0";"100,0";"100,0";"100,0";"23,0";"23,4";"23,0";"1014,2";"1014,7";"1014,2";"0,5";"11,0";"2,2";"";"0,2"
"28/04/2026";"0500";"22,8";"23,1";"22,8";"100,0";"100,0";"100,0";"22,8";"23,0";"22,8";"1013,9";"1014,2";"1013,7";"0,6";"17,0";"1,9";"";"1,0"
"28/04/2026";"0600";"22,8";"22,9";"22,7";"100,0";"100,0";"100,0";"22,8";"22,9";"22,7";"1013,8";"1013,9";"1013,8";"0,7";"306,0";"1,9";"";"3,0"
"28/04/2026";"0700";"22,8";"23,0";"22,7";"100,0";"100,0";"100,0";"22,8";"23,0";"22,7";"1013,4";"1013,8";"1013,4";"1,4";"339,0";"2,4";"";"0,4"
"28/04/2026";"0800";"22,7";"22,9";"22,6";"100,0";"100,0";"100,0";"22,7";"22,9";"22,6";"1014,0";"1014,0";"1013,5";"1,4";"291,0";"2,7";"";"0,8"
"28/04/2026";"0900";"22,6";"22,7";"22,5";"100,0";"100,0";"100,0";"22,6";"22,7";"22,5";"1014,5";"1014,5";"1014,0";"1,7";"321,0";"2,7";"";"1,8"
"28/04/2026";"1000";"22,6";"22,8";"22,5";"100,0";"100,0";"100,0";"22,6";"22,8";"22,5";"1015,2";"1015,2";"1014,5";"0,9";"261,0";"2,3";"10,60";"0,6"
"28/04/2026";"1100";"22,6";"22,8";"22,5";"100,0";"100,0";"100,0";"22,5";"22,8";"22,5";"1015,8";"1015,8";"1015,2";"0,7";"156,0";"1,8";"147,60";"0,6"
"28/04/2026";"1200";"22,8";"22,9";"22,4";"100,0";"100,0";"100,0";"22,8";"22,8";"22,4";"1016,4";"1016,4";"1015,8";"1,9";"314,0";"2,9";"446,00";"0,4"
"28/04/2026";"1300";"23,7";"23,7";"22,8";"100,0";"100,0";"100,0";"23,7";"23,7";"22,8";"1016,5";"1016,5";"1016,3";"2,1";"297,0";"3,1";"841,40";"0,0"
"28/04/2026";"1400";"24,5";"24,5";"23,5";"93,0";"100,0";"92,0";"23,3";"24,0";"22,8";"1016,0";"1016,5";"1016,0";"1,1";"288,0";"3,3";"863,00";"0,0"
"28/04/2026";"1500";"24,7";"24,8";"24,3";"89,0";"93,0";"88,0";"22,9";"23,4";"22,6";"1015,3";"1016,0";"1015,3";"1,0";"313,0";"2,4";"696,60";"0,0"
"28/04/2026";"1600";"24,8";"25,5";"24,7";"92,0";"93,0";"86,0";"23,4";"23,8";"22,8";"1014,6";"1015,3";"1014,6";"1,6";"306,0";"2,9";"1027,30";"0,0"
"28/04/2026";"1700";"25,4";"25,6";"24,8";"87,0";"93,0";"84,0";"23,0";"24,0";"22,6";"1013,8";"1014,6";"1013,8";"0,6";"93,0";"2,9";"609,40";"0,0"
"28/04/2026";"1800";"24,8";"25,4";"24,8";"90,0";"91,0";"83,0";"23,1";"23,3";"22,1";"1013,5";"1013,8";"1013,5";"0,8";"149,0";"1,9";"327,00";"0,0"
"28/04/2026";"1900";"23,5";"24,8";"23,5";"100,0";"100,0";"90,0";"23,4";"24,2";"23,1";"1013,6";"1013,6";"1013,4";"0,7";"186,0";"2,3";"184,10";"0,0"
"28/04/2026";"2000";"23,1";"23,5";"23,1";"100,0";"100,0";"100,0";"23,1";"23,4";"23,1";"1014,1";"1014,1";"1013,7";"0,8";"182,0";"2,2";"90,50";"0,2"
"28/04/2026";"2100";"23,1";"23,2";"23,0";"100,0";"100,0";"100,0";"23,1";"23,2";"23,0";"1014,1";"1014,2";"1013,9";"0,5";"232,0";"2,0";"5,50";"0,2"
"28/04/2026";"2200";"23,1";"23,4";"23,1";"100,0";"100,0";"100,0";"23,1";"23,4";"23,1";"1014,6";"1014,6";"1014,0";"1,3";"215,0";"3,4";"";"0,0"
"28/04/2026";"2300";"23,1";"23,1";"23,1";"100,0";"100,0";"100,0";"23,1";"23,1";"23,1";"1014,8";"1014,8";"1014,6";"1,3";"232,0";"3,6";"";"0,0"
"29/04/2026";"0000";"23,1";"23,1";"23,1";"100,0";"100,0";"100,0";"23,1";"23,1";"23,0";"1014,7";"1014,8";"1014,6";"1,0";"230,0";"3,5";"";"0,0"
"29/04/2026";"0100";"23,4";"23,4";"23,1";"100,0";"100,0";"100,0";"23,4";"23,4";"23,1";"1014,9";"1014,9";"1014,6";"1,1";"325,0";"3,5";"";"0,2"
"29/04/2026";"0200";"23,2";"23,5";"23,2";"100,0";"100,0";"100,0";"23,2";"23,5";"23,2";"1014,8";"1015,0";"1014,8";"0,8";"349,0";"2,0";"";"0,0"
"29/04/2026";"0300";"23,3";"23,3";"23,0";"100,0";"100,0";"100,0";"23,3";"23,3";"23,0";"1014,7";"1014,8";"1014,6";"0,7";"345,0";"1,5";"";"0,0"
"29/04/2026";"0400";"22,9";"23,4";"22,9";"100,0";"100,0";"100,0";"22,8";"23,4";"22,8";"1014,3";"1014,7";"1014,2";"0,5";"189,0";"1,8";"";"0,0"
"29/04/2026";"0500";"22,9";"23,0";"22,8";"100,0";"100,0";"100,0";"22,9";"23,0";"22,8";"1013,6";"1014,2";"1013,6";"0,4";"209,0";"1,2";"";"0,0"
"29/04/2026";"0600";"23,0";"23,2";"22,9";"100,0";"100,0";"100,0";"23,0";"23,2";"22,9";"1013,4";"1013,6";"1013,3";"0,5";"229,0";"1,6";"";"0,0"
"29/04/2026";"0700";"23,0";"23,2";"23,0";"100,0";"100,0";"100,0";"23,0";"23,2";"23,0";"1013,2";"1013,5";"1013,2";"0,5";"235,0";"1,3";"";"0,0"
"29/04/2026";"0800";"23,2";"23,3";"23,0";"100,0";"100,0";"100,0";"23,2";"23,2";"23,0";"1012,9";"1013,2";"1012,9";"0,5";"341,0";"1,1";"";"0,0"
"29/04/2026";"0900";"23,1";"23,3";"23,1";"100,0";"100,0";"100,0";"23,1";"23,2";"23,1";"1013,5";"1013,5";"1012,8";"0,6";"252,0";"1,5";"";"0,0"
"29/04/2026";"1000";"23,0";"23,1";"22,9";"100,0";"100,0";"100,0";"22,9";"23,1";"22,9";"1014,2";"1014,2";"1013,5";"0,8";"232,0";"3,2";"10,70";"0,0"
"29/04/2026";"1100";"23,6";"23,7";"22,9";"100,0";"100,0";"100,0";"23,6";"23,7";"22,9";"1014,4";"1014,5";"1014,1";"1,0";"305,0";"2,3";"237,00";"0,0"
"29/04/2026";"1200";"24,6";"24,6";"23,6";"99,0";"100,0";"99,0";"24,4";"24,6";"23,6";"1014,6";"1014,7";"1014,4";"1,1";"297,0";"1,8";"572,40";"0,0"
"29/04/2026";"1300";"25,2";"25,3";"24,6";"93,0";"100,0";"88,0";"23,9";"24,8";"22,9";"1014,6";"1014,6";"1014,4";"0,6";"30,0";"2,6";"997,90";"0,0"
"29/04/2026";"1400";"25,9";"26,2";"25,2";"88,0";"93,0";"86,0";"23,8";"24,3";"23,4";"1014,4";"1014,8";"1014,4";"1,7";"117,0";"3,0";"1096,80";"0,0"
"29/04/2026";"1500";"25,4";"26,1";"25,3";"89,0";"90,0";"86,0";"23,6";"23,8";"23,1";"1013,7";"1014,4";"1013,7";"1,0";"138,0";"3,5";"709,60";"0,0"
"29/04/2026";"1600";"24,5";"25,5";"24,3";"96,0";"98,0";"88,0";"23,9";"24,0";"23,2";"1013,6";"1013,8";"1013,6";"0,8";"220,0";"4,1";"338,90";"0,0"
"29/04/2026";"1700";"23,3";"24,6";"23,3";"100,0";"100,0";"93,0";"23,3";"23,8";"23,2";"1013,6";"1013,8";"1013,6";"2,6";"222,0";"6,6";"411,90";"0,0"
"29/04/2026";"1800";"22,3";"23,3";"22,3";"100,0";"100,0";"100,0";"22,3";"23,3";"22,3";"1013,9";"1014,0";"1013,6";"3,1";"226,0";"9,1";"201,30";"0,4"
"29/04/2026";"1900";"22,0";"22,4";"21,5";"100,0";"100,0";"100,0";"22,0";"22,4";"21,5";"1015,0";"1015,0";"1013,9";"3,4";"252,0";"11,8";"110,30";"2,6"
"29/04/2026";"2000";"21,4";"22,3";"21,3";"100,0";"100,0";"98,0";"21,4";"22,2";"21,3";"1016,3";"1016,3";"1015,0";"1,6";"201,0";"9,1";"57,50";"2,2"
"29/04/2026";"2100";"21,2";"21,5";"21,1";"100,0";"100,0";"100,0";"21,1";"21,5";"21,1";"1016,9";"1017,1";"1016,3";"1,0";"232,0";"4,7";"4,70";"3,0"
"29/04/2026";"2200";"21,4";"21,6";"21,2";"100,0";"100,0";"100,0";"21,4";"21,6";"21,3";"1016,0";"1016,9";"1016,0";"1,2";"2,0";"2,9";"";"0,0"
"29/04/2026";"2300";"21,3";"21,4";"21,0";"100,0";"100,0";"100,0";"21,3";"21,3";"21,0";"1016,5";"1016,5";"1016,0";"0,7";"24,0";"3,8";"";"0,0"
"30/04/2026";"0000";"21,3";"21,5";"21,1";"100,0";"100,0";"100,0";"21,3";"21,5";"21,1";"1016,4";"1016,5";"1016,0";"0,7";"306,0";"2,7";"";"0,0"
"30/04/2026";"0100";"21,2";"21,4";"21,0";"100,0";"100,0";"100,0";"21,2";"21,4";"21,0";"1016,6";"1016,6";"1016,2";"0,6";"337,0";"1,4";"";"0,0"
"30/04/2026";"0200";"21,4";"21,4";"21,0";"100,0";"100,0";"100,0";"21,4";"21,4";"21,0";"1016,2";"1016,7";"1016,2";"1,2";"345,0";"3,2";"0,20";"0,0"
"30/04/2026";"0300";"21,3";"21,7";"21,3";"100,0";"100,0";"100,0";"21,3";"21,7";"21,3";"1015,5";"1016,2";"1015,4";"0,8";"208,0";"3,2";"";"0,0"
"30/04/2026";"0400";"20,8";"21,5";"20,8";"100,0";"100,0";"100,0";"20,8";"21,5";"20,7";"1017,0";"1017,0";"1015,5";"0,8";"212,0";"4,3";"";"4,6"
"30/04/2026";"0500";"20,6";"20,9";"20,3";"100,0";"100,0";"100,0";"20,6";"20,9";"20,3";"1016,7";"1017,4";"1016,7";"1,7";"291,0";"2,8";"";"2,2"
"30/04/2026";"0600";"20,7";"20,8";"20,3";"100,0";"100,0";"100,0";"20,7";"20,8";"20,3";"1016,0";"1016,8";"1016,0";"1,3";"315,0";"3,0";"";"0,0"
"30/04/2026";"0700";"20,3";"20,7";"20,3";"100,0";"100,0";"100,0";"20,3";"20,7";"20,3";"1013,9";"1016,2";"1013,9";"0,8";"35,0";"3,3";"";"0,0"
"30/04/2026";"0800";"21,0";"21,4";"20,2";"100,0";"100,0";"95,0";"21,0";"21,3";"20,2";"1012,4";"1013,9";"1012,1";"1,1";"313,0";"4,6";"";"0,2"
"30/04/2026";"0900";"20,9";"21,3";"20,6";"100,0";"100,0";"100,0";"20,9";"21,3";"20,6";"1012,4";"1012,5";"1012,1";"0,8";"187,0";"3,9";"";"0,0"
"30/04/2026";"1000";"21,2";"21,3";"20,9";"100,0";"100,0";"100,0";"21,2";"21,3";"20,9";"1013,0";"1013,1";"1012,2";"1,4";"214,0";"3,1";"62,60";"0,0"
"30/04/2026";"1100";"22,2";"22,2";"21,2";"99,0";"100,0";"99,0";"22,0";"22,1";"21,2";"1014,1";"1014,1";"1013,0";"1,9";"205,0";"5,1";"325,60";"0,0"
"30/04/2026";"1200";"24,5";"24,8";"22,2";"81,0";"99,0";"80,0";"20,9";"22,4";"20,9";"1015,8";"1015,8";"1014,1";"2,1";"211,0";"6,5";"1089,10";"0,0"
"30/04/2026";"1300";"25,8";"25,8";"24,1";"75,0";"86,0";"75,0";"21,0";"21,9";"20,8";"1016,3";"1016,4";"1015,8";"1,8";"234,0";"6,7";"1263,00";"0,0"
"30/04/2026";"1400";"27,4";"27,4";"25,8";"70,0";"77,0";"68,0";"21,4";"21,9";"20,5";"1016,2";"1016,4";"1016,2";"1,8";"239,0";"5,8";"2342,80";"0,0"
"30/04/2026";"1500";"25,8";"27,6";"25,8";"79,0";"80,0";"68,0";"21,9";"22,2";"20,8";"1015,8";"1016,2";"1015,8";"1,0";"228,0";"5,4";"1748,20";"0,0"
"30/04/2026";"1600";"25,1";"25,8";"25,1";"85,0";"86,0";"78,0";"22,4";"22,6";"21,4";"1015,3";"1015,8";"1015,3";"1,8";"245,0";"5,7";"640,00";"0,0"
"30/04/2026";"1700";"25,1";"25,4";"25,0";"83,0";"87,0";"83,0";"22,0";"23,0";"22,0";"1015,1";"1015,4";"1015,1";"1,4";"232,0";"5,7";"631,10";"0,0"
"30/04/2026";"1800";"24,8";"25,1";"24,7";"83,0";"88,0";"83,0";"21,7";"22,7";"21,7";"1015,2";"1015,2";"1015,0";"1,3";"257,0";"4,6";"456,20";"0,0"
"30/04/2026";"1900";"24,4";"24,9";"24,4";"86,0";"86,0";"81,0";"21,8";"22,2";"21,4";"1015,5";"1015,5";"1015,1";"0,8";"202,0";"3,2";"223,00";"0,0"
"30/04/2026";"2000";"23,7";"24,4";"23,7";"92,0";"92,0";"85,0";"22,3";"22,4";"21,7";"1016,0";"1016,0";"1015,5";"1,0";"236,0";"2,6";"67,40";"0,0"
"30/04/2026";"2100";"23,5";"23,8";"23,5";"98,0";"99,0";"92,0";"23,2";"23,3";"22,4";"1016,5";"1016,5";"1016,0";"0,6";"241,0";"2,5";"10,80";"0,0"
"30/04/2026";"2200";"23,0";"23,5";"23,0";"100,0";"100,0";"96,0";"22,9";"23,4";"22,8";"1017,2";"1017,2";"1016,5";"0,7";"19,0";"1,5";"";"0,0"
"30/04/2026";"2300";"22,5";"23,1";"22,5";"100,0";"100,0";"100,0";"22,5";"23,0";"22,5";"1018,0";"1018,0";"1017,2";"0,5";"55,0";"2,1";"";"0,0"
"01/05/2026";"0000";"21,8";"22,6";"21,8";"100,0";"100,0";"100,0";"21,8";"22,5";"21,7";"1018,5";"1018,5";"1018,0";"1,5";"331,0";"3,3";"";"0,4"
"01/05/2026";"0100";"22,0";"22,1";"21,8";"100,0";"100,0";"100,0";"22,0";"22,1";"21,8";"1018,4";"1018,6";"1018,4";"1,3";"323,0";"2,4";"";"0,0"
"01/05/2026";"0200";"22,2";"22,2";"22,0";"100,0";"100,0";"100,0";"22,2";"22,2";"22,0";"1018,5";"1018,5";"1018,3";"0,5";"288,0";"2,2";"";"0,0"
"01/05/2026";"0300";"22,1";"22,3";"22,1";"100,0";"100,0";"100,0";"22,1";"22,3";"22,1";"1018,4";"1018,5";"1018,4";"0,3";"276,0";"1,5";"";"0,0"
"01/05/2026";"0400";"22,0";"22,3";"21,9";"100,0";"100,0";"100,0";"22,0";"22,3";"21,9";"1017,9";"1018,4";"1017,9";"0,5";"22,0";"1,8";"";"0,0"
"01/05/2026";"0500";"21,7";"22,1";"21,6";"100,0";"100,0";"100,0";"21,7";"22,1";"21,5";"1017,6";"1017,9";"1017,6";"0,7";"321,0";"1,2";"";"0,0"
"01/05/2026";"0600";"21,6";"21,8";"21,5";"100,0";"100,0";"100,0";"21,6";"21,8";"21,5";"1017,3";"1017,6";"1017,3";"0,4";"254,0";"1,5";"";"0,0"
"01/05/2026";"0700";"21,6";"21,8";"21,5";"100,0";"100,0";"100,0";"21,6";"21,8";"21,5";"1017,0";"1017,3";"1016,9";"0,5";"288,0";"1,9";"";"0,0"
"01/05/2026";"0800";"21,6";"21,8";"21,5";"100,0";"100,0";"100,0";"21,6";"21,8";"21,5";"1017,0";"1017,0";"1016,9";"0,6";"229,0";"1,6";"";"0,0"
"01/05/2026";"0900";"21,8";"21,8";"21,6";"100,0";"100,0";"100,0";"21,8";"21,8";"21,5";"1017,6";"1017,6";"1017,0";"1,1";"289,0";"1,5";"";"0,0"
"01/05/2026";"1000";"22,1";"22,1";"21,7";"100,0";"100,0";"100,0";"22,1";"22,1";"21,6";"1018,4";"1018,4";"1017,6";"0,8";"292,0";"1,5";"31,80";"0,0"
"01/05/2026";"1100";"23,0";"23,0";"22,0";"100,0";"100,0";"100,0";"23,0";"23,0";"22,0";"1019,0";"1019,0";"1018,4";"0,8";"263,0";"2,0";"272,40";"0,0"
"01/05/2026";"1200";"23,7";"23,7";"23,0";"95,0";"100,0";"95,0";"22,9";"23,4";"22,8";"1019,7";"1019,8";"1019,0";"1,3";"217,0";"2,8";"461,90";"0,0"
"01/05/2026";"1300";"25,8";"26,6";"23,7";"80,0";"96,0";"76,0";"22,1";"23,7";"21,5";"1019,9";"1019,9";"1019,7";"0,8";"171,0";"2,8";"1433,60";"0,0"
"01/05/2026";"1400";"26,4";"26,8";"25,8";"82,0";"82,0";"75,0";"23,0";"23,0";"21,7";"1019,2";"1019,9";"1019,2";"1,2";"119,0";"3,4";"1701,40";"0,0"
"01/05/2026";"1500";"26,1";"27,0";"26,1";"77,0";"82,0";"71,0";"21,8";"23,0";"20,8";"1018,3";"1019,2";"1018,3";"1,6";"122,0";"3,7";"1799,00";"0,0"
"01/05/2026";"1600";"27,4";"27,5";"26,1";"73,0";"79,0";"72,0";"22,3";"22,8";"21,5";"1017,3";"1018,3";"1017,3";"2,1";"114,0";"4,5";"2702,80";"0,0"
"01/05/2026";"1700";"27,1";"27,7";"26,8";"74,0";"77,0";"70,0";"22,0";"22,6";"21,2";"1016,6";"1017,3";"1016,6";"2,2";"115,0";"4,5";"2227,00";"0,0"
"01/05/2026";"1800";"26,2";"27,4";"26,0";"81,0";"83,0";"72,0";"22,8";"23,1";"21,8";"1016,1";"1016,6";"1016,1";"2,0";"128,0";"4,9";"1584,10";"0,0"
"01/05/2026";"1900";"25,5";"26,2";"25,5";"87,0";"87,0";"81,0";"23,2";"23,3";"22,5";"1015,8";"1016,1";"1015,8";"1,5";"121,0";"4,5";"434,00";"0,0"
"01/05/2026";"2000";"25,0";"25,5";"25,0";"92,0";"92,0";"87,0";"23,7";"23,7";"23,2";"1015,7";"1015,9";"1015,7";"1,1";"346,0";"3,3";"190,80";"0,0"
"01/05/2026";"2100";"24,1";"25,0";"24,1";"100,0";"100,0";"92,0";"24,1";"24,3";"23,7";"1015,6";"1015,7";"1015,5";"0,4";"280,0";"2,4";"33,40";"0,0"
"01/05/2026";"2200";"23,3";"24,1";"23,3";"100,0";"100,0";"100,0";"23,3";"24,1";"23,3";"1015,7";"1015,7";"1015,5";"0,5";"249,0";"1,3";"";"0,0"
"01/05/2026";"2300";"22,9";"23,4";"22,9";"100,0";"100,0";"100,0";"22,9";"23,3";"22,9";"1016,1";"1016,1";"1015,6";"0,4";"275,0";"1,1";"";"0,0"
"02/05/2026";"0000";"22,6";"22,9";"22,6";"100,0";"100,0";"100,0";"22,6";"22,9";"22,6";"1016,6";"1016,6";"1016,1";"0,8";"260,0";"1,8";"";"0,0"
"02/05/2026";"0100";"22,5";"22,7";"22,5";"100,0";"100,0";"100,0";"22,5";"22,7";"22,5";"1016,1";"1016,6";"1016,1";"1,1";"325,0";"1,7";"";"0,0"
"02/05/2026";"0200";"22,1";"22,6";"22,0";"100,0";"100,0";"100,0";"22,0";"22,6";"22,0";"1015,4";"1016,1";"1015,4";"0,4";"280,0";"1,7";"";"0,0"
"02/05/2026";"0300";"22,0";"22,1";"22,0";"100,0";"100,0";"100,0";"22,0";"22,1";"22,0";"1014,9";"1015,4";"1014,9";"0,7";"294,0";"1,4";"";"0,0"
"02/05/2026";"0400";"22,2";"22,2";"21,8";"100,0";"100,0";"100,0";"22,2";"22,2";"21,8";"1014,2";"1014,9";"1014,2";"0,7";"275,0";"1,5";"";"0,0"
"02/05/2026";"0500";"22,0";"22,2";"21,9";"100,0";"100,0";"100,0";"22,0";"22,2";"21,9";"1013,6";"1014,2";"1013,6";"0,8";"249,0";"2,0";"";"0,0"
"02/05/2026";"0600";"22,1";"22,3";"21,9";"100,0";"100,0";"100,0";"22,0";"22,2";"21,9";"1013,2";"1013,7";"1013,2";"0,9";"237,0";"2,4";"";"0,0"
"02/05/2026";"0700";"22,2";"22,3";"21,8";"100,0";"100,0";"100,0";"22,2";"22,2";"21,8";"1013,3";"1013,5";"1013,1";"1,3";"238,0";"2,9";"";"0,0"
"02/05/2026";"0800";"21,8";"22,3";"21,8";"100,0";"100,0";"100,0";"21,8";"22,3";"21,8";"1013,1";"1013,4";"1013,0";"1,0";"27,0";"2,9";"";"0,0"
"02/05/2026";"0900";"21,8";"21,9";"21,6";"100,0";"100,0";"100,0";"21,8";"21,9";"21,6";"1014,0";"1014,0";"1013,1";"0,8";"232,0";"2,6";"";"0,0"
"02/05/2026";"1000";"21,7";"22,0";"21,6";"100,0";"100,0";"100,0";"21,7";"22,0";"21,6";"1015,0";"1015,0";"1014,0";"0,7";"270,0";"2,2";"24,20";"0,0"
"02/05/2026";"1100";"23,5";"23,5";"21,7";"100,0";"100,0";"100,0";"23,5";"23,5";"21,8";"1015,5";"1015,5";"1015,0";"1,4";"203,0";"3,9";"252,00";"0,0"
"02/05/2026";"1200";"24,6";"24,7";"23,1";"100,0";"100,0";"100,0";"24,6";"24,6";"23,1";"1015,6";"1015,7";"1015,5";"1,4";"256,0";"3,9";"624,50";"0,0"
"02/05/2026";"1300";"27,6";"27,7";"24,6";"77,0";"100,0";"76,0";"23,2";"25,3";"22,9";"1015,7";"1015,7";"1015,4";"1,4";"151,0";"4,2";"1828,80";"0,0"
"02/05/2026";"1400";"29,0";"29,1";"27,2";"67,0";"78,0";"66,0";"22,2";"23,9";"22,0";"1015,3";"1015,7";"1015,3";"2,0";"138,0";"5,0";"2132,70";"0,0"
"02/05/2026";"1500";"29,4";"30,8";"28,7";"70,0";"70,0";"62,0";"23,4";"23,7";"21,8";"1014,9";"1015,3";"1014,9";"1,1";"172,0";"5,0";"1639,10";"0,0"
"02/05/2026";"1600";"25,9";"30,4";"25,9";"85,0";"85,0";"66,0";"23,2";"25,0";"21,5";"1016,3";"1016,4";"1014,7";"3,6";"243,0";"12,2";"1042,10";"0,0"
"02/05/2026";"1700";"25,0";"25,9";"24,0";"83,0";"97,0";"83,0";"22,0";"23,9";"21,7";"1016,3";"1016,7";"1016,3";"2,4";"268,0";"9,2";"274,90";"1,0"
"02/05/2026";"1800";"26,2";"27,0";"25,0";"62,0";"84,0";"61,0";"18,3";"22,1";"18,3";"1015,7";"1016,4";"1015,6";"2,3";"251,0";"8,4";"1263,10";"0,0"
"02/05/2026";"1900";"26,5";"27,1";"26,2";"59,0";"68,0";"53,0";"17,8";"19,9";"16,8";"1015,6";"1015,7";"1015,4";"1,7";"260,0";"7,2";"605,80";"0,0"
"02/05/2026";"2000";"25,9";"26,6";"25,8";"66,0";"67,0";"57,0";"18,9";"19,3";"17,3";"1015,2";"1015,7";"1015,2";"1,6";"332,0";"8,4";"118,60";"0,0"
"02/05/2026";"2100";"24,8";"27,0";"24,8";"78,0";"78,0";"58,0";"20,7";"20,7";"18,1";"1014,8";"1015,3";"1014,8";"2,0";"345,0";"4,6";"22,20";"0,0"
"02/05/2026";"2200";"26,5";"27,5";"24,7";"61,0";"79,0";"54,0";"18,4";"21,0";"17,6";"1014,6";"1015,0";"1014,6";"1,3";"348,0";"3,7";"";"0,0"
"02/05/2026";"2300";"23,9";"26,5";"23,9";"81,0";"85,0";"61,0";"20,5";"21,4";"18,2";"1015,8";"1015,8";"1014,6";"0,7";"222,0";"2,8";"";"0,0"
"03/05/2026";"0000";"22,6";"24,1";"22,6";"92,0";"95,0";"76,0";"21,2";"22,0";"19,6";"1016,1";"1016,1";"1015,7";"0,6";"244,0";"2,4";"";"0,0"
"03/05/2026";"0100";"23,0";"23,3";"22,4";"92,0";"98,0";"88,0";"21,6";"22,2";"20,7";"1016,6";"1017,0";"1016,1";"1,1";"349,0";"3,1";"";"0,0"
"03/05/2026";"0200";"22,1";"23,0";"21,6";"98,0";"99,0";"91,0";"21,8";"21,8";"21,1";"1016,7";"1017,0";"1016,5";"0,9";"15,0";"2,8";"";"0,0"
"03/05/2026";"0300";"21,8";"22,2";"20,9";"97,0";"100,0";"96,0";"21,2";"21,9";"20,9";"1017,1";"1017,2";"1016,5";"1,2";"214,0";"3,3";"";"0,0"
"03/05/2026";"0400";"21,3";"22,1";"21,2";"100,0";"100,0";"96,0";"21,3";"22,0";"21,2";"1017,4";"1017,7";"1017,1";"0,5";"353,0";"3,3";"";"0,0"
"03/05/2026";"0500";"22,3";"22,5";"21,2";"86,0";"100,0";"84,0";"19,9";"21,7";"19,6";"1017,3";"1017,8";"1017,2";"0,6";"191,0";"2,8";"";"0,0"
"03/05/2026";"0600";"22,0";"22,7";"21,7";"100,0";"100,0";"85,0";"21,9";"22,0";"19,8";"1017,3";"1017,5";"1017,0";"1,9";"217,0";"5,8";"";"7,4"
"03/05/2026";"0700";"21,9";"22,7";"21,8";"100,0";"100,0";"96,0";"21,9";"22,5";"21,8";"1017,2";"1017,4";"1017,1";"1,6";"335,0";"5,8";"";"1,4"
"03/05/2026";"0800";"21,8";"22,3";"21,6";"100,0";"100,0";"99,0";"21,8";"22,2";"21,5";"1017,8";"1017,8";"1017,1";"2,1";"194,0";"7,3";"";"4,6"
"03/05/2026";"0900";"21,7";"22,4";"21,4";"100,0";"100,0";"93,0";"21,7";"22,0";"21,2";"1018,6";"1018,6";"1017,8";"1,8";"317,0";"8,6";"";"4,4"
"03/05/2026";"1000";"20,7";"22,0";"20,7";"100,0";"100,0";"97,0";"20,7";"21,9";"20,7";"1019,7";"1019,7";"1018,6";"3,7";"312,0";"7,2";"2,50";"5,2"
"03/05/2026";"1100";"20,2";"20,9";"20,1";"100,0";"100,0";"100,0";"20,2";"20,9";"20,1";"1021,0";"1021,0";"1019,7";"1,8";"311,0";"7,2";"58,70";"6,4"
"03/05/2026";"1200";"20,2";"20,4";"20,0";"100,0";"100,0";"100,0";"20,2";"20,4";"20,0";"1022,1";"1022,1";"1021,0";"0,7";"290,0";"3,0";"196,10";"5,4"
"03/05/2026";"1300";"20,5";"20,6";"20,1";"100,0";"100,0";"100,0";"20,4";"20,6";"20,1";"1022,9";"1022,9";"1022,1";"1,1";"260,0";"3,5";"350,40";"0,6"
"03/05/2026";"1400";"20,1";"20,4";"19,6";"100,0";"100,0";"100,0";"20,1";"20,4";"19,6";"1022,6";"1023,0";"1022,6";"2,0";"310,0";"3,7";"533,60";"1,4"
"03/05/2026";"1500";"19,9";"20,3";"19,8";"100,0";"100,0";"100,0";"19,9";"20,3";"19,8";"1022,5";"1022,7";"1022,5";"1,1";"184,0";"3,5";"428,10";"1,0"
"03/05/2026";"1600";"20,3";"20,3";"19,8";"96,0";"100,0";"95,0";"19,7";"20,2";"19,4";"1021,7";"1022,5";"1021,7";"1,9";"294,0";"4,1";"622,70";"0,0"
"03/05/2026";"1700";"20,7";"20,8";"20,1";"90,0";"99,0";"88,0";"19,0";"20,3";"18,7";"1020,9";"1021,7";"1020,9";"2,4";"304,0";"4,4";"690,60";"0,0"
"03/05/2026";"1800";"19,6";"20,9";"19,4";"100,0";"100,0";"86,0";"19,5";"20,0";"18,3";"1020,6";"1021,0";"1020,6";"0,8";"18,0";"6,1";"318,40";"2,8"
"03/05/2026";"1900";"19,6";"19,8";"19,2";"98,0";"100,0";"98,0";"19,2";"19,8";"19,2";"1020,7";"1020,7";"1020,5";"2,6";"332,0";"4,8";"362,20";"0,4"
"03/05/2026";"2000";"19,8";"20,2";"19,6";"98,0";"98,0";"92,0";"19,5";"19,6";"18,7";"1020,8";"1020,8";"1020,6";"2,0";"339,0";"5,5";"175,60";"0,0"
"03/05/2026";"2100";"19,1";"20,1";"19,1";"100,0";"100,0";"90,0";"19,0";"19,8";"18,3";"1021,2";"1021,2";"1020,8";"0,7";"225,0";"3,7";"21,50";"0,2"
"03/05/2026";"2200";"19,1";"19,3";"18,9";"100,0";"100,0";"100,0";"19,1";"19,3";"18,8";"1021,2";"1021,3";"1021,0";"1,1";"330,0";"5,1";"";"0,0"
"03/05/2026";"2300";"19,4";"19,5";"19,0";"98,0";"100,0";"98,0";"19,1";"19,5";"19,0";"1021,5";"1021,6";"1021,2";"1,2";"210,0";"2,7";"";"0,0"
"04/05/2026";"0000";"19,3";"19,9";"19,3";"100,0";"100,0";"93,0";"19,3";"19,5";"18,7";"1021,6";"1021,6";"1021,5";"1,2";"331,0";"2,9";"";"0,0"
"04/05/2026";"0100";"19,0";"19,4";"19,0";"100,0";"100,0";"99,0";"19,0";"19,4";"19,0";"1021,6";"1021,6";"1021,4";"0,6";"66,0";"2,7";"";"0,2"
"04/05/2026";"0200";"18,9";"19,2";"18,9";"100,0";"100,0";"100,0";"18,9";"19,2";"18,8";"1021,1";"1021,6";"1021,0";"0,4";"198,0";"3,9";"";"0,0"
"04/05/2026";"0300";"19,3";"19,4";"18,9";"100,0";"100,0";"100,0";"19,3";"19,3";"18,8";"1020,7";"1021,1";"1020,7";"1,0";"289,0";"2,5";"";"0,0"
"04/05/2026";"0400";"19,1";"19,4";"19,1";"100,0";"100,0";"100,0";"19,1";"19,4";"19,1";"1020,2";"1020,7";"1020,2";"0,8";"224,0";"3,2";"";"0,0"
"04/05/2026";"0500";"19,6";"19,8";"19,1";"100,0";"100,0";"100,0";"19,6";"19,8";"19,1";"1019,8";"1020,2";"1019,8";"0,9";"308,0";"3,2";"";"0,0"
"04/05/2026";"0600";"19,3";"19,7";"19,2";"100,0";"100,0";"100,0";"19,2";"19,6";"19,2";"1019,5";"1019,8";"1019,5";"0,5";"228,0";"2,0";"";"0,0"
"04/05/2026";"0700";"19,1";"19,5";"19,1";"100,0";"100,0";"100,0";"19,1";"19,5";"19,1";"1019,1";"1019,5";"1019,0";"1,0";"248,0";"2,1";"";"0,0"
"04/05/2026";"0800";"19,0";"19,3";"18,8";"100,0";"100,0";"100,0";"18,9";"19,3";"18,8";"1018,4";"1019,2";"1018,4";"0,9";"320,0";"2,3";"";"0,0"
"04/05/2026";"0900";"18,4";"19,0";"18,2";"100,0";"100,0";"100,0";"18,4";"19,0";"18,2";"1018,9";"1018,9";"1018,3";"1,1";"281,0";"2,6";"";"0,0"
"04/05/2026";"1000";"18,8";"19,0";"18,1";"100,0";"100,0";"100,0";"18,7";"19,0";"18,1";"1019,4";"1019,4";"1018,9";"1,0";"344,0";"2,2";"26,40";"0,0"
"04/05/2026";"1100";"19,5";"19,6";"18,7";"100,0";"100,0";"100,0";"19,5";"19,5";"18,7";"1019,8";"1019,8";"1019,4";"0,6";"310,0";"1,9";"166,50";"0,0"
"04/05/2026";"1200";"22,9";"22,9";"19,5";"73,0";"100,0";"72,0";"17,7";"20,2";"17,5";"1020,3";"1020,3";"1019,7";"1,1";"273,0";"1,8";"1076,50";"0,0"
"04/05/2026";"1300";"24,0";"24,1";"22,8";"69,0";"74,0";"67,0";"18,0";"18,7";"16,9";"1020,4";"1020,4";"1020,3";"1,3";"89,0";"3,4";"1799,80";"0,0"
"04/05/2026";"1400";"23,8";"24,5";"23,7";"68,0";"76,0";"68,0";"17,6";"19,6";"17,6";"1019,8";"1020,4";"1019,8";"1,8";"110,0";"3,9";"1955,40";"0,0"
"04/05/2026";"1500";"24,9";"24,9";"23,8";"64,0";"71,0";"62,0";"17,6";"18,8";"16,8";"1019,0";"1019,8";"1019,0";"1,0";"138,0";"3,6";"1697,80";"0,0"
"04/05/2026";"1600";"25,0";"25,5";"24,8";"65,0";"68,0";"61,0";"17,9";"18,7";"17,0";"1018,2";"1019,0";"1018,2";"1,8";"132,0";"4,6";"2706,70";"0,0"
"04/05/2026";"1700";"24,6";"25,6";"24,6";"67,0";"69,0";"62,0";"18,0";"19,1";"17,4";"1017,5";"1018,2";"1017,5";"1,7";"125,0";"3,8";"1629,00";"0,0"
"04/05/2026";"1800";"25,2";"25,3";"24,6";"69,0";"71,0";"65,0";"19,0";"19,2";"18,1";"1016,9";"1017,5";"1016,9";"1,6";"115,0";"3,8";"1186,70";"0,0"
"04/05/2026";"1900";"24,5";"25,5";"24,3";"73,0";"73,0";"66,0";"19,2";"19,3";"18,3";"1017,2";"1017,2";"1016,8";"1,0";"186,0";"3,4";"859,60";"0,0"
"04/05/2026";"2000";"24,2";"24,5";"24,1";"76,0";"76,0";"72,0";"19,6";"19,7";"19,0";"1017,3";"1017,4";"1017,2";"0,6";"252,0";"2,8";"222,20";"0,0"
"04/05/2026";"2100";"23,2";"24,2";"23,2";"89,0";"90,0";"75,0";"21,3";"21,6";"19,5";"1017,6";"1017,6";"1017,3";"1,4";"312,0";"2,3";"20,50";"0,0"
"04/05/2026";"2200";"22,1";"23,2";"22,1";"100,0";"100,0";"87,0";"22,1";"22,1";"21,0";"1018,1";"1018,1";"1017,5";"0,5";"238,0";"2,3";"";"0,0"
"04/05/2026";"2300";"21,7";"22,1";"21,5";"100,0";"100,0";"100,0";"21,6";"22,1";"21,5";"1018,9";"1018,9";"1018,1";"0,9";"303,0";"2,0";"";"0,0"
"05/05/2026";"0000";"21,3";"21,7";"21,2";"100,0";"100,0";"100,0";"21,2";"21,7";"21,2";"1018,8";"1018,9";"1018,7";"1,1";"329,0";"1,9";"";"0,0"
"05/05/2026";"0100";"20,5";"21,2";"20,5";"100,0";"100,0";"100,0";"20,5";"21,2";"20,5";"1019,1";"1019,1";"1018,8";"0,8";"299,0";"1,9";"";"0,0"
"05/05/2026";"0200";"20,1";"20,5";"20,0";"100,0";"100,0";"100,0";"20,1";"20,5";"20,0";"1019,0";"1019,2";"1019,0";"0,4";"50,0";"1,9";"";"0,0"
"05/05/2026";"0300";"19,9";"20,2";"19,8";"100,0";"100,0";"100,0";"19,9";"20,2";"19,8";"1019,0";"1019,1";"1019,0";"0,5";"271,0";"1,5";"";"0,0"
"05/05/2026";"0400";"19,7";"20,0";"19,7";"100,0";"100,0";"100,0";"19,7";"20,0";"19,7";"1018,6";"1019,0";"1018,6";"0,5";"290,0";"1,6";"";"0,0"
"05/05/2026";"0500";"19,7";"19,9";"19,5";"100,0";"100,0";"100,0";"19,7";"19,8";"19,5";"1018,3";"1018,7";"1018,3";"0,8";"282,0";"1,7";"";"0,0"
"05/05/2026";"0600";"19,8";"19,9";"19,6";"100,0";"100,0";"100,0";"19,8";"19,9";"19,5";"1018,0";"1018,3";"1018,0";"0,5";"239,0";"2,0";"";"0,0"
"05/05/2026";"0700";"20,2";"20,4";"19,8";"100,0";"100,0";"100,0";"20,2";"20,4";"19,8";"1017,4";"1018,0";"1017,4";"0,4";"304,0";"2,6";"";"0,0"
"05/05/2026";"0800";"20,0";"20,2";"20,0";"100,0";"100,0";"100,0";"20,0";"20,2";"20,0";"1017,2";"1017,4";"1017,1";"0,7";"265,0";"1,4";"";"0,0"
"05/05/2026";"0900";"20,1";"20,1";"19,9";"100,0";"100,0";"100,0";"20,0";"20,1";"19,9";"1017,7";"1017,7";"1017,2";"0,7";"265,0";"2,5";"";"0,0"
"05/05/2026";"1000";"20,2";"20,3";"19,9";"100,0";"100,0";"100,0";"20,2";"20,2";"19,9";"1018,8";"1018,8";"1017,7";"0,7";"253,0";"2,4";"27,10";"0,0"
"05/05/2026";"1100";"22,1";"22,1";"20,2";"99,0";"100,0";"99,0";"21,9";"22,0";"20,2";"1019,6";"1019,6";"1018,7";"0,9";"211,0";"3,0";"166,20";"0,0"
"05/05/2026";"1200";"24,6";"24,9";"22,1";"83,0";"99,0";"81,0";"21,4";"22,0";"21,3";"1019,9";"1019,9";"1019,6";"0,8";"56,0";"2,2";"1006,10";"0,0"
"05/05/2026";"1300";"25,6";"25,9";"24,3";"79,0";"85,0";"78,0";"21,7";"22,5";"21,2";"1019,7";"1019,9";"1019,7";"1,4";"109,0";"3,1";"1730,20";"0,0"
"05/05/2026";"1400";"26,4";"26,4";"25,5";"78,0";"82,0";"76,0";"22,3";"22,6";"21,4";"1019,3";"1019,7";"1019,3";"1,2";"154,0";"2,8";"2246,30";"0,0"
"05/05/2026";"1500";"26,3";"27,0";"26,1";"79,0";"80,0";"74,0";"22,3";"22,8";"21,8";"1018,7";"1019,3";"1018,7";"2,1";"115,0";"4,3";"2521,60";"0,0"
"05/05/2026";"1600";"27,6";"27,6";"26,2";"75,0";"80,0";"73,0";"22,7";"23,1";"22,0";"1018,4";"1018,7";"1018,4";"1,8";"112,0";"4,7";"2538,50";"0,0"
"05/05/2026";"1700";"27,3";"28,0";"27,2";"76,0";"78,0";"71,0";"22,8";"23,5";"21,8";"1018,0";"1018,4";"1018,0";"2,2";"113,0";"4,6";"2319,20";"0,0"
"05/05/2026";"1800";"26,0";"27,4";"26,0";"82,0";"82,0";"73,0";"22,7";"23,2";"21,6";"1018,0";"1018,0";"1017,7";"2,5";"149,0";"5,4";"1612,80";"0,0"
"05/05/2026";"1900";"26,0";"26,8";"25,7";"83,0";"84,0";"78,0";"22,9";"23,2";"22,5";"1018,2";"1018,3";"1018,0";"1,2";"138,0";"5,4";"944,40";"0,0"
"05/05/2026";"2000";"25,4";"26,2";"25,4";"89,0";"89,0";"82,0";"23,5";"23,6";"22,8";"1018,6";"1018,6";"1018,1";"1,9";"106,0";"3,4";"274,00";"0,0"
"05/05/2026";"2100";"25,1";"25,4";"25,1";"91,0";"92,0";"89,0";"23,5";"23,7";"23,4";"1018,6";"1018,8";"1018,6";"1,2";"97,0";"3,3";"16,30";"0,0"
"05/05/2026";"2200";"24,8";"25,1";"24,8";"94,0";"97,0";"91,0";"23,7";"24,2";"23,4";"1018,9";"1018,9";"1018,6";"0,9";"307,0";"2,3";"";"0,0"
"05/05/2026";"2300";"23,7";"24,8";"23,7";"100,0";"100,0";"93,0";"23,6";"24,4";"23,6";"1019,1";"1019,1";"1018,8";"0,5";"344,0";"1,9";"";"0,0"
"06/05/2026";"0000";"22,5";"23,7";"22,5";"100,0";"100,0";"100,0";"22,5";"23,6";"22,5";"1019,1";"1019,2";"1019,1";"1,1";"333,0";"2,1";"";"0,0"
"06/05/2026";"0100";"21,8";"22,5";"21,8";"100,0";"100,0";"100,0";"21,8";"22,5";"21,8";"1019,0";"1019,1";"1018,9";"1,1";"358,0";"2,4";"";"0,0"
"06/05/2026";"0200";"21,3";"21,9";"21,3";"100,0";"100,0";"100,0";"21,3";"21,8";"21,3";"1019,0";"1019,0";"1018,9";"0,2";"34,0";"2,4";"";"0,0"
"06/05/2026";"0300";"21,1";"21,5";"21,1";"100,0";"100,0";"100,0";"21,1";"21,5";"21,1";"1018,8";"1019,0";"1018,8";"0,5";"292,0";"1,5";"";"0,0"
"06/05/2026";"0400";"20,8";"21,1";"20,8";"100,0";"100,0";"100,0";"20,8";"21,1";"20,8";"1018,2";"1018,8";"1018,2";"0,3";"330,0";"1,0";"";"0,0"
"06/05/2026";"0500";"20,9";"21,0";"20,6";"100,0";"100,0";"100,0";"20,9";"20,9";"20,6";"1018,0";"1018,3";"1018,0";"0,7";"272,0";"1,4";"";"0,0"
"06/05/2026";"0600";"20,8";"20,9";"20,7";"100,0";"100,0";"100,0";"20,8";"20,9";"20,7";"1017,5";"1018,0";"1017,5";"0,7";"263,0";"1,6";"";"0,0"
"06/05/2026";"0700";"20,7";"20,9";"20,5";"100,0";"100,0";"100,0";"20,7";"20,9";"20,5";"1017,5";"1017,7";"1017,4";"0,6";"288,0";"1,6";"";"0,0"
"06/05/2026";"0800";"19,9";"20,8";"19,8";"100,0";"100,0";"100,0";"19,9";"20,8";"19,8";"1017,2";"1017,5";"1017,0";"0,6";"317,0";"1,5";"";"0,0"
"06/05/2026";"0900";"20,4";"20,4";"19,9";"100,0";"100,0";"100,0";"20,4";"20,4";"19,9";"1018,0";"1018,0";"1017,2";"0,6";"268,0";"1,3";"";"0,0"
"06/05/2026";"1000";"20,4";"20,5";"20,2";"100,0";"100,0";"100,0";"20,4";"20,4";"20,2";"1018,7";"1018,7";"1018,0";"0,3";"311,0";"1,6";"25,40";"0,0"
"06/05/2026";"1100";"21,7";"21,7";"20,4";"100,0";"100,0";"100,0";"21,7";"21,7";"20,4";"1019,5";"1019,5";"1018,7";"1,0";"272,0";"1,9";"146,50";"0,2"
"06/05/2026";"1200";"24,8";"24,8";"21,6";"97,0";"100,0";"97,0";"24,3";"24,5";"21,6";"1019,9";"1019,9";"1019,5";"0,9";"200,0";"1,9";"1054,10";"0,0"
"06/05/2026";"1300";"26,5";"26,8";"24,8";"85,0";"97,0";"81,0";"23,8";"24,5";"23,0";"1019,8";"1020,1";"1019,8";"2,0";"109,0";"3,4";"1797,60";"0,0"
"06/05/2026";"1400";"26,6";"27,0";"26,0";"83,0";"89,0";"83,0";"23,5";"24,4";"23,5";"1019,7";"1020,0";"1019,7";"1,9";"126,0";"3,8";"2296,60";"0,0"
"06/05/2026";"1500";"27,5";"27,5";"26,3";"82,0";"88,0";"82,0";"24,2";"25,0";"23,6";"1018,6";"1019,7";"1018,6";"1,2";"142,0";"4,5";"2564,40";"0,0"
"06/05/2026";"1600";"28,1";"28,6";"27,5";"79,0";"85,0";"75,0";"24,2";"24,9";"23,6";"1017,6";"1018,6";"1017,6";"1,7";"138,0";"3,8";"2582,20";"0,0"
"06/05/2026";"1700";"27,7";"28,4";"27,1";"81,0";"83,0";"76,0";"24,2";"24,6";"23,3";"1016,8";"1017,6";"1016,8";"2,0";"140,0";"5,0";"2258,50";"0,0"
"06/05/2026";"1800";"27,4";"28,1";"26,6";"85,0";"88,0";"77,0";"24,7";"24,7";"23,3";"1016,7";"1016,9";"1016,6";"1,9";"154,0";"6,3";"1835,10";"0,0"
"06/05/2026";"1900";"26,0";"27,4";"26,0";"92,0";"92,0";"82,0";"24,7";"24,8";"23,9";"1016,4";"1016,6";"1016,4";"2,6";"105,0";"4,7";"903,90";"0,0"
"06/05/2026";"2000";"25,5";"26,0";"25,3";"95,0";"96,0";"92,0";"24,7";"24,7";"24,5";"1016,7";"1016,7";"1016,4";"0,9";"116,0";"4,4";"208,20";"0,0"
"06/05/2026";"2100";"24,6";"25,5";"24,5";"100,0";"100,0";"95,0";"24,6";"25,1";"24,5";"1016,9";"1016,9";"1016,6";"1,0";"327,0";"1,9";"22,90";"0,0"
"06/05/2026";"2200";"23,4";"24,6";"23,4";"100,0";"100,0";"100,0";"23,4";"24,5";"23,4";"1016,8";"1016,9";"1016,7";"0,5";"321,0";"1,5";"";"0,0"
"06/05/2026";"2300";"22,4";"23,4";"22,3";"100,0";"100,0";"100,0";"22,3";"23,4";"22,3";"1017,2";"1017,2";"1016,8";"0,1";"357,0";"1,2";"";"0,0"
"07/05/2026";"0000";"22,2";"22,6";"21,9";"100,0";"100,0";"100,0";"22,2";"22,6";"21,9";"1017,2";"1017,3";"1017,2";"1,4";"343,0";"2,1";"";"0,0"
"07/05/2026";"0100";"21,5";"22,2";"21,5";"100,0";"100,0";"100,0";"21,5";"22,2";"21,5";"1017,0";"1017,2";"1017,0";"0,2";"184,0";"2,9";"";"0,0"
"07/05/2026";"0200";"21,2";"21,7";"21,1";"100,0";"100,0";"100,0";"21,2";"21,6";"21,1";"1016,7";"1017,0";"1016,7";"1,0";"352,0";"1,7";"";"0,0"
"07/05/2026";"0300";"20,8";"21,2";"20,6";"100,0";"100,0";"100,0";"20,8";"21,1";"20,6";"1016,1";"1016,7";"1016,1";"0,7";"341,0";"1,7";"";"0,0"
"07/05/2026";"0400";"20,9";"20,9";"20,6";"100,0";"100,0";"100,0";"20,9";"20,9";"20,6";"1015,6";"1016,2";"1015,6";"0,7";"291,0";"1,2";"";"0,0"
"07/05/2026";"0500";"20,7";"21,1";"20,6";"100,0";"100,0";"100,0";"20,7";"21,1";"20,6";"1015,0";"1015,6";"1015,0";"0,5";"282,0";"1,3";"";"0,0"
"07/05/2026";"0600";"20,3";"20,7";"20,2";"100,0";"100,0";"100,0";"20,3";"20,7";"20,2";"1014,4";"1015,0";"1014,4";"0,5";"307,0";"1,3";"";"0,0"
"07/05/2026";"0700";"20,5";"20,5";"20,1";"100,0";"100,0";"100,0";"20,5";"20,5";"20,1";"1013,9";"1014,4";"1013,9";"0,7";"266,0";"1,6";"";"0,0"
"07/05/2026";"0800";"20,2";"20,5";"19,9";"100,0";"100,0";"100,0";"20,2";"20,4";"19,9";"1013,7";"1013,9";"1013,6";"0,6";"255,0";"2,3";"";"0,0"
"07/05/2026";"0900";"20,4";"20,4";"20,1";"100,0";"100,0";"100,0";"20,4";"20,4";"20,1";"1013,8";"1013,8";"1013,6";"0,8";"210,0";"1,9";"";"0,0"
"07/05/2026";"1000";"20,7";"20,7";"20,3";"100,0";"100,0";"100,0";"20,7";"20,7";"20,3";"1014,0";"1014,0";"1013,8";"0,8";"210,0";"2,3";"23,50";"0,2"
"07/05/2026";"1100";"22,3";"22,3";"20,7";"100,0";"100,0";"100,0";"22,3";"22,3";"20,8";"1014,2";"1014,2";"1014,0";"0,9";"216,0";"2,8";"125,60";"0,0"
"07/05/2026";"1200";"25,4";"25,5";"22,3";"85,0";"100,0";"84,0";"22,7";"23,8";"22,3";"1014,4";"1014,5";"1014,2";"1,0";"238,0";"4,1";"1074,00";"0,0"
"07/05/2026";"1300";"29,2";"29,6";"25,4";"58,0";"85,0";"52,0";"19,9";"22,4";"18,8";"1013,8";"1014,4";"1013,8";"1,7";"129,0";"3,8";"1888,10";"0,0"
"07/05/2026";"1400";"29,1";"30,1";"28,8";"65,0";"67,0";"53,0";"21,7";"22,5";"19,4";"1013,0";"1013,8";"1013,0";"2,3";"116,0";"5,4";"2361,00";"0,0"
"07/05/2026";"1500";"28,9";"29,9";"28,4";"67,0";"70,0";"58,0";"22,0";"22,5";"20,3";"1011,8";"1013,0";"1011,8";"3,0";"120,0";"6,3";"2588,00";"0,0"
"07/05/2026";"1600";"28,4";"29,3";"28,0";"69,0";"73,0";"61,0";"22,0";"23,0";"20,5";"1010,7";"1011,8";"1010,7";"1,4";"171,0";"6,5";"2525,40";"0,0"
"07/05/2026";"1700";"28,6";"29,6";"28,4";"64,0";"70,0";"58,0";"21,2";"22,7";"20,4";"1010,0";"1010,7";"1010,0";"1,8";"110,0";"4,6";"2237,30";"0,0"
"07/05/2026";"1800";"28,7";"29,1";"27,8";"71,0";"77,0";"64,0";"23,0";"23,8";"21,1";"1009,3";"1010,0";"1009,3";"1,7";"93,0";"3,9";"1895,00";"0,0"
"07/05/2026";"1900";"28,3";"28,9";"28,2";"70,0";"74,0";"69,0";"22,4";"23,6";"22,1";"1008,9";"1009,3";"1008,9";"1,8";"100,0";"3,7";"1255,50";"0,0"
"07/05/2026";"2000";"27,6";"28,9";"27,6";"79,0";"80,0";"67,0";"23,7";"23,8";"22,0";"1008,9";"1009,0";"1008,8";"0,8";"105,0";"3,3";"517,90";"0,0"
"07/05/2026";"2100";"25,3";"27,6";"25,3";"86,0";"90,0";"78,0";"22,8";"23,8";"22,8";"1009,3";"1009,3";"1008,9";"1,4";"319,0";"2,4";"29,80";"0,0"
"07/05/2026";"2200";"23,8";"25,3";"23,8";"96,0";"99,0";"85,0";"23,0";"23,7";"22,6";"1009,5";"1009,5";"1009,3";"0,7";"356,0";"2,5";"";"0,0"
"07/05/2026";"2300";"22,8";"23,8";"22,8";"100,0";"100,0";"92,0";"22,8";"23,1";"22,1";"1010,0";"1010,0";"1009,5";"0,4";"283,0";"1,7";"";"0,0"
"08/05/2026";"0000";"22,5";"22,8";"22,5";"100,0";"100,0";"100,0";"22,5";"22,8";"22,5";"1010,3";"1010,4";"1010,0";"0,6";"44,0";"1,4";"";"0,0"
"08/05/2026";"0100";"22,1";"22,7";"22,1";"100,0";"100,0";"100,0";"22,1";"22,7";"22,1";"1010,4";"1010,6";"1010,3";"0,5";"345,0";"2,8";"";"0,0"
"08/05/2026";"0200";"22,8";"22,8";"21,8";"90,0";"100,0";"89,0";"21,0";"22,2";"20,8";"1010,5";"1010,5";"1010,3";"1,4";"343,0";"2,6";"";"0,0"
"08/05/2026";"0300";"22,5";"23,0";"22,4";"88,0";"94,0";"84,0";"20,5";"21,7";"20,0";"1010,4";"1010,6";"1010,4";"1,0";"27,0";"3,3";"";"0,0"
"08/05/2026";"0400";"22,6";"23,3";"22,4";"95,0";"95,0";"80,0";"21,7";"21,7";"19,6";"1010,1";"1010,5";"1010,1";"0,7";"313,0";"3,9";"";"0,0"
"08/05/2026";"0500";"21,7";"22,6";"21,6";"99,0";"100,0";"89,0";"21,6";"21,9";"20,7";"1009,6";"1010,1";"1009,6";"1,0";"245,0";"3,3";"";"0,0"
"08/05/2026";"0600";"21,5";"21,8";"21,5";"100,0";"100,0";"99,0";"21,5";"21,7";"21,4";"1009,5";"1009,6";"1009,3";"0,8";"228,0";"3,3";"";"0,0"
"08/05/2026";"0700";"21,4";"21,8";"21,4";"100,0";"100,0";"100,0";"21,4";"21,8";"21,4";"1010,1";"1010,2";"1009,3";"0,6";"261,0";"2,9";"";"0,0"
"08/05/2026";"0800";"21,7";"21,8";"21,3";"98,0";"100,0";"96,0";"21,4";"21,8";"21,0";"1010,5";"1010,5";"1010,1";"0,9";"12,0";"2,0";"";"0,0"
"08/05/2026";"0900";"22,1";"22,5";"21,6";"90,0";"100,0";"87,0";"20,4";"21,7";"20,2";"1010,8";"1010,8";"1010,4";"1,0";"9,0";"2,5";"";"0,0"
"08/05/2026";"1000";"23,0";"23,1";"21,9";"84,0";"92,0";"83,0";"20,2";"20,9";"19,7";"1011,0";"1011,0";"1010,8";"1,2";"343,0";"2,5";"25,00";"0,0"
"08/05/2026";"1100";"25,7";"25,7";"23,1";"69,0";"84,0";"69,0";"19,6";"20,3";"19,4";"1011,3";"1011,3";"1011,0";"0,7";"62,0";"2,8";"211,20";"0,0"
"08/05/2026";"1200";"30,1";"30,1";"25,7";"51,0";"69,0";"49,0";"18,8";"20,2";"18,2";"1011,7";"1011,7";"1011,2";"1,2";"74,0";"2,9";"1017,40";"0,0"
"08/05/2026";"1300";"30,7";"31,1";"30,1";"48,0";"51,0";"45,0";"18,5";"19,1";"17,5";"1011,0";"1011,7";"1011,0";"3,1";"102,0";"6,3";"1860,30";"0,0"
"08/05/2026";"1400";"31,1";"31,7";"30,5";"51,0";"54,0";"48,0";"19,7";"20,7";"18,4";"1009,7";"1011,0";"1009,7";"3,5";"95,0";"7,5";"2318,80";"0,0"
"08/05/2026";"1500";"32,6";"32,7";"30,7";"47,0";"55,0";"45,0";"20,0";"20,6";"18,9";"1008,6";"1009,7";"1008,6";"2,1";"99,0";"7,5";"2493,00";"0,0"
"08/05/2026";"1600";"33,4";"33,9";"32,6";"39,0";"47,0";"39,0";"17,6";"20,1";"17,5";"1006,9";"1008,6";"1006,8";"2,6";"26,0";"8,1";"1874,60";"0,0"
"08/05/2026";"1700";"33,8";"34,0";"33,1";"42,0";"45,0";"38,0";"19,2";"19,5";"17,5";"1006,6";"1006,9";"1006,6";"3,0";"268,0";"7,7";"1798,10";"0,0"
"08/05/2026";"1800";"33,6";"34,6";"32,7";"41,0";"44,0";"38,0";"18,6";"19,4";"17,0";"1007,4";"1007,4";"1006,6";"1,0";"58,0";"7,7";"1236,60";"0,0"
"08/05/2026";"1900";"29,9";"33,7";"29,9";"64,0";"65,0";"40,0";"22,5";"23,0";"17,9";"1007,6";"1007,6";"1007,4";"1,0";"316,0";"2,7";"628,00";"0,0"
"08/05/2026";"2000";"28,8";"29,9";"28,3";"72,0";"77,0";"64,0";"23,3";"23,9";"22,4";"1007,9";"1007,9";"1007,6";"1,2";"175,0";"2,9";"199,80";"0,0"
"08/05/2026";"2100";"26,2";"28,9";"26,2";"86,0";"89,0";"67,0";"23,8";"24,4";"22,0";"1008,7";"1008,7";"1007,9";"0,8";"316,0";"3,5";"19,60";"0,0"
"08/05/2026";"2200";"25,2";"26,2";"25,2";"88,0";"91,0";"81,0";"23,1";"24,1";"22,8";"1009,0";"1009,1";"1008,7";"0,5";"53,0";"2,4";"";"0,0"
"08/05/2026";"2300";"25,0";"25,4";"24,9";"94,0";"95,0";"86,0";"23,9";"24,2";"22,9";"1009,4";"1009,5";"1009,0";"1,0";"270,0";"2,1";"";"0,0"
"09/05/2026";"0000";"24,8";"26,0";"24,8";"90,0";"95,0";"81,0";"23,0";"24,1";"22,4";"1009,0";"1009,5";"1008,9";"0,8";"252,0";"3,1";"";"0,0"
"09/05/2026";"0100";"25,9";"25,9";"24,6";"78,0";"97,0";"77,0";"21,7";"24,3";"21,7";"1009,5";"1009,8";"1009,0";"1,5";"359,0";"4,5";"";"0,0"
"09/05/2026";"0200";"26,6";"28,4";"25,9";"68,0";"78,0";"57,0";"20,2";"21,7";"18,7";"1009,1";"1009,5";"1009,0";"0,7";"42,0";"4,5";"";"0,0"
"09/05/2026";"0300";"28,6";"28,6";"25,3";"54,0";"83,0";"53,0";"18,3";"22,3";"18,2";"1009,1";"1009,3";"1009,0";"3,2";"89,0";"6,7";"";"0,0"
"09/05/2026";"0400";"25,5";"28,6";"25,5";"75,0";"79,0";"53,0";"20,8";"21,8";"18,1";"1009,1";"1009,2";"1009,0";"0,9";"339,0";"6,7";"";"0,0"
"09/05/2026";"0500";"28,1";"28,2";"25,3";"56,0";"80,0";"52,0";"18,6";"21,8";"17,3";"1009,1";"1009,2";"1008,9";"1,2";"26,0";"3,5";"";"0,0"
"09/05/2026";"0600";"27,8";"28,2";"26,8";"53,0";"62,0";"51,0";"17,2";"19,2";"17,1";"1009,2";"1009,3";"1009,1";"1,6";"80,0";"5,4";"";"0,0"
"09/05/2026";"0700";"28,2";"28,9";"27,8";"51,0";"53,0";"49,0";"17,2";"17,3";"16,9";"1009,2";"1009,2";"1008,9";"1,6";"83,0";"5,5";"";"0,0"
"09/05/2026";"0800";"24,4";"28,2";"24,4";"96,0";"96,0";"51,0";"23,8";"23,8";"17,6";"1009,9";"1010,0";"1009,2";"2,0";"198,0";"5,1";"";"0,0"
"09/05/2026";"0900";"24,2";"24,5";"24,2";"100,0";"100,0";"96,0";"24,2";"24,3";"23,8";"1010,1";"1010,1";"1009,9";"1,0";"178,0";"5,5";"";"0,0"
"09/05/2026";"1000";"23,7";"24,4";"23,7";"100,0";"100,0";"97,0";"23,7";"24,2";"23,7";"1010,9";"1010,9";"1010,1";"0,6";"63,0";"4,7";"16,10";"0,0"
"09/05/2026";"1100";"23,6";"24,1";"22,8";"100,0";"100,0";"98,0";"23,6";"23,9";"22,7";"1012,5";"1012,5";"1010,8";"0,6";"272,0";"3,1";"180,80";"0,0"
"09/05/2026";"1200";"24,6";"25,3";"23,6";"92,0";"100,0";"89,0";"23,2";"24,6";"22,7";"1013,7";"1013,7";"1012,4";"1,9";"322,0";"3,2";"650,40";"0,0"
"09/05/2026";"1300";"25,8";"26,0";"24,5";"83,0";"93,0";"83,0";"22,8";"23,9";"22,8";"1014,0";"1014,0";"1013,7";"0,9";"321,0";"2,9";"905,40";"0,0"
"09/05/2026";"1400";"26,9";"27,0";"25,5";"81,0";"86,0";"80,0";"23,4";"23,8";"22,6";"1013,7";"1014,0";"1013,7";"0,7";"172,0";"3,3";"1238,20";"0,0"
"09/05/2026";"1500";"27,5";"27,8";"26,6";"73,0";"83,0";"72,0";"22,2";"23,6";"22,1";"1013,5";"1013,9";"1013,5";"1,2";"96,0";"2,8";"1104,80";"0,0"
"09/05/2026";"1600";"26,7";"28,1";"26,7";"86,0";"86,0";"72,0";"24,2";"24,2";"22,3";"1013,1";"1013,5";"1013,1";"2,5";"147,0";"4,8";"1476,80";"0,0"
"09/05/2026";"1700";"25,8";"26,8";"25,8";"87,0";"90,0";"86,0";"23,5";"24,6";"23,5";"1012,8";"1013,1";"1012,8";"2,1";"176,0";"5,7";"453,30";"0,0"
"09/05/2026";"1800";"24,9";"25,9";"24,9";"97,0";"97,0";"87,0";"24,3";"24,3";"23,5";"1013,0";"1013,0";"1012,8";"0,8";"167,0";"4,9";"88,10";"0,0"
"09/05/2026";"1900";"24,5";"24,9";"24,5";"100,0";"100,0";"97,0";"24,5";"24,8";"24,4";"1012,8";"1013,0";"1012,8";"0,6";"290,0";"2,6";"159,10";"0,0"
"09/05/2026";"2000";"24,2";"24,5";"24,1";"100,0";"100,0";"100,0";"24,2";"24,5";"24,1";"1013,2";"1013,2";"1012,8";"0,5";"298,0";"2,0";"52,50";"0,0"
"09/05/2026";"2100";"24,0";"24,2";"24,0";"100,0";"100,0";"100,0";"24,0";"24,2";"24,0";"1013,9";"1013,9";"1013,2";"0,7";"263,0";"1,6";"";"0,0"
"09/05/2026";"2200";"23,6";"24,0";"23,6";"100,0";"100,0";"100,0";"23,6";"24,0";"23,6";"1014,4";"1014,4";"1013,9";"0,6";"262,0";"1,8";"";"0,0"
"09/05/2026";"2300";"23,2";"23,7";"23,1";"100,0";"100,0";"100,0";"23,1";"23,6";"23,1";"1015,2";"1015,2";"1014,4";"0,5";"214,0";"3,9";"";"6,0"
"10/05/2026";"0000";"22,1";"23,2";"22,1";"100,0";"100,0";"100,0";"22,1";"23,2";"22,1";"1015,9";"1015,9";"1015,2";"1,2";"228,0";"5,7";"";"3,0"
"10/05/2026";"0100";"21,8";"22,1";"21,7";"100,0";"100,0";"100,0";"21,7";"22,1";"21,7";"1015,9";"1015,9";"1015,7";"1,0";"215,0";"2,8";"";"0,2"
"10/05/2026";"0200";"21,2";"21,9";"21,2";"100,0";"100,0";"100,0";"21,2";"21,8";"21,2";"1016,3";"1016,4";"1015,5";"0,4";"168,0";"2,6";"";"8,2"
"10/05/2026";"0300";"21,4";"21,4";"21,1";"100,0";"100,0";"100,0";"21,4";"21,4";"21,1";"1016,6";"1016,7";"1016,3";"1,0";"276,0";"3,7";"";"2,0"
"10/05/2026";"0400";"21,1";"21,5";"21,1";"100,0";"100,0";"100,0";"21,0";"21,5";"21,0";"1016,5";"1016,8";"1016,5";"2,1";"254,0";"6,9";"";"0,0"
"10/05/2026";"0500";"20,6";"21,2";"20,5";"100,0";"100,0";"100,0";"20,5";"21,2";"20,5";"1016,8";"1016,8";"1016,5";"2,8";"242,0";"9,5";"";"0,0"
"10/05/2026";"0600";"19,8";"20,6";"19,8";"100,0";"100,0";"100,0";"19,8";"20,6";"19,8";"1016,7";"1017,0";"1016,6";"1,9";"240,0";"9,8";"";"0,4"
"10/05/2026";"0700";"19,4";"20,3";"19,2";"100,0";"100,0";"98,0";"19,3";"20,2";"19,2";"1016,6";"1017,0";"1016,5";"1,6";"237,0";"6,8";"";"0,0"
"10/05/2026";"0800";"19,0";"19,5";"19,0";"100,0";"100,0";"100,0";"19,0";"19,4";"19,0";"1016,7";"1016,8";"1016,5";"1,4";"214,0";"4,4";"";"0,0"
"10/05/2026";"0900";"18,8";"19,0";"18,7";"100,0";"100,0";"100,0";"18,8";"19,0";"18,7";"1017,2";"1017,3";"1016,7";"1,4";"230,0";"4,4";"";"0,0"
"10/05/2026";"1000";"18,3";"18,9";"18,3";"100,0";"100,0";"100,0";"18,3";"18,9";"18,3";"1018,3";"1018,3";"1017,2";"1,4";"206,0";"4,8";"";"0,6"
"10/05/2026";"1100";"17,9";"18,3";"17,9";"100,0";"100,0";"100,0";"17,9";"18,3";"17,9";"1019,1";"1019,1";"1018,3";"1,1";"209,0";"4,7";"55,10";"2,0"
"10/05/2026";"1200";"18,3";"18,4";"17,9";"100,0";"100,0";"100,0";"18,3";"18,4";"17,9";"1019,2";"1019,3";"1019,1";"1,2";"238,0";"3,9";"204,20";"1,2"
"10/05/2026";"1300";"18,2";"18,5";"18,1";"100,0";"100,0";"100,0";"18,2";"18,5";"18,1";"1019,5";"1019,7";"1019,2";"1,6";"197,0";"3,9";"228,00";"2,4"
"10/05/2026";"1400";"18,7";"19,0";"18,1";"99,0";"100,0";"95,0";"18,4";"18,7";"17,8";"1019,3";"1019,6";"1019,2";"1,5";"249,0";"5,7";"223,20";"0,2"
"10/05/2026";"1500";"18,6";"18,8";"18,3";"100,0";"100,0";"98,0";"18,6";"18,8";"18,0";"1018,9";"1019,3";"1018,8";"1,6";"274,0";"5,1";"206,50";"0,6"
"10/05/2026";"1600";"17,7";"18,6";"17,7";"100,0";"100,0";"100,0";"17,7";"18,5";"17,7";"1018,3";"1018,9";"1018,3";"1,7";"243,0";"5,2";"270,70";"1,0"
"10/05/2026";"1700";"17,8";"17,9";"17,4";"100,0";"100,0";"100,0";"17,8";"17,9";"17,3";"1017,9";"1018,4";"1017,9";"1,6";"241,0";"5,7";"431,80";"1,2"
"10/05/2026";"1800";"17,5";"18,1";"17,5";"100,0";"100,0";"96,0";"17,5";"18,0";"17,1";"1017,6";"1017,9";"1017,5";"1,5";"201,0";"5,4";"163,90";"0,0"
"10/05/2026";"1900";"16,7";"17,5";"16,7";"100,0";"100,0";"100,0";"16,7";"17,4";"16,7";"1018,1";"1018,1";"1017,5";"1,3";"239,0";"6,2";"74,00";"0,6"
"10/05/2026";"2000";"16,3";"16,8";"16,3";"100,0";"100,0";"100,0";"16,3";"16,8";"16,3";"1018,7";"1018,7";"1018,1";"1,2";"233,0";"4,2";"36,40";"5,2"
"10/05/2026";"2100";"16,0";"16,3";"16,0";"100,0";"100,0";"100,0";"16,0";"16,2";"16,0";"1019,2";"1019,3";"1018,7";"1,2";"206,0";"4,4";"3,40";"1,4"
"10/05/2026";"2200";"15,7";"16,1";"15,6";"100,0";"100,0";"100,0";"15,7";"16,1";"15,6";"1019,3";"1019,6";"1019,2";"0,5";"155,0";"4,2";"";"2,2"
"10/05/2026";"2300";"15,9";"16,0";"15,6";"100,0";"100,0";"100,0";"15,9";"16,0";"15,6";"1018,9";"1019,4";"1018,9";"0,5";"30,0";"2,2";"";"0,8"
"11/05/2026";"0000";"15,8";"16,3";"15,8";"100,0";"100,0";"100,0";"15,8";"16,2";"15,8";"1019,1";"1019,1";"1018,7";"0,8";"214,0";"2,5";"";"0,2"
"11/05/2026";"0100";"16,0";"16,3";"15,7";"100,0";"100,0";"100,0";"16,0";"16,3";"15,7";"1019,8";"1019,9";"1019,1";"1,3";"234,0";"3,4";"";"0,0"
"11/05/2026";"0200";"16,3";"16,3";"15,9";"100,0";"100,0";"100,0";"16,3";"16,3";"15,9";"1019,8";"1020,0";"1019,7";"1,0";"240,0";"3,7";"";"0,0"
"11/05/2026";"0300";"16,6";"16,6";"16,2";"97,0";"100,0";"97,0";"16,1";"16,6";"16,1";"1019,6";"1020,1";"1019,6";"1,8";"233,0";"4,2";"";"0,2"
"11/05/2026";"0400";"16,6";"16,9";"16,4";"92,0";"100,0";"88,0";"15,3";"16,7";"14,8";"1019,2";"1019,7";"1019,2";"1,8";"227,0";"4,9";"1,30";"0,0"
"11/05/2026";"0500";"15,8";"16,6";"15,8";"97,0";"97,0";"85,0";"15,4";"15,5";"14,0";"1019,0";"1019,2";"1019,0";"1,6";"205,0";"4,9";"";"0,0"
"11/05/2026";"0600";"14,8";"15,8";"14,8";"100,0";"100,0";"97,0";"14,8";"15,7";"14,8";"1019,2";"1019,2";"1019,0";"0,9";"244,0";"3,9";"";"0,0"
"11/05/2026";"0700";"14,8";"15,1";"14,7";"100,0";"100,0";"100,0";"14,7";"15,1";"14,7";"1019,3";"1019,4";"1019,1";"0,8";"282,0";"2,2";"";"0,0"
"11/05/2026";"0800";"13,6";"15,1";"13,4";"100,0";"100,0";"100,0";"13,5";"15,1";"13,4";"1019,0";"1019,3";"1019,0";"0,6";"9,0";"2,5";"";"0,0"
"11/05/2026";"0900";"13,6";"14,0";"13,2";"100,0";"100,0";"100,0";"13,6";"14,0";"13,2";"1019,6";"1019,6";"1019,0";"1,7";"295,0";"2,5";"";"0,0"
"11/05/2026";"1000";"13,5";"13,7";"12,9";"100,0";"100,0";"100,0";"13,5";"13,7";"12,9";"1020,2";"1020,2";"1019,6";"1,4";"327,0";"2,4";"18,10";"0,0"
"11/05/2026";"1100";"13,5";"13,5";"12,9";"100,0";"100,0";"100,0";"13,5";"13,5";"12,9";"1020,6";"1020,7";"1020,1";"0,9";"226,0";"2,7";"146,20";"0,0"
"11/05/2026";"1200";"16,8";"16,9";"13,5";"78,0";"100,0";"76,0";"12,9";"14,8";"12,5";"1021,2";"1021,3";"1020,6";"0,9";"240,0";"2,1";"837,80";"0,0"
"11/05/2026";"1300";"19,3";"19,3";"16,8";"59,0";"80,0";"56,0";"11,0";"13,4";"9,5";"1021,3";"1021,4";"1021,1";"0,8";"285,0";"2,2";"1892,00";"0,0"
"11/05/2026";"1400";"20,1";"20,4";"19,3";"59,0";"67,0";"56,0";"11,8";"13,3";"10,8";"1020,9";"1021,3";"1020,9";"1,3";"205,0";"3,5";"2129,90";"0,0"
"11/05/2026";"1500";"20,0";"21,2";"19,7";"58,0";"62,0";"55,0";"11,6";"13,0";"10,5";"1019,8";"1020,9";"1019,8";"1,1";"206,0";"4,0";"1870,70";"0,0"
"11/05/2026";"1600";"20,8";"21,3";"20,0";"57,0";"61,0";"52,0";"12,1";"13,3";"10,9";"1018,9";"1019,8";"1018,9";"1,4";"284,0";"3,4";"1576,90";"0,0"
"11/05/2026";"1700";"21,2";"21,8";"20,6";"56,0";"59,0";"52,0";"12,2";"12,9";"10,7";"1018,1";"1018,9";"1018,1";"2,4";"100,0";"4,0";"1912,80";"0,0"
"11/05/2026";"1800";"21,3";"21,4";"20,8";"55,0";"58,0";"55,0";"11,9";"12,8";"11,5";"1017,9";"1018,1";"1017,8";"1,9";"126,0";"4,2";"1921,90";"0,2"
"11/05/2026";"1900";"20,0";"21,2";"20,0";"65,0";"65,0";"55,0";"13,1";"13,3";"11,7";"1018,4";"1018,4";"1017,9";"1,5";"166,0";"4,8";"1042,90";"0,0"
"11/05/2026";"2000";"19,6";"20,0";"19,6";"68,0";"68,0";"63,0";"13,5";"13,5";"12,9";"1018,8";"1018,9";"1018,4";"0,8";"220,0";"4,1";"193,60";"0,0"
"11/05/2026";"2100";"19,2";"19,6";"19,2";"81,0";"83,0";"68,0";"15,8";"16,4";"13,4";"1019,4";"1019,4";"1018,7";"2,0";"290,0";"2,6";"12,80";"0,0"
"11/05/2026";"2200";"18,2";"19,2";"18,1";"88,0";"94,0";"79,0";"16,2";"17,2";"15,2";"1019,9";"1019,9";"1019,4";"0,8";"272,0";"2,6";"";"0,0"
"11/05/2026";"2300";"17,7";"18,2";"17,6";"91,0";"98,0";"88,0";"16,2";"17,4";"16,1";"1020,4";"1020,4";"1019,9";"0,7";"260,0";"2,2";"";"0,0"
"12/05/2026";"0000";"16,9";"17,8";"16,6";"100,0";"100,0";"91,0";"16,9";"16,9";"16,2";"1021,0";"1021,0";"1020,4";"1,1";"313,0";"1,7";"";"0,0"
"12/05/2026";"0100";"16,1";"17,1";"16,0";"100,0";"100,0";"98,0";"16,1";"17,0";"16,0";"1021,1";"1021,1";"1021,0";"0,5";"248,0";"1,7";"";"0,0"
"12/05/2026";"0200";"15,7";"16,4";"15,6";"100,0";"100,0";"100,0";"15,7";"16,4";"15,6";"1021,0";"1021,2";"1021,0";"0,7";"262,0";"2,1";"";"0,0"
"12/05/2026";"0300";"15,7";"16,1";"15,6";"100,0";"100,0";"100,0";"15,7";"16,1";"15,6";"1020,9";"1021,1";"1020,9";"0,9";"251,0";"2,3";"";"0,0"
"12/05/2026";"0400";"15,5";"15,8";"15,5";"100,0";"100,0";"100,0";"15,5";"15,8";"15,4";"1020,8";"1020,9";"1020,8";"0,7";"247,0";"2,0";"";"0,0"
"12/05/2026";"0500";"15,4";"15,5";"15,2";"100,0";"100,0";"100,0";"15,4";"15,5";"15,2";"1020,6";"1020,9";"1020,6";"1,1";"283,0";"2,2";"";"0,0"
"12/05/2026";"0600";"15,1";"15,6";"15,1";"100,0";"100,0";"100,0";"15,1";"15,6";"15,1";"1020,1";"1020,6";"1020,1";"1,0";"273,0";"2,7";"";"0,0"
"12/05/2026";"0700";"15,1";"15,2";"14,9";"100,0";"100,0";"100,0";"15,1";"15,2";"14,9";"1019,8";"1020,1";"1019,8";"0,7";"266,0";"2,6";"";"0,0"
"12/05/2026";"0800";"14,9";"15,3";"14,8";"100,0";"100,0";"100,0";"14,9";"15,3";"14,8";"1020,0";"1020,0";"1019,8";"0,7";"259,0";"2,5";"";"0,2"
"12/05/2026";"0900";"14,8";"14,9";"14,6";"100,0";"100,0";"100,0";"14,8";"14,8";"14,6";"1020,5";"1020,5";"1020,0";"0,9";"276,0";"2,2";"";"0,0"
"12/05/2026";"1000";"14,7";"15,0";"14,3";"100,0";"100,0";"100,0";"14,7";"15,0";"14,3";"1021,0";"1021,0";"1020,5";"1,1";"266,0";"2,1";"19,50";"0,0"
"12/05/2026";"1100";"16,2";"16,3";"14,7";"100,0";"100,0";"100,0";"16,2";"16,2";"14,7";"1021,5";"1021,5";"1021,0";"1,0";"273,0";"2,5";"131,20";"0,0"
"12/05/2026";"1200";"19,5";"19,6";"16,2";"75,0";"100,0";"75,0";"14,9";"17,0";"14,9";"1021,9";"1021,9";"1021,5";"0,2";"338,0";"2,2";"916,50";"0,0"
"12/05/2026";"1300";"21,0";"21,8";"19,5";"63,0";"76,0";"59,0";"13,8";"15,4";"12,8";"1021,7";"1022,0";"1021,7";"1,1";"42,0";"3,0";"1877,10";"0,0"
"12/05/2026";"1400";"21,7";"22,2";"20,7";"61,0";"65,0";"59,0";"13,8";"14,6";"13,1";"1020,8";"1021,7";"1020,8";"2,5";"103,0";"5,0";"1694,70";"0,0"
"12/05/2026";"1500";"21,9";"22,4";"21,7";"59,0";"63,0";"57,0";"13,4";"14,6";"13,0";"1019,8";"1020,8";"1019,8";"2,1";"113,0";"5,2";"2675,90";"0,0"
"12/05/2026";"1600";"22,3";"22,7";"21,9";"58,0";"60,0";"55,0";"13,7";"14,2";"12,9";"1018,6";"1019,8";"1018,6";"2,8";"112,0";"5,3";"2603,70";"0,0"
"12/05/2026";"1700";"22,5";"22,9";"21,4";"54,0";"59,0";"52,0";"12,8";"14,3";"12,0";"1017,9";"1018,6";"1017,9";"1,7";"126,0";"5,3";"1820,20";"0,0"
"12/05/2026";"1800";"22,1";"22,9";"21,9";"58,0";"58,0";"51,0";"13,4";"13,4";"11,8";"1017,3";"1017,9";"1017,3";"1,6";"82,0";"4,9";"1750,20";"0,0"
"12/05/2026";"1900";"21,3";"22,7";"21,3";"60,0";"60,0";"54,0";"13,3";"13,9";"12,6";"1016,9";"1017,3";"1016,8";"1,4";"94,0";"4,2";"1108,90";"0,0"
"12/05/2026";"2000";"21,0";"22,0";"21,0";"67,0";"67,0";"58,0";"14,6";"14,6";"12,8";"1017,0";"1017,0";"1016,9";"1,0";"50,0";"3,7";"412,00";"0,0"
"12/05/2026";"2100";"18,4";"21,0";"18,3";"90,0";"90,0";"67,0";"16,7";"16,7";"14,4";"1017,3";"1017,3";"1017,0";"1,3";"321,0";"3,4";"23,00";"0,0"
"12/05/2026";"2200";"17,1";"18,4";"17,1";"98,0";"99,0";"89,0";"16,8";"17,4";"16,5";"1017,8";"1017,8";"1017,3";"1,1";"301,0";"2,0";"";"0,0"
"12/05/2026";"2300";"16,8";"17,1";"16,6";"100,0";"100,0";"98,0";"16,8";"17,1";"16,6";"1018,3";"1018,3";"1017,8";"1,3";"316,0";"1,9";"";"0,0"
"13/05/2026";"0000";"16,1";"16,9";"16,0";"100,0";"100,0";"100,0";"16,1";"16,8";"16,0";"1018,4";"1018,4";"1018,2";"1,0";"299,0";"1,9";"";"0,0"
"13/05/2026";"0100";"16,1";"16,2";"15,8";"100,0";"100,0";"100,0";"16,1";"16,2";"15,8";"1018,0";"1018,4";"1018,0";"0,9";"304,0";"1,8";"";"0,0"
"13/05/2026";"0200";"15,9";"16,2";"15,9";"100,0";"100,0";"100,0";"15,9";"16,2";"15,8";"1018,0";"1018,1";"1017,9";"0,9";"276,0";"2,4";"";"0,0"
"13/05/2026";"0300";"16,5";"16,7";"15,9";"100,0";"100,0";"100,0";"16,5";"16,7";"16,0";"1017,5";"1018,0";"1017,5";"1,4";"290,0";"2,6";"";"0,0"
"13/05/2026";"0400";"15,3";"16,6";"15,3";"100,0";"100,0";"100,0";"15,3";"16,5";"15,3";"1016,9";"1017,5";"1016,8";"0,4";"148,0";"2,1";"";"0,0"
"13/05/2026";"0500";"15,7";"16,0";"15,1";"100,0";"100,0";"100,0";"15,7";"16,0";"15,1";"1016,3";"1016,9";"1016,3";"0,6";"243,0";"1,9";"";"0,0"
"13/05/2026";"0600";"15,7";"16,1";"15,5";"100,0";"100,0";"100,0";"15,7";"16,0";"15,4";"1016,1";"1016,3";"1016,1";"0,9";"254,0";"2,4";"";"0,0"
"13/05/2026";"0700";"15,3";"15,9";"15,3";"100,0";"100,0";"100,0";"15,3";"15,9";"15,3";"1015,8";"1016,1";"1015,8";"0,8";"262,0";"2,4";"";"0,2"
"13/05/2026";"0800";"15,5";"15,5";"15,0";"100,0";"100,0";"100,0";"15,5";"15,5";"15,0";"1016,0";"1016,0";"1015,8";"0,9";"248,0";"2,5";"";"0,0"
"13/05/2026";"0900";"15,1";"16,0";"15,1";"100,0";"100,0";"100,0";"15,1";"16,0";"15,1";"1016,3";"1016,3";"1016,0";"0,4";"42,0";"2,7";"";"0,0"
"13/05/2026";"1000";"15,1";"15,6";"14,6";"100,0";"100,0";"100,0";"15,1";"15,6";"14,6";"1016,6";"1016,6";"1016,3";"0,7";"270,0";"1,6";"18,00";"0,0"
"13/05/2026";"1100";"16,6";"16,6";"15,0";"100,0";"100,0";"100,0";"16,6";"16,6";"15,0";"1017,1";"1017,1";"1016,6";"0,5";"226,0";"1,8";"117,70";"0,0"
"13/05/2026";"1200";"20,2";"20,2";"16,6";"82,0";"100,0";"80,0";"17,0";"17,9";"16,5";"1017,5";"1017,5";"1017,1";"1,5";"211,0";"3,4";"888,70";"0,2"
"13/05/2026";"1300";"22,4";"22,4";"20,2";"68,0";"82,0";"67,0";"16,3";"17,3";"15,8";"1017,8";"1017,9";"1017,6";"1,3";"177,0";"3,1";"1846,10";"0,0"
"13/05/2026";"1400";"24,4";"24,4";"22,3";"64,0";"69,0";"62,0";"17,2";"17,2";"15,6";"1017,3";"1017,9";"1017,3";"1,2";"115,0";"3,0";"2309,40";"0,0"
"13/05/2026";"1500";"24,0";"24,7";"23,9";"62,0";"67,0";"60,0";"16,2";"17,6";"15,7";"1016,6";"1017,3";"1016,6";"2,2";"114,0";"4,3";"2490,90";"0,0"
"13/05/2026";"1600";"24,0";"24,4";"23,7";"64,0";"68,0";"62,0";"16,8";"17,7";"16,4";"1015,9";"1016,6";"1015,9";"2,4";"108,0";"4,9";"2402,90";"0,0"
"13/05/2026";"1700";"24,0";"24,6";"23,8";"65,0";"66,0";"62,0";"17,0";"17,5";"16,5";"1015,2";"1016,0";"1015,2";"2,5";"112,0";"5,1";"2187,80";"0,0"
"13/05/2026";"1800";"23,8";"24,6";"23,8";"67,0";"67,0";"64,0";"17,2";"17,8";"16,8";"1015,3";"1015,3";"1015,0";"2,0";"128,0";"4,5";"1679,60";"0,0"
"13/05/2026";"1900";"23,4";"23,9";"23,4";"70,0";"71,0";"67,0";"17,6";"18,0";"17,0";"1015,2";"1015,5";"1015,2";"1,5";"130,0";"4,0";"958,70";"0,0"
"13/05/2026";"2000";"22,6";"23,5";"22,6";"76,0";"77,0";"69,0";"18,1";"18,3";"17,4";"1015,7";"1015,8";"1015,2";"1,0";"153,0";"3,6";"333,70";"0,0"
"13/05/2026";"2100";"21,2";"22,6";"21,2";"97,0";"97,0";"76,0";"20,7";"20,8";"18,1";"1016,2";"1016,2";"1015,7";"1,2";"330,0";"2,0";"21,00";"0,0"
"13/05/2026";"2200";"19,8";"21,2";"19,8";"100,0";"100,0";"97,0";"19,8";"20,8";"19,8";"1016,7";"1016,7";"1016,2";"0,6";"264,0";"1,8";"";"0,0"
"13/05/2026";"2300";"18,9";"19,8";"18,9";"86,0";"100,0";"80,0";"16,5";"19,8";"15,9";"1017,3";"1017,4";"1016,7";"0,7";"342,0";"2,4";"";"0,0"
"14/05/2026";"0000";"18,3";"18,9";"18,2";"98,0";"98,0";"85,0";"17,9";"17,9";"16,4";"1017,1";"1017,3";"1017,1";"0,9";"285,0";"1,5";"";"0,0"
"14/05/2026";"0100";"18,0";"18,3";"17,8";"100,0";"100,0";"98,0";"18,0";"18,3";"17,8";"1016,7";"1017,1";"1016,6";"1,0";"297,0";"1,5";"";"0,0"
"14/05/2026";"0200";"17,3";"18,0";"17,3";"100,0";"100,0";"100,0";"17,3";"18,0";"17,3";"1016,7";"1016,7";"1016,6";"0,8";"304,0";"2,0";"";"0,0"
"14/05/2026";"0300";"17,1";"17,5";"16,8";"92,0";"100,0";"92,0";"15,7";"17,5";"15,7";"1016,2";"1016,8";"1016,2";"1,1";"334,0";"2,5";"";"0,0"
"14/05/2026";"0400";"16,9";"17,3";"16,6";"100,0";"100,0";"83,0";"16,9";"17,0";"14,3";"1016,0";"1016,2";"1015,9";"0,6";"263,0";"2,5";"";"0,0"
"14/05/2026";"0500";"17,8";"17,8";"16,8";"100,0";"100,0";"100,0";"17,8";"17,8";"16,8";"1016,1";"1016,2";"1016,0";"1,1";"272,0";"2,2";"";"0,0"
"14/05/2026";"0600";"17,7";"18,0";"17,6";"100,0";"100,0";"100,0";"17,7";"18,0";"17,6";"1015,5";"1016,1";"1015,5";"1,4";"284,0";"2,5";"";"0,0"
"14/05/2026";"0700";"17,9";"18,0";"17,6";"100,0";"100,0";"100,0";"17,9";"18,0";"17,6";"1015,5";"1015,7";"1015,4";"1,1";"301,0";"2,0";"";"0,0"
"14/05/2026";"0800";"17,8";"18,1";"17,8";"100,0";"100,0";"100,0";"17,8";"18,1";"17,8";"1015,7";"1015,7";"1015,5";"0,8";"253,0";"1,9";"";"0,0"
"14/05/2026";"0900";"18,1";"18,1";"17,8";"100,0";"100,0";"100,0";"18,1";"18,1";"17,8";"1016,5";"1016,5";"1015,7";"1,1";"253,0";"3,6";"";"0,0"
"14/05/2026";"1000";"18,3";"18,3";"18,1";"95,0";"100,0";"94,0";"17,4";"18,2";"17,3";"1017,0";"1017,0";"1016,5";"1,4";"224,0";"4,0";"5,40";"0,0"
"14/05/2026";"1100";"19,1";"19,1";"18,3";"98,0";"99,0";"95,0";"18,7";"18,8";"17,4";"1017,4";"1017,4";"1017,0";"1,3";"275,0";"3,2";"124,90";"0,0"
"14/05/2026";"1200";"20,4";"20,4";"19,1";"93,0";"98,0";"92,0";"19,1";"19,5";"18,5";"1018,0";"1018,0";"1017,4";"1,0";"273,0";"1,9";"465,20";"0,0"
"14/05/2026";"1300";"22,9";"23,3";"20,4";"74,0";"94,0";"73,0";"18,0";"19,8";"17,9";"1018,2";"1018,2";"1018,0";"1,1";"203,0";"3,0";"1381,30";"0,0"
"14/05/2026";"1400";"22,6";"23,1";"22,4";"77,0";"79,0";"74,0";"18,4";"19,0";"17,9";"1017,8";"1018,2";"1017,8";"1,3";"207,0";"3,3";"1193,40";"0,0"
"14/05/2026";"1500";"22,6";"22,9";"22,5";"81,0";"81,0";"76,0";"19,1";"19,2";"18,3";"1017,4";"1017,8";"1017,4";"1,0";"242,0";"3,0";"645,20";"0,0"
"14/05/2026";"1600";"22,6";"22,8";"22,4";"81,0";"82,0";"77,0";"19,2";"19,6";"18,4";"1016,5";"1017,4";"1016,5";"0,9";"277,0";"2,4";"531,60";"0,0"
"14/05/2026";"1700";"22,2";"22,7";"22,2";"86,0";"86,0";"79,0";"19,7";"19,7";"18,8";"1015,8";"1016,5";"1015,8";"1,0";"213,0";"2,4";"284,90";"0,0"
"14/05/2026";"1800";"22,1";"22,2";"22,1";"86,0";"87,0";"85,0";"19,8";"19,9";"19,5";"1015,4";"1015,9";"1015,4";"0,6";"135,0";"2,4";"156,20";"0,0"
"14/05/2026";"1900";"22,0";"22,2";"21,9";"89,0";"89,0";"86,0";"20,1";"20,1";"19,6";"1015,8";"1015,8";"1015,3";"0,6";"272,0";"1,6";"94,40";"0,0"
"14/05/2026";"2000";"21,7";"22,0";"21,7";"93,0";"94,0";"88,0";"20,6";"20,8";"20,0";"1016,2";"1016,2";"1015,8";"1,5";"314,0";"2,1";"36,20";"0,0"
"14/05/2026";"2100";"21,5";"21,8";"21,5";"95,0";"96,0";"92,0";"20,8";"20,8";"20,2";"1016,6";"1016,6";"1016,2";"1,1";"334,0";"2,1";"3,50";"0,0"
"14/05/2026";"2200";"21,1";"21,5";"21,1";"100,0";"100,0";"95,0";"21,1";"21,3";"20,8";"1017,3";"1017,3";"1016,6";"0,7";"352,0";"1,8";"";"0,0"
"14/05/2026";"2300";"20,2";"21,1";"20,2";"100,0";"100,0";"100,0";"20,2";"21,1";"20,2";"1017,6";"1017,7";"1017,3";"0,6";"326,0";"1,6";"";"0,0"
"15/05/2026";"0000";"19,7";"20,2";"19,4";"100,0";"100,0";"100,0";"19,7";"20,1";"19,4";"1017,8";"1017,8";"1017,6";"0,6";"351,0";"1,2";"";"0,0"
"15/05/2026";"0100";"18,9";"19,7";"18,9";"100,0";"100,0";"100,0";"18,9";"19,7";"18,9";"1017,7";"1017,9";"1017,6";"0,6";"258,0";"2,8";"";"0,0"
"15/05/2026";"0200";"18,7";"19,1";"18,7";"100,0";"100,0";"100,0";"18,7";"19,1";"18,7";"1017,2";"1017,7";"1017,2";"0,7";"294,0";"1,3";"";"0,0"
"15/05/2026";"0300";"18,6";"18,9";"18,5";"100,0";"100,0";"99,0";"18,5";"18,9";"18,4";"1016,7";"1017,3";"1016,7";"0,9";"350,0";"2,4";"";"0,0"
"15/05/2026";"0400";"18,2";"18,6";"18,0";"100,0";"100,0";"99,0";"18,2";"18,6";"18,0";"1016,2";"1016,7";"1016,1";"0,9";"293,0";"1,6";"";"0,0"
"15/05/2026";"0500";"18,7";"18,9";"18,1";"100,0";"100,0";"100,0";"18,7";"18,9";"18,1";"1016,3";"1016,4";"1016,2";"0,7";"249,0";"2,2";"";"0,0"
"15/05/2026";"0600";"18,9";"19,4";"18,6";"100,0";"100,0";"100,0";"18,8";"19,4";"18,6";"1016,3";"1016,4";"1016,1";"1,0";"255,0";"2,9";"";"0,0"
"15/05/2026";"0700";"18,7";"18,9";"18,7";"100,0";"100,0";"100,0";"18,7";"18,9";"18,7";"1016,4";"1016,4";"1016,2";"1,0";"202,0";"2,6";"";"0,0"
"15/05/2026";"0800";"18,9";"19,1";"18,7";"100,0";"100,0";"100,0";"18,9";"19,1";"18,7";"1016,3";"1016,4";"1016,2";"1,2";"208,0";"2,9";"";"0,0"
"15/05/2026";"0900";"19,0";"19,1";"18,8";"100,0";"100,0";"100,0";"19,0";"19,1";"18,8";"1016,7";"1016,8";"1016,4";"1,3";"298,0";"2,6";"";"0,0"
"15/05/2026";"1000";"19,0";"19,1";"18,8";"100,0";"100,0";"100,0";"19,0";"19,1";"18,8";"1017,3";"1017,3";"1016,7";"0,9";"287,0";"1,8";"7,30";"0,0"
"15/05/2026";"1100";"19,8";"19,8";"19,0";"100,0";"100,0";"100,0";"19,8";"19,8";"18,9";"1018,1";"1018,1";"1017,3";"0,7";"262,0";"2,4";"179,80";"0,0"
"15/05/2026";"1200";"20,4";"20,6";"19,8";"97,0";"100,0";"96,0";"20,0";"20,4";"19,8";"1018,6";"1018,6";"1018,1";"0,9";"283,0";"2,5";"319,30";"0,0"
"15/05/2026";"1300";"21,0";"21,0";"20,3";"99,0";"100,0";"97,0";"20,8";"20,9";"19,9";"1018,9";"1018,9";"1018,6";"0,6";"268,0";"1,9";"390,80";"0,0"
"15/05/2026";"1400";"21,4";"21,5";"20,9";"95,0";"99,0";"95,0";"20,6";"21,3";"20,6";"1018,4";"1018,9";"1018,4";"0,7";"216,0";"2,4";"429,50";"0,0"
"15/05/2026";"1500";"21,6";"21,7";"21,4";"95,0";"97,0";"95,0";"20,8";"21,1";"20,6";"1017,7";"1018,4";"1017,7";"0,5";"346,0";"2,7";"488,60";"0,0"
"15/05/2026";"1600";"22,8";"22,9";"21,5";"90,0";"99,0";"87,0";"21,1";"21,8";"20,2";"1016,2";"1017,7";"1016,2";"0,9";"301,0";"1,9";"1087,10";"0,8"
"15/05/2026";"1700";"21,8";"22,9";"21,8";"98,0";"98,0";"88,0";"21,4";"21,6";"20,4";"1016,1";"1016,2";"1015,6";"1,0";"181,0";"3,1";"432,90";"0,0"
"15/05/2026";"1800";"21,8";"21,9";"21,6";"99,0";"100,0";"97,0";"21,8";"21,8";"21,3";"1016,2";"1016,4";"1016,1";"0,6";"180,0";"2,1";"200,00";"0,0"
"15/05/2026";"1900";"21,9";"22,1";"21,8";"98,0";"100,0";"96,0";"21,5";"22,0";"21,4";"1016,5";"1016,5";"1016,2";"1,2";"310,0";"1,9";"220,80";"0,0"
"15/05/2026";"2000";"21,0";"21,9";"21,0";"100,0";"100,0";"98,0";"21,0";"21,9";"21,0";"1016,8";"1017,0";"1016,5";"0,7";"190,0";"1,6";"66,50";"0,8"
"15/05/2026";"2100";"20,7";"21,1";"20,7";"100,0";"100,0";"100,0";"20,7";"21,1";"20,7";"1016,7";"1016,9";"1016,7";"0,4";"29,0";"1,4";"1,50";"0,8"
"15/05/2026";"2200";"20,5";"20,9";"20,5";"100,0";"100,0";"100,0";"20,5";"20,9";"20,5";"1016,3";"1016,7";"1016,2";"0,4";"60,0";"1,7";"";"0,2"
"15/05/2026";"2300";"20,3";"20,7";"20,3";"100,0";"100,0";"100,0";"20,3";"20,6";"20,3";"1016,6";"1016,7";"1016,2";"0,5";"232,0";"2,2";"";"0,2"
"16/05/2026";"0000";"20,6";"20,8";"20,3";"100,0";"100,0";"100,0";"20,6";"20,8";"20,3";"1017,5";"1017,5";"1016,6";"0,5";"242,0";"1,6";"";"0,0"
"16/05/2026";"0100";"20,3";"20,6";"20,3";"100,0";"100,0";"100,0";"20,3";"20,6";"20,3";"1016,8";"1017,5";"1016,8";"0,6";"257,0";"3,4";"";"0,0"
"16/05/2026";"0200";"20,1";"20,5";"20,0";"100,0";"100,0";"100,0";"20,1";"20,5";"20,0";"1016,1";"1016,8";"1016,1";"0,7";"348,0";"2,5";"";"0,2"
"16/05/2026";"0300";"19,8";"20,1";"19,7";"100,0";"100,0";"100,0";"19,8";"20,0";"19,7";"1015,3";"1016,2";"1015,3";"0,5";"356,0";"1,6";"";"0,0"
"16/05/2026";"0400";"19,9";"20,0";"19,4";"100,0";"100,0";"100,0";"19,9";"19,9";"19,4";"1014,2";"1015,3";"1014,2";"1,3";"333,0";"3,5";"";"0,0"
"16/05/2026";"0500";"19,4";"20,0";"19,2";"100,0";"100,0";"100,0";"19,4";"20,0";"19,2";"1013,8";"1014,3";"1013,8";"1,3";"215,0";"3,1";"";"0,0"
"16/05/2026";"0600";"19,4";"19,6";"19,4";"100,0";"100,0";"100,0";"19,4";"19,6";"19,4";"1014,0";"1014,0";"1013,8";"1,0";"195,0";"4,0";"";"0,0"
"16/05/2026";"0700";"19,4";"19,5";"19,2";"100,0";"100,0";"100,0";"19,4";"19,5";"19,2";"1014,5";"1014,5";"1014,0";"1,0";"211,0";"4,6";"";"0,0"
"16/05/2026";"0800";"19,2";"19,7";"19,2";"100,0";"100,0";"100,0";"19,2";"19,6";"19,2";"1014,7";"1014,7";"1014,4";"1,1";"324,0";"3,8";"";"0,0"
"16/05/2026";"0900";"19,0";"19,2";"18,7";"100,0";"100,0";"100,0";"18,9";"19,2";"18,7";"1015,4";"1015,4";"1014,7";"1,1";"284,0";"2,3";"";"0,0"
"16/05/2026";"1000";"19,2";"19,3";"18,9";"100,0";"100,0";"100,0";"19,1";"19,3";"18,9";"1015,9";"1015,9";"1015,3";"1,1";"311,0";"2,0";"16,10";"0,0"
"16/05/2026";"1100";"20,8";"20,8";"19,1";"100,0";"100,0";"100,0";"20,8";"20,8";"19,1";"1016,3";"1016,4";"1015,9";"0,5";"248,0";"2,0";"279,20";"0,2"
"16/05/2026";"1200";"22,6";"22,7";"20,6";"90,0";"100,0";"90,0";"20,9";"21,8";"20,6";"1016,8";"1016,9";"1016,3";"0,8";"184,0";"2,9";"646,90";"0,0"
"16/05/2026";"1300";"23,9";"24,4";"22,5";"79,0";"91,0";"74,0";"20,0";"22,1";"19,4";"1016,9";"1017,1";"1016,8";"1,0";"215,0";"2,5";"1414,30";"0,0"
"16/05/2026";"1400";"24,2";"24,5";"23,9";"80,0";"81,0";"75,0";"20,5";"20,7";"19,4";"1016,6";"1017,0";"1016,6";"1,6";"117,0";"2,9";"1693,20";"0,0"
"16/05/2026";"1500";"23,7";"24,4";"23,6";"82,0";"83,0";"78,0";"20,5";"21,2";"20,0";"1015,9";"1016,6";"1015,9";"1,5";"142,0";"3,5";"991,40";"0,0"
"16/05/2026";"1600";"23,4";"23,9";"23,4";"82,0";"84,0";"80,0";"20,1";"20,8";"20,1";"1015,3";"1015,9";"1015,3";"1,2";"135,0";"3,4";"792,40";"0,0"
"16/05/2026";"1700";"23,4";"24,0";"23,3";"87,0";"88,0";"80,0";"21,1";"21,3";"20,2";"1014,7";"1015,3";"1014,7";"1,5";"166,0";"3,4";"731,60";"0,0"
"16/05/2026";"1800";"23,2";"23,5";"23,1";"90,0";"90,0";"86,0";"21,5";"21,5";"20,9";"1014,4";"1014,7";"1014,2";"1,2";"142,0";"3,1";"479,10";"0,0"
"16/05/2026";"1900";"";"";"";"";"";"";"";"";"";"";"";"";"";"";"";"";""
"16/05/2026";"2000";"";"";"";"";"";"";"";"";"";"";"";"";"";"";"";"";""
"16/05/2026";"2100";"";"";"";"";"";"";"";"";"";"";"";"";"";"";"";"";""
"16/05/2026";"2200";"";"";"";"";"";"";"";"";"";"";"";"";"";"";"";"";""
"16/05/2026";"2300";"";"";"";"";"";"";"";"";"";"";"";"";"";"";"";"";""