"Data";"Hora (UTC)";"Temp. Ins. (C)";"Temp. Max. (C)";"Temp. Min. (C)";"Umi. Ins. (%)";"Umi. Max. (%)";"Umi. Min. (%)";"Pto Orvalho Ins. (C)";"Pto Orvalho Max. (C)";"Pto Orvalho Min. (C)";"Pressao Ins. (hPa)";"Pressao Max. (hPa)";"Pressao Min. (hPa)";"Vel. Vento (m/s)";"Dir. Vento (m/s)";"Raj. Vento (m/s)";"Radiacao (KJ/m²)";"Chuva (mm)"
"01/01/2026";"0000";"18,5";"19,1";"18,4";"86,0";"86,0";"78,0";"16,1";"16,1";"15,2";"836,2";"836,2";"835,8";"1,1";"336,0";"3,5";"";"0,0"
"01/01/2026";"0100";"17,7";"18,5";"17,6";"89,0";"89,0";"86,0";"15,9";"16,1";"15,8";"836,5";"836,6";"836,2";"1,0";"353,0";"3,0";"";"0,0"
"01/01/2026";"0200";"17,1";"17,7";"17,1";"92,0";"92,0";"89,0";"15,8";"15,9";"15,7";"836,6";"836,7";"836,5";"0,3";"7,0";"1,4";"";"0,0"
"01/01/2026";"0300";"16,7";"17,1";"16,7";"95,0";"95,0";"92,0";"15,8";"15,9";"15,6";"836,0";"836,6";"836,0";"1,6";"341,0";"3,4";"";"0,0"
"01/01/2026";"0400";"16,6";"16,7";"16,5";"95,0";"96,0";"95,0";"15,8";"15,9";"15,7";"835,4";"836,0";"835,4";"1,2";"336,0";"2,6";"";"0,0"
"01/01/2026";"0500";"16,6";"16,7";"16,5";"95,0";"96,0";"95,0";"15,9";"15,9";"15,8";"834,6";"835,4";"834,6";"1,4";"339,0";"2,6";"";"0,0"
"01/01/2026";"0600";"16,4";"16,7";"16,2";"96,0";"96,0";"95,0";"15,7";"15,9";"15,5";"834,3";"834,7";"834,3";"0,6";"275,0";"2,6";"";"0,0"
"01/01/2026";"0700";"17,9";"17,9";"16,4";"90,0";"96,0";"90,0";"16,2";"16,2";"15,7";"834,2";"834,4";"834,2";"1,1";"244,0";"3,7";"";"0,0"
"01/01/2026";"0800";"18,0";"18,0";"17,8";"90,0";"90,0";"89,0";"16,3";"16,3";"16,0";"834,1";"834,2";"833,9";"1,2";"237,0";"4,4";"";"0,0"
"01/01/2026";"0900";"17,4";"18,0";"17,4";"94,0";"94,0";"90,0";"16,4";"16,4";"16,3";"834,6";"834,6";"834,1";"1,4";"227,0";"5,0";"24,20";"0,0"
"01/01/2026";"1000";"18,1";"18,1";"17,4";"87,0";"94,0";"87,0";"15,9";"16,4";"15,6";"834,7";"834,7";"834,5";"0,9";"225,0";"4,2";"201,90";"0,0"
"01/01/2026";"1100";"19,8";"19,9";"18,1";"77,0";"87,0";"76,0";"15,6";"16,3";"15,4";"834,6";"834,7";"834,6";"1,2";"215,0";"5,0";"895,40";"0,0"
"01/01/2026";"1200";"21,4";"21,6";"19,8";"68,0";"77,0";"67,0";"15,2";"16,4";"14,3";"834,8";"834,9";"834,6";"1,4";"225,0";"3,8";"1491,20";"0,0"
"01/01/2026";"1300";"23,1";"23,5";"21,3";"65,0";"69,0";"59,0";"16,2";"16,4";"14,3";"835,3";"835,3";"834,8";"2,0";"212,0";"5,8";"2940,30";"0,0"
"01/01/2026";"1400";"24,2";"24,3";"22,4";"64,0";"68,0";"60,0";"17,1";"17,2";"15,4";"835,1";"835,3";"835,1";"2,3";"202,0";"6,5";"3906,90";"0,0"
"01/01/2026";"1500";"23,1";"24,2";"22,0";"68,0";"76,0";"63,0";"16,8";"18,9";"15,7";"834,8";"835,1";"834,8";"2,0";"197,0";"6,5";"2906,30";"0,0"
"01/01/2026";"1600";"23,2";"24,1";"22,4";"73,0";"75,0";"66,0";"18,0";"18,7";"16,5";"834,1";"834,8";"834,1";"1,1";"213,0";"4,6";"2123,00";"0,0"
"01/01/2026";"1700";"23,6";"24,1";"22,0";"66,0";"74,0";"65,0";"16,9";"18,6";"16,2";"833,2";"834,1";"833,2";"1,3";"222,0";"4,2";"2335,50";"0,0"
"01/01/2026";"1800";"25,4";"26,1";"23,6";"57,0";"68,0";"57,0";"16,3";"18,5";"15,7";"832,6";"833,2";"832,5";"1,8";"176,0";"5,3";"2782,60";"0,0"
"01/01/2026";"1900";"23,6";"25,5";"23,6";"65,0";"67,0";"57,0";"16,6";"17,4";"15,6";"832,0";"832,6";"831,9";"1,7";"178,0";"5,4";"1785,20";"0,0"
"01/01/2026";"2000";"24,1";"24,7";"22,5";"65,0";"71,0";"62,0";"17,1";"17,8";"16,1";"831,8";"832,0";"831,5";"1,3";"180,0";"4,7";"887,20";"0,0"
"01/01/2026";"2100";"21,4";"24,1";"21,4";"77,0";"77,0";"64,0";"17,1";"17,4";"16,4";"832,1";"832,1";"831,8";"0,8";"201,0";"3,3";"317,80";"0,0"
"01/01/2026";"2200";"20,6";"21,4";"20,6";"80,0";"80,0";"74,0";"17,1";"17,1";"16,5";"832,6";"832,6";"832,0";"0,7";"226,0";"3,1";"14,90";"0,0"
"01/01/2026";"2300";"20,1";"20,6";"20,1";"80,0";"81,0";"79,0";"16,5";"17,0";"16,5";"833,1";"833,1";"832,5";"1,0";"235,0";"2,9";"";"0,0"
"02/01/2026";"0000";"19,7";"20,1";"19,7";"84,0";"84,0";"80,0";"16,9";"17,0";"16,4";"833,1";"833,2";"832,9";"0,5";"274,0";"2,6";"";"0,0"
"02/01/2026";"0100";"19,1";"19,7";"19,1";"88,0";"88,0";"84,0";"17,1";"17,1";"16,7";"833,7";"833,7";"833,1";"0,4";"282,0";"1,5";"";"0,0"
"02/01/2026";"0200";"18,8";"19,2";"18,8";"90,0";"90,0";"88,0";"17,1";"17,2";"17,0";"833,6";"833,9";"833,5";"0,4";"301,0";"1,8";"";"0,0"
"02/01/2026";"0300";"18,5";"18,8";"18,4";"88,0";"90,0";"88,0";"16,6";"17,1";"16,5";"832,9";"833,6";"832,9";"0,6";"269,0";"2,1";"";"0,0"
"02/01/2026";"0400";"17,1";"18,9";"17,1";"95,0";"95,0";"84,0";"16,3";"16,6";"16,1";"832,6";"832,9";"832,4";"1,4";"231,0";"5,2";"";"2,4"
"02/01/2026";"0500";"16,1";"17,2";"16,1";"97,0";"97,0";"95,0";"15,7";"16,6";"15,7";"831,8";"832,8";"831,7";"1,7";"161,0";"6,0";"";"5,0"
"02/01/2026";"0600";"15,7";"16,1";"15,7";"97,0";"97,0";"97,0";"15,3";"15,7";"15,3";"831,5";"831,8";"831,4";"0,6";"207,0";"3,2";"";"0,2"
"02/01/2026";"0700";"15,7";"15,8";"15,6";"97,0";"97,0";"97,0";"15,2";"15,3";"15,1";"831,5";"831,7";"831,4";"1,5";"226,0";"5,7";"";"0,0"
"02/01/2026";"0800";"15,6";"15,7";"15,5";"97,0";"97,0";"97,0";"15,1";"15,3";"15,0";"831,5";"831,5";"831,3";"1,0";"248,0";"5,7";"";"0,4"
"02/01/2026";"0900";"15,9";"15,9";"15,6";"96,0";"97,0";"96,0";"15,3";"15,3";"14,9";"831,6";"831,6";"831,5";"1,0";"251,0";"3,5";"13,40";"0,6"
"02/01/2026";"1000";"16,3";"16,3";"15,9";"94,0";"96,0";"94,0";"15,2";"15,5";"15,2";"832,0";"832,1";"831,6";"1,4";"224,0";"4,8";"204,40";"0,4"
"02/01/2026";"1100";"17,5";"17,5";"16,3";"85,0";"94,0";"84,0";"14,9";"15,3";"14,6";"832,0";"832,1";"831,9";"1,3";"222,0";"4,6";"628,00";"0,0"
"02/01/2026";"1200";"19,6";"20,4";"17,5";"74,0";"85,0";"71,0";"14,9";"16,1";"14,3";"832,1";"832,2";"832,0";"2,0";"224,0";"5,5";"1777,70";"0,0"
"02/01/2026";"1300";"20,0";"20,3";"19,6";"76,0";"79,0";"73,0";"15,5";"16,0";"14,7";"832,4";"832,4";"832,1";"2,2";"217,0";"5,7";"1946,80";"0,0"
"02/01/2026";"1400";"20,1";"21,8";"20,0";"77,0";"79,0";"70,0";"15,9";"17,0";"15,4";"832,3";"832,4";"832,2";"2,0";"212,0";"6,4";"2629,20";"0,0"
"02/01/2026";"1500";"20,4";"20,5";"19,0";"79,0";"84,0";"77,0";"16,7";"17,0";"15,7";"831,8";"832,3";"831,8";"1,9";"207,0";"6,1";"1147,30";"0,0"
"02/01/2026";"1600";"20,5";"20,7";"19,8";"78,0";"83,0";"77,0";"16,6";"17,3";"16,1";"831,0";"831,8";"831,0";"2,3";"197,0";"6,1";"1566,90";"0,0"
"02/01/2026";"1700";"23,5";"23,9";"20,5";"70,0";"83,0";"69,0";"17,6";"19,0";"16,6";"830,3";"831,0";"830,1";"1,6";"203,0";"6,6";"2783,00";"0,0"
"02/01/2026";"1800";"19,7";"23,5";"19,7";"85,0";"86,0";"69,0";"17,2";"18,4";"16,5";"829,9";"830,3";"829,9";"0,9";"227,0";"5,9";"1754,60";"0,0"
"02/01/2026";"1900";"20,1";"21,4";"19,6";"83,0";"90,0";"77,0";"17,1";"18,7";"16,9";"829,4";"829,9";"829,4";"1,1";"217,0";"3,8";"1127,80";"0,0"
"02/01/2026";"2000";"18,2";"20,6";"18,2";"93,0";"93,0";"82,0";"17,0";"17,7";"16,7";"829,6";"829,7";"829,3";"1,6";"223,0";"4,4";"334,50";"0,6"
"02/01/2026";"2100";"17,0";"18,2";"17,0";"94,0";"96,0";"93,0";"16,0";"17,1";"16,0";"829,9";"829,9";"829,6";"1,5";"220,0";"4,3";"227,70";"0,8"
"02/01/2026";"2200";"17,0";"17,1";"16,9";"93,0";"94,0";"93,0";"15,9";"16,0";"15,8";"830,1";"830,1";"829,8";"1,0";"230,0";"3,5";"35,90";"0,0"
"02/01/2026";"2300";"17,0";"17,1";"17,0";"96,0";"96,0";"93,0";"16,3";"16,3";"15,9";"830,6";"830,7";"830,1";"1,0";"211,0";"3,8";"";"0,0"
"03/01/2026";"0000";"16,9";"17,1";"16,8";"97,0";"97,0";"96,0";"16,4";"16,5";"16,3";"830,5";"830,7";"830,5";"0,3";"247,0";"2,6";"";"0,6"
"03/01/2026";"0100";"16,7";"17,0";"16,7";"98,0";"98,0";"97,0";"16,3";"16,5";"16,2";"830,9";"831,0";"830,4";"0,6";"328,0";"1,9";"";"0,0"
"03/01/2026";"0200";"16,7";"16,8";"16,5";"98,0";"98,0";"97,0";"16,3";"16,5";"16,0";"830,8";"830,9";"830,7";"1,3";"335,0";"2,9";"";"0,0"
"03/01/2026";"0300";"16,3";"16,7";"16,3";"98,0";"98,0";"98,0";"16,0";"16,3";"16,0";"830,7";"830,9";"830,7";"0,5";"321,0";"2,8";"";"0,2"
"03/01/2026";"0400";"16,1";"16,4";"16,0";"98,0";"98,0";"98,0";"15,8";"16,0";"15,7";"830,3";"830,7";"830,3";"0,8";"339,0";"1,6";"";"0,0"
"03/01/2026";"0500";"15,8";"16,4";"15,8";"98,0";"98,0";"98,0";"15,5";"16,1";"15,5";"830,0";"830,4";"830,0";"0,7";"317,0";"1,8";"";"0,0"
"03/01/2026";"0600";"15,7";"16,1";"15,7";"98,0";"98,0";"98,0";"15,4";"15,8";"15,4";"829,9";"830,1";"829,8";"0,7";"123,0";"1,5";"";"0,0"
"03/01/2026";"0700";"15,5";"15,7";"15,5";"98,0";"98,0";"98,0";"15,2";"15,4";"15,2";"830,0";"830,1";"829,8";"1,0";"356,0";"2,6";"";"0,0"
"03/01/2026";"0800";"15,6";"15,6";"15,2";"97,0";"98,0";"97,0";"15,2";"15,2";"14,8";"830,4";"830,4";"829,9";"1,8";"16,0";"2,6";"";"0,0"
"03/01/2026";"0900";"15,8";"15,8";"15,5";"97,0";"97,0";"97,0";"15,4";"15,4";"15,0";"830,6";"830,7";"830,4";"1,5";"347,0";"2,8";"36,20";"0,0"
"03/01/2026";"1000";"16,9";"16,9";"15,8";"96,0";"97,0";"96,0";"16,3";"16,5";"15,4";"830,9";"830,9";"830,6";"0,6";"272,0";"2,9";"270,30";"0,0"
"03/01/2026";"1100";"18,2";"18,2";"16,8";"92,0";"96,0";"92,0";"16,9";"17,0";"16,0";"831,3";"831,3";"830,8";"0,4";"306,0";"2,0";"544,90";"0,0"
"03/01/2026";"1200";"18,8";"20,3";"18,2";"86,0";"93,0";"79,0";"16,5";"18,1";"15,7";"831,8";"831,8";"831,3";"1,2";"213,0";"3,0";"1511,80";"0,0"
"03/01/2026";"1300";"21,4";"21,7";"18,7";"74,0";"87,0";"73,0";"16,6";"17,7";"15,5";"831,7";"831,9";"831,7";"1,3";"212,0";"3,4";"1861,60";"0,0"
"03/01/2026";"1400";"22,9";"23,1";"20,7";"73,0";"78,0";"67,0";"17,8";"17,9";"15,6";"831,7";"831,8";"831,6";"1,4";"213,0";"4,5";"3385,80";"0,0"
"03/01/2026";"1500";"23,4";"23,6";"21,4";"67,0";"73,0";"64,0";"17,1";"17,7";"15,6";"831,4";"831,7";"831,4";"1,7";"200,0";"5,4";"3914,00";"0,0"
"03/01/2026";"1600";"23,0";"24,7";"21,8";"67,0";"73,0";"63,0";"16,6";"18,6";"15,5";"831,4";"831,5";"831,3";"1,2";"222,0";"5,1";"3459,40";"0,0"
"03/01/2026";"1700";"25,3";"26,3";"23,0";"61,0";"69,0";"58,0";"17,2";"18,6";"15,9";"830,7";"831,4";"830,7";"2,0";"197,0";"4,7";"3823,90";"0,0"
"03/01/2026";"1800";"21,8";"25,3";"21,8";"74,0";"74,0";"59,0";"17,0";"17,9";"15,3";"830,3";"830,7";"830,2";"1,6";"193,0";"4,9";"1757,90";"0,0"
"03/01/2026";"1900";"20,9";"22,3";"20,7";"82,0";"86,0";"74,0";"17,7";"18,6";"17,1";"830,0";"830,4";"830,0";"1,1";"169,0";"6,9";"619,50";"0,0"
"03/01/2026";"2000";"22,1";"22,5";"20,8";"69,0";"83,0";"68,0";"16,1";"17,9";"15,8";"829,9";"830,0";"829,7";"2,5";"148,0";"7,1";"744,40";"0,0"
"03/01/2026";"2100";"20,0";"22,1";"20,0";"74,0";"74,0";"68,0";"15,2";"16,3";"14,7";"830,2";"830,2";"829,9";"1,5";"154,0";"6,3";"303,10";"0,0"
"03/01/2026";"2200";"19,1";"20,0";"19,0";"81,0";"82,0";"74,0";"15,8";"15,8";"15,2";"831,5";"831,5";"830,1";"2,1";"142,0";"5,9";"55,70";"0,0"
"03/01/2026";"2300";"18,2";"19,1";"18,2";"87,0";"87,0";"81,0";"15,9";"16,1";"15,8";"831,9";"832,0";"831,5";"2,7";"146,0";"6,6";"";"0,0"
"04/01/2026";"0000";"17,6";"18,2";"17,6";"80,0";"88,0";"80,0";"14,1";"16,1";"14,1";"832,0";"832,2";"831,9";"2,0";"112,0";"5,9";"";"0,0"
"04/01/2026";"0100";"17,6";"17,9";"17,5";"84,0";"86,0";"79,0";"14,9";"15,1";"14,0";"832,4";"832,4";"832,0";"1,5";"84,0";"4,7";"";"0,0"
"04/01/2026";"0200";"16,7";"17,8";"16,7";"86,0";"86,0";"74,0";"14,3";"15,2";"13,0";"832,6";"832,7";"832,4";"2,1";"4,0";"4,0";"";"0,0"
"04/01/2026";"0300";"16,0";"17,0";"16,0";"74,0";"86,0";"72,0";"11,3";"14,4";"11,3";"832,3";"832,6";"832,2";"1,8";"349,0";"3,8";"";"0,0"
"04/01/2026";"0400";"14,3";"16,0";"14,3";"89,0";"91,0";"73,0";"12,6";"13,2";"11,0";"832,3";"832,4";"832,3";"1,0";"350,0";"2,6";"";"0,0"
"04/01/2026";"0500";"13,1";"14,3";"13,1";"94,0";"94,0";"89,0";"12,1";"12,5";"12,1";"832,1";"832,3";"832,0";"0,4";"167,0";"2,0";"";"0,0"
"04/01/2026";"0600";"12,2";"13,1";"12,2";"93,0";"94,0";"92,0";"11,0";"12,2";"11,0";"831,5";"832,1";"831,5";"0,6";"336,0";"1,8";"";"0,0"
"04/01/2026";"0700";"11,6";"12,2";"11,6";"93,0";"94,0";"91,0";"10,5";"11,3";"10,5";"831,1";"831,6";"831,1";"1,2";"332,0";"2,1";"";"0,0"
"04/01/2026";"0800";"11,1";"12,0";"11,0";"93,0";"94,0";"89,0";"10,1";"10,7";"9,8";"831,8";"831,8";"831,0";"0,5";"306,0";"2,4";"";"0,0"
"04/01/2026";"0900";"12,3";"12,3";"10,8";"93,0";"96,0";"93,0";"11,3";"11,4";"10,0";"832,4";"832,4";"831,8";"0,5";"253,0";"1,4";"66,30";"0,0"
"04/01/2026";"1000";"16,7";"16,7";"12,3";"79,0";"93,0";"79,0";"13,1";"13,1";"10,8";"832,8";"832,8";"832,4";"0,5";"78,0";"1,4";"655,20";"0,0"
"04/01/2026";"1100";"19,1";"19,2";"16,7";"74,0";"82,0";"74,0";"14,3";"15,1";"12,9";"833,2";"833,2";"832,7";"0,9";"129,0";"2,5";"1464,90";"0,0"
"04/01/2026";"1200";"21,1";"21,4";"19,0";"68,0";"77,0";"61,0";"15,0";"15,6";"12,3";"833,5";"833,5";"833,1";"1,5";"154,0";"3,5";"2309,90";"0,0"
"04/01/2026";"1300";"21,7";"22,2";"19,9";"70,0";"75,0";"66,0";"16,0";"16,7";"14,4";"833,9";"833,9";"833,5";"2,1";"116,0";"4,8";"3056,80";"0,0"
"04/01/2026";"1400";"20,5";"22,8";"20,4";"70,0";"72,0";"62,0";"14,9";"16,6";"14,4";"834,2";"834,2";"833,9";"1,9";"117,0";"4,5";"2931,40";"0,0"
"04/01/2026";"1500";"22,5";"22,5";"20,5";"65,0";"73,0";"64,0";"15,6";"16,4";"14,5";"833,8";"834,2";"833,8";"2,3";"153,0";"4,4";"3256,10";"0,0"
"04/01/2026";"1600";"22,5";"24,2";"22,3";"62,0";"69,0";"55,0";"14,9";"17,8";"14,3";"833,5";"833,8";"833,5";"2,2";"163,0";"5,2";"4280,40";"0,0"
"04/01/2026";"1700";"22,4";"24,9";"22,4";"64,0";"66,0";"56,0";"15,2";"17,1";"14,7";"833,4";"833,6";"833,3";"2,8";"127,0";"6,3";"3403,10";"0,0"
"04/01/2026";"1800";"20,7";"22,4";"20,7";"74,0";"74,0";"64,0";"16,0";"16,2";"15,0";"833,0";"833,4";"833,0";"2,1";"118,0";"6,3";"1522,70";"0,0"
"04/01/2026";"1900";"19,3";"21,4";"19,3";"80,0";"80,0";"71,0";"15,8";"16,5";"15,3";"833,1";"833,1";"832,7";"2,2";"140,0";"5,5";"1043,60";"0,0"
"04/01/2026";"2000";"17,1";"19,4";"17,1";"93,0";"94,0";"80,0";"16,0";"16,6";"15,8";"833,0";"833,2";"833,0";"1,3";"61,0";"5,5";"347,50";"0,6"
"04/01/2026";"2100";"15,7";"17,2";"15,7";"97,0";"97,0";"92,0";"15,2";"16,2";"15,1";"833,5";"833,5";"832,9";"2,2";"90,0";"7,0";"286,10";"0,0"
"04/01/2026";"2200";"15,0";"15,7";"15,0";"98,0";"98,0";"97,0";"14,7";"15,1";"14,7";"834,1";"834,2";"833,4";"1,9";"112,0";"6,8";"47,50";"0,0"
"04/01/2026";"2300";"14,6";"15,1";"14,6";"98,0";"98,0";"98,0";"14,4";"14,8";"14,3";"834,7";"834,7";"834,0";"1,9";"33,0";"4,3";"";"0,0"
"05/01/2026";"0000";"14,7";"14,7";"14,5";"98,0";"99,0";"98,0";"14,5";"14,5";"14,2";"835,3";"835,3";"834,7";"1,4";"57,0";"4,8";"";"0,0"
"05/01/2026";"0100";"14,5";"14,8";"14,3";"98,0";"98,0";"98,0";"14,2";"14,5";"14,1";"835,4";"835,4";"835,2";"1,9";"5,0";"5,5";"";"0,0"
"05/01/2026";"0200";"14,2";"14,7";"14,1";"99,0";"99,0";"98,0";"13,9";"14,4";"13,9";"835,3";"835,6";"835,3";"1,8";"346,0";"5,2";"";"0,2"
"05/01/2026";"0300";"14,0";"14,2";"13,9";"99,0";"99,0";"99,0";"13,8";"13,9";"13,7";"834,9";"835,3";"834,9";"2,9";"344,0";"5,6";"";"0,0"
"05/01/2026";"0400";"13,7";"14,1";"13,7";"98,0";"99,0";"98,0";"13,4";"13,8";"13,4";"834,6";"834,9";"834,6";"2,0";"345,0";"5,7";"";"0,0"
"05/01/2026";"0500";"13,6";"13,8";"13,5";"96,0";"98,0";"96,0";"12,9";"13,4";"12,8";"834,5";"834,6";"834,4";"2,9";"343,0";"6,4";"";"0,0"
"05/01/2026";"0600";"13,5";"13,6";"13,4";"95,0";"96,0";"95,0";"12,8";"12,9";"12,7";"834,2";"834,5";"834,2";"2,2";"350,0";"6,0";"";"0,0"
"05/01/2026";"0700";"13,2";"13,5";"13,2";"95,0";"96,0";"94,0";"12,4";"12,8";"12,4";"834,4";"834,4";"834,2";"1,7";"339,0";"5,2";"";"0,0"
"05/01/2026";"0800";"13,0";"13,2";"12,9";"95,0";"96,0";"95,0";"12,3";"12,5";"12,2";"834,4";"834,5";"834,2";"1,9";"351,0";"7,0";"";"0,0"
"05/01/2026";"0900";"13,2";"13,3";"12,9";"95,0";"96,0";"95,0";"12,3";"12,6";"12,3";"834,9";"834,9";"834,4";"2,5";"353,0";"7,0";"39,40";"0,0"
"05/01/2026";"1000";"15,1";"15,2";"13,1";"87,0";"95,0";"87,0";"13,0";"13,5";"12,3";"835,4";"835,4";"834,9";"2,8";"345,0";"6,8";"545,50";"0,0"
"05/01/2026";"1100";"15,6";"15,8";"14,4";"87,0";"91,0";"85,0";"13,5";"13,8";"12,7";"835,6";"835,7";"835,4";"2,8";"343,0";"6,7";"1242,80";"0,0"
"05/01/2026";"1200";"16,3";"16,5";"15,0";"84,0";"90,0";"83,0";"13,6";"13,9";"13,0";"836,2";"836,2";"835,6";"2,4";"345,0";"7,5";"2009,10";"0,0"
"05/01/2026";"1300";"16,7";"16,8";"15,7";"87,0";"88,0";"81,0";"14,5";"14,5";"13,0";"836,4";"836,4";"836,2";"3,6";"350,0";"7,5";"2022,10";"0,0"
"05/01/2026";"1400";"18,8";"20,5";"15,9";"75,0";"87,0";"69,0";"14,3";"15,9";"13,3";"836,1";"836,4";"836,1";"3,1";"358,0";"7,5";"3077,40";"0,0"
"05/01/2026";"1500";"17,2";"18,8";"16,5";"85,0";"87,0";"74,0";"14,7";"14,8";"13,4";"836,0";"836,1";"836,0";"2,4";"21,0";"8,4";"1821,10";"0,0"
"05/01/2026";"1600";"17,4";"19,0";"16,6";"82,0";"87,0";"78,0";"14,3";"15,9";"13,8";"835,9";"836,1";"835,8";"3,7";"11,0";"8,1";"3092,90";"0,0"
"05/01/2026";"1700";"17,4";"17,9";"15,7";"80,0";"91,0";"80,0";"13,9";"15,4";"13,9";"835,2";"835,9";"835,2";"3,8";"25,0";"8,1";"2137,20";"0,0"
"05/01/2026";"1800";"16,4";"17,7";"15,3";"85,0";"92,0";"80,0";"13,9";"14,4";"13,7";"835,0";"835,3";"835,0";"2,6";"20,0";"8,5";"1158,60";"0,0"
"05/01/2026";"1900";"14,1";"16,5";"14,1";"97,0";"97,0";"85,0";"13,7";"14,3";"13,7";"835,1";"835,3";"835,0";"2,2";"69,0";"6,5";"233,70";"0,0"
"05/01/2026";"2000";"14,0";"14,2";"13,9";"98,0";"98,0";"97,0";"13,8";"13,9";"13,6";"835,1";"835,2";"834,7";"2,0";"27,0";"5,6";"147,30";"0,0"
"05/01/2026";"2100";"14,0";"14,3";"13,6";"98,0";"99,0";"98,0";"13,8";"14,1";"13,3";"835,2";"835,3";"834,9";"3,7";"354,0";"7,8";"441,80";"0,0"
"05/01/2026";"2200";"13,4";"14,1";"13,4";"96,0";"98,0";"96,0";"12,8";"13,8";"12,8";"836,0";"836,0";"835,2";"4,0";"352,0";"9,7";"93,90";"0,0"
"05/01/2026";"2300";"12,6";"13,4";"12,4";"99,0";"99,0";"96,0";"12,4";"12,8";"12,1";"836,1";"836,3";"835,8";"4,4";"354,0";"9,8";"0,60";"0,0"
"06/01/2026";"0000";"12,4";"12,8";"12,3";"99,0";"99,0";"99,0";"12,2";"12,5";"12,1";"836,7";"836,7";"836,1";"5,6";"349,0";"11,3";"";"0,0"
"06/01/2026";"0100";"12,8";"12,8";"12,3";"99,0";"99,0";"99,0";"12,6";"12,6";"12,2";"837,1";"837,1";"836,7";"3,2";"347,0";"11,3";"";"0,0"
"06/01/2026";"0200";"12,7";"12,9";"12,7";"96,0";"99,0";"96,0";"12,1";"12,7";"12,1";"837,0";"837,1";"837,0";"3,3";"347,0";"6,4";"";"0,0"
"06/01/2026";"0300";"12,6";"12,7";"12,5";"96,0";"96,0";"96,0";"11,9";"12,1";"11,9";"836,5";"837,0";"836,4";"1,7";"337,0";"6,0";"";"0,0"
"06/01/2026";"0400";"12,4";"12,6";"12,4";"95,0";"96,0";"95,0";"11,6";"12,0";"11,6";"836,1";"836,5";"836,0";"1,0";"316,0";"4,5";"";"0,0"
"06/01/2026";"0500";"12,0";"12,4";"12,0";"96,0";"96,0";"95,0";"11,3";"11,7";"11,3";"835,9";"836,1";"835,8";"0,8";"335,0";"4,6";"";"0,0"
"06/01/2026";"0600";"11,6";"12,0";"11,6";"96,0";"97,0";"96,0";"11,0";"11,3";"11,0";"835,9";"835,9";"835,7";"0,9";"339,0";"2,2";"";"0,0"
"06/01/2026";"0700";"11,4";"11,6";"11,4";"97,0";"97,0";"96,0";"10,8";"11,0";"10,8";"835,6";"835,9";"835,6";"1,0";"336,0";"3,1";"";"0,0"
"06/01/2026";"0800";"11,3";"11,4";"11,3";"97,0";"97,0";"97,0";"10,8";"10,9";"10,8";"835,7";"835,7";"835,4";"1,1";"337,0";"4,0";"";"0,0"
"06/01/2026";"0900";"12,4";"12,4";"11,2";"95,0";"97,0";"95,0";"11,6";"11,6";"10,8";"835,9";"836,0";"835,7";"2,3";"341,0";"4,3";"38,00";"0,0"
"06/01/2026";"1000";"13,6";"13,6";"12,2";"92,0";"95,0";"92,0";"12,3";"12,3";"11,3";"836,5";"836,5";"835,9";"0,6";"319,0";"4,3";"368,40";"0,0"
"06/01/2026";"1100";"16,5";"16,6";"13,6";"80,0";"92,0";"80,0";"13,1";"13,3";"12,1";"836,7";"836,8";"836,5";"2,2";"331,0";"5,4";"1191,90";"0,0"
"06/01/2026";"1200";"17,7";"17,8";"16,4";"75,0";"82,0";"74,0";"13,2";"13,7";"12,5";"837,4";"837,4";"836,7";"1,6";"321,0";"6,4";"1785,80";"0,0"
"06/01/2026";"1300";"19,1";"19,5";"17,7";"70,0";"75,0";"67,0";"13,4";"14,3";"12,7";"837,6";"837,6";"837,3";"1,9";"322,0";"7,6";"2781,10";"0,0"
"06/01/2026";"1400";"19,1";"19,3";"18,2";"73,0";"74,0";"68,0";"14,1";"14,3";"12,6";"837,4";"837,6";"837,4";"1,1";"313,0";"7,4";"2065,60";"0,0"
"06/01/2026";"1500";"19,1";"20,3";"18,3";"72,0";"74,0";"68,0";"13,8";"14,8";"13,1";"837,3";"837,4";"837,2";"1,4";"316,0";"5,9";"1923,60";"0,0"
"06/01/2026";"1600";"19,7";"20,1";"18,9";"70,0";"73,0";"66,0";"14,1";"14,4";"13,3";"837,1";"837,3";"837,1";"1,0";"293,0";"7,0";"1803,00";"0,0"
"06/01/2026";"1700";"21,3";"21,3";"19,1";"69,0";"73,0";"67,0";"15,4";"15,4";"13,4";"836,9";"837,2";"836,9";"0,6";"274,0";"4,1";"1503,80";"0,0"
"06/01/2026";"1800";"19,5";"22,5";"19,5";"69,0";"72,0";"59,0";"13,6";"15,6";"13,4";"836,3";"836,9";"836,3";"0,9";"315,0";"3,9";"2351,10";"0,0"
"06/01/2026";"1900";"19,2";"20,8";"19,2";"72,0";"73,0";"65,0";"14,1";"14,7";"13,4";"836,0";"836,3";"835,9";"0,7";"290,0";"2,9";"755,30";"0,0"
"06/01/2026";"2000";"19,4";"19,4";"18,7";"75,0";"76,0";"70,0";"14,8";"14,8";"13,3";"835,9";"836,0";"835,7";"0,8";"286,0";"3,8";"544,10";"0,0"
"06/01/2026";"2100";"18,2";"19,6";"18,2";"77,0";"78,0";"73,0";"14,1";"14,8";"14,1";"836,3";"836,3";"835,9";"0,5";"272,0";"2,8";"378,20";"0,0"
"06/01/2026";"2200";"16,6";"18,2";"16,6";"83,0";"83,0";"77,0";"13,7";"14,2";"13,7";"836,5";"836,5";"836,3";"0,8";"314,0";"2,7";"60,10";"0,0"
"06/01/2026";"2300";"15,8";"16,6";"15,8";"86,0";"86,0";"83,0";"13,5";"13,7";"13,4";"836,9";"836,9";"836,5";"0,5";"298,0";"2,2";"";"0,0"
"07/01/2026";"0000";"15,4";"15,9";"15,4";"89,0";"90,0";"86,0";"13,7";"13,7";"13,4";"837,5";"837,5";"836,9";"0,6";"310,0";"1,6";"";"0,0"
"07/01/2026";"0100";"15,4";"15,6";"15,3";"90,0";"90,0";"89,0";"13,8";"13,9";"13,6";"838,0";"838,1";"837,5";"1,2";"312,0";"4,8";"";"0,0"
"07/01/2026";"0200";"15,0";"15,4";"15,0";"92,0";"92,0";"89,0";"13,6";"13,7";"13,5";"838,0";"838,1";"838,0";"1,3";"322,0";"5,7";"";"0,0"
"07/01/2026";"0300";"14,9";"15,0";"14,9";"91,0";"92,0";"91,0";"13,5";"13,7";"13,5";"837,5";"838,0";"837,5";"1,6";"327,0";"6,3";"";"0,0"
"07/01/2026";"0400";"14,6";"14,9";"14,6";"92,0";"92,0";"91,0";"13,3";"13,5";"13,3";"837,0";"837,5";"837,0";"1,1";"327,0";"4,8";"";"0,0"
"07/01/2026";"0500";"14,6";"14,7";"14,6";"92,0";"92,0";"91,0";"13,3";"13,4";"13,3";"836,6";"837,0";"836,5";"2,3";"334,0";"6,1";"";"0,0"
"07/01/2026";"0600";"14,5";"14,6";"14,5";"93,0";"93,0";"92,0";"13,4";"13,4";"13,3";"836,2";"836,6";"836,2";"1,1";"309,0";"5,2";"";"0,0"
"07/01/2026";"0700";"14,3";"14,6";"14,3";"96,0";"96,0";"93,0";"13,6";"13,6";"13,4";"836,6";"836,6";"836,1";"0,8";"317,0";"6,1";"";"0,0"
"07/01/2026";"0800";"14,2";"14,3";"14,2";"97,0";"97,0";"96,0";"13,8";"13,8";"13,6";"836,7";"836,7";"836,5";"1,3";"327,0";"4,4";"";"0,0"
"07/01/2026";"0900";"14,3";"14,3";"14,2";"98,0";"98,0";"97,0";"14,0";"14,0";"13,8";"837,2";"837,2";"836,7";"0,8";"313,0";"4,4";"17,30";"0,0"
"07/01/2026";"1000";"14,5";"14,5";"14,3";"98,0";"98,0";"98,0";"14,2";"14,2";"14,0";"837,8";"837,8";"837,2";"0,7";"302,0";"2,2";"119,00";"0,4"
"07/01/2026";"1100";"14,9";"14,9";"14,4";"97,0";"98,0";"97,0";"14,4";"14,5";"14,1";"838,3";"838,3";"837,8";"0,9";"311,0";"3,8";"264,70";"0,0"
"07/01/2026";"1200";"15,5";"15,6";"14,7";"93,0";"97,0";"93,0";"14,4";"14,7";"14,1";"838,7";"838,7";"838,3";"0,9";"298,0";"4,5";"449,30";"0,0"
"07/01/2026";"1300";"17,4";"17,4";"15,4";"85,0";"93,0";"85,0";"14,9";"15,3";"14,1";"838,6";"838,8";"838,6";"0,9";"301,0";"4,0";"843,80";"0,0"
"07/01/2026";"1400";"17,6";"18,7";"17,4";"83,0";"87,0";"80,0";"14,6";"16,0";"14,3";"838,6";"838,7";"838,5";"1,0";"292,0";"4,4";"1491,80";"0,0"
"07/01/2026";"1500";"20,2";"20,7";"17,6";"71,0";"84,0";"70,0";"14,7";"16,1";"14,5";"838,3";"838,6";"838,3";"0,8";"287,0";"4,1";"2511,60";"0,0"
"07/01/2026";"1600";"18,0";"20,2";"18,0";"80,0";"81,0";"70,0";"14,5";"15,2";"14,1";"838,3";"838,4";"838,3";"0,6";"266,0";"2,3";"1230,50";"0,0"
"07/01/2026";"1700";"17,4";"18,0";"16,8";"90,0";"91,0";"80,0";"15,7";"15,9";"14,4";"837,8";"838,4";"837,8";"1,3";"330,0";"3,7";"837,50";"0,2"
"07/01/2026";"1800";"19,0";"19,3";"17,3";"76,0";"90,0";"76,0";"14,6";"16,2";"14,6";"837,5";"837,8";"837,5";"0,7";"252,0";"3,7";"1116,10";"0,0"
"07/01/2026";"1900";"19,2";"19,6";"18,7";"79,0";"80,0";"76,0";"15,4";"15,7";"14,4";"837,0";"837,5";"836,9";"0,7";"323,0";"2,4";"1052,30";"0,0"
"07/01/2026";"2000";"18,4";"19,2";"18,4";"84,0";"84,0";"79,0";"15,6";"15,6";"14,9";"836,7";"837,0";"836,7";"0,6";"310,0";"3,1";"634,40";"0,0"
"07/01/2026";"2100";"17,1";"18,4";"17,1";"90,0";"90,0";"84,0";"15,4";"15,7";"15,3";"836,9";"836,9";"836,7";"1,1";"324,0";"3,6";"324,70";"0,0"
"07/01/2026";"2200";"16,4";"17,1";"16,4";"92,0";"92,0";"89,0";"15,0";"15,3";"15,0";"837,6";"837,6";"836,8";"0,9";"321,0";"3,5";"43,40";"0,0"
"07/01/2026";"2300";"15,9";"16,4";"15,9";"93,0";"93,0";"92,0";"14,8";"15,0";"14,7";"837,8";"837,8";"837,5";"1,2";"320,0";"4,1";"";"0,0"
"08/01/2026";"0000";"15,7";"15,9";"15,7";"94,0";"94,0";"93,0";"14,7";"14,8";"14,6";"838,1";"838,1";"837,8";"1,2";"317,0";"4,1";"";"0,0"
"08/01/2026";"0100";"15,9";"15,9";"15,7";"93,0";"94,0";"93,0";"14,7";"14,8";"14,7";"838,7";"838,7";"838,1";"1,2";"319,0";"4,4";"";"0,0"
"08/01/2026";"0200";"15,7";"15,9";"15,7";"93,0";"93,0";"92,0";"14,6";"14,7";"14,5";"838,8";"838,9";"838,6";"1,7";"328,0";"5,0";"";"0,0"
"08/01/2026";"0300";"15,6";"15,7";"15,6";"94,0";"94,0";"93,0";"14,6";"14,6";"14,5";"838,6";"838,8";"838,5";"1,9";"325,0";"6,8";"";"0,0"
"08/01/2026";"0400";"";"";"";"";"";"";"";"";"";"";"";"";"";"";"";"";""
"08/01/2026";"0500";"15,2";"15,3";"15,2";"94,0";"94,0";"93,0";"14,3";"14,3";"14,1";"838,0";"838,4";"838,0";"1,1";"325,0";"4,7";"";"0,0"
"08/01/2026";"0600";"15,1";"15,2";"15,1";"93,0";"94,0";"93,0";"14,1";"14,3";"14,1";"837,6";"838,0";"837,5";"1,0";"322,0";"4,7";"";"0,0"
"08/01/2026";"0700";"15,1";"15,2";"15,1";"93,0";"94,0";"93,0";"14,0";"14,1";"14,0";"837,4";"837,6";"837,4";"1,1";"326,0";"3,6";"";"0,0"
"08/01/2026";"0800";"14,7";"15,1";"14,7";"93,0";"94,0";"93,0";"13,6";"14,1";"13,6";"837,4";"837,5";"837,3";"0,7";"319,0";"3,2";"";"0,0"
"08/01/2026";"0900";"14,5";"14,7";"14,4";"94,0";"94,0";"93,0";"13,6";"13,6";"13,4";"837,7";"837,7";"837,4";"0,8";"332,0";"3,8";"29,80";"0,0"
"08/01/2026";"1000";"15,7";"15,7";"14,5";"92,0";"95,0";"92,0";"14,5";"14,5";"13,6";"838,1";"838,1";"837,7";"0,9";"325,0";"3,6";"208,30";"0,0"
"08/01/2026";"1100";"17,2";"17,2";"15,7";"88,0";"92,0";"87,0";"15,2";"15,3";"14,5";"838,6";"838,7";"838,1";"1,2";"320,0";"4,2";"524,20";"0,0"
"08/01/2026";"1200";"19,7";"19,7";"17,2";"76,0";"88,0";"76,0";"15,3";"15,9";"14,8";"838,6";"838,7";"838,6";"1,2";"321,0";"4,8";"1241,50";"0,0"
"08/01/2026";"1300";"20,6";"21,4";"19,4";"70,0";"77,0";"65,0";"14,9";"16,2";"13,6";"838,7";"838,8";"838,6";"1,4";"202,0";"4,8";"2469,60";"0,0"
"08/01/2026";"1400";"22,6";"22,8";"19,8";"64,0";"73,0";"61,0";"15,4";"15,9";"13,4";"838,7";"838,9";"838,7";"1,1";"289,0";"4,4";"3061,10";"0,0"
"08/01/2026";"1500";"21,5";"23,3";"21,5";"66,0";"66,0";"59,0";"14,9";"16,1";"13,9";"838,4";"838,8";"838,4";"1,0";"249,0";"3,4";"2835,40";"0,0"
"08/01/2026";"1600";"21,7";"24,4";"21,5";"64,0";"67,0";"54,0";"14,7";"16,5";"14,0";"838,1";"838,4";"838,1";"1,2";"311,0";"5,0";"2841,60";"0,0"
"08/01/2026";"1700";"22,2";"22,3";"21,7";"59,0";"65,0";"58,0";"13,8";"15,0";"13,6";"837,7";"838,1";"837,7";"0,6";"277,0";"3,7";"1434,30";"0,0"
"08/01/2026";"1800";"22,0";"22,6";"22,0";"57,0";"62,0";"55,0";"13,2";"14,4";"12,7";"837,1";"837,7";"837,1";"0,9";"323,0";"3,5";"1216,80";"0,0"
"08/01/2026";"1900";"21,1";"22,0";"20,9";"63,0";"66,0";"57,0";"13,9";"14,5";"13,2";"836,9";"837,3";"836,9";"0,4";"247,0";"4,4";"703,10";"0,0"
"08/01/2026";"2000";"20,2";"21,5";"20,2";"75,0";"76,0";"62,0";"15,7";"16,0";"13,8";"837,3";"837,3";"836,8";"0,6";"306,0";"3,3";"457,30";"0,0"
"08/01/2026";"2100";"19,2";"20,3";"19,2";"81,0";"82,0";"75,0";"15,8";"16,3";"15,8";"837,5";"837,6";"837,3";"0,3";"332,0";"3,1";"156,70";"0,0"
"08/01/2026";"2200";"18,4";"19,2";"18,4";"84,0";"84,0";"81,0";"15,6";"16,3";"15,6";"837,4";"837,7";"837,3";"1,7";"350,0";"2,8";"34,60";"0,0"
"08/01/2026";"2300";"17,5";"18,4";"17,3";"87,0";"88,0";"84,0";"15,4";"15,7";"15,2";"837,4";"837,5";"837,3";"2,3";"344,0";"3,7";"";"0,0"
"09/01/2026";"0000";"16,1";"17,6";"16,1";"91,0";"92,0";"86,0";"14,7";"15,3";"14,7";"838,1";"838,2";"837,3";"0,9";"323,0";"3,7";"";"0,0"
"09/01/2026";"0100";"16,1";"16,3";"15,9";"93,0";"93,0";"91,0";"14,9";"15,2";"14,7";"838,9";"838,9";"838,1";"0,7";"152,0";"2,2";"";"0,0"
"09/01/2026";"0200";"16,1";"16,3";"16,0";"93,0";"94,0";"93,0";"15,0";"15,2";"14,9";"839,0";"839,1";"838,9";"1,1";"1,0";"1,5";"";"0,0"
"09/01/2026";"0300";"15,9";"16,2";"15,9";"94,0";"94,0";"93,0";"14,9";"15,2";"14,9";"838,5";"839,0";"838,5";"1,6";"338,0";"2,4";"";"0,0"
"09/01/2026";"0400";"15,4";"15,9";"15,2";"96,0";"96,0";"94,0";"14,7";"15,0";"14,5";"838,2";"838,5";"838,1";"0,8";"333,0";"2,4";"";"0,0"
"09/01/2026";"0500";"15,2";"15,4";"14,9";"91,0";"96,0";"88,0";"13,8";"14,6";"13,5";"838,0";"838,2";"838,0";"1,8";"334,0";"4,2";"";"0,0"
"09/01/2026";"0600";"14,8";"15,2";"14,6";"93,0";"94,0";"86,0";"13,7";"14,0";"12,8";"838,0";"838,0";"837,9";"0,8";"330,0";"3,5";"";"0,0"
"09/01/2026";"0700";"14,5";"14,8";"14,5";"94,0";"94,0";"93,0";"13,6";"13,8";"13,5";"838,1";"838,2";"838,0";"0,7";"324,0";"2,3";"";"0,0"
"09/01/2026";"0800";"14,2";"14,5";"14,2";"95,0";"95,0";"94,0";"13,4";"13,6";"13,3";"838,2";"838,3";"838,1";"0,7";"322,0";"2,3";"";"0,0"
"09/01/2026";"0900";"15,0";"15,0";"13,9";"93,0";"96,0";"93,0";"13,9";"14,0";"13,2";"838,5";"838,5";"838,2";"0,9";"330,0";"2,7";"50,90";"0,0"
"09/01/2026";"1000";"18,5";"18,5";"15,1";"78,0";"93,0";"78,0";"14,6";"14,9";"13,8";"838,8";"838,8";"838,4";"1,7";"329,0";"3,7";"667,00";"0,0"
"09/01/2026";"1100";"19,8";"19,9";"17,4";"75,0";"82,0";"75,0";"15,2";"15,5";"14,1";"838,9";"838,9";"838,7";"2,7";"335,0";"5,8";"1254,20";"0,0"
"09/01/2026";"1200";"22,6";"22,6";"19,4";"69,0";"78,0";"67,0";"16,6";"16,7";"14,9";"839,1";"839,1";"838,9";"2,0";"331,0";"6,1";"2534,40";"0,0"
"09/01/2026";"1300";"23,2";"23,6";"21,2";"62,0";"72,0";"60,0";"15,6";"16,6";"14,9";"839,2";"839,2";"839,1";"0,7";"253,0";"6,0";"2645,80";"0,0"
"09/01/2026";"1400";"23,3";"25,0";"23,0";"57,0";"64,0";"55,0";"14,4";"16,5";"14,3";"839,1";"839,2";"839,0";"1,6";"334,0";"4,6";"3194,00";"0,0"
"09/01/2026";"1500";"25,0";"25,6";"23,0";"43,0";"62,0";"42,0";"11,5";"16,0";"11,3";"839,0";"839,1";"838,9";"2,8";"336,0";"6,6";"4049,90";"0,0"
"09/01/2026";"1600";"26,3";"26,3";"24,4";"36,0";"50,0";"33,0";"10,2";"14,5";"8,8";"838,6";"839,0";"838,6";"1,2";"319,0";"6,2";"4005,70";"0,0"
"09/01/2026";"1700";"26,7";"27,0";"25,5";"32,0";"43,0";"32,0";"8,8";"12,6";"8,7";"838,2";"838,6";"838,1";"1,5";"324,0";"5,5";"4038,10";"0,0"
"09/01/2026";"1800";"26,5";"27,0";"25,5";"33,0";"41,0";"27,0";"9,1";"11,9";"6,5";"837,8";"838,2";"837,8";"1,7";"340,0";"6,1";"3565,10";"0,0"
"09/01/2026";"1900";"23,4";"26,5";"23,4";"55,0";"55,0";"31,0";"13,8";"13,8";"6,4";"837,6";"837,9";"837,5";"0,9";"119,0";"6,9";"868,30";"0,0"
"09/01/2026";"2000";"22,7";"23,6";"22,7";"66,0";"68,0";"46,0";"16,0";"16,6";"11,2";"837,6";"837,6";"837,4";"1,5";"357,0";"3,2";"536,20";"0,0"
"09/01/2026";"2100";"22,3";"22,7";"22,3";"55,0";"67,0";"52,0";"12,7";"16,2";"12,4";"837,6";"837,7";"837,5";"0,6";"343,0";"3,2";"442,50";"0,0"
"09/01/2026";"2200";"20,1";"22,3";"20,1";"75,0";"75,0";"55,0";"15,5";"15,8";"12,7";"837,9";"838,0";"837,6";"1,0";"345,0";"3,3";"93,00";"0,0"
"09/01/2026";"2300";"18,8";"20,1";"18,8";"83,0";"83,0";"75,0";"15,8";"15,9";"15,3";"838,0";"838,1";"837,9";"0,5";"303,0";"2,5";"";"0,0"
"10/01/2026";"0000";"17,7";"18,9";"17,7";"87,0";"87,0";"83,0";"15,4";"15,9";"15,4";"838,3";"838,3";"838,0";"0,4";"295,0";"2,3";"";"0,0"
"10/01/2026";"0100";"16,9";"17,7";"16,9";"90,0";"90,0";"87,0";"15,2";"15,6";"15,1";"838,6";"838,6";"838,3";"1,0";"342,0";"2,2";"";"0,0"
"10/01/2026";"0200";"16,2";"16,9";"16,1";"92,0";"92,0";"90,0";"14,8";"15,2";"14,7";"838,6";"838,7";"838,6";"0,8";"337,0";"1,8";"";"0,0"
"10/01/2026";"0300";"15,6";"16,2";"15,6";"93,0";"93,0";"92,0";"14,3";"14,9";"14,3";"838,2";"838,6";"838,2";"1,4";"343,0";"2,0";"";"0,0"
"10/01/2026";"0400";"15,1";"15,5";"15,1";"94,0";"94,0";"93,0";"14,1";"14,4";"14,0";"837,7";"838,2";"837,7";"0,9";"330,0";"2,1";"";"0,0"
"10/01/2026";"0500";"14,5";"15,2";"14,5";"94,0";"95,0";"94,0";"13,5";"14,4";"13,5";"837,3";"837,7";"837,3";"0,9";"333,0";"2,4";"";"0,0"
"10/01/2026";"0600";"14,5";"14,5";"14,3";"96,0";"96,0";"94,0";"13,8";"13,8";"13,5";"837,0";"837,3";"837,0";"1,3";"332,0";"2,6";"";"0,0"
"10/01/2026";"0700";"14,3";"14,6";"14,2";"95,0";"96,0";"94,0";"13,5";"13,9";"13,4";"837,2";"837,2";"837,0";"1,5";"341,0";"2,5";"";"0,0"
"10/01/2026";"0800";"14,0";"14,6";"14,0";"95,0";"97,0";"95,0";"13,1";"14,0";"13,1";"837,5";"837,5";"837,2";"0,9";"331,0";"2,7";"";"0,0"
"10/01/2026";"0900";"14,9";"14,9";"13,5";"94,0";"96,0";"94,0";"13,9";"13,9";"12,8";"838,1";"838,1";"837,5";"1,0";"330,0";"3,3";"46,30";"0,0"
"10/01/2026";"1000";"18,1";"18,1";"15,0";"84,0";"94,0";"83,0";"15,4";"15,4";"13,7";"838,5";"838,5";"838,1";"2,1";"334,0";"4,0";"614,10";"0,0"
"10/01/2026";"1100";"20,3";"20,5";"18,1";"74,0";"84,0";"74,0";"15,4";"16,2";"15,1";"838,7";"838,7";"838,5";"2,5";"336,0";"5,1";"1518,20";"0,0"
"10/01/2026";"1200";"22,1";"22,5";"20,0";"69,0";"77,0";"67,0";"16,2";"16,8";"15,4";"838,9";"838,9";"838,6";"0,9";"317,0";"5,9";"2244,40";"0,0"
"10/01/2026";"1300";"23,3";"23,9";"21,4";"63,0";"71,0";"61,0";"15,9";"17,0";"15,3";"838,6";"839,0";"838,6";"1,2";"306,0";"4,3";"2886,30";"0,0"
"10/01/2026";"1400";"24,3";"25,2";"22,9";"57,0";"67,0";"55,0";"15,3";"17,2";"14,8";"838,0";"838,6";"838,0";"0,9";"283,0";"5,1";"3322,00";"0,0"
"10/01/2026";"1500";"25,1";"25,7";"22,5";"57,0";"65,0";"54,0";"16,0";"16,9";"14,6";"837,4";"838,0";"837,4";"1,0";"316,0";"4,3";"3483,00";"0,0"
"10/01/2026";"1600";"27,1";"27,1";"24,5";"55,0";"61,0";"47,0";"17,4";"17,7";"14,6";"836,9";"837,4";"836,9";"0,7";"141,0";"4,8";"3884,00";"0,0"
"10/01/2026";"1700";"23,6";"27,2";"23,6";"62,0";"64,0";"45,0";"16,0";"17,3";"13,3";"836,4";"836,8";"836,4";"1,2";"203,0";"4,5";"2112,60";"0,0"
"10/01/2026";"1800";"23,9";"26,1";"23,6";"62,0";"69,0";"53,0";"16,1";"17,8";"14,6";"835,7";"836,4";"835,7";"1,5";"84,0";"3,8";"1892,40";"0,0"
"10/01/2026";"1900";"23,4";"24,3";"23,4";"65,0";"68,0";"60,0";"16,6";"17,6";"16,0";"835,3";"835,7";"835,3";"0,9";"91,0";"3,7";"864,00";"0,0"
"10/01/2026";"2000";"25,0";"26,2";"23,3";"48,0";"68,0";"48,0";"13,4";"17,7";"12,8";"834,9";"835,3";"834,8";"0,7";"291,0";"2,6";"1257,10";"0,0"
"10/01/2026";"2100";"22,2";"25,0";"22,2";"58,0";"58,0";"48,0";"13,5";"13,7";"12,6";"835,0";"835,0";"834,8";"0,3";"309,0";"2,6";"214,20";"0,0"
"10/01/2026";"2200";"20,6";"22,2";"20,6";"66,0";"66,0";"57,0";"14,1";"14,6";"13,3";"835,7";"835,7";"835,0";"0,5";"262,0";"1,9";"51,30";"0,0"
"10/01/2026";"2300";"19,2";"20,6";"19,1";"73,0";"74,0";"66,0";"14,3";"14,3";"13,9";"836,3";"836,3";"835,7";"0,6";"266,0";"1,1";"";"0,0"
"11/01/2026";"0000";"18,5";"19,2";"18,5";"77,0";"77,0";"73,0";"14,4";"14,4";"14,1";"836,7";"836,7";"836,3";"0,5";"324,0";"1,1";"";"0,0"
"11/01/2026";"0100";"17,8";"18,8";"17,7";"79,0";"79,0";"74,0";"14,1";"14,3";"13,9";"837,2";"837,2";"836,7";"1,1";"336,0";"3,2";"";"0,0"
"11/01/2026";"0200";"16,3";"17,8";"16,3";"86,0";"86,0";"79,0";"13,9";"14,1";"13,8";"837,4";"837,5";"837,2";"1,3";"337,0";"2,2";"";"0,0"
"11/01/2026";"0300";"15,6";"16,3";"15,6";"88,0";"88,0";"85,0";"13,7";"13,9";"13,7";"836,7";"837,4";"836,7";"1,2";"334,0";"2,1";"";"0,0"
"11/01/2026";"0400";"14,9";"15,6";"14,9";"89,0";"89,0";"87,0";"13,1";"13,7";"13,1";"836,3";"836,7";"836,3";"1,2";"333,0";"2,4";"";"0,0"
"11/01/2026";"0500";"14,4";"14,9";"14,4";"91,0";"91,0";"89,0";"12,9";"13,2";"12,9";"835,9";"836,3";"835,9";"1,3";"336,0";"2,6";"";"0,0"
"11/01/2026";"0600";"14,1";"14,4";"14,1";"91,0";"92,0";"91,0";"12,6";"12,9";"12,6";"835,5";"835,9";"835,4";"1,4";"334,0";"3,0";"";"0,0"
"11/01/2026";"0700";"15,1";"15,6";"14,0";"87,0";"92,0";"85,0";"12,9";"13,1";"12,6";"835,6";"835,7";"835,4";"2,1";"358,0";"4,5";"";"0,0"
"11/01/2026";"0800";"14,4";"15,1";"13,5";"90,0";"93,0";"86,0";"12,8";"13,0";"12,2";"835,9";"835,9";"835,6";"2,1";"348,0";"3,8";"";"0,0"
"11/01/2026";"0900";"15,5";"15,5";"13,7";"85,0";"92,0";"85,0";"13,0";"13,0";"12,3";"836,5";"836,5";"835,9";"2,6";"349,0";"3,8";"45,00";"0,0"
"11/01/2026";"1000";"18,1";"18,1";"15,5";"75,0";"85,0";"75,0";"13,6";"13,8";"12,8";"837,0";"837,0";"836,5";"1,9";"334,0";"4,0";"629,10";"0,0"
"11/01/2026";"1100";"20,6";"20,7";"18,1";"69,0";"76,0";"67,0";"14,7";"14,7";"13,4";"837,3";"837,3";"837,0";"1,1";"315,0";"5,3";"1530,70";"0,0"
"11/01/2026";"1200";"22,0";"22,2";"20,6";"60,0";"69,0";"60,0";"13,8";"14,9";"13,7";"837,1";"837,3";"837,1";"1,9";"324,0";"6,6";"2439,60";"0,0"
"11/01/2026";"1300";"23,6";"24,2";"21,7";"51,0";"63,0";"49,0";"12,7";"14,9";"12,1";"837,3";"837,3";"837,1";"0,9";"288,0";"6,7";"3201,90";"0,0"
"11/01/2026";"1400";"23,7";"24,5";"22,5";"49,0";"54,0";"46,0";"12,4";"13,7";"10,7";"837,1";"837,4";"837,1";"0,9";"253,0";"4,0";"3759,00";"0,0"
"11/01/2026";"1500";"24,8";"25,6";"23,4";"41,0";"51,0";"38,0";"10,8";"13,5";"10,1";"836,9";"837,3";"836,9";"0,8";"270,0";"4,0";"4070,40";"0,0"
"11/01/2026";"1600";"26,2";"26,4";"24,4";"38,0";"46,0";"35,0";"10,7";"13,1";"8,7";"836,5";"836,9";"836,4";"0,9";"302,0";"4,9";"4152,20";"0,0"
"11/01/2026";"1700";"27,6";"27,6";"26,0";"32,0";"42,0";"26,0";"9,5";"12,4";"6,1";"835,9";"836,5";"835,9";"0,7";"275,0";"3,4";"3961,80";"0,0"
"11/01/2026";"1800";"27,6";"28,3";"26,8";"31,0";"38,0";"27,0";"9,1";"11,3";"6,7";"835,3";"835,9";"835,3";"0,9";"295,0";"4,3";"3493,10";"0,0"
"11/01/2026";"1900";"26,8";"27,7";"26,0";"38,0";"42,0";"31,0";"11,2";"12,1";"8,9";"835,0";"835,3";"835,0";"0,9";"304,0";"4,5";"2898,40";"0,0"
"11/01/2026";"2000";"26,1";"26,8";"25,5";"37,0";"41,0";"35,0";"10,0";"12,3";"9,8";"834,8";"835,0";"834,8";"0,5";"303,0";"4,5";"2040,60";"0,0"
"11/01/2026";"2100";"23,2";"26,2";"23,2";"43,0";"45,0";"35,0";"9,9";"10,8";"9,3";"834,9";"834,9";"834,8";"0,5";"289,0";"2,0";"287,80";"0,0"
"11/01/2026";"2200";"20,6";"23,2";"20,6";"50,0";"51,0";"42,0";"9,9";"10,2";"9,1";"835,3";"835,3";"834,9";"0,3";"16,0";"2,0";"42,90";"0,0"
"11/01/2026";"2300";"18,3";"20,7";"18,3";"62,0";"63,0";"50,0";"10,7";"11,0";"9,7";"835,7";"835,7";"835,3";"0,2";"332,0";"0,7";"";"0,0"
"12/01/2026";"0000";"17,1";"18,2";"17,1";"70,0";"70,0";"61,0";"11,5";"11,5";"10,5";"836,0";"836,1";"835,7";"1,2";"338,0";"2,1";"";"0,0"
"12/01/2026";"0100";"15,7";"17,1";"15,6";"77,0";"77,0";"70,0";"11,6";"11,7";"11,3";"836,4";"836,4";"836,0";"1,5";"335,0";"2,3";"";"0,0"
"12/01/2026";"0200";"15,0";"15,8";"15,0";"78,0";"78,0";"75,0";"11,2";"11,6";"11,0";"836,3";"836,4";"836,2";"1,3";"332,0";"2,3";"";"0,0"
"12/01/2026";"0300";"14,1";"15,0";"14,1";"82,0";"82,0";"78,0";"11,1";"11,3";"10,9";"835,9";"836,3";"835,9";"1,2";"323,0";"2,3";"";"0,0"
"12/01/2026";"0400";"13,7";"14,1";"13,5";"84,0";"85,0";"81,0";"11,1";"11,1";"11,0";"835,4";"835,9";"835,4";"1,5";"337,0";"2,5";"";"0,0"
"12/01/2026";"0500";"13,3";"13,7";"13,2";"85,0";"86,0";"84,0";"10,9";"11,0";"10,8";"835,1";"835,4";"835,1";"1,6";"343,0";"2,5";"";"0,0"
"12/01/2026";"0600";"13,0";"13,4";"12,8";"86,0";"87,0";"85,0";"10,8";"10,9";"10,7";"835,1";"835,3";"835,1";"1,4";"339,0";"2,4";"";"0,0"
"12/01/2026";"0700";"12,7";"13,4";"12,4";"88,0";"88,0";"83,0";"10,7";"10,8";"10,4";"835,4";"835,4";"835,1";"1,2";"338,0";"2,5";"";"0,0"
"12/01/2026";"0800";"12,5";"12,9";"12,4";"87,0";"88,0";"86,0";"10,5";"10,8";"10,4";"835,8";"835,8";"835,4";"1,4";"338,0";"2,5";"";"0,0"
"12/01/2026";"0900";"13,4";"13,4";"12,3";"83,0";"88,0";"83,0";"10,5";"10,7";"10,3";"836,4";"836,4";"835,8";"1,4";"340,0";"2,5";"40,80";"0,0"
"12/01/2026";"1000";"17,0";"17,0";"13,4";"72,0";"83,0";"72,0";"12,0";"12,0";"10,5";"836,9";"836,9";"836,4";"1,2";"331,0";"2,4";"621,40";"0,0"
"12/01/2026";"1100";"20,5";"20,7";"17,0";"61,0";"72,0";"59,0";"12,7";"13,1";"11,9";"837,4";"837,4";"836,9";"2,4";"337,0";"4,5";"1520,00";"0,0"
"12/01/2026";"1200";"22,7";"22,7";"20,5";"61,0";"64,0";"58,0";"14,7";"14,8";"12,7";"837,5";"837,5";"837,3";"1,5";"316,0";"5,5";"2407,80";"0,0"
"12/01/2026";"1300";"23,8";"24,1";"22,2";"56,0";"63,0";"55,0";"14,4";"15,3";"13,6";"837,7";"837,7";"837,5";"0,8";"265,0";"6,8";"2803,50";"0,0"
"12/01/2026";"1400";"23,0";"25,0";"21,8";"53,0";"59,0";"49,0";"12,8";"14,9";"12,2";"837,6";"837,7";"837,6";"0,8";"273,0";"4,5";"2816,90";"0,0"
"12/01/2026";"1500";"25,3";"25,8";"23,0";"44,0";"55,0";"42,0";"12,1";"13,9";"11,2";"837,5";"837,6";"837,4";"0,9";"305,0";"3,6";"3715,70";"0,0"
"12/01/2026";"1600";"24,8";"26,6";"24,1";"47,0";"51,0";"39,0";"12,8";"14,3";"10,4";"837,0";"837,5";"837,0";"1,2";"243,0";"6,5";"3445,90";"0,0"
"12/01/2026";"1700";"24,5";"26,1";"23,6";"42,0";"50,0";"41,0";"10,7";"14,2";"10,7";"836,5";"837,1";"836,5";"1,0";"175,0";"2,8";"1604,90";"0,0"
"12/01/2026";"1800";"27,6";"28,3";"24,2";"33,0";"49,0";"29,0";"9,9";"13,9";"6,8";"836,0";"836,5";"835,9";"1,5";"166,0";"4,2";"2873,20";"0,0"
"12/01/2026";"1900";"28,3";"28,5";"26,4";"36,0";"41,0";"30,0";"12,0";"12,5";"8,2";"835,3";"836,0";"835,3";"1,1";"194,0";"4,2";"3092,60";"0,0"
"12/01/2026";"2000";"25,0";"28,6";"24,9";"48,0";"48,0";"33,0";"13,2";"13,6";"10,5";"835,3";"835,3";"835,1";"2,3";"9,0";"5,2";"2382,10";"0,0"
"12/01/2026";"2100";"22,8";"25,2";"22,8";"55,0";"55,0";"46,0";"13,2";"13,4";"12,6";"835,4";"835,4";"835,1";"1,1";"15,0";"5,0";"472,80";"0,0"
"12/01/2026";"2200";"21,1";"22,8";"21,1";"59,0";"59,0";"54,0";"12,9";"13,5";"12,5";"835,4";"835,5";"835,3";"1,0";"6,0";"2,6";"37,90";"0,0"
"12/01/2026";"2300";"20,5";"21,1";"19,8";"59,0";"65,0";"58,0";"12,3";"13,2";"12,2";"836,3";"836,3";"835,4";"2,5";"360,0";"4,9";"";"0,0"
"13/01/2026";"0000";"19,2";"20,5";"19,2";"64,0";"65,0";"57,0";"12,2";"12,5";"11,5";"836,9";"836,9";"836,3";"0,6";"330,0";"4,6";"";"0,0"
"13/01/2026";"0100";"19,2";"19,2";"19,0";"64,0";"68,0";"64,0";"12,3";"13,0";"12,2";"837,3";"837,3";"836,9";"0,4";"48,0";"1,4";"";"0,0"
"13/01/2026";"0200";"18,1";"19,2";"18,1";"68,0";"70,0";"64,0";"12,0";"13,1";"11,9";"837,0";"837,4";"837,0";"0,7";"344,0";"2,3";"";"0,0"
"13/01/2026";"0300";"16,9";"18,1";"16,9";"77,0";"77,0";"68,0";"12,9";"12,9";"11,3";"836,5";"837,0";"836,5";"0,6";"321,0";"2,6";"";"0,0"
"13/01/2026";"0400";"16,8";"17,6";"16,8";"79,0";"79,0";"72,0";"13,1";"13,1";"12,5";"835,9";"836,6";"835,9";"0,7";"327,0";"2,9";"";"0,0"
"13/01/2026";"0500";"17,0";"17,0";"16,3";"72,0";"79,0";"72,0";"11,9";"13,1";"11,7";"835,6";"836,1";"835,6";"2,2";"338,0";"5,5";"";"0,0"
"13/01/2026";"0600";"16,3";"17,2";"16,3";"77,0";"77,0";"70,0";"12,2";"12,5";"11,7";"835,5";"835,6";"835,4";"1,1";"333,0";"5,5";"";"0,0"
"13/01/2026";"0700";"15,9";"17,2";"15,9";"79,0";"79,0";"72,0";"12,4";"12,4";"11,5";"835,5";"835,5";"835,2";"0,7";"314,0";"4,3";"";"0,0"
"13/01/2026";"0800";"15,6";"16,2";"15,5";"82,0";"83,0";"77,0";"12,7";"12,7";"12,1";"835,9";"836,0";"835,4";"1,0";"324,0";"2,6";"";"0,0"
"13/01/2026";"0900";"17,9";"17,9";"15,7";"80,0";"82,0";"79,0";"14,3";"14,4";"12,6";"836,6";"836,6";"835,9";"2,0";"333,0";"4,8";"68,50";"0,0"
"13/01/2026";"1000";"16,4";"18,2";"16,4";"89,0";"90,0";"79,0";"14,6";"14,9";"14,3";"838,5";"838,5";"836,6";"1,2";"262,0";"5,6";"129,20";"0,0"
"13/01/2026";"1100";"15,9";"16,4";"15,5";"92,0";"93,0";"86,0";"14,6";"14,7";"13,7";"838,8";"838,9";"838,5";"0,5";"262,0";"4,4";"323,00";"0,8"
"13/01/2026";"1200";"16,7";"16,7";"15,7";"86,0";"93,0";"86,0";"14,3";"14,8";"14,0";"838,8";"838,9";"838,6";"0,4";"211,0";"2,9";"639,10";"0,0"
"13/01/2026";"1300";"18,1";"18,2";"16,7";"69,0";"88,0";"66,0";"12,2";"15,2";"11,6";"838,8";"838,9";"838,7";"1,5";"188,0";"5,0";"1014,20";"0,0"
"13/01/2026";"1400";"20,3";"20,8";"18,1";"61,0";"70,0";"58,0";"12,5";"13,5";"11,6";"838,9";"838,9";"838,7";"1,0";"327,0";"3,9";"1574,00";"0,0"
"13/01/2026";"1500";"22,2";"22,7";"20,3";"58,0";"66,0";"54,0";"13,4";"14,2";"11,8";"838,5";"838,9";"838,5";"0,6";"300,0";"4,2";"1948,90";"0,0"
"13/01/2026";"1600";"23,4";"25,4";"22,2";"55,0";"61,0";"51,0";"13,8";"16,4";"13,3";"838,3";"838,5";"838,2";"1,1";"258,0";"3,8";"4222,60";"0,0"
"13/01/2026";"1700";"23,4";"24,9";"23,2";"56,0";"62,0";"52,0";"14,2";"16,0";"13,4";"837,6";"838,3";"837,6";"1,4";"206,0";"5,0";"3462,10";"0,0"
"13/01/2026";"1800";"26,0";"26,5";"23,3";"52,0";"63,0";"49,0";"15,5";"17,3";"13,9";"836,4";"837,6";"836,4";"1,5";"206,0";"4,9";"3392,00";"0,0"
"13/01/2026";"1900";"25,9";"26,0";"24,2";"53,0";"58,0";"50,0";"15,5";"15,7";"13,7";"836,1";"836,4";"836,1";"1,3";"206,0";"3,8";"2802,30";"0,0"
"13/01/2026";"2000";"17,3";"26,2";"17,3";"70,0";"71,0";"46,0";"11,8";"15,5";"11,3";"836,2";"836,3";"836,0";"4,1";"45,0";"12,5";"1506,60";"0,0"
"13/01/2026";"2100";"12,2";"17,6";"11,9";"98,0";"98,0";"70,0";"12,0";"13,1";"11,5";"836,6";"838,2";"836,1";"2,1";"30,0";"12,5";"20,60";"46,2"
"13/01/2026";"2200";"14,0";"14,0";"12,2";"99,0";"99,0";"98,0";"13,8";"13,8";"12,0";"838,2";"838,2";"836,4";"1,2";"328,0";"4,9";"1,80";"3,4"
"13/01/2026";"2300";"14,3";"14,3";"14,0";"99,0";"99,0";"99,0";"14,1";"14,1";"13,9";"839,0";"839,0";"838,2";"2,2";"336,0";"4,9";"";"3,6"
"14/01/2026";"0000";"13,9";"14,3";"13,9";"99,0";"99,0";"99,0";"13,7";"14,1";"13,7";"839,2";"839,2";"839,0";"2,7";"348,0";"4,1";"";"4,6"
"14/01/2026";"0100";"13,6";"13,9";"13,6";"99,0";"99,0";"98,0";"13,4";"13,7";"13,4";"839,1";"839,2";"839,0";"0,5";"348,0";"3,9";"";"0,4"
"14/01/2026";"0200";"13,8";"13,9";"13,5";"99,0";"99,0";"99,0";"13,6";"13,7";"13,3";"838,7";"839,1";"838,7";"1,2";"353,0";"2,2";"";"0,0"
"14/01/2026";"0300";"14,0";"14,0";"13,6";"99,0";"99,0";"98,0";"13,7";"13,8";"13,4";"838,4";"838,7";"838,4";"0,5";"338,0";"3,3";"";"0,0"
"14/01/2026";"0400";"13,3";"14,0";"13,3";"98,0";"99,0";"98,0";"13,0";"13,8";"13,0";"837,5";"838,4";"837,5";"1,3";"340,0";"2,5";"";"0,0"
"14/01/2026";"0500";"13,2";"13,7";"13,1";"99,0";"99,0";"98,0";"13,0";"13,5";"12,9";"837,2";"837,5";"837,1";"1,5";"339,0";"3,2";"";"0,0"
"14/01/2026";"0600";"13,0";"13,3";"13,0";"99,0";"99,0";"99,0";"12,8";"13,1";"12,7";"837,0";"837,2";"836,9";"2,6";"340,0";"4,2";"";"0,0"
"14/01/2026";"0700";"12,6";"13,1";"12,6";"99,0";"99,0";"99,0";"12,5";"12,9";"12,4";"836,9";"837,1";"836,8";"2,0";"344,0";"4,2";"";"0,2"
"14/01/2026";"0800";"12,9";"13,0";"12,6";"99,0";"99,0";"99,0";"12,8";"12,8";"12,4";"837,1";"837,1";"836,8";"1,0";"332,0";"3,8";"";"0,0"
"14/01/2026";"0900";"13,0";"13,0";"12,8";"99,0";"99,0";"99,0";"12,8";"12,8";"12,6";"837,4";"837,4";"837,1";"1,5";"333,0";"3,0";"13,70";"0,0"
"14/01/2026";"1000";"15,3";"15,3";"13,0";"90,0";"99,0";"90,0";"13,7";"14,9";"12,8";"838,0";"838,1";"837,4";"2,6";"345,0";"4,4";"397,80";"0,0"
"14/01/2026";"1100";"18,6";"18,6";"15,3";"77,0";"90,0";"77,0";"14,5";"15,2";"13,6";"838,3";"838,3";"838,0";"1,8";"328,0";"5,7";"1478,90";"0,0"
"14/01/2026";"1200";"20,2";"20,3";"18,5";"74,0";"80,0";"73,0";"15,5";"15,8";"14,4";"838,5";"838,5";"838,3";"1,5";"315,0";"5,6";"2418,20";"0,0"
"14/01/2026";"1300";"21,1";"21,5";"20,0";"72,0";"77,0";"68,0";"15,9";"16,5";"15,0";"838,7";"838,8";"838,5";"2,2";"329,0";"6,3";"3345,00";"0,0"
"14/01/2026";"1400";"22,2";"22,2";"20,1";"66,0";"76,0";"66,0";"15,6";"16,7";"14,7";"838,5";"838,8";"838,5";"2,7";"336,0";"7,1";"3488,30";"0,0"
"14/01/2026";"1500";"22,4";"23,7";"21,4";"59,0";"70,0";"56,0";"14,0";"16,9";"14,0";"838,3";"838,5";"838,2";"2,5";"328,0";"6,8";"3629,60";"0,0"
"14/01/2026";"1600";"24,0";"24,0";"21,5";"62,0";"68,0";"57,0";"16,2";"16,2";"13,4";"837,7";"838,3";"837,7";"0,6";"311,0";"6,8";"3156,50";"0,0"
"14/01/2026";"1700";"23,6";"25,1";"22,3";"57,0";"63,0";"52,0";"14,5";"16,5";"13,6";"837,0";"837,7";"837,0";"1,0";"245,0";"3,2";"3050,50";"0,0"
"14/01/2026";"1800";"22,3";"24,4";"21,9";"62,0";"63,0";"54,0";"14,6";"15,7";"13,3";"836,2";"837,0";"836,1";"0,8";"360,0";"4,4";"1674,20";"0,0"
"14/01/2026";"1900";"20,2";"23,7";"20,2";"71,0";"71,0";"56,0";"14,8";"15,5";"13,9";"835,9";"836,2";"835,8";"0,7";"266,0";"4,4";"796,30";"0,0"
"14/01/2026";"2000";"20,5";"22,4";"20,2";"70,0";"74,0";"64,0";"14,7";"16,3";"14,6";"835,7";"835,9";"835,6";"1,1";"165,0";"2,5";"804,90";"0,0"
"14/01/2026";"2100";"14,8";"20,5";"14,5";"94,0";"94,0";"70,0";"13,9";"15,8";"13,0";"836,5";"836,8";"835,7";"1,1";"146,0";"7,7";"71,80";"9,0"
"14/01/2026";"2200";"14,2";"15,2";"13,9";"98,0";"98,0";"94,0";"13,8";"14,7";"13,3";"837,2";"837,4";"836,4";"2,1";"339,0";"5,6";"8,50";"7,4"
"14/01/2026";"2300";"14,7";"14,9";"14,2";"97,0";"98,0";"97,0";"14,2";"14,5";"13,9";"837,0";"837,2";"836,9";"1,1";"340,0";"4,3";"";"3,2"
"15/01/2026";"0000";"14,9";"15,0";"14,6";"98,0";"98,0";"97,0";"14,6";"14,7";"14,2";"837,4";"837,4";"836,9";"1,3";"330,0";"3,2";"";"0,6"
"15/01/2026";"0100";"15,0";"15,0";"14,8";"98,0";"98,0";"98,0";"14,7";"14,7";"14,4";"838,1";"838,1";"837,4";"1,9";"328,0";"4,4";"";"0,0"
"15/01/2026";"0200";"15,0";"15,2";"15,0";"98,0";"98,0";"98,0";"14,8";"15,0";"14,7";"837,9";"838,1";"837,9";"0,7";"306,0";"4,7";"";"1,2"
"15/01/2026";"0300";"14,6";"15,1";"14,6";"98,0";"98,0";"98,0";"14,3";"14,8";"14,3";"837,4";"837,9";"837,4";"1,4";"325,0";"6,3";"";"0,0"
"15/01/2026";"0400";"14,7";"14,7";"14,5";"98,0";"98,0";"98,0";"14,4";"14,4";"14,3";"836,9";"837,4";"836,9";"0,8";"312,0";"5,1";"";"0,0"
"15/01/2026";"0500";"14,5";"14,7";"14,5";"98,0";"98,0";"98,0";"14,2";"14,4";"14,2";"836,3";"836,9";"836,3";"1,4";"328,0";"5,6";"";"0,0"
"15/01/2026";"0600";"14,4";"14,7";"14,4";"96,0";"98,0";"95,0";"13,9";"14,2";"13,8";"836,2";"836,4";"836,1";"1,5";"330,0";"5,5";"";"0,0"
"15/01/2026";"0700";"14,6";"14,6";"14,4";"97,0";"97,0";"96,0";"14,0";"14,1";"13,9";"836,3";"836,3";"836,1";"1,5";"328,0";"5,1";"";"0,0"
"15/01/2026";"0800";"14,9";"15,0";"14,5";"95,0";"97,0";"94,0";"14,0";"14,2";"14,0";"836,6";"836,6";"836,2";"3,3";"339,0";"6,6";"";"0,0"
"15/01/2026";"0900";"15,2";"15,2";"14,8";"94,0";"96,0";"94,0";"14,2";"14,2";"14,0";"837,0";"837,0";"836,6";"4,0";"344,0";"7,1";"27,60";"0,0"
"15/01/2026";"1000";"15,8";"15,8";"15,1";"94,0";"94,0";"93,0";"14,8";"14,8";"14,2";"837,7";"837,7";"837,0";"1,1";"327,0";"6,9";"284,70";"0,0"
"15/01/2026";"1100";"17,1";"17,1";"15,8";"89,0";"94,0";"89,0";"15,2";"15,3";"14,8";"838,0";"838,0";"837,7";"2,7";"336,0";"6,1";"698,20";"0,0"
"15/01/2026";"1200";"17,4";"17,9";"17,1";"90,0";"91,0";"87,0";"15,8";"16,1";"15,3";"838,7";"838,7";"838,0";"1,2";"315,0";"6,1";"880,30";"0,0"
"15/01/2026";"1300";"17,8";"18,7";"17,4";"88,0";"91,0";"85,0";"15,8";"16,5";"15,6";"838,9";"839,0";"838,6";"1,5";"313,0";"4,9";"1220,20";"0,0"
"15/01/2026";"1400";"19,0";"19,5";"17,8";"83,0";"88,0";"81,0";"16,0";"16,6";"15,7";"838,9";"839,0";"838,9";"1,2";"312,0";"5,5";"1487,70";"0,0"
"15/01/2026";"1500";"20,0";"20,9";"18,9";"77,0";"85,0";"75,0";"15,8";"16,7";"15,6";"838,6";"838,9";"838,6";"0,8";"266,0";"4,0";"1717,20";"0,0"
"15/01/2026";"1600";"22,7";"23,7";"19,9";"69,0";"79,0";"66,0";"16,8";"18,8";"15,5";"837,7";"838,6";"837,7";"1,0";"333,0";"3,6";"2464,70";"0,0"
"15/01/2026";"1700";"21,2";"24,4";"20,8";"73,0";"74,0";"61,0";"16,1";"17,7";"14,5";"836,8";"837,7";"836,8";"0,6";"269,0";"3,6";"2193,30";"0,0"
"15/01/2026";"1800";"20,4";"22,3";"20,2";"78,0";"81,0";"73,0";"16,4";"17,8";"16,0";"836,6";"837,1";"836,5";"0,7";"291,0";"4,4";"1755,20";"0,0"
"15/01/2026";"1900";"16,5";"20,4";"16,5";"92,0";"92,0";"77,0";"15,2";"16,4";"14,5";"837,0";"837,7";"836,5";"0,6";"269,0";"2,9";"339,90";"1,2"
"15/01/2026";"2000";"15,9";"16,6";"15,8";"94,0";"95,0";"92,0";"15,0";"15,6";"14,8";"837,7";"837,7";"837,0";"1,3";"28,0";"2,2";"138,20";"0,8"
"15/01/2026";"2100";"15,4";"16,0";"15,1";"97,0";"97,0";"94,0";"14,9";"15,2";"14,3";"837,8";"837,8";"837,6";"0,7";"341,0";"2,2";"43,30";"1,0"
"15/01/2026";"2200";"15,2";"15,4";"15,0";"97,0";"97,0";"95,0";"14,7";"15,0";"14,4";"838,1";"838,1";"837,8";"1,8";"346,0";"5,3";"10,90";"1,4"
"15/01/2026";"2300";"15,0";"15,2";"15,0";"97,0";"97,0";"96,0";"14,6";"14,8";"14,5";"838,2";"838,2";"838,0";"0,2";"219,0";"3,9";"";"0,4"
"16/01/2026";"0000";"15,1";"15,2";"15,0";"98,0";"98,0";"97,0";"14,8";"14,8";"14,6";"838,6";"838,6";"838,2";"0,9";"358,0";"1,5";"";"0,0"
"16/01/2026";"0100";"15,0";"15,3";"15,0";"98,0";"98,0";"98,0";"14,7";"15,1";"14,7";"839,0";"839,1";"838,6";"1,6";"339,0";"3,1";"";"0,2"
"16/01/2026";"0200";"14,6";"15,0";"14,6";"98,0";"98,0";"98,0";"14,3";"14,7";"14,3";"838,7";"839,1";"838,7";"2,0";"343,0";"3,4";"";"0,0"
"16/01/2026";"0300";"14,7";"14,8";"14,5";"98,0";"98,0";"97,0";"14,4";"14,4";"14,0";"838,2";"838,7";"838,2";"0,6";"330,0";"3,2";"";"0,0"
"16/01/2026";"0400";"14,7";"14,8";"14,6";"98,0";"98,0";"98,0";"14,4";"14,5";"14,3";"837,8";"838,2";"837,7";"0,9";"333,0";"2,2";"";"0,2"
"16/01/2026";"0500";"14,6";"14,7";"14,4";"98,0";"98,0";"98,0";"14,3";"14,4";"14,2";"837,2";"837,8";"837,2";"1,0";"336,0";"2,8";"";"0,0"
"16/01/2026";"0600";"14,5";"14,6";"14,4";"98,0";"98,0";"98,0";"14,3";"14,4";"14,2";"836,8";"837,2";"836,8";"0,9";"328,0";"2,5";"";"0,0"
"16/01/2026";"0700";"14,3";"14,5";"14,3";"99,0";"99,0";"98,0";"14,1";"14,3";"14,1";"836,7";"836,9";"836,7";"0,7";"322,0";"3,2";"";"0,0"
"16/01/2026";"0800";"14,5";"14,6";"14,1";"98,0";"99,0";"98,0";"14,2";"14,3";"13,9";"837,0";"837,0";"836,7";"2,6";"340,0";"5,0";"";"0,0"
"16/01/2026";"0900";"14,5";"14,6";"14,3";"94,0";"98,0";"93,0";"13,4";"14,2";"13,4";"837,4";"837,4";"837,0";"1,8";"330,0";"5,0";"17,20";"0,0"
"16/01/2026";"1000";"14,9";"14,9";"14,4";"93,0";"94,0";"91,0";"13,8";"13,8";"13,3";"837,8";"837,8";"837,4";"1,3";"331,0";"4,9";"196,40";"0,0"
"16/01/2026";"1100";"15,5";"15,5";"14,9";"90,0";"93,0";"89,0";"13,9";"14,0";"13,5";"838,1";"838,2";"837,8";"1,5";"330,0";"4,4";"352,20";"0,0"
"16/01/2026";"1200";"17,8";"17,8";"15,5";"85,0";"91,0";"83,0";"15,2";"15,2";"13,9";"838,3";"838,3";"838,0";"1,3";"319,0";"5,5";"1130,20";"0,0"
"16/01/2026";"1300";"18,7";"20,0";"17,7";"81,0";"85,0";"76,0";"15,3";"16,2";"14,4";"838,5";"838,5";"838,2";"1,4";"316,0";"6,5";"2229,80";"0,0"
"16/01/2026";"1400";"19,9";"20,7";"18,7";"75,0";"82,0";"73,0";"15,3";"16,5";"15,1";"838,3";"838,5";"838,2";"1,8";"329,0";"7,3";"2351,00";"0,0"
"16/01/2026";"1500";"20,1";"20,2";"19,6";"74,0";"79,0";"73,0";"15,2";"16,1";"14,9";"838,2";"838,4";"838,2";"1,4";"320,0";"5,9";"1802,50";"0,0"
"16/01/2026";"1600";"19,7";"20,4";"19,6";"77,0";"79,0";"73,0";"15,4";"16,2";"14,9";"838,0";"838,2";"838,0";"0,6";"305,0";"4,3";"1122,00";"0,0"
"16/01/2026";"1700";"21,3";"22,0";"19,7";"71,0";"78,0";"69,0";"15,7";"16,9";"15,4";"837,0";"838,0";"837,0";"1,3";"313,0";"3,9";"2431,00";"0,0"
"16/01/2026";"1800";"20,7";"22,0";"20,1";"73,0";"77,0";"67,0";"15,7";"17,0";"14,7";"836,4";"837,0";"836,3";"1,3";"328,0";"5,1";"1810,10";"0,0"
"16/01/2026";"1900";"20,4";"20,8";"20,0";"72,0";"77,0";"71,0";"15,1";"16,1";"14,9";"836,1";"836,4";"836,0";"0,4";"290,0";"4,8";"743,60";"0,0"
"16/01/2026";"2000";"20,4";"21,2";"20,2";"72,0";"74,0";"68,0";"15,1";"15,8";"14,9";"835,6";"836,1";"835,5";"0,4";"325,0";"2,1";"747,50";"0,0"
"16/01/2026";"2100";"19,8";"20,4";"19,8";"77,0";"77,0";"72,0";"15,7";"16,0";"14,8";"836,0";"836,0";"835,6";"0,4";"310,0";"2,5";"448,00";"0,0"
"16/01/2026";"2200";"18,2";"19,8";"18,2";"82,0";"82,0";"75,0";"15,2";"15,8";"14,9";"836,2";"836,2";"835,9";"0,2";"308,0";"1,5";"62,70";"0,0"
"16/01/2026";"2300";"17,5";"18,2";"17,5";"88,0";"88,0";"82,0";"15,4";"15,6";"15,2";"836,6";"836,7";"836,1";"0,3";"80,0";"1,5";"";"0,0"
"17/01/2026";"0000";"17,3";"17,5";"17,3";"89,0";"89,0";"86,0";"15,5";"15,5";"15,2";"837,0";"837,1";"836,6";"0,5";"187,0";"1,7";"";"0,0"
"17/01/2026";"0100";"14,3";"17,3";"14,2";"97,0";"97,0";"89,0";"13,8";"15,9";"13,6";"837,7";"837,8";"837,0";"0,6";"161,0";"1,9";"";"15,0"
"17/01/2026";"0200";"14,3";"14,5";"14,2";"96,0";"97,0";"95,0";"13,6";"14,0";"13,6";"837,3";"837,7";"837,3";"1,6";"8,0";"2,9";"";"2,2"
"17/01/2026";"0300";"14,5";"14,6";"14,2";"98,0";"98,0";"96,0";"14,2";"14,2";"13,6";"836,7";"837,3";"836,7";"1,4";"343,0";"2,8";"";"0,4"
"17/01/2026";"0400";"14,4";"14,6";"14,2";"98,0";"98,0";"98,0";"14,1";"14,3";"13,9";"835,9";"836,7";"835,9";"1,2";"336,0";"2,6";"";"0,0"
"17/01/2026";"0500";"14,6";"14,6";"14,4";"98,0";"98,0";"98,0";"14,4";"14,4";"14,1";"835,1";"835,9";"835,1";"0,6";"322,0";"2,4";"";"0,0"
"17/01/2026";"0600";"14,8";"14,8";"14,6";"98,0";"98,0";"98,0";"14,6";"14,6";"14,4";"834,8";"835,1";"834,7";"1,6";"324,0";"5,2";"";"0,0"
"17/01/2026";"0700";"15,1";"15,2";"14,8";"98,0";"98,0";"98,0";"14,9";"14,9";"14,5";"835,0";"835,1";"834,8";"1,5";"325,0";"4,6";"";"0,2"
"17/01/2026";"0800";"15,0";"15,1";"15,0";"98,0";"98,0";"98,0";"14,7";"14,9";"14,7";"835,1";"835,1";"834,9";"1,0";"308,0";"3,9";"";"0,0"
"17/01/2026";"0900";"15,1";"15,2";"15,0";"98,0";"98,0";"98,0";"14,8";"14,9";"14,7";"835,4";"835,4";"835,0";"1,9";"327,0";"6,6";"9,90";"0,0"
"17/01/2026";"1000";"15,5";"15,5";"15,1";"98,0";"98,0";"98,0";"15,2";"15,2";"14,8";"835,7";"835,7";"835,4";"1,2";"324,0";"6,2";"115,60";"0,0"
"17/01/2026";"1100";"16,2";"16,8";"15,5";"95,0";"98,0";"94,0";"15,4";"16,3";"15,1";"835,9";"835,9";"835,6";"0,8";"321,0";"4,5";"626,60";"0,0"
"17/01/2026";"1200";"17,1";"17,2";"16,2";"88,0";"95,0";"87,0";"15,1";"15,5";"14,6";"836,1";"836,1";"835,9";"1,0";"321,0";"3,6";"890,50";"0,0"
"17/01/2026";"1300";"18,5";"18,9";"17,1";"84,0";"88,0";"82,0";"15,7";"15,9";"15,1";"836,1";"836,1";"836,0";"1,1";"310,0";"4,9";"1527,90";"0,0"
"17/01/2026";"1400";"19,4";"19,4";"18,4";"80,0";"85,0";"78,0";"15,7";"16,3";"15,0";"836,0";"836,1";"836,0";"0,8";"303,0";"4,3";"1663,10";"0,0"
"17/01/2026";"1500";"20,9";"22,1";"19,4";"69,0";"80,0";"66,0";"14,9";"17,0";"14,6";"835,5";"836,0";"835,5";"0,8";"240,0";"4,4";"2816,90";"0,0"
"17/01/2026";"1600";"21,0";"21,4";"19,7";"77,0";"78,0";"65,0";"16,8";"16,8";"13,5";"835,0";"835,5";"835,0";"1,0";"224,0";"4,4";"1872,60";"0,0"
"17/01/2026";"1700";"20,5";"21,1";"19,9";"71,0";"77,0";"69,0";"15,0";"16,1";"14,4";"834,5";"835,0";"834,5";"0,7";"248,0";"3,6";"1481,80";"0,0"
"17/01/2026";"1800";"21,9";"22,6";"20,5";"65,0";"74,0";"63,0";"15,0";"16,5";"14,6";"833,6";"834,5";"833,6";"1,2";"233,0";"4,6";"1945,30";"0,0"
"17/01/2026";"1900";"21,4";"22,8";"20,4";"70,0";"72,0";"58,0";"15,7";"15,9";"13,7";"833,2";"833,6";"833,2";"0,4";"233,0";"4,6";"1273,00";"0,0"
"17/01/2026";"2000";"19,9";"21,4";"19,8";"71,0";"72,0";"67,0";"14,5";"15,4";"13,9";"833,3";"833,3";"832,8";"0,3";"278,0";"1,9";"589,00";"0,0"
"17/01/2026";"2100";"18,4";"20,0";"18,4";"83,0";"83,0";"71,0";"15,5";"15,5";"14,5";"833,4";"833,5";"833,3";"0,3";"249,0";"1,1";"88,00";"0,0"
"17/01/2026";"2200";"17,4";"18,4";"17,4";"89,0";"89,0";"83,0";"15,6";"15,7";"15,1";"833,1";"833,4";"833,0";"0,4";"301,0";"2,2";"17,10";"0,0"
"17/01/2026";"2300";"17,2";"17,4";"17,1";"92,0";"93,0";"89,0";"15,8";"16,0";"15,5";"833,7";"833,7";"833,1";"1,8";"345,0";"2,8";"";"0,0"
"18/01/2026";"0000";"17,1";"17,3";"17,1";"92,0";"92,0";"91,0";"15,8";"16,0";"15,7";"834,2";"834,2";"833,7";"0,7";"327,0";"3,4";"";"0,0"
"18/01/2026";"0100";"17,0";"17,1";"16,8";"91,0";"93,0";"91,0";"15,6";"15,9";"15,6";"834,3";"834,4";"834,2";"1,9";"338,0";"3,7";"";"0,0"
"18/01/2026";"0200";"15,2";"17,0";"15,2";"97,0";"97,0";"90,0";"14,8";"15,7";"14,7";"834,5";"834,7";"834,3";"1,6";"317,0";"4,5";"";"5,4"
"18/01/2026";"0300";"14,5";"15,2";"14,4";"98,0";"98,0";"97,0";"14,1";"14,8";"14,1";"834,4";"834,5";"834,2";"1,8";"320,0";"9,3";"";"4,6"
"18/01/2026";"0400";"14,3";"14,5";"14,2";"98,0";"98,0";"98,0";"13,9";"14,2";"13,9";"833,8";"834,4";"833,7";"2,0";"323,0";"8,5";"";"3,0"
"18/01/2026";"0500";"14,1";"14,3";"14,0";"98,0";"98,0";"98,0";"13,8";"14,0";"13,7";"833,7";"833,9";"833,7";"1,5";"325,0";"8,5";"";"3,4"
"18/01/2026";"0600";"13,6";"14,1";"13,6";"98,0";"98,0";"98,0";"13,4";"13,8";"13,3";"832,8";"833,7";"832,8";"2,1";"331,0";"6,8";"";"3,0"
"18/01/2026";"0700";"13,6";"13,7";"13,5";"99,0";"99,0";"98,0";"13,3";"13,4";"13,3";"832,4";"832,8";"832,3";"1,4";"328,0";"5,8";"";"1,6"
"18/01/2026";"0800";"13,8";"13,8";"13,5";"99,0";"99,0";"99,0";"13,6";"13,6";"13,3";"832,5";"832,5";"832,3";"1,1";"324,0";"5,2";"";"1,0"
"18/01/2026";"0900";"14,0";"14,0";"13,8";"99,0";"99,0";"99,0";"13,8";"13,8";"13,6";"833,0";"833,0";"832,5";"1,4";"331,0";"4,8";"1,70";"0,2"
"18/01/2026";"1000";"14,2";"14,2";"13,9";"99,0";"99,0";"99,0";"14,1";"14,1";"13,8";"833,5";"833,5";"833,0";"0,9";"322,0";"4,8";"37,90";"0,4"
"18/01/2026";"1100";"14,6";"14,6";"14,2";"99,0";"99,0";"99,0";"14,4";"14,4";"14,0";"833,9";"833,9";"833,5";"1,1";"326,0";"4,4";"206,90";"1,0"
"18/01/2026";"1200";"15,2";"15,2";"14,6";"99,0";"99,0";"99,0";"15,0";"15,0";"14,4";"834,1";"834,2";"833,9";"0,8";"290,0";"4,5";"413,40";"0,6"
"18/01/2026";"1300";"15,7";"15,8";"14,8";"99,0";"99,0";"99,0";"15,6";"15,6";"14,7";"834,1";"834,3";"834,1";"0,6";"311,0";"2,1";"500,40";"0,0"
"18/01/2026";"1400";"16,8";"16,8";"15,7";"99,0";"99,0";"99,0";"16,6";"16,6";"15,5";"834,0";"834,2";"834,0";"0,8";"304,0";"3,6";"995,10";"0,0"
"18/01/2026";"1500";"17,0";"17,3";"16,2";"93,0";"99,0";"92,0";"15,9";"16,8";"15,0";"834,0";"834,1";"833,9";"0,6";"327,0";"3,6";"1064,30";"0,0"
"18/01/2026";"1600";"17,0";"17,0";"16,4";"93,0";"95,0";"92,0";"15,8";"16,0";"15,2";"833,2";"834,0";"833,2";"1,3";"334,0";"3,7";"782,50";"0,0"
"18/01/2026";"1700";"19,2";"19,3";"17,0";"86,0";"94,0";"82,0";"16,9";"17,2";"15,5";"832,4";"833,2";"832,4";"1,1";"327,0";"4,8";"2122,80";"0,0"
"18/01/2026";"1800";"19,2";"21,7";"18,5";"80,0";"88,0";"67,0";"15,6";"17,6";"15,0";"831,5";"832,4";"831,5";"0,6";"291,0";"3,9";"1989,90";"0,0"
"18/01/2026";"1900";"19,4";"19,4";"18,4";"85,0";"88,0";"79,0";"16,9";"17,2";"15,6";"830,8";"831,5";"830,8";"0,7";"325,0";"5,2";"838,00";"0,0"
"18/01/2026";"2000";"17,2";"19,5";"17,2";"93,0";"93,0";"84,0";"16,0";"16,9";"15,9";"830,9";"831,0";"830,6";"0,5";"323,0";"2,5";"200,00";"0,2"
"18/01/2026";"2100";"16,6";"17,2";"16,6";"96,0";"96,0";"93,0";"16,0";"16,1";"15,9";"831,1";"831,3";"830,9";"1,1";"328,0";"3,4";"110,00";"0,2"
"18/01/2026";"2200";"16,1";"16,6";"16,1";"97,0";"97,0";"96,0";"15,6";"15,9";"15,6";"831,4";"831,5";"830,9";"1,2";"328,0";"3,5";"14,60";"0,0"
"18/01/2026";"2300";"15,9";"16,1";"15,8";"97,0";"97,0";"96,0";"15,5";"15,6";"15,3";"831,5";"831,6";"831,2";"1,5";"335,0";"4,5";"";"0,2"
"19/01/2026";"0000";"16,0";"16,1";"15,9";"98,0";"98,0";"97,0";"15,6";"15,7";"15,5";"831,7";"832,0";"831,5";"1,6";"334,0";"4,3";"";"0,2"
"19/01/2026";"0100";"15,7";"16,0";"15,7";"98,0";"98,0";"98,0";"15,4";"15,6";"15,4";"831,6";"831,8";"831,3";"0,9";"311,0";"4,0";"";"0,0"
"19/01/2026";"0200";"15,7";"15,8";"15,7";"98,0";"98,0";"98,0";"15,4";"15,4";"15,3";"832,2";"832,2";"831,6";"1,1";"327,0";"3,8";"";"0,0"
"19/01/2026";"0300";"15,6";"15,7";"15,6";"98,0";"98,0";"98,0";"15,4";"15,4";"15,3";"831,7";"832,3";"831,6";"0,6";"309,0";"3,6";"0,20";"0,0"
"19/01/2026";"0400";"15,6";"15,7";"15,5";"98,0";"98,0";"98,0";"15,3";"15,4";"15,3";"831,2";"831,7";"831,2";"0,7";"282,0";"1,9";"";"0,2"
"19/01/2026";"0500";"15,5";"15,7";"15,5";"98,0";"98,0";"98,0";"15,3";"15,4";"15,3";"831,1";"831,2";"831,0";"0,5";"268,0";"2,7";"";"0,0"
"19/01/2026";"0600";"15,5";"15,6";"15,5";"98,0";"98,0";"98,0";"15,2";"15,3";"15,2";"830,5";"831,1";"830,4";"0,6";"291,0";"1,8";"";"0,0"
"19/01/2026";"0700";"15,5";"15,5";"15,4";"98,0";"98,0";"98,0";"15,1";"15,2";"15,1";"830,0";"830,6";"829,9";"0,5";"280,0";"2,5";"";"0,0"
"19/01/2026";"0800";"15,5";"15,6";"15,4";"98,0";"98,0";"98,0";"15,1";"15,2";"15,1";"830,3";"830,3";"830,0";"0,6";"290,0";"1,9";"";"0,0"
"19/01/2026";"0900";"15,5";"15,5";"15,4";"98,0";"98,0";"98,0";"15,2";"15,2";"15,1";"830,0";"830,3";"829,9";"1,0";"305,0";"2,8";"9,30";"0,0"
"19/01/2026";"1000";"15,9";"15,9";"15,5";"98,0";"98,0";"98,0";"15,5";"15,5";"15,2";"830,8";"830,8";"830,0";"0,8";"294,0";"4,0";"126,70";"0,0"
"19/01/2026";"1100";"16,8";"16,8";"15,8";"97,0";"98,0";"97,0";"16,4";"16,4";"15,4";"831,1";"831,2";"830,8";"0,7";"295,0";"3,1";"346,80";"0,0"
"19/01/2026";"1200";"18,9";"18,9";"16,6";"86,0";"97,0";"85,0";"16,5";"16,8";"15,2";"831,1";"831,2";"831,0";"1,1";"280,0";"3,8";"1377,70";"0,0"
"19/01/2026";"1300";"20,1";"20,3";"18,3";"77,0";"86,0";"74,0";"15,9";"16,7";"15,1";"831,6";"831,7";"831,1";"0,8";"301,0";"5,3";"2128,20";"0,0"
"19/01/2026";"1400";"19,5";"21,1";"18,9";"73,0";"79,0";"67,0";"14,6";"16,4";"14,2";"831,6";"831,6";"831,5";"1,4";"219,0";"4,1";"2289,20";"0,2"
"19/01/2026";"1500";"22,0";"22,3";"18,7";"71,0";"81,0";"67,0";"16,6";"17,0";"14,0";"831,3";"831,7";"831,2";"0,8";"231,0";"4,1";"2391,10";"0,0"
"19/01/2026";"1600";"20,4";"22,0";"19,8";"76,0";"80,0";"67,0";"15,9";"17,2";"15,0";"830,7";"831,3";"830,7";"1,3";"213,0";"5,1";"1493,60";"0,0"
"19/01/2026";"1700";"20,0";"22,9";"20,0";"77,0";"81,0";"66,0";"15,9";"17,9";"15,5";"830,1";"830,7";"830,0";"1,6";"210,0";"5,3";"2146,60";"0,0"
"19/01/2026";"1800";"17,6";"22,0";"17,6";"92,0";"92,0";"70,0";"16,4";"17,8";"15,5";"829,4";"830,2";"829,4";"2,4";"165,0";"8,9";"1108,40";"3,2"
"19/01/2026";"1900";"16,6";"17,6";"16,3";"98,0";"98,0";"92,0";"16,2";"16,6";"15,8";"829,4";"829,7";"829,3";"3,5";"149,0";"9,1";"285,70";"4,0"
"19/01/2026";"2000";"16,1";"16,8";"16,0";"98,0";"98,0";"98,0";"15,8";"16,5";"15,7";"829,5";"829,9";"829,2";"2,7";"156,0";"10,7";"128,00";"0,2"
"19/01/2026";"2100";"15,5";"16,1";"15,5";"98,0";"98,0";"98,0";"15,3";"15,9";"15,3";"829,8";"829,9";"829,3";"4,1";"144,0";"11,9";"74,30";"0,4"
"19/01/2026";"2200";"15,2";"15,6";"15,2";"99,0";"99,0";"98,0";"15,0";"15,3";"15,0";"830,2";"830,2";"829,8";"4,9";"134,0";"17,1";"21,00";"5,6"
"19/01/2026";"2300";"15,1";"15,2";"15,0";"99,0";"99,0";"99,0";"14,9";"15,0";"14,8";"830,8";"830,8";"830,2";"3,0";"127,0";"12,2";"";"13,0"
"20/01/2026";"0000";"14,5";"15,1";"14,3";"99,0";"99,0";"99,0";"14,3";"14,9";"14,1";"831,2";"831,5";"830,8";"3,4";"117,0";"13,1";"0,30";"7,8"
"20/01/2026";"0100";"14,0";"14,5";"14,0";"99,0";"99,0";"99,0";"13,8";"14,3";"13,8";"832,0";"832,0";"831,2";"3,8";"121,0";"11,5";"";"6,2"
"20/01/2026";"0200";"12,4";"14,0";"12,4";"98,0";"99,0";"97,0";"12,1";"13,8";"11,9";"832,8";"833,0";"832,0";"4,1";"101,0";"11,9";"1,00";"4,6"
"20/01/2026";"0300";"12,5";"12,6";"12,3";"98,0";"98,0";"98,0";"12,3";"12,3";"12,0";"832,6";"832,9";"832,6";"3,5";"102,0";"11,2";"0,40";"0,0"
"20/01/2026";"0400";"12,0";"12,5";"11,9";"95,0";"98,0";"95,0";"11,2";"12,3";"11,2";"832,0";"832,9";"832,0";"2,0";"85,0";"10,7";"1,00";"0,0"
"20/01/2026";"0500";"12,0";"12,0";"11,9";"96,0";"97,0";"95,0";"11,4";"11,5";"11,2";"831,7";"832,1";"831,6";"1,8";"113,0";"9,5";"1,10";"0,0"
"20/01/2026";"0600";"11,9";"12,4";"11,8";"98,0";"98,0";"96,0";"11,6";"12,0";"11,4";"831,6";"831,7";"831,4";"4,1";"120,0";"10,5";"";"1,6"
"20/01/2026";"0700";"11,4";"12,1";"11,4";"99,0";"99,0";"98,0";"11,2";"11,8";"11,2";"831,7";"831,7";"831,4";"3,9";"93,0";"11,1";"";"0,4"
"20/01/2026";"0800";"10,9";"11,4";"10,9";"99,0";"99,0";"99,0";"10,8";"11,2";"10,8";"831,8";"832,0";"831,6";"2,4";"105,0";"11,1";"";"0,0"
"20/01/2026";"0900";"10,7";"11,0";"10,5";"96,0";"99,0";"96,0";"10,1";"10,8";"9,9";"832,5";"832,5";"831,8";"2,2";"76,0";"10,0";"8,90";"0,0"
"20/01/2026";"1000";"10,8";"10,8";"10,5";"96,0";"97,0";"94,0";"10,1";"10,3";"9,6";"833,2";"833,2";"832,5";"1,4";"82,0";"7,0";"128,00";"0,0"
"20/01/2026";"1100";"11,7";"11,7";"10,8";"94,0";"96,0";"91,0";"10,8";"10,8";"9,8";"833,6";"833,6";"833,2";"1,0";"104,0";"6,0";"411,60";"0,0"
"20/01/2026";"1200";"12,3";"12,4";"11,7";"92,0";"95,0";"91,0";"11,1";"11,3";"10,8";"834,2";"834,2";"833,6";"1,0";"359,0";"5,9";"535,10";"0,0"
"20/01/2026";"1300";"12,6";"13,3";"12,3";"95,0";"95,0";"89,0";"11,8";"11,8";"10,9";"834,6";"834,7";"834,2";"2,2";"58,0";"6,0";"781,20";"0,0"
"20/01/2026";"1400";"12,8";"13,0";"12,4";"94,0";"97,0";"94,0";"11,8";"12,2";"11,6";"834,8";"834,8";"834,6";"2,3";"58,0";"7,1";"728,50";"0,0"
"20/01/2026";"1500";"13,5";"13,6";"12,7";"94,0";"95,0";"91,0";"12,6";"12,6";"11,6";"834,6";"834,9";"834,6";"1,9";"11,0";"5,6";"874,20";"0,2"
"20/01/2026";"1600";"13,4";"14,0";"12,7";"94,0";"97,0";"92,0";"12,5";"13,1";"12,0";"834,5";"834,7";"834,4";"1,5";"40,0";"5,7";"876,20";"0,2"
"20/01/2026";"1700";"12,9";"14,0";"12,6";"96,0";"97,0";"93,0";"12,3";"13,2";"11,8";"834,0";"834,6";"834,0";"1,4";"30,0";"5,3";"598,90";"0,2"
"20/01/2026";"1800";"14,9";"15,0";"12,7";"88,0";"96,0";"87,0";"13,0";"13,3";"11,7";"834,0";"834,2";"833,3";"1,7";"87,0";"5,7";"1161,90";"0,0"
"20/01/2026";"1900";"12,7";"14,9";"12,6";"97,0";"97,0";"85,0";"12,2";"12,8";"11,7";"833,6";"834,0";"833,5";"2,0";"42,0";"6,9";"1003,30";"0,0"
"20/01/2026";"2000";"12,8";"13,0";"12,5";"98,0";"98,0";"97,0";"12,5";"12,7";"12,1";"833,6";"833,7";"833,3";"1,9";"55,0";"6,5";"461,40";"0,0"
"20/01/2026";"2100";"12,2";"12,8";"12,2";"98,0";"99,0";"97,0";"12,0";"12,5";"11,9";"833,6";"833,6";"833,3";"1,7";"72,0";"6,0";"156,30";"0,2"
"20/01/2026";"2200";"11,5";"12,2";"11,3";"99,0";"99,0";"98,0";"11,4";"12,0";"11,2";"834,1";"834,2";"833,6";"0,8";"80,0";"5,5";"41,30";"0,0"
"20/01/2026";"2300";"11,2";"11,6";"11,2";"99,0";"99,0";"99,0";"11,0";"11,5";"11,0";"834,6";"834,6";"834,2";"2,4";"49,0";"5,9";"";"0,2"
"21/01/2026";"0000";"11,2";"11,2";"11,0";"99,0";"99,0";"99,0";"11,0";"11,1";"10,9";"834,8";"834,9";"834,5";"1,3";"61,0";"5,3";"";"0,2"
"21/01/2026";"0100";"11,4";"11,4";"11,1";"99,0";"99,0";"99,0";"11,2";"11,2";"11,0";"834,9";"835,0";"834,8";"0,7";"352,0";"5,2";"";"0,2"
"21/01/2026";"0200";"11,2";"11,4";"11,2";"98,0";"99,0";"98,0";"10,9";"11,3";"10,9";"835,1";"835,2";"834,8";"2,3";"355,0";"6,4";"";"0,0"
"21/01/2026";"0300";"11,0";"11,2";"11,0";"98,0";"98,0";"98,0";"10,8";"10,9";"10,7";"834,8";"835,2";"834,8";"2,9";"352,0";"7,5";"";"0,0"
"21/01/2026";"0400";"10,8";"11,1";"10,8";"99,0";"99,0";"98,0";"10,6";"10,8";"10,5";"834,2";"834,8";"834,2";"4,1";"345,0";"9,8";"";"0,0"
"21/01/2026";"0500";"10,7";"10,8";"10,7";"99,0";"99,0";"99,0";"10,6";"10,6";"10,5";"833,8";"834,2";"833,7";"2,9";"344,0";"9,6";"";"0,0"
"21/01/2026";"0600";"10,6";"10,7";"10,6";"99,0";"99,0";"99,0";"10,4";"10,6";"10,4";"833,1";"833,8";"833,1";"3,6";"355,0";"8,2";"";"0,0"
"21/01/2026";"0700";"10,7";"10,8";"10,6";"99,0";"99,0";"99,0";"10,5";"10,7";"10,4";"833,2";"833,4";"833,1";"2,2";"340,0";"8,1";"";"0,0"
"21/01/2026";"0800";"10,5";"10,7";"10,4";"98,0";"99,0";"98,0";"10,2";"10,5";"10,2";"833,3";"833,3";"833,0";"1,3";"322,0";"5,7";"";"0,0"
"21/01/2026";"0900";"10,6";"10,6";"10,3";"99,0";"99,0";"98,0";"10,3";"10,3";"10,1";"833,7";"833,7";"833,2";"1,5";"329,0";"5,3";"15,10";"0,0"
"21/01/2026";"1000";"13,1";"13,1";"10,6";"91,0";"99,0";"89,0";"11,7";"11,7";"10,3";"834,3";"834,3";"833,6";"2,0";"343,0";"4,4";"545,70";"0,2"
"21/01/2026";"1100";"13,6";"13,6";"12,9";"88,0";"91,0";"87,0";"11,7";"12,0";"10,9";"834,7";"834,8";"834,3";"1,7";"348,0";"6,1";"799,30";"0,0"
"21/01/2026";"1200";"14,9";"15,1";"13,5";"84,0";"90,0";"82,0";"12,2";"12,8";"11,6";"835,1";"835,1";"834,7";"2,6";"6,0";"5,0";"1220,70";"0,0"
"21/01/2026";"1300";"14,6";"15,3";"14,4";"87,0";"88,0";"83,0";"12,4";"13,2";"12,0";"835,4";"835,4";"835,1";"3,4";"356,0";"6,2";"1585,80";"0,0"
"21/01/2026";"1400";"13,7";"14,9";"13,7";"91,0";"92,0";"87,0";"12,2";"13,3";"12,2";"835,4";"835,5";"835,3";"2,7";"5,0";"7,3";"1202,20";"0,0"
"21/01/2026";"1500";"14,1";"15,2";"13,5";"91,0";"93,0";"85,0";"12,6";"13,2";"12,2";"835,2";"835,4";"835,1";"3,8";"1,0";"7,9";"1926,20";"0,0"
"21/01/2026";"1600";"14,1";"14,3";"13,9";"91,0";"93,0";"90,0";"12,7";"13,1";"12,4";"835,0";"835,2";"835,0";"3,0";"7,0";"7,0";"1373,50";"0,0"
"21/01/2026";"1700";"14,1";"14,5";"14,1";"91,0";"92,0";"89,0";"12,6";"13,1";"12,4";"834,6";"835,0";"834,6";"3,5";"7,0";"6,9";"1080,20";"0,0"
"21/01/2026";"1800";"13,9";"14,4";"13,9";"94,0";"95,0";"91,0";"12,9";"13,4";"12,5";"834,5";"834,6";"834,4";"1,7";"17,0";"5,9";"853,50";"0,0"
"21/01/2026";"1900";"14,2";"14,7";"13,8";"93,0";"95,0";"91,0";"13,1";"13,4";"12,9";"834,2";"834,5";"834,2";"1,8";"60,0";"6,0";"709,20";"0,0"
"21/01/2026";"2000";"13,9";"14,3";"13,7";"95,0";"95,0";"92,0";"13,1";"13,4";"12,7";"834,1";"834,2";"834,0";"1,2";"85,0";"5,8";"421,10";"0,0"
"21/01/2026";"2100";"13,4";"14,1";"13,3";"95,0";"96,0";"94,0";"12,7";"13,4";"12,5";"834,2";"834,3";"834,0";"1,4";"51,0";"4,6";"268,90";"0,0"
"21/01/2026";"2200";"12,7";"13,5";"12,7";"96,0";"96,0";"95,0";"12,2";"12,7";"12,2";"834,7";"834,7";"834,2";"1,2";"49,0";"5,5";"52,50";"0,0"
"21/01/2026";"2300";"12,2";"12,7";"12,2";"97,0";"97,0";"96,0";"11,6";"12,1";"11,6";"835,2";"835,2";"834,7";"1,2";"23,0";"4,4";"";"0,0"
"22/01/2026";"0000";"12,1";"12,3";"12,1";"97,0";"97,0";"97,0";"11,6";"11,9";"11,6";"835,4";"835,4";"835,2";"3,6";"346,0";"8,8";"";"0,2"
"22/01/2026";"0100";"11,6";"12,1";"11,6";"97,0";"97,0";"97,0";"11,2";"11,6";"11,2";"835,4";"835,5";"835,3";"3,1";"349,0";"9,2";"";"0,0"
"22/01/2026";"0200";"11,3";"11,6";"11,3";"97,0";"97,0";"96,0";"10,9";"11,1";"10,8";"835,3";"835,5";"835,2";"2,8";"342,0";"10,0";"";"0,0"
"22/01/2026";"0300";"11,2";"11,4";"11,1";"98,0";"98,0";"97,0";"10,8";"11,0";"10,8";"835,1";"835,4";"835,1";"3,3";"346,0";"8,5";"";"0,0"
"22/01/2026";"0400";"11,3";"11,4";"11,2";"97,0";"98,0";"97,0";"10,9";"11,0";"10,8";"834,4";"835,2";"834,4";"1,7";"338,0";"6,8";"";"0,0"
"22/01/2026";"0500";"11,3";"11,5";"11,2";"97,0";"98,0";"97,0";"10,8";"11,1";"10,8";"833,8";"834,4";"833,8";"0,9";"318,0";"5,0";"";"0,0"
"22/01/2026";"0600";"12,0";"12,1";"11,3";"96,0";"97,0";"96,0";"11,4";"11,5";"10,8";"833,8";"834,0";"833,7";"1,9";"338,0";"4,3";"";"0,0"
"22/01/2026";"0700";"12,5";"12,6";"12,0";"94,0";"96,0";"94,0";"11,6";"11,7";"11,4";"833,9";"833,9";"833,7";"1,3";"327,0";"5,7";"";"0,0"
"22/01/2026";"0800";"12,8";"12,9";"12,5";"94,0";"95,0";"93,0";"12,0";"12,0";"11,6";"833,9";"833,9";"833,5";"1,2";"333,0";"4,6";"";"0,0"
"22/01/2026";"0900";"13,3";"13,3";"12,8";"93,0";"94,0";"92,0";"12,1";"12,1";"12,0";"834,6";"834,6";"833,9";"1,6";"335,0";"4,4";"5,90";"0,0"
"22/01/2026";"1000";"13,5";"13,5";"13,2";"93,0";"93,0";"92,0";"12,4";"12,4";"12,1";"834,8";"834,8";"834,5";"2,8";"344,0";"5,9";"113,90";"0,0"
"22/01/2026";"1100";"14,1";"14,1";"13,5";"93,0";"94,0";"93,0";"12,9";"13,1";"12,4";"835,2";"835,2";"834,8";"3,3";"359,0";"5,9";"609,90";"0,0"
"22/01/2026";"1200";"14,4";"14,5";"14,0";"92,0";"94,0";"90,0";"13,1";"13,2";"12,5";"835,6";"835,6";"835,2";"2,2";"353,0";"5,4";"747,60";"0,0"
"22/01/2026";"1300";"15,0";"15,2";"14,3";"95,0";"95,0";"91,0";"14,1";"14,4";"12,9";"835,7";"835,8";"835,6";"0,7";"328,0";"4,8";"1056,70";"0,2"
"22/01/2026";"1400";"15,7";"16,0";"14,9";"94,0";"97,0";"93,0";"14,7";"15,1";"14,1";"835,5";"835,7";"835,5";"0,6";"307,0";"5,4";"1173,80";"0,4"
"22/01/2026";"1500";"15,4";"16,0";"14,6";"97,0";"97,0";"92,0";"15,0";"15,2";"13,6";"835,3";"835,5";"835,3";"1,8";"334,0";"5,6";"841,00";"2,0"
"22/01/2026";"1600";"15,8";"15,8";"15,1";"94,0";"97,0";"93,0";"14,9";"15,1";"14,4";"834,7";"835,3";"834,7";"1,6";"4,0";"5,6";"987,30";"1,2"
"22/01/2026";"1700";"14,5";"16,0";"14,1";"96,0";"96,0";"93,0";"13,9";"15,3";"13,3";"834,5";"834,7";"834,5";"1,9";"351,0";"4,6";"593,50";"3,8"
"22/01/2026";"1800";"14,3";"14,9";"14,2";"96,0";"96,0";"93,0";"13,7";"14,1";"13,2";"834,6";"834,6";"834,5";"0,6";"110,0";"3,8";"479,20";"0,8"
"22/01/2026";"1900";"13,8";"14,4";"13,2";"97,0";"97,0";"94,0";"13,3";"13,8";"12,5";"834,5";"834,8";"834,5";"1,2";"31,0";"4,8";"351,00";"5,6"
"22/01/2026";"2000";"14,0";"14,1";"13,7";"95,0";"97,0";"93,0";"13,2";"13,5";"12,6";"834,4";"834,5";"834,2";"1,9";"66,0";"5,6";"477,10";"2,2"
"22/01/2026";"2100";"12,8";"14,0";"12,8";"93,0";"96,0";"93,0";"11,7";"13,4";"11,7";"834,9";"835,0";"834,4";"1,9";"24,0";"5,6";"68,00";"0,2"
"22/01/2026";"2200";"12,5";"12,8";"12,4";"97,0";"97,0";"93,0";"12,1";"12,2";"11,6";"835,3";"835,4";"834,9";"0,6";"332,0";"3,7";"11,30";"4,8"
"22/01/2026";"2300";"12,1";"12,8";"12,1";"94,0";"98,0";"94,0";"11,2";"12,4";"11,2";"835,7";"835,7";"835,3";"1,2";"335,0";"6,7";"";"1,0"
"23/01/2026";"0000";"12,0";"12,1";"11,7";"98,0";"98,0";"94,0";"11,6";"11,6";"11,1";"835,7";"835,9";"835,6";"0,4";"287,0";"3,6";"";"1,0"
"23/01/2026";"0100";"13,0";"13,0";"11,9";"96,0";"98,0";"96,0";"12,4";"12,4";"11,6";"835,6";"835,7";"835,5";"3,0";"3,0";"6,9";"";"0,4"
"23/01/2026";"0200";"12,9";"13,0";"12,8";"98,0";"98,0";"96,0";"12,7";"12,7";"12,3";"835,5";"835,8";"835,5";"2,3";"339,0";"7,3";"";"0,6"
"23/01/2026";"0300";"13,0";"13,1";"12,9";"98,0";"98,0";"98,0";"12,8";"12,8";"12,6";"835,0";"835,5";"835,0";"1,8";"341,0";"4,3";"";"0,2"
"23/01/2026";"0400";"12,9";"13,0";"12,9";"98,0";"98,0";"98,0";"12,7";"12,8";"12,7";"834,1";"835,0";"834,1";"1,6";"334,0";"6,5";"";"0,0"
"23/01/2026";"0500";"12,8";"12,9";"12,8";"99,0";"99,0";"98,0";"12,6";"12,7";"12,6";"833,7";"834,1";"833,7";"1,2";"338,0";"3,7";"";"0,2"
"23/01/2026";"0600";"12,5";"12,8";"12,5";"99,0";"99,0";"99,0";"12,3";"12,6";"12,3";"833,4";"833,8";"833,4";"1,0";"330,0";"3,2";"";"0,0"
"23/01/2026";"0700";"12,7";"12,7";"12,4";"99,0";"99,0";"99,0";"12,5";"12,6";"12,2";"833,3";"833,4";"833,1";"0,7";"321,0";"3,6";"";"0,0"
"23/01/2026";"0800";"12,9";"13,0";"12,7";"99,0";"99,0";"99,0";"12,7";"12,8";"12,6";"833,7";"833,7";"833,2";"0,4";"121,0";"3,5";"";"0,0"
"23/01/2026";"0900";"12,9";"13,1";"12,9";"98,0";"99,0";"98,0";"12,7";"12,9";"12,7";"834,1";"834,2";"833,7";"1,5";"345,0";"2,8";"6,10";"0,0"
"23/01/2026";"1000";"13,7";"13,7";"12,9";"98,0";"98,0";"97,0";"13,3";"13,3";"12,7";"834,9";"834,9";"834,1";"1,2";"343,0";"4,8";"252,90";"0,0"
"23/01/2026";"1100";"14,0";"14,0";"13,7";"95,0";"98,0";"94,0";"13,1";"13,5";"13,0";"835,0";"835,0";"834,8";"2,9";"354,0";"5,1";"471,60";"0,0"
"23/01/2026";"1200";"15,0";"15,3";"14,0";"88,0";"96,0";"88,0";"13,1";"14,5";"13,0";"835,5";"835,5";"834,9";"1,8";"355,0";"5,1";"1002,90";"0,0"
"23/01/2026";"1300";"17,1";"17,1";"14,9";"86,0";"91,0";"83,0";"14,8";"14,9";"13,1";"835,6";"835,7";"835,5";"2,8";"344,0";"6,1";"2389,90";"0,0"
"23/01/2026";"1400";"17,0";"17,6";"15,6";"86,0";"89,0";"80,0";"14,7";"15,3";"13,4";"835,8";"835,8";"835,6";"2,7";"344,0";"6,3";"2068,60";"0,0"
"23/01/2026";"1500";"17,0";"18,3";"16,8";"81,0";"87,0";"77,0";"13,7";"15,2";"13,4";"835,6";"835,8";"835,6";"3,5";"8,0";"6,1";"2719,00";"0,0"
"23/01/2026";"1600";"17,4";"18,1";"16,8";"83,0";"87,0";"80,0";"14,4";"15,4";"13,7";"835,4";"835,6";"835,3";"2,5";"28,0";"6,1";"2348,00";"0,0"
"23/01/2026";"1700";"17,1";"17,6";"16,6";"82,0";"87,0";"81,0";"14,1";"14,8";"13,8";"835,0";"835,4";"835,0";"2,1";"5,0";"6,4";"2122,80";"0,0"
"23/01/2026";"1800";"16,9";"17,6";"16,0";"84,0";"89,0";"82,0";"14,1";"14,8";"13,6";"834,7";"835,1";"834,7";"1,7";"34,0";"7,2";"1252,80";"0,0"
"23/01/2026";"1900";"16,4";"17,4";"16,0";"85,0";"89,0";"82,0";"13,7";"15,1";"13,7";"834,6";"834,7";"834,5";"2,0";"47,0";"5,3";"920,20";"0,0"
"23/01/2026";"2000";"16,2";"16,3";"15,5";"87,0";"90,0";"85,0";"14,0";"14,4";"13,6";"834,7";"834,7";"834,4";"1,4";"25,0";"5,0";"495,80";"0,0"
"23/01/2026";"2100";"14,8";"16,2";"14,8";"91,0";"91,0";"87,0";"13,4";"13,8";"13,2";"834,6";"834,7";"834,5";"2,8";"360,0";"6,1";"250,40";"0,0"
"23/01/2026";"2200";"14,5";"14,9";"14,5";"94,0";"94,0";"91,0";"13,6";"13,6";"13,4";"834,9";"834,9";"834,6";"2,2";"358,0";"8,0";"66,90";"0,0"
"23/01/2026";"2300";"14,5";"14,6";"14,5";"97,0";"97,0";"94,0";"14,0";"14,1";"13,7";"835,3";"835,3";"834,9";"1,1";"53,0";"5,3";"";"0,4"
"24/01/2026";"0000";"14,1";"14,5";"14,1";"96,0";"97,0";"96,0";"13,5";"14,0";"13,4";"835,6";"835,6";"835,3";"2,0";"358,0";"6,5";"";"0,4"
"24/01/2026";"0100";"14,2";"14,2";"14,0";"98,0";"98,0";"96,0";"13,8";"13,8";"13,4";"835,8";"835,8";"835,6";"1,9";"1,0";"4,9";"";"0,2"
"24/01/2026";"0200";"13,8";"14,2";"13,8";"98,0";"98,0";"97,0";"13,4";"13,8";"13,4";"835,9";"835,9";"835,8";"2,4";"13,0";"6,9";"";"0,2"
"24/01/2026";"0300";"13,6";"13,8";"13,6";"99,0";"99,0";"98,0";"13,4";"13,6";"13,4";"835,4";"835,9";"835,4";"2,7";"344,0";"6,0";"";"0,2"
"24/01/2026";"0400";"13,7";"13,7";"13,5";"99,0";"99,0";"99,0";"13,5";"13,5";"13,3";"835,0";"835,6";"835,0";"1,3";"336,0";"6,7";"";"0,0"
"24/01/2026";"0500";"13,7";"13,7";"13,6";"99,0";"99,0";"99,0";"13,5";"13,5";"13,4";"834,7";"835,0";"834,7";"0,9";"327,0";"4,8";"";"0,2"
"24/01/2026";"0600";"13,5";"13,7";"13,4";"99,0";"99,0";"99,0";"13,3";"13,5";"13,2";"834,4";"834,8";"834,4";"0,7";"331,0";"3,4";"";"0,0"
"24/01/2026";"0700";"13,5";"13,5";"13,2";"99,0";"99,0";"99,0";"13,3";"13,3";"13,0";"834,2";"834,4";"834,2";"0,8";"337,0";"2,0";"";"0,0"
"24/01/2026";"0800";"13,5";"13,6";"13,4";"99,0";"99,0";"99,0";"13,3";"13,4";"13,2";"834,6";"834,6";"834,2";"0,5";"325,0";"2,0";"";"0,2"
"24/01/2026";"0900";"13,6";"13,6";"13,4";"99,0";"99,0";"99,0";"13,4";"13,5";"13,2";"835,2";"835,2";"834,6";"1,1";"342,0";"2,7";"4,00";"1,0"
"24/01/2026";"1000";"14,2";"14,3";"13,5";"99,0";"99,0";"99,0";"14,0";"14,1";"13,4";"835,8";"835,9";"835,2";"0,7";"334,0";"2,1";"165,30";"0,8"
"24/01/2026";"1100";"14,8";"15,0";"14,1";"99,0";"99,0";"99,0";"14,7";"14,8";"13,9";"836,4";"836,4";"835,8";"1,3";"333,0";"2,8";"443,00";"0,6"
"24/01/2026";"1200";"15,6";"15,6";"14,8";"99,0";"99,0";"99,0";"15,3";"15,4";"14,7";"836,8";"836,8";"836,4";"0,6";"312,0";"2,8";"503,10";"0,6"
"24/01/2026";"1300";"15,7";"15,9";"15,4";"98,0";"99,0";"98,0";"15,4";"15,7";"15,1";"836,9";"837,0";"836,8";"1,0";"328,0";"3,2";"670,80";"1,8"
"24/01/2026";"1400";"16,1";"16,6";"15,6";"97,0";"98,0";"97,0";"15,6";"16,3";"15,4";"836,8";"836,9";"836,8";"0,6";"291,0";"3,0";"814,10";"1,2"
"24/01/2026";"1500";"16,7";"17,0";"16,1";"97,0";"98,0";"96,0";"16,2";"16,5";"15,7";"836,8";"836,9";"836,8";"0,7";"309,0";"2,3";"792,60";"1,2"
"24/01/2026";"1600";"17,0";"17,3";"16,6";"95,0";"97,0";"95,0";"16,2";"16,8";"16,0";"836,2";"836,8";"836,2";"0,6";"255,0";"4,1";"988,40";"0,8"
"24/01/2026";"1700";"17,7";"18,9";"17,0";"94,0";"97,0";"90,0";"16,6";"18,0";"16,4";"835,7";"836,2";"835,7";"0,7";"219,0";"2,9";"1709,80";"0,4"
"24/01/2026";"1800";"17,9";"18,2";"16,9";"96,0";"98,0";"93,0";"17,2";"17,7";"16,1";"835,4";"835,6";"835,4";"0,6";"277,0";"3,0";"916,30";"5,2"
"24/01/2026";"1900";"17,8";"18,2";"17,6";"96,0";"97,0";"94,0";"17,1";"17,5";"16,7";"835,0";"835,4";"834,9";"0,8";"163,0";"2,5";"837,00";"0,8"
"24/01/2026";"2000";"16,3";"18,0";"16,3";"97,0";"97,0";"96,0";"15,8";"17,3";"15,8";"835,2";"835,2";"834,9";"1,5";"152,0";"4,5";"272,10";"0,6"
"24/01/2026";"2100";"15,0";"16,3";"14,8";"98,0";"98,0";"97,0";"14,6";"15,8";"14,4";"835,5";"835,7";"835,2";"1,5";"141,0";"5,2";"160,40";"3,2"
"24/01/2026";"2200";"15,1";"15,2";"15,0";"98,0";"98,0";"98,0";"14,8";"14,8";"14,6";"836,3";"836,3";"835,5";"0,7";"118,0";"2,8";"61,70";"0,8"
"24/01/2026";"2300";"14,9";"15,2";"14,8";"98,0";"98,0";"97,0";"14,6";"14,8";"14,5";"836,5";"836,8";"836,3";"1,3";"25,0";"4,8";"";"0,2"
"25/01/2026";"0000";"15,1";"15,1";"14,9";"98,0";"98,0";"97,0";"14,8";"14,8";"14,5";"837,9";"837,9";"836,5";"0,7";"327,0";"4,8";"";"0,2"
"25/01/2026";"0100";"13,9";"15,1";"13,7";"98,0";"98,0";"98,0";"13,7";"14,8";"13,3";"838,2";"838,4";"837,8";"0,7";"309,0";"3,3";"";"5,8"
"25/01/2026";"0200";"14,2";"14,3";"13,9";"98,0";"98,0";"98,0";"13,9";"14,1";"13,6";"838,0";"838,2";"837,9";"2,0";"348,0";"3,6";"";"4,8"
"25/01/2026";"0300";"14,2";"14,3";"14,2";"98,0";"98,0";"98,0";"13,9";"14,0";"13,9";"837,4";"838,0";"837,4";"1,0";"325,0";"5,2";"";"1,0"
"25/01/2026";"0400";"13,9";"14,2";"13,9";"99,0";"99,0";"98,0";"13,7";"13,9";"13,7";"836,9";"837,4";"836,9";"1,1";"335,0";"3,6";"";"0,4"
"25/01/2026";"0500";"13,6";"13,9";"13,5";"99,0";"99,0";"98,0";"13,4";"13,6";"13,3";"836,7";"836,9";"836,6";"0,9";"336,0";"2,5";"";"0,0"
"25/01/2026";"0600";"13,2";"13,6";"13,2";"99,0";"99,0";"99,0";"13,1";"13,4";"13,0";"836,3";"836,7";"836,2";"0,9";"335,0";"3,5";"";"0,0"
"25/01/2026";"0700";"13,2";"13,3";"13,1";"99,0";"99,0";"99,0";"13,0";"13,1";"13,0";"836,3";"836,4";"836,2";"2,1";"345,0";"4,0";"";"0,0"
"25/01/2026";"0800";"13,8";"13,8";"13,2";"99,0";"99,0";"99,0";"13,6";"13,6";"13,0";"836,6";"836,6";"836,2";"1,5";"327,0";"4,6";"";"0,0"
"25/01/2026";"0900";"14,3";"14,3";"13,8";"98,0";"99,0";"98,0";"14,1";"14,1";"13,6";"836,8";"836,8";"836,6";"2,7";"334,0";"5,4";"7,10";"0,0"
"25/01/2026";"1000";"14,6";"14,6";"14,2";"98,0";"98,0";"97,0";"14,2";"14,2";"13,9";"837,2";"837,2";"836,8";"1,1";"328,0";"5,8";"162,00";"0,0"
"25/01/2026";"1100";"16,0";"16,0";"14,6";"97,0";"98,0";"96,0";"15,5";"15,5";"14,3";"838,0";"838,0";"837,2";"1,0";"324,0";"4,3";"523,50";"0,0"
"25/01/2026";"1200";"17,2";"17,4";"16,0";"91,0";"97,0";"90,0";"15,7";"16,3";"15,2";"838,5";"838,5";"838,0";"1,6";"331,0";"5,6";"1059,90";"0,0"
"25/01/2026";"1300";"18,8";"18,8";"17,0";"88,0";"92,0";"88,0";"16,8";"16,9";"15,3";"838,7";"838,9";"838,5";"1,0";"315,0";"4,5";"1066,10";"0,0"
"25/01/2026";"1400";"20,5";"21,0";"18,7";"78,0";"88,0";"74,0";"16,5";"17,4";"15,5";"838,7";"838,8";"838,6";"0,9";"310,0";"4,7";"2648,90";"0,0"
"25/01/2026";"1500";"21,6";"22,5";"20,0";"73,0";"81,0";"67,0";"16,6";"17,2";"15,5";"838,4";"838,8";"838,4";"1,4";"317,0";"5,5";"2935,90";"0,0"
"25/01/2026";"1600";"20,1";"22,0";"19,9";"76,0";"80,0";"68,0";"15,8";"17,5";"14,7";"837,8";"838,5";"837,8";"0,6";"314,0";"5,5";"1606,10";"0,0"
"25/01/2026";"1700";"20,7";"22,3";"19,5";"77,0";"86,0";"70,0";"16,5";"19,5";"15,6";"837,1";"837,9";"837,0";"1,0";"325,0";"3,6";"1758,60";"0,2"
"25/01/2026";"1800";"16,9";"20,7";"15,4";"97,0";"97,0";"74,0";"16,3";"16,7";"13,5";"837,4";"837,6";"836,9";"0,7";"247,0";"5,1";"309,90";"9,8"
"25/01/2026";"1900";"15,6";"16,9";"15,4";"97,0";"97,0";"95,0";"15,1";"16,4";"14,7";"836,7";"837,7";"836,7";"1,7";"358,0";"3,4";"104,90";"0,6"
"25/01/2026";"2000";"16,8";"17,2";"15,6";"95,0";"98,0";"93,0";"15,9";"16,5";"15,2";"837,2";"837,3";"836,6";"0,7";"313,0";"4,5";"783,30";"0,6"
"25/01/2026";"2100";"15,9";"17,1";"15,9";"95,0";"95,0";"90,0";"15,2";"16,0";"15,0";"837,2";"837,7";"837,1";"2,4";"16,0";"6,8";"78,30";"0,2"
"25/01/2026";"2200";"13,8";"15,9";"13,4";"97,0";"98,0";"92,0";"13,4";"15,2";"12,2";"838,3";"838,3";"837,2";"1,8";"334,0";"5,7";"33,00";"12,4"
"25/01/2026";"2300";"13,6";"13,9";"13,6";"98,0";"98,0";"97,0";"13,3";"13,5";"13,2";"838,2";"838,6";"838,1";"1,1";"337,0";"5,3";"";"0,4"
"26/01/2026";"0000";"13,5";"13,6";"13,3";"98,0";"98,0";"98,0";"13,3";"13,4";"13,1";"838,4";"838,4";"838,2";"1,0";"337,0";"2,9";"";"0,2"
"26/01/2026";"0100";"13,1";"13,5";"13,0";"99,0";"99,0";"98,0";"12,9";"13,3";"12,8";"838,9";"839,0";"838,4";"1,2";"337,0";"3,1";"";"0,0"
"26/01/2026";"0200";"12,7";"13,3";"12,7";"99,0";"99,0";"99,0";"12,5";"13,1";"12,5";"838,6";"839,2";"838,6";"1,8";"339,0";"3,0";"";"0,0"
"26/01/2026";"0300";"12,4";"12,7";"12,4";"99,0";"99,0";"98,0";"12,2";"12,4";"12,2";"838,0";"838,6";"838,0";"1,7";"335,0";"4,4";"";"0,2"
"26/01/2026";"0400";"12,6";"12,8";"12,2";"99,0";"99,0";"98,0";"12,4";"12,6";"12,0";"837,7";"838,0";"837,7";"1,7";"338,0";"3,8";"";"0,0"
"26/01/2026";"0500";"12,5";"12,9";"12,3";"99,0";"99,0";"99,0";"12,3";"12,8";"12,1";"837,4";"837,7";"837,3";"2,3";"350,0";"3,7";"";"0,0"
"26/01/2026";"0600";"12,0";"12,6";"12,0";"99,0";"99,0";"99,0";"11,8";"12,4";"11,8";"837,2";"837,4";"837,2";"1,7";"338,0";"3,6";"";"0,0"
"26/01/2026";"0700";"12,1";"12,4";"11,7";"99,0";"99,0";"99,0";"11,9";"12,2";"11,5";"837,1";"837,2";"837,0";"1,8";"339,0";"3,8";"";"0,0"
"26/01/2026";"0800";"12,3";"12,5";"11,8";"99,0";"99,0";"99,0";"12,1";"12,3";"11,6";"837,6";"837,6";"837,1";"1,8";"335,0";"4,3";"";"0,0"
"26/01/2026";"0900";"13,6";"13,8";"12,3";"94,0";"99,0";"92,0";"12,6";"13,3";"12,3";"837,9";"837,9";"837,6";"2,7";"334,0";"7,4";"16,00";"0,0"
"26/01/2026";"1000";"14,8";"14,8";"13,6";"92,0";"94,0";"90,0";"13,5";"13,5";"12,6";"838,3";"838,3";"837,8";"3,0";"332,0";"8,0";"310,40";"0,0"
"26/01/2026";"1100";"17,3";"17,3";"14,8";"86,0";"94,0";"86,0";"15,0";"15,4";"13,5";"838,9";"838,9";"838,3";"2,5";"332,0";"8,0";"1069,60";"0,0"
"26/01/2026";"1200";"19,2";"19,4";"17,2";"81,0";"88,0";"78,0";"15,9";"16,3";"14,8";"839,3";"839,3";"838,8";"2,1";"330,0";"7,3";"2265,50";"0,0"
"26/01/2026";"1300";"18,1";"20,0";"18,1";"83,0";"84,0";"76,0";"15,1";"16,6";"15,1";"839,4";"839,4";"839,2";"0,7";"278,0";"6,8";"1879,80";"0,0"
"26/01/2026";"1400";"20,2";"21,1";"18,0";"75,0";"85,0";"74,0";"15,6";"16,9";"15,0";"839,4";"839,5";"839,4";"0,7";"270,0";"5,0";"2591,20";"0,0"
"26/01/2026";"1500";"21,9";"22,1";"20,1";"66,0";"78,0";"64,0";"15,3";"16,8";"14,5";"839,4";"839,4";"839,3";"0,9";"293,0";"3,8";"3485,20";"0,0"
"26/01/2026";"1600";"21,9";"22,8";"20,6";"66,0";"73,0";"63,0";"15,3";"16,7";"14,7";"839,0";"839,4";"839,0";"0,6";"233,0";"3,8";"2717,10";"0,0"
"26/01/2026";"1700";"23,4";"24,0";"21,8";"70,0";"73,0";"61,0";"17,6";"18,4";"14,9";"838,8";"839,0";"838,8";"0,8";"123,0";"4,0";"3907,00";"0,0"
"26/01/2026";"1800";"22,1";"24,3";"21,9";"66,0";"70,0";"54,0";"15,5";"17,5";"13,9";"837,9";"838,8";"837,9";"0,4";"236,0";"3,7";"2564,20";"0,0"
"26/01/2026";"1900";"20,0";"22,5";"20,0";"78,0";"78,0";"59,0";"16,0";"16,1";"14,1";"837,8";"837,9";"837,5";"1,8";"136,0";"4,3";"556,80";"0,0"
"26/01/2026";"2000";"17,8";"20,0";"17,7";"94,0";"95,0";"78,0";"16,8";"17,1";"15,9";"837,8";"838,1";"837,7";"0,7";"202,0";"4,6";"104,40";"0,0"
"26/01/2026";"2100";"17,1";"17,9";"17,1";"95,0";"95,0";"93,0";"16,3";"17,0";"16,2";"837,8";"838,0";"837,7";"1,0";"324,0";"2,6";"50,40";"0,4"
"26/01/2026";"2200";"16,5";"17,5";"16,5";"95,0";"95,0";"93,0";"15,6";"16,4";"15,6";"838,3";"838,3";"837,3";"2,8";"48,0";"6,3";"85,20";"0,6"
"26/01/2026";"2300";"15,1";"16,5";"15,0";"89,0";"95,0";"88,0";"13,2";"15,6";"13,2";"838,5";"838,7";"838,2";"2,8";"332,0";"8,2";"";"0,0"
"27/01/2026";"0000";"14,6";"15,1";"14,3";"91,0";"93,0";"89,0";"13,1";"13,3";"12,9";"839,0";"839,2";"838,5";"1,4";"341,0";"7,5";"";"0,0"
"27/01/2026";"0100";"14,1";"14,7";"14,0";"94,0";"94,0";"88,0";"13,2";"13,2";"12,7";"839,5";"839,7";"839,0";"0,7";"336,0";"3,2";"";"0,0"
"27/01/2026";"0200";"13,4";"14,1";"13,4";"95,0";"95,0";"93,0";"12,5";"13,1";"12,5";"838,7";"839,5";"838,7";"0,9";"345,0";"3,0";"";"0,0"
"27/01/2026";"0300";"12,9";"13,4";"12,8";"97,0";"97,0";"95,0";"12,4";"12,7";"12,2";"838,4";"838,7";"838,3";"0,6";"351,0";"1,8";"";"0,0"
"27/01/2026";"0400";"12,0";"12,9";"12,0";"97,0";"98,0";"96,0";"11,6";"12,5";"11,6";"837,9";"838,4";"837,9";"1,7";"344,0";"2,3";"";"0,0"
"27/01/2026";"0500";"11,7";"12,2";"11,6";"98,0";"98,0";"97,0";"11,4";"11,9";"11,3";"837,3";"837,9";"837,3";"1,3";"333,0";"2,3";"";"0,0"
"27/01/2026";"0600";"11,4";"11,7";"11,3";"98,0";"98,0";"98,0";"11,1";"11,4";"11,0";"837,0";"837,3";"837,0";"1,0";"344,0";"2,2";"";"0,0"
"27/01/2026";"0700";"11,1";"11,4";"11,0";"98,0";"98,0";"98,0";"10,8";"11,1";"10,7";"837,1";"837,1";"837,0";"1,2";"339,0";"2,7";"";"0,0"
"27/01/2026";"0800";"10,9";"11,1";"10,9";"98,0";"98,0";"98,0";"10,7";"10,9";"10,7";"837,5";"837,5";"837,1";"0,8";"336,0";"1,9";"";"0,0"
"27/01/2026";"0900";"10,9";"10,9";"10,7";"98,0";"98,0";"98,0";"10,6";"10,7";"10,5";"838,0";"838,0";"837,5";"0,7";"325,0";"2,1";"11,20";"0,0"
"27/01/2026";"1000";"14,3";"14,3";"10,9";"89,0";"98,0";"89,0";"12,5";"12,5";"10,7";"838,5";"838,6";"838,0";"0,8";"323,0";"2,3";"503,70";"0,0"
"27/01/2026";"1100";"18,2";"18,2";"14,3";"81,0";"89,0";"80,0";"14,9";"15,1";"12,3";"838,9";"838,9";"838,5";"1,8";"336,0";"4,2";"1347,90";"0,0"
"27/01/2026";"1200";"21,6";"21,6";"17,9";"74,0";"82,0";"70,0";"16,7";"16,7";"14,3";"839,1";"839,1";"838,9";"1,1";"316,0";"4,3";"2322,70";"0,0"
"27/01/2026";"1300";"19,9";"22,7";"19,5";"75,0";"75,0";"65,0";"15,3";"16,8";"14,3";"839,1";"839,2";"839,1";"1,3";"225,0";"4,2";"2484,00";"0,0"
"27/01/2026";"1400";"21,3";"21,5";"18,8";"74,0";"83,0";"70,0";"16,4";"17,1";"14,5";"839,0";"839,2";"839,0";"1,1";"210,0";"3,7";"1772,80";"0,0"
"27/01/2026";"1500";"21,9";"23,4";"20,4";"65,0";"73,0";"62,0";"15,0";"17,2";"14,0";"838,6";"839,0";"838,6";"1,0";"194,0";"3,5";"3093,70";"0,0"
"27/01/2026";"1600";"21,2";"23,7";"21,2";"68,0";"74,0";"59,0";"15,2";"18,0";"14,3";"838,3";"838,6";"838,3";"1,3";"161,0";"4,6";"2567,20";"0,0"
"27/01/2026";"1700";"19,6";"23,5";"19,6";"78,0";"78,0";"57,0";"15,7";"16,0";"13,4";"838,1";"838,4";"837,9";"2,5";"146,0";"7,0";"1691,10";"0,0"
"27/01/2026";"1800";"17,1";"19,6";"15,6";"95,0";"96,0";"77,0";"16,3";"16,4";"14,2";"837,6";"838,1";"837,6";"1,5";"351,0";"12,0";"390,30";"2,6"
"27/01/2026";"1900";"21,4";"21,4";"17,1";"68,0";"96,0";"68,0";"15,2";"18,1";"15,2";"836,8";"837,6";"836,8";"1,0";"174,0";"3,8";"2391,30";"0,0"
"27/01/2026";"2000";"19,0";"22,2";"18,9";"70,0";"72,0";"58,0";"13,5";"16,4";"12,7";"837,0";"837,0";"836,5";"0,4";"140,0";"2,4";"1049,10";"0,0"
"27/01/2026";"2100";"18,9";"19,8";"18,8";"67,0";"76,0";"62,0";"12,7";"15,0";"12,3";"837,1";"837,2";"836,9";"2,1";"49,0";"4,5";"377,00";"0,0"
"27/01/2026";"2200";"16,1";"18,9";"16,1";"88,0";"89,0";"66,0";"14,0";"14,6";"12,4";"837,4";"837,6";"837,0";"1,7";"327,0";"9,0";"48,30";"0,0"
"27/01/2026";"2300";"15,6";"16,1";"15,6";"90,0";"90,0";"86,0";"14,0";"14,3";"13,5";"838,1";"838,1";"837,3";"0,4";"234,0";"5,1";"";"0,0"
"28/01/2026";"0000";"14,9";"16,0";"14,8";"88,0";"91,0";"84,0";"12,9";"14,1";"12,9";"838,0";"838,1";"837,7";"2,1";"352,0";"3,2";"";"0,0"
"28/01/2026";"0100";"14,4";"15,2";"14,2";"91,0";"93,0";"85,0";"13,1";"13,6";"12,7";"838,2";"838,3";"838,0";"2,0";"341,0";"3,3";"";"0,0"
"28/01/2026";"0200";"14,0";"14,5";"14,0";"95,0";"95,0";"91,0";"13,1";"13,4";"12,9";"837,9";"838,2";"837,8";"1,1";"329,0";"3,3";"";"0,0"
"28/01/2026";"0300";"13,6";"14,0";"13,5";"97,0";"97,0";"95,0";"13,1";"13,2";"12,8";"837,4";"837,8";"837,4";"0,6";"335,0";"2,7";"";"0,0"
"28/01/2026";"0400";"13,2";"13,6";"13,2";"97,0";"97,0";"96,0";"12,7";"13,1";"12,7";"837,4";"837,4";"837,2";"0,9";"329,0";"3,2";"";"0,0"
"28/01/2026";"0500";"13,0";"13,5";"13,0";"98,0";"98,0";"97,0";"12,7";"13,1";"12,5";"837,3";"837,4";"837,2";"1,2";"329,0";"3,4";"";"0,0"
"28/01/2026";"0600";"13,7";"13,7";"13,0";"98,0";"98,0";"97,0";"13,3";"13,4";"12,6";"837,0";"837,3";"837,0";"1,1";"333,0";"3,0";"";"0,0"
"28/01/2026";"0700";"14,6";"14,6";"13,7";"97,0";"98,0";"97,0";"14,1";"14,2";"13,3";"836,8";"837,1";"836,8";"1,5";"331,0";"4,8";"";"0,0"
"28/01/2026";"0800";"14,8";"14,8";"14,6";"97,0";"97,0";"97,0";"14,4";"14,4";"14,1";"837,5";"837,5";"836,8";"1,3";"333,0";"5,0";"";"0,0"
"28/01/2026";"0900";"14,9";"15,0";"14,8";"97,0";"97,0";"96,0";"14,4";"14,5";"14,3";"838,1";"838,1";"837,5";"0,9";"328,0";"4,6";"10,50";"0,0"
"28/01/2026";"1000";"16,1";"16,4";"14,9";"94,0";"97,0";"93,0";"15,1";"15,5";"14,4";"838,3";"838,3";"838,1";"1,4";"331,0";"3,5";"341,00";"0,0"
"28/01/2026";"1100";"16,7";"16,8";"16,1";"89,0";"94,0";"89,0";"15,0";"15,6";"14,8";"838,5";"838,5";"838,2";"0,9";"322,0";"4,2";"571,20";"0,0"
"28/01/2026";"1200";"19,2";"19,2";"16,7";"83,0";"89,0";"82,0";"16,2";"16,2";"14,8";"838,9";"839,1";"838,5";"0,7";"314,0";"3,4";"950,10";"0,0"
"28/01/2026";"1300";"20,9";"21,8";"19,2";"76,0";"82,0";"68,0";"16,4";"16,6";"14,3";"839,0";"839,2";"838,9";"1,5";"315,0";"5,7";"2651,10";"0,2"
"28/01/2026";"1400";"22,8";"22,8";"18,5";"67,0";"81,0";"66,0";"16,2";"16,6";"14,1";"838,5";"839,1";"838,5";"1,3";"330,0";"5,7";"2115,50";"0,0"
"28/01/2026";"1500";"20,0";"22,9";"19,8";"78,0";"79,0";"59,0";"16,1";"16,3";"13,7";"838,3";"838,6";"838,2";"1,0";"211,0";"5,0";"1632,90";"0,0"
"28/01/2026";"1600";"22,5";"23,8";"19,9";"65,0";"83,0";"61,0";"15,5";"18,1";"15,1";"837,8";"838,3";"837,8";"1,1";"205,0";"3,3";"2412,20";"0,0"
"28/01/2026";"1700";"21,5";"23,7";"20,0";"68,0";"78,0";"63,0";"15,3";"17,2";"14,9";"837,4";"838,0";"837,4";"0,9";"24,0";"3,6";"1568,00";"0,0"
"28/01/2026";"1800";"20,0";"21,9";"19,8";"75,0";"76,0";"67,0";"15,5";"16,7";"14,7";"837,1";"837,6";"836,8";"0,3";"303,0";"3,5";"1254,10";"0,0"
"28/01/2026";"1900";"19,4";"20,2";"19,3";"82,0";"82,0";"73,0";"16,2";"16,4";"14,9";"836,2";"837,1";"836,1";"0,3";"289,0";"1,7";"513,80";"0,0"
"28/01/2026";"2000";"18,3";"19,5";"18,3";"91,0";"91,0";"81,0";"16,8";"16,8";"15,9";"836,6";"837,1";"836,2";"0,4";"344,0";"4,2";"136,20";"0,0"
"28/01/2026";"2100";"18,0";"18,3";"18,0";"88,0";"91,0";"88,0";"16,0";"16,7";"16,0";"837,1";"837,2";"836,6";"1,2";"1,0";"3,4";"147,80";"0,0"
"28/01/2026";"2200";"16,3";"18,0";"16,3";"86,0";"92,0";"86,0";"14,1";"16,1";"14,1";"837,3";"837,3";"837,1";"1,6";"324,0";"5,8";"61,60";"0,0"
"28/01/2026";"2300";"15,6";"16,3";"15,6";"90,0";"91,0";"86,0";"14,0";"14,4";"14,0";"837,5";"837,7";"837,3";"1,4";"337,0";"5,5";"";"0,0"
"29/01/2026";"0000";"14,8";"15,6";"14,8";"92,0";"92,0";"90,0";"13,5";"14,1";"13,2";"837,9";"837,9";"837,4";"0,7";"345,0";"3,3";"";"0,0"
"29/01/2026";"0100";"14,4";"14,8";"14,1";"94,0";"95,0";"90,0";"13,4";"13,5";"13,1";"838,7";"838,7";"837,9";"1,7";"348,0";"2,5";"";"0,0"
"29/01/2026";"0200";"13,8";"14,5";"13,8";"95,0";"95,0";"92,0";"13,0";"13,4";"13,0";"838,5";"838,8";"838,5";"0,4";"37,0";"2,4";"";"0,0"
"29/01/2026";"0300";"13,3";"13,9";"13,2";"96,0";"96,0";"94,0";"12,7";"13,1";"12,5";"837,7";"838,5";"837,7";"1,1";"338,0";"2,2";"";"0,0"
"29/01/2026";"0400";"12,9";"13,4";"12,8";"97,0";"97,0";"96,0";"12,4";"12,9";"12,2";"837,4";"837,7";"837,4";"1,3";"344,0";"3,3";"";"0,0"
"29/01/2026";"0500";"12,5";"12,9";"12,4";"97,0";"97,0";"97,0";"12,1";"12,3";"11,9";"836,7";"837,4";"836,7";"1,6";"337,0";"2,8";"";"0,0"
"29/01/2026";"0600";"12,2";"12,5";"12,2";"97,0";"98,0";"97,0";"11,7";"12,1";"11,7";"836,6";"836,7";"836,5";"1,6";"341,0";"2,8";"";"0,0"
"29/01/2026";"0700";"12,0";"12,2";"11,8";"98,0";"98,0";"97,0";"11,7";"11,8";"11,4";"836,6";"836,6";"836,5";"1,4";"330,0";"3,0";"";"0,0"
"29/01/2026";"0800";"11,8";"12,3";"11,8";"98,0";"98,0";"98,0";"11,4";"12,0";"11,4";"836,7";"836,7";"836,5";"1,4";"335,0";"3,8";"";"0,0"
"29/01/2026";"0900";"13,2";"13,2";"11,8";"98,0";"98,0";"98,0";"13,0";"13,0";"11,4";"837,2";"837,2";"836,7";"1,5";"335,0";"3,8";"16,00";"0,0"
"29/01/2026";"1000";"14,7";"14,7";"13,2";"98,0";"98,0";"98,0";"14,4";"14,4";"13,0";"837,4";"837,4";"837,2";"1,2";"337,0";"3,8";"188,00";"0,0"
"29/01/2026";"1100";"17,8";"17,9";"14,7";"87,0";"98,0";"85,0";"15,6";"15,8";"14,5";"837,6";"837,6";"837,4";"1,1";"328,0";"4,0";"1141,80";"0,0"
"29/01/2026";"1200";"21,2";"21,5";"17,8";"66,0";"87,0";"66,0";"14,7";"15,9";"13,5";"837,8";"837,8";"837,5";"0,7";"257,0";"3,2";"1612,00";"0,0"
"29/01/2026";"1300";"19,4";"21,4";"19,0";"66,0";"70,0";"59,0";"12,9";"15,0";"12,2";"838,0";"838,1";"837,8";"1,3";"231,0";"4,5";"2092,20";"0,0"
"29/01/2026";"1400";"21,5";"21,5";"19,4";"64,0";"70,0";"63,0";"14,4";"15,2";"12,8";"838,0";"838,1";"838,0";"1,1";"218,0";"4,1";"2292,50";"0,0"
"29/01/2026";"1500";"22,3";"23,1";"20,3";"64,0";"75,0";"58,0";"15,3";"16,4";"13,7";"837,6";"838,0";"837,6";"1,5";"206,0";"4,4";"2727,80";"0,0"
"29/01/2026";"1600";"22,9";"23,4";"21,1";"63,0";"68,0";"59,0";"15,4";"16,4";"14,2";"837,0";"837,6";"837,0";"2,2";"162,0";"5,2";"4004,90";"0,0"
"29/01/2026";"1700";"22,5";"23,7";"22,1";"62,0";"66,0";"56,0";"14,8";"16,1";"13,8";"836,2";"837,0";"836,2";"1,4";"231,0";"4,8";"3712,90";"0,0"
"29/01/2026";"1800";"21,1";"24,1";"20,7";"69,0";"70,0";"57,0";"15,1";"17,0";"14,1";"835,5";"836,3";"835,5";"0,9";"202,0";"4,5";"1848,90";"0,0"
"29/01/2026";"1900";"20,3";"21,7";"20,3";"71,0";"73,0";"66,0";"15,0";"16,0";"14,6";"834,6";"835,6";"834,5";"1,5";"126,0";"4,6";"811,80";"0,0"
"29/01/2026";"2000";"14,4";"20,3";"14,2";"96,0";"97,0";"70,0";"13,7";"15,9";"13,5";"834,7";"835,3";"834,3";"1,3";"221,0";"6,3";"122,00";"14,6"
"29/01/2026";"2100";"15,5";"15,5";"14,3";"96,0";"98,0";"96,0";"14,9";"15,0";"13,9";"834,2";"834,8";"834,1";"1,7";"16,0";"3,3";"172,60";"3,4"
"29/01/2026";"2200";"15,6";"15,8";"15,2";"97,0";"98,0";"95,0";"15,2";"15,4";"14,4";"834,9";"834,9";"834,2";"1,2";"9,0";"2,9";"46,70";"0,2"
"29/01/2026";"2300";"14,9";"15,6";"14,9";"97,0";"98,0";"97,0";"14,5";"15,1";"14,5";"835,1";"835,1";"834,9";"1,3";"353,0";"2,6";"";"0,0"
"30/01/2026";"0000";"15,3";"15,4";"14,9";"98,0";"98,0";"97,0";"14,9";"15,0";"14,5";"835,8";"835,8";"835,1";"0,5";"308,0";"1,9";"";"0,0"
"30/01/2026";"0100";"14,9";"15,3";"14,9";"98,0";"98,0";"98,0";"14,6";"15,0";"14,6";"835,6";"835,8";"835,4";"0,9";"349,0";"4,0";"";"2,0"
"30/01/2026";"0200";"15,0";"15,1";"14,9";"98,0";"98,0";"98,0";"14,8";"14,9";"14,5";"835,7";"835,9";"835,5";"1,1";"340,0";"2,8";"";"0,8"
"30/01/2026";"0300";"15,1";"15,2";"15,0";"99,0";"99,0";"98,0";"14,9";"14,9";"14,7";"835,4";"835,7";"835,3";"0,7";"322,0";"4,1";"";"1,8"
"30/01/2026";"0400";"14,6";"15,2";"14,6";"99,0";"99,0";"98,0";"14,4";"14,9";"14,4";"834,3";"835,4";"834,3";"1,1";"120,0";"5,0";"";"4,0"
"30/01/2026";"0500";"14,4";"14,6";"14,3";"99,0";"99,0";"99,0";"14,2";"14,4";"14,1";"834,3";"834,8";"834,3";"1,4";"156,0";"4,1";"";"8,4"
"30/01/2026";"0600";"14,1";"14,4";"14,1";"99,0";"99,0";"99,0";"13,9";"14,2";"13,9";"833,4";"834,4";"833,4";"1,0";"135,0";"3,5";"";"3,6"
"30/01/2026";"0700";"14,0";"14,1";"13,9";"99,0";"99,0";"99,0";"13,8";"14,0";"13,8";"833,2";"833,6";"833,2";"1,1";"144,0";"3,1";"";"8,2"
"30/01/2026";"0800";"14,2";"14,2";"13,9";"99,0";"99,0";"99,0";"14,0";"14,0";"13,7";"833,1";"833,2";"833,0";"0,7";"320,0";"3,1";"";"3,4"
"30/01/2026";"0900";"13,7";"14,2";"13,6";"99,0";"99,0";"99,0";"13,5";"14,0";"13,4";"833,4";"833,4";"832,9";"0,6";"279,0";"1,8";"4,30";"0,8"
"30/01/2026";"1000";"13,9";"13,9";"13,3";"99,0";"99,0";"99,0";"13,7";"13,7";"13,1";"833,5";"833,6";"833,3";"0,5";"300,0";"2,2";"63,30";"1,8"
"30/01/2026";"1100";"14,4";"14,4";"13,9";"99,0";"99,0";"99,0";"14,2";"14,2";"13,7";"833,6";"833,6";"833,4";"1,0";"284,0";"2,7";"251,60";"0,2"
"30/01/2026";"1200";"15,7";"16,0";"14,4";"98,0";"99,0";"98,0";"15,3";"15,8";"14,2";"833,8";"833,9";"833,6";"0,9";"290,0";"3,6";"946,50";"0,0"
"30/01/2026";"1300";"16,8";"17,2";"15,6";"91,0";"98,0";"89,0";"15,3";"16,0";"14,9";"833,8";"834,0";"833,7";"0,9";"289,0";"3,9";"1214,10";"0,0"
"30/01/2026";"1400";"16,0";"16,9";"15,8";"94,0";"95,0";"90,0";"15,1";"15,4";"14,8";"833,8";"834,0";"833,8";"1,1";"265,0";"3,9";"776,20";"0,0"
"30/01/2026";"1500";"16,4";"17,2";"15,7";"93,0";"95,0";"91,0";"15,2";"16,0";"14,9";"833,3";"833,9";"833,3";"1,0";"289,0";"3,6";"858,50";"0,0"
"30/01/2026";"1600";"16,8";"17,3";"16,2";"93,0";"95,0";"90,0";"15,6";"16,2";"14,8";"832,8";"833,3";"832,8";"0,6";"271,0";"2,8";"1223,50";"0,2"
"30/01/2026";"1700";"16,9";"17,4";"16,5";"94,0";"95,0";"92,0";"15,9";"16,5";"15,2";"832,2";"832,8";"832,2";"1,1";"213,0";"3,9";"855,20";"0,6"
"30/01/2026";"1800";"18,2";"18,2";"16,6";"89,0";"95,0";"88,0";"16,3";"16,9";"15,1";"831,6";"832,2";"831,5";"0,9";"236,0";"3,9";"1472,50";"0,2"
"30/01/2026";"1900";"16,8";"18,4";"16,8";"91,0";"92,0";"84,0";"15,4";"16,6";"15,0";"831,3";"831,6";"831,2";"0,6";"270,0";"2,9";"960,50";"0,0"
"30/01/2026";"2000";"16,2";"16,8";"16,0";"95,0";"96,0";"91,0";"15,4";"15,9";"15,1";"831,0";"831,3";"830,9";"0,5";"251,0";"2,1";"211,50";"0,6"
"30/01/2026";"2100";"15,4";"16,2";"15,4";"97,0";"97,0";"95,0";"14,9";"15,5";"14,8";"831,4";"831,4";"831,0";"0,7";"190,0";"2,7";"137,20";"1,0"
"30/01/2026";"2200";"15,6";"15,8";"15,4";"98,0";"98,0";"97,0";"15,2";"15,4";"14,9";"831,8";"831,8";"831,3";"0,7";"313,0";"2,2";"41,10";"0,2"
"30/01/2026";"2300";"15,0";"15,7";"15,0";"98,0";"98,0";"98,0";"14,7";"15,3";"14,7";"832,1";"832,2";"831,7";"0,5";"351,0";"2,4";"";"1,2"
"31/01/2026";"0000";"15,1";"15,2";"15,0";"98,0";"98,0";"98,0";"14,9";"14,9";"14,6";"832,2";"832,2";"832,0";"0,9";"17,0";"2,1";"";"2,0"
"31/01/2026";"0100";"15,2";"15,3";"15,1";"98,0";"98,0";"98,0";"15,0";"15,0";"14,8";"832,4";"832,6";"832,2";"1,2";"339,0";"3,1";"";"0,4"
"31/01/2026";"0200";"15,0";"15,3";"15,0";"99,0";"99,0";"98,0";"14,8";"15,0";"14,8";"832,3";"832,5";"832,2";"0,7";"299,0";"3,1";"";"0,0"
"31/01/2026";"0300";"14,4";"15,0";"14,4";"99,0";"99,0";"99,0";"14,2";"14,8";"14,2";"831,6";"832,3";"831,6";"0,5";"334,0";"2,5";"";"0,2"
"31/01/2026";"0400";"13,8";"14,4";"13,8";"99,0";"99,0";"99,0";"13,6";"14,2";"13,6";"831,2";"831,6";"831,1";"0,7";"343,0";"2,8";"";"0,0"
"31/01/2026";"0500";"13,4";"13,8";"13,3";"99,0";"99,0";"99,0";"13,2";"13,6";"13,1";"830,8";"831,3";"830,8";"0,5";"321,0";"1,7";"";"0,0"
"31/01/2026";"0600";"13,4";"13,4";"13,2";"99,0";"99,0";"99,0";"13,2";"13,2";"13,0";"830,6";"830,9";"830,5";"0,4";"250,0";"2,1";"";"0,0"
"31/01/2026";"0700";"13,5";"13,5";"13,0";"99,0";"99,0";"99,0";"13,3";"13,3";"12,8";"830,5";"830,6";"830,3";"0,9";"255,0";"3,4";"";"0,0"
"31/01/2026";"0800";"13,6";"13,6";"13,4";"99,0";"99,0";"99,0";"13,4";"13,4";"13,2";"831,1";"831,1";"830,5";"0,9";"251,0";"3,1";"";"0,0"
"31/01/2026";"0900";"13,7";"13,7";"13,4";"98,0";"99,0";"98,0";"13,5";"13,5";"13,2";"831,3";"831,3";"831,0";"0,8";"243,0";"2,4";"5,60";"0,0"
"31/01/2026";"1000";"14,5";"14,6";"13,7";"97,0";"98,0";"97,0";"14,0";"14,3";"13,5";"831,7";"831,7";"831,3";"0,7";"281,0";"2,3";"192,70";"0,0"
"31/01/2026";"1100";"15,9";"15,9";"14,4";"91,0";"97,0";"91,0";"14,4";"14,7";"13,8";"832,1";"832,1";"831,7";"1,2";"242,0";"2,9";"821,80";"0,0"
"31/01/2026";"1200";"16,7";"17,1";"15,8";"85,0";"91,0";"83,0";"14,2";"15,3";"13,7";"832,5";"832,5";"832,1";"1,3";"233,0";"4,0";"1624,10";"0,0"
"31/01/2026";"1300";"18,4";"19,3";"16,6";"77,0";"86,0";"75,0";"14,3";"15,7";"13,9";"832,6";"832,7";"832,4";"1,6";"212,0";"6,6";"2906,80";"0,0"
"31/01/2026";"1400";"19,2";"19,2";"17,7";"84,0";"85,0";"76,0";"16,4";"16,4";"14,0";"832,8";"832,9";"832,7";"1,3";"221,0";"7,6";"2307,00";"0,0"
"31/01/2026";"1500";"20,1";"20,7";"18,6";"78,0";"83,0";"73,0";"16,2";"16,9";"14,4";"832,7";"832,8";"832,6";"2,1";"214,0";"7,6";"2842,20";"0,0"
"31/01/2026";"1600";"19,3";"21,0";"19,3";"75,0";"79,0";"70,0";"14,7";"16,4";"14,6";"832,6";"832,7";"832,5";"2,2";"206,0";"7,4";"3097,00";"0,0"
"31/01/2026";"1700";"20,5";"21,5";"18,7";"71,0";"82,0";"69,0";"15,1";"17,5";"14,6";"832,2";"832,6";"832,1";"2,2";"204,0";"6,1";"2089,00";"0,0"
"31/01/2026";"1800";"20,6";"22,2";"19,2";"67,0";"77,0";"64,0";"14,3";"17,0";"13,4";"831,5";"832,2";"831,5";"1,4";"218,0";"6,0";"2748,80";"0,0"
"31/01/2026";"1900";"21,4";"22,3";"19,7";"59,0";"72,0";"58,0";"13,1";"15,7";"13,1";"831,1";"831,6";"831,1";"1,8";"209,0";"6,3";"2248,40";"0,0"
"31/01/2026";"2000";"21,0";"22,5";"21,0";"62,0";"64,0";"57,0";"13,3";"14,6";"13,3";"831,0";"831,2";"831,0";"1,3";"232,0";"4,8";"1929,40";"0,0"
"31/01/2026";"2100";"19,2";"22,0";"19,2";"71,0";"71,0";"60,0";"13,8";"14,9";"13,3";"831,3";"831,3";"831,0";"0,9";"217,0";"3,8";"632,10";"0,0"
"31/01/2026";"2200";"17,1";"19,2";"17,1";"81,0";"82,0";"71,0";"13,8";"14,2";"13,6";"831,6";"831,6";"831,2";"0,4";"263,0";"3,1";"42,10";"0,0"
"31/01/2026";"2300";"15,9";"17,1";"15,9";"85,0";"85,0";"81,0";"13,4";"14,0";"13,4";"832,0";"832,0";"831,6";"0,3";"291,0";"1,0";"";"0,0"
"01/02/2026";"0000";"15,3";"15,9";"15,1";"88,0";"90,0";"85,0";"13,4";"13,6";"13,3";"832,7";"832,7";"832,0";"0,7";"339,0";"1,9";"";"0,0"
"01/02/2026";"0100";"14,4";"15,6";"14,3";"93,0";"93,0";"87,0";"13,3";"13,6";"13,0";"833,3";"833,3";"832,6";"1,6";"349,0";"3,1";"";"0,0"
"01/02/2026";"0200";"13,9";"14,8";"13,9";"94,0";"95,0";"92,0";"13,0";"13,7";"12,9";"833,0";"833,4";"832,9";"1,2";"343,0";"3,2";"";"0,0"
"01/02/2026";"0300";"14,0";"14,5";"13,8";"95,0";"95,0";"93,0";"13,2";"13,6";"12,9";"832,6";"833,1";"832,6";"0,7";"322,0";"3,5";"";"0,0"
"01/02/2026";"0400";"16,5";"16,6";"14,0";"86,0";"95,0";"85,0";"14,1";"14,4";"13,3";"832,2";"832,6";"832,1";"0,9";"262,0";"2,3";"";"0,0"
"01/02/2026";"0500";"15,8";"16,7";"15,8";"91,0";"91,0";"85,0";"14,4";"14,4";"14,0";"831,9";"832,2";"831,9";"0,9";"305,0";"2,3";"";"0,0"
"01/02/2026";"0600";"15,4";"15,8";"15,3";"94,0";"94,0";"91,0";"14,4";"14,4";"14,2";"831,6";"831,9";"831,6";"0,8";"279,0";"2,1";"";"0,0"
"01/02/2026";"0700";"16,5";"16,5";"15,3";"90,0";"94,0";"90,0";"14,8";"14,9";"14,3";"831,3";"831,6";"831,2";"1,4";"252,0";"3,9";"";"0,0"
"01/02/2026";"0800";"16,6";"16,8";"16,5";"89,0";"90,0";"87,0";"14,7";"14,9";"14,6";"831,3";"831,4";"831,1";"1,2";"258,0";"3,9";"";"0,0"
"01/02/2026";"0900";"16,3";"16,7";"16,3";"90,0";"90,0";"89,0";"14,7";"14,9";"14,6";"831,7";"831,7";"831,3";"0,8";"256,0";"2,6";"4,40";"0,0"
"01/02/2026";"1000";"17,6";"17,6";"16,3";"87,0";"91,0";"87,0";"15,5";"15,5";"14,7";"832,3";"832,3";"831,7";"0,9";"263,0";"3,6";"242,60";"0,0"
"01/02/2026";"1100";"19,2";"19,3";"17,7";"79,0";"87,0";"78,0";"15,5";"15,8";"15,0";"832,7";"832,8";"832,2";"1,3";"253,0";"3,7";"1104,20";"0,0"
"01/02/2026";"1200";"18,9";"20,6";"18,9";"83,0";"83,0";"74,0";"16,0";"16,3";"15,1";"833,1";"833,2";"832,7";"1,4";"259,0";"3,8";"2082,50";"0,0"
"01/02/2026";"1300";"19,8";"20,2";"18,6";"79,0";"85,0";"77,0";"16,1";"17,0";"15,6";"832,9";"833,1";"832,8";"1,3";"254,0";"4,5";"2093,60";"0,0"
"01/02/2026";"1400";"21,4";"21,8";"19,8";"70,0";"80,0";"70,0";"15,6";"17,1";"15,3";"833,2";"833,2";"832,9";"1,5";"227,0";"6,0";"3017,70";"0,0"
"01/02/2026";"1500";"22,3";"22,3";"20,8";"76,0";"77,0";"69,0";"17,8";"17,8";"15,6";"832,3";"833,2";"832,3";"1,4";"247,0";"4,9";"3617,00";"0,0"
"01/02/2026";"1600";"21,2";"22,7";"20,3";"74,0";"77,0";"68,0";"16,2";"17,6";"15,4";"831,7";"832,3";"831,7";"1,4";"239,0";"3,8";"2266,70";"0,0"
"01/02/2026";"1700";"21,6";"22,9";"20,3";"75,0";"85,0";"70,0";"17,1";"18,4";"16,1";"831,2";"831,7";"831,1";"1,0";"248,0";"3,8";"2192,50";"0,2"
"01/02/2026";"1800";"23,8";"24,4";"21,0";"63,0";"77,0";"63,0";"16,5";"18,0";"15,9";"830,7";"831,3";"830,6";"1,2";"229,0";"4,9";"2279,10";"0,0"
"01/02/2026";"1900";"22,4";"23,8";"22,1";"69,0";"70,0";"63,0";"16,4";"17,2";"15,6";"830,9";"830,9";"830,5";"0,9";"242,0";"4,9";"2116,40";"0,0"
"01/02/2026";"2000";"15,9";"22,4";"15,8";"95,0";"95,0";"69,0";"15,2";"16,4";"14,2";"831,7";"832,6";"830,9";"0,6";"284,0";"7,2";"154,30";"4,0"
"01/02/2026";"2100";"16,3";"16,3";"15,5";"97,0";"97,0";"95,0";"15,8";"15,8";"14,8";"832,6";"832,6";"831,4";"1,0";"212,0";"6,3";"61,80";"1,2"
"01/02/2026";"2200";"16,5";"16,5";"16,3";"98,0";"98,0";"97,0";"16,1";"16,1";"15,8";"832,8";"832,9";"832,6";"1,5";"219,0";"5,1";"9,20";"0,2"
"01/02/2026";"2300";"16,2";"16,5";"16,2";"97,0";"98,0";"97,0";"15,8";"16,1";"15,8";"832,6";"832,8";"832,3";"1,2";"230,0";"5,1";"";"0,0"
"02/02/2026";"0000";"16,1";"16,3";"16,0";"95,0";"97,0";"95,0";"15,4";"15,8";"15,4";"832,3";"832,7";"832,3";"1,2";"255,0";"4,7";"";"0,0"
"02/02/2026";"0100";"16,0";"16,2";"15,8";"91,0";"95,0";"90,0";"14,5";"15,4";"14,2";"832,6";"832,8";"832,3";"1,4";"221,0";"5,0";"";"0,0"
"02/02/2026";"0200";"16,0";"16,3";"16,0";"92,0";"92,0";"91,0";"14,7";"14,9";"14,5";"833,1";"833,1";"832,6";"0,9";"277,0";"5,0";"";"0,0"
"02/02/2026";"0300";"15,8";"16,3";"15,8";"93,0";"93,0";"90,0";"14,6";"14,9";"14,6";"832,5";"833,2";"832,5";"1,5";"214,0";"4,0";"";"0,0"
"02/02/2026";"0400";"15,5";"16,1";"15,5";"93,0";"93,0";"91,0";"14,4";"14,8";"14,4";"831,8";"832,5";"831,8";"0,5";"324,0";"3,8";"";"0,0"
"02/02/2026";"0500";"14,9";"15,5";"14,8";"97,0";"97,0";"93,0";"14,4";"14,5";"14,2";"832,1";"832,1";"831,8";"1,6";"360,0";"2,6";"";"0,0"
"02/02/2026";"0600";"14,3";"15,0";"14,3";"97,0";"97,0";"96,0";"13,9";"14,4";"13,9";"832,2";"832,2";"832,0";"2,0";"346,0";"3,0";"";"0,0"
"02/02/2026";"0700";"14,8";"15,0";"14,3";"98,0";"98,0";"97,0";"14,5";"14,7";"13,9";"832,3";"832,3";"832,2";"1,7";"343,0";"3,2";"";"0,0"
"02/02/2026";"0800";"15,2";"15,2";"14,8";"98,0";"98,0";"98,0";"14,9";"14,9";"14,5";"832,4";"832,4";"832,1";"1,7";"338,0";"3,1";"";"0,0"
"02/02/2026";"0900";"15,6";"15,6";"15,2";"98,0";"98,0";"98,0";"15,3";"15,3";"14,9";"832,9";"832,9";"832,4";"1,4";"336,0";"3,5";"1,60";"0,0"
"02/02/2026";"1000";"16,3";"16,3";"15,6";"98,0";"98,0";"98,0";"16,0";"16,0";"15,3";"833,1";"833,2";"832,9";"0,5";"306,0";"3,3";"169,50";"0,0"
"02/02/2026";"1100";"16,8";"17,1";"16,2";"94,0";"98,0";"94,0";"15,9";"16,3";"15,8";"833,4";"833,5";"833,1";"0,6";"315,0";"3,1";"386,30";"0,0"
"02/02/2026";"1200";"17,7";"17,7";"16,8";"91,0";"94,0";"91,0";"16,1";"16,2";"15,8";"833,8";"833,8";"833,4";"0,7";"303,0";"3,9";"579,80";"0,0"
"02/02/2026";"1300";"18,8";"18,8";"17,7";"88,0";"91,0";"87,0";"16,7";"16,7";"16,1";"833,7";"833,8";"833,7";"0,5";"315,0";"2,9";"937,30";"0,0"
"02/02/2026";"1400";"19,8";"20,7";"18,6";"81,0";"88,0";"78,0";"16,5";"17,1";"15,3";"833,8";"833,9";"833,7";"0,7";"268,0";"4,0";"1728,90";"0,0"
"02/02/2026";"1500";"20,0";"20,2";"19,5";"77,0";"81,0";"76,0";"15,9";"16,6";"15,4";"833,6";"833,8";"833,6";"0,6";"328,0";"3,2";"1335,70";"0,0"
"02/02/2026";"1600";"23,4";"23,4";"20,0";"68,0";"80,0";"68,0";"17,1";"18,1";"15,5";"833,1";"833,7";"833,1";"0,8";"258,0";"2,6";"2482,10";"0,0"
"02/02/2026";"1700";"20,3";"23,5";"20,3";"77,0";"77,0";"67,0";"16,2";"17,7";"15,2";"832,6";"833,1";"832,6";"0,4";"269,0";"3,3";"1593,30";"0,0"
"02/02/2026";"1800";"19,9";"20,3";"19,3";"85,0";"86,0";"76,0";"17,3";"17,3";"15,7";"832,3";"832,6";"832,3";"0,4";"276,0";"1,4";"835,50";"0,2"
"02/02/2026";"1900";"18,3";"20,0";"18,3";"87,0";"88,0";"81,0";"16,2";"17,4";"16,1";"832,2";"832,4";"832,1";"0,3";"310,0";"1,8";"436,40";"0,0"
"02/02/2026";"2000";"17,9";"18,3";"17,4";"92,0";"93,0";"87,0";"16,6";"16,7";"15,5";"832,0";"832,2";"832,0";"0,8";"20,0";"1,5";"456,60";"1,0"
"02/02/2026";"2100";"17,8";"18,2";"17,8";"93,0";"93,0";"90,0";"16,7";"17,0";"16,5";"832,4";"832,4";"832,0";"0,5";"10,0";"1,5";"341,10";"0,0"
"02/02/2026";"2200";"17,5";"17,8";"17,5";"95,0";"95,0";"93,0";"16,6";"16,9";"16,6";"832,8";"832,8";"832,3";"0,9";"15,0";"1,4";"64,90";"0,0"
"02/02/2026";"2300";"16,9";"17,5";"16,9";"96,0";"96,0";"94,0";"16,3";"16,6";"16,3";"833,3";"833,3";"832,8";"0,6";"356,0";"1,5";"";"0,0"
"03/02/2026";"0000";"16,7";"17,1";"16,7";"96,0";"97,0";"95,0";"16,2";"16,4";"16,1";"833,6";"833,7";"833,3";"0,3";"117,0";"1,7";"";"0,0"
"03/02/2026";"0100";"16,4";"16,8";"16,2";"97,0";"97,0";"96,0";"15,9";"16,3";"15,7";"833,7";"833,8";"833,6";"0,8";"339,0";"1,9";"";"0,0"
"03/02/2026";"0200";"16,4";"16,5";"16,2";"98,0";"98,0";"97,0";"16,0";"16,2";"15,8";"833,9";"833,9";"833,7";"0,5";"92,0";"3,1";"";"0,0"
"03/02/2026";"0300";"16,4";"16,6";"16,4";"98,0";"98,0";"97,0";"16,0";"16,2";"16,0";"833,5";"834,0";"833,5";"1,8";"340,0";"2,9";"";"0,0"
"03/02/2026";"0400";"16,2";"16,5";"16,1";"98,0";"98,0";"98,0";"15,8";"16,1";"15,8";"833,0";"833,6";"833,0";"1,3";"334,0";"3,2";"";"0,0"
"03/02/2026";"0500";"16,1";"16,3";"16,0";"98,0";"98,0";"98,0";"15,8";"16,0";"15,7";"832,6";"833,0";"832,6";"1,2";"339,0";"3,2";"";"0,0"
"03/02/2026";"0600";"15,8";"16,2";"15,8";"98,0";"98,0";"98,0";"15,4";"15,9";"15,4";"832,5";"832,7";"832,5";"1,1";"338,0";"2,5";"";"0,0"
"03/02/2026";"0700";"15,7";"15,8";"15,6";"98,0";"98,0";"98,0";"15,5";"15,5";"15,3";"832,3";"832,5";"832,2";"1,3";"325,0";"3,6";"";"0,0"
"03/02/2026";"0800";"15,6";"15,8";"15,6";"98,0";"98,0";"98,0";"15,4";"15,6";"15,4";"832,4";"832,6";"832,2";"0,8";"333,0";"3,6";"";"0,0"
"03/02/2026";"0900";"15,8";"15,8";"15,6";"99,0";"99,0";"98,0";"15,6";"15,6";"15,4";"832,9";"832,9";"832,4";"0,4";"270,0";"3,6";"12,10";"0,0"
"03/02/2026";"1000";"16,3";"16,3";"15,8";"98,0";"99,0";"98,0";"16,1";"16,1";"15,6";"833,3";"833,3";"832,9";"0,8";"320,0";"3,1";"113,10";"0,0"
"03/02/2026";"1100";"17,1";"17,2";"16,3";"94,0";"98,0";"94,0";"16,1";"16,3";"16,1";"833,7";"833,8";"833,3";"0,7";"314,0";"2,9";"337,00";"0,0"
"03/02/2026";"1200";"18,3";"18,4";"17,0";"88,0";"94,0";"88,0";"16,3";"16,9";"15,9";"834,1";"834,1";"833,7";"0,9";"276,0";"3,1";"780,40";"0,0"
"03/02/2026";"1300";"18,4";"18,8";"18,3";"86,0";"89,0";"84,0";"15,9";"16,5";"15,8";"834,1";"834,2";"834,1";"0,6";"274,0";"3,1";"892,40";"0,0"
"03/02/2026";"1400";"19,3";"19,8";"18,1";"84,0";"91,0";"83,0";"16,6";"17,4";"15,9";"833,9";"834,2";"833,9";"0,7";"303,0";"3,6";"946,00";"0,0"
"03/02/2026";"1500";"18,8";"19,9";"18,8";"88,0";"90,0";"83,0";"16,7";"17,4";"16,2";"833,9";"833,9";"833,8";"1,0";"238,0";"2,4";"1091,50";"0,2"
"03/02/2026";"1600";"21,3";"21,3";"18,8";"80,0";"89,0";"79,0";"17,7";"17,9";"16,3";"833,3";"833,9";"833,3";"0,7";"269,0";"4,0";"1745,30";"0,0"
"03/02/2026";"1700";"18,4";"21,3";"18,4";"91,0";"91,0";"76,0";"16,8";"17,7";"16,3";"832,8";"833,3";"832,8";"0,5";"313,0";"2,6";"693,40";"0,0"
"03/02/2026";"1800";"17,0";"18,4";"16,7";"97,0";"97,0";"90,0";"16,5";"17,1";"16,1";"832,4";"832,8";"832,4";"0,8";"225,0";"3,7";"339,80";"7,0"
"03/02/2026";"1900";"19,7";"20,4";"16,9";"84,0";"97,0";"82,0";"16,8";"18,1";"16,3";"832,0";"832,4";"832,0";"1,2";"211,0";"4,1";"2019,10";"0,0"
"03/02/2026";"2000";"19,0";"19,8";"18,1";"91,0";"92,0";"84,0";"17,4";"17,4";"16,2";"831,7";"832,1";"831,6";"0,9";"200,0";"3,1";"763,30";"0,0"
"03/02/2026";"2100";"17,8";"19,4";"17,8";"94,0";"94,0";"87,0";"16,7";"17,7";"16,6";"832,2";"832,2";"831,7";"0,4";"197,0";"2,4";"230,00";"0,0"
"03/02/2026";"2200";"16,6";"17,8";"16,6";"95,0";"95,0";"90,0";"15,8";"16,8";"15,5";"832,7";"832,7";"832,2";"0,6";"355,0";"1,9";"18,30";"0,0"
"03/02/2026";"2300";"17,1";"17,1";"16,6";"97,0";"97,0";"95,0";"16,7";"16,7";"15,8";"832,9";"832,9";"832,7";"0,5";"335,0";"1,5";"";"0,0"
"04/02/2026";"0000";"16,9";"17,1";"16,9";"98,0";"98,0";"97,0";"16,5";"16,7";"16,5";"833,4";"833,4";"832,9";"0,8";"353,0";"1,7";"";"2,6"
"04/02/2026";"0100";"16,9";"17,1";"16,9";"98,0";"98,0";"98,0";"16,6";"16,8";"16,5";"833,7";"833,8";"833,4";"0,6";"316,0";"1,7";"";"1,2"
"04/02/2026";"0200";"16,7";"16,9";"16,7";"98,0";"98,0";"98,0";"16,5";"16,6";"16,4";"833,8";"833,9";"833,7";"1,6";"339,0";"2,9";"";"0,0"
"04/02/2026";"0300";"16,4";"16,8";"16,4";"98,0";"98,0";"98,0";"16,2";"16,5";"16,2";"833,4";"833,8";"833,3";"0,4";"286,0";"2,9";"";"0,0"
"04/02/2026";"0400";"16,2";"16,5";"16,2";"98,0";"99,0";"98,0";"16,0";"16,2";"16,0";"832,9";"833,5";"832,9";"0,5";"237,0";"2,1";"";"0,0"
"04/02/2026";"0500";"16,3";"16,3";"16,2";"98,0";"98,0";"98,0";"16,1";"16,1";"16,0";"832,1";"832,9";"832,1";"0,4";"195,0";"2,5";"";"0,0"
"04/02/2026";"0600";"16,4";"16,4";"16,3";"98,0";"98,0";"98,0";"16,1";"16,1";"16,0";"832,1";"832,2";"832,0";"1,0";"254,0";"2,1";"";"0,0"
"04/02/2026";"0700";"16,4";"16,4";"16,3";"97,0";"98,0";"97,0";"16,0";"16,1";"15,9";"831,8";"832,1";"831,7";"1,1";"326,0";"3,9";"";"0,0"
"04/02/2026";"0800";"16,4";"16,4";"16,3";"97,0";"97,0";"97,0";"15,9";"16,0";"15,9";"831,9";"832,0";"831,7";"0,6";"308,0";"3,9";"";"0,0"
"04/02/2026";"0900";"16,5";"16,5";"16,3";"97,0";"97,0";"97,0";"16,0";"16,0";"15,8";"832,3";"832,3";"831,9";"0,9";"291,0";"2,5";"3,40";"0,0"
"04/02/2026";"1000";"16,7";"16,7";"16,4";"96,0";"97,0";"96,0";"16,1";"16,2";"15,9";"832,6";"832,6";"832,3";"0,9";"301,0";"3,3";"124,10";"0,2"
"04/02/2026";"1100";"17,0";"17,0";"16,7";"96,0";"97,0";"96,0";"16,3";"16,3";"16,1";"832,9";"832,9";"832,6";"0,7";"265,0";"2,7";"260,40";"0,0"
"04/02/2026";"1200";"17,9";"18,3";"16,9";"91,0";"96,0";"91,0";"16,4";"16,9";"16,2";"833,1";"833,1";"832,9";"0,7";"304,0";"3,7";"764,00";"0,0"
"04/02/2026";"1300";"18,1";"18,2";"17,3";"94,0";"95,0";"91,0";"17,0";"17,3";"16,2";"833,5";"833,5";"833,1";"1,3";"213,0";"5,4";"959,00";"0,4"
"04/02/2026";"1400";"19,0";"20,8";"17,4";"85,0";"95,0";"80,0";"16,4";"19,0";"16,2";"833,5";"833,5";"833,4";"1,4";"242,0";"4,7";"2457,10";"0,4"
"04/02/2026";"1500";"19,9";"20,2";"17,8";"84,0";"93,0";"84,0";"17,1";"18,4";"16,2";"833,5";"833,6";"833,5";"1,3";"210,0";"3,7";"1817,30";"0,4"
"04/02/2026";"1600";"20,3";"20,5";"19,6";"84,0";"89,0";"82,0";"17,5";"18,3";"16,6";"833,4";"833,6";"833,4";"1,2";"203,0";"4,5";"1739,00";"0,0"
"04/02/2026";"1700";"22,0";"22,0";"19,7";"76,0";"87,0";"75,0";"17,6";"18,6";"16,1";"833,1";"833,5";"833,1";"1,7";"213,0";"5,1";"2587,90";"0,0"
"04/02/2026";"1800";"21,5";"23,5";"20,7";"74,0";"79,0";"69,0";"16,7";"18,7";"16,0";"832,6";"833,1";"832,6";"0,5";"238,0";"4,4";"2082,20";"0,0"
"04/02/2026";"1900";"17,8";"21,9";"17,8";"92,0";"92,0";"74,0";"16,5";"18,1";"16,0";"832,4";"832,6";"832,3";"2,5";"147,0";"6,3";"691,20";"0,0"
"04/02/2026";"2000";"18,0";"18,2";"17,2";"95,0";"97,0";"92,0";"17,3";"17,8";"16,3";"832,9";"832,9";"832,4";"1,2";"221,0";"6,3";"517,10";"1,6"
"04/02/2026";"2100";"18,4";"18,7";"18,0";"94,0";"96,0";"94,0";"17,5";"18,0";"17,3";"832,7";"832,9";"832,6";"1,1";"182,0";"3,0";"508,50";"0,0"
"04/02/2026";"2200";"17,7";"18,6";"17,7";"95,0";"95,0";"94,0";"16,9";"17,7";"16,9";"833,4";"833,4";"832,7";"1,4";"160,0";"2,9";"87,40";"0,0"
"04/02/2026";"2300";"17,4";"17,7";"17,3";"93,0";"95,0";"93,0";"16,3";"16,9";"16,3";"833,7";"833,7";"833,4";"1,6";"165,0";"3,8";"";"0,0"
"05/02/2026";"0000";"17,0";"17,4";"17,0";"95,0";"95,0";"93,0";"16,2";"16,3";"16,1";"834,3";"834,3";"833,6";"1,0";"152,0";"3,1";"";"0,0"
"05/02/2026";"0100";"17,1";"17,1";"16,9";"97,0";"97,0";"95,0";"16,6";"16,6";"16,2";"834,9";"834,9";"834,3";"0,5";"107,0";"1,6";"";"0,0"
"05/02/2026";"0200";"16,1";"17,1";"15,9";"98,0";"98,0";"96,0";"15,7";"16,6";"15,4";"835,0";"835,0";"834,8";"1,6";"153,0";"8,6";"";"3,2"
"05/02/2026";"0300";"15,1";"16,1";"15,1";"97,0";"98,0";"96,0";"14,6";"15,8";"14,6";"834,4";"835,0";"834,4";"1,2";"347,0";"3,8";"";"2,2"
"05/02/2026";"0400";"15,1";"15,2";"14,9";"98,0";"98,0";"97,0";"14,7";"14,8";"14,5";"834,0";"834,4";"834,0";"1,3";"352,0";"2,9";"";"0,0"
"05/02/2026";"0500";"14,8";"15,1";"14,8";"98,0";"98,0";"98,0";"14,4";"14,7";"14,4";"833,6";"834,0";"833,6";"0,3";"14,0";"2,3";"";"0,2"
"05/02/2026";"0600";"14,7";"14,9";"14,5";"98,0";"98,0";"98,0";"14,4";"14,6";"14,2";"833,4";"833,6";"833,3";"1,7";"357,0";"2,4";"";"0,0"
"05/02/2026";"0700";"14,3";"14,7";"14,3";"98,0";"98,0";"98,0";"14,0";"14,4";"14,0";"833,3";"833,4";"833,3";"1,3";"338,0";"2,4";"";"0,0"
"05/02/2026";"0800";"14,1";"14,4";"13,9";"99,0";"99,0";"98,0";"14,0";"14,2";"13,7";"833,1";"833,3";"833,1";"1,6";"341,0";"2,4";"";"0,0"
"05/02/2026";"0900";"14,1";"14,2";"13,9";"99,0";"99,0";"99,0";"13,9";"14,1";"13,8";"833,5";"833,5";"833,1";"1,0";"340,0";"2,8";"3,40";"0,0"
"05/02/2026";"1000";"14,5";"14,5";"14,1";"99,0";"99,0";"99,0";"14,3";"14,4";"13,9";"834,3";"834,3";"833,5";"0,2";"210,0";"2,2";"150,90";"0,0"
"05/02/2026";"1100";"16,3";"16,3";"14,4";"99,0";"99,0";"99,0";"16,2";"16,2";"14,3";"834,7";"834,8";"834,3";"0,6";"120,0";"1,3";"581,20";"0,0"
"05/02/2026";"1200";"17,8";"18,6";"16,3";"98,0";"99,0";"98,0";"17,5";"18,4";"16,2";"834,9";"834,9";"834,7";"0,9";"212,0";"2,3";"1096,40";"0,0"
"05/02/2026";"1300";"20,5";"21,5";"17,8";"79,0";"98,0";"78,0";"16,7";"18,6";"16,4";"834,9";"835,1";"834,9";"1,0";"187,0";"2,5";"1967,30";"0,0"
"05/02/2026";"1400";"22,3";"22,7";"20,4";"74,0";"81,0";"68,0";"17,5";"19,1";"15,6";"834,9";"835,0";"834,8";"1,1";"181,0";"3,9";"3218,50";"0,0"
"05/02/2026";"1500";"22,6";"23,5";"21,1";"72,0";"81,0";"67,0";"17,3";"19,0";"15,8";"834,5";"834,9";"834,5";"1,4";"197,0";"3,7";"2958,10";"0,0"
"05/02/2026";"1600";"19,1";"22,7";"18,1";"93,0";"94,0";"71,0";"18,0";"18,0";"16,0";"834,1";"834,5";"834,1";"1,5";"143,0";"5,0";"1194,90";"0,4"
"05/02/2026";"1700";"21,0";"21,9";"19,1";"76,0";"94,0";"71,0";"16,7";"19,4";"16,0";"833,8";"834,1";"833,6";"1,8";"163,0";"5,1";"3158,70";"0,0"
"05/02/2026";"1800";"17,6";"21,4";"17,6";"92,0";"92,0";"73,0";"16,2";"16,8";"15,9";"833,6";"833,9";"833,6";"1,9";"151,0";"4,6";"631,50";"0,0"
"05/02/2026";"1900";"17,9";"18,0";"17,1";"93,0";"96,0";"91,0";"16,8";"17,1";"16,1";"833,1";"833,6";"833,1";"1,3";"106,0";"5,3";"502,90";"1,8"
"05/02/2026";"2000";"17,4";"17,9";"17,4";"94,0";"95,0";"93,0";"16,4";"16,9";"16,2";"833,0";"833,1";"832,8";"0,7";"120,0";"3,5";"466,50";"0,4"
"05/02/2026";"2100";"16,8";"17,5";"16,6";"95,0";"95,0";"92,0";"15,9";"16,6";"15,4";"833,0";"833,0";"832,6";"1,1";"144,0";"2,9";"248,90";"0,2"
"05/02/2026";"2200";"16,3";"16,8";"16,3";"95,0";"95,0";"93,0";"15,6";"15,9";"15,3";"833,8";"833,8";"833,0";"1,3";"120,0";"5,3";"42,40";"0,2"
"05/02/2026";"2300";"16,2";"16,4";"16,2";"97,0";"97,0";"95,0";"15,7";"15,8";"15,6";"834,2";"834,2";"833,8";"1,9";"33,0";"4,6";"";"0,0"
"06/02/2026";"0000";"16,0";"16,2";"15,9";"98,0";"98,0";"97,0";"15,7";"15,8";"15,5";"834,7";"834,7";"834,1";"2,1";"37,0";"5,3";"";"0,0"
"06/02/2026";"0100";"16,2";"16,2";"16,0";"99,0";"99,0";"98,0";"16,0";"16,0";"15,7";"835,0";"835,1";"834,6";"0,6";"302,0";"5,7";"";"0,0"
"06/02/2026";"0200";"16,3";"16,3";"16,1";"98,0";"99,0";"98,0";"16,0";"16,1";"15,9";"835,0";"835,2";"834,9";"1,4";"4,0";"4,0";"0,10";"0,2"
"06/02/2026";"0300";"15,8";"16,3";"15,8";"98,0";"98,0";"98,0";"15,6";"16,0";"15,5";"834,8";"835,1";"834,8";"1,6";"35,0";"4,0";"";"0,2"
"06/02/2026";"0400";"15,8";"15,9";"15,7";"98,0";"98,0";"98,0";"15,5";"15,6";"15,5";"834,6";"834,9";"834,6";"1,4";"10,0";"3,7";"";"0,2"
"06/02/2026";"0500";"15,6";"15,9";"15,4";"98,0";"98,0";"98,0";"15,3";"15,6";"15,1";"834,1";"834,6";"834,1";"1,0";"331,0";"2,8";"";"0,0"
"06/02/2026";"0600";"15,5";"15,7";"15,5";"98,0";"98,0";"98,0";"15,2";"15,4";"15,2";"833,7";"834,1";"833,7";"1,0";"338,0";"2,9";"";"0,0"
"06/02/2026";"0700";"14,9";"15,5";"14,9";"98,0";"98,0";"98,0";"14,7";"15,2";"14,7";"833,5";"833,7";"833,4";"0,7";"348,0";"2,9";"";"0,0"
"06/02/2026";"0800";"14,5";"14,9";"14,4";"99,0";"99,0";"98,0";"14,2";"14,7";"14,2";"833,6";"833,7";"833,5";"0,6";"312,0";"1,5";"";"0,0"
"06/02/2026";"0900";"14,2";"14,7";"14,2";"99,0";"99,0";"99,0";"14,0";"14,5";"14,0";"833,8";"833,8";"833,6";"1,2";"339,0";"1,9";"4,60";"0,0"
"06/02/2026";"1000";"16,4";"16,4";"14,1";"98,0";"99,0";"98,0";"16,0";"16,1";"13,9";"834,1";"834,1";"833,7";"1,2";"343,0";"2,1";"364,80";"0,0"
"06/02/2026";"1100";"19,9";"20,0";"16,4";"80,0";"98,0";"79,0";"16,2";"16,9";"16,0";"834,5";"834,5";"834,1";"1,1";"334,0";"2,9";"1221,30";"0,0"
"06/02/2026";"1200";"21,5";"21,9";"19,9";"76,0";"82,0";"69,0";"17,0";"17,4";"15,6";"835,0";"835,0";"834,5";"1,7";"336,0";"4,5";"2190,90";"0,0"
"06/02/2026";"1300";"23,4";"23,8";"20,9";"67,0";"77,0";"67,0";"16,9";"18,3";"16,1";"835,2";"835,2";"835,0";"1,8";"338,0";"5,5";"2816,30";"0,2"
"06/02/2026";"1400";"22,9";"23,4";"20,5";"75,0";"84,0";"65,0";"18,2";"18,6";"16,0";"835,5";"835,6";"835,2";"1,6";"313,0";"5,2";"2228,90";"0,0"
"06/02/2026";"1500";"21,9";"23,8";"20,8";"78,0";"84,0";"72,0";"17,9";"19,3";"17,4";"835,3";"835,5";"835,3";"1,1";"138,0";"4,3";"1532,00";"0,0"
"06/02/2026";"1600";"21,9";"22,4";"20,1";"78,0";"89,0";"77,0";"17,8";"19,1";"17,1";"834,7";"835,4";"834,7";"1,1";"190,0";"2,9";"1148,10";"0,0"
"06/02/2026";"1700";"23,6";"24,1";"21,6";"69,0";"82,0";"67,0";"17,5";"19,1";"17,0";"833,9";"834,7";"833,9";"1,3";"196,0";"3,6";"1756,10";"0,0"
"06/02/2026";"1800";"20,3";"23,6";"20,3";"84,0";"84,0";"68,0";"17,6";"18,4";"16,7";"833,5";"833,9";"833,5";"0,9";"318,0";"4,6";"966,90";"0,0"
"06/02/2026";"1900";"18,7";"20,3";"18,4";"93,0";"93,0";"82,0";"17,6";"17,6";"16,5";"833,5";"833,6";"833,5";"0,4";"126,0";"4,6";"256,30";"0,2"
"06/02/2026";"2000";"18,3";"18,9";"18,2";"94,0";"95,0";"92,0";"17,3";"17,8";"17,1";"833,6";"833,7";"833,4";"0,7";"183,0";"2,9";"401,70";"0,4"
"06/02/2026";"2100";"18,5";"18,5";"18,3";"92,0";"94,0";"91,0";"17,1";"17,6";"16,9";"833,9";"834,0";"833,7";"0,6";"66,0";"1,9";"195,90";"0,0"
"06/02/2026";"2200";"17,2";"18,5";"17,2";"96,0";"96,0";"91,0";"16,6";"17,0";"16,6";"834,4";"834,4";"833,8";"0,7";"149,0";"3,3";"71,70";"0,0"
"06/02/2026";"2300";"17,4";"17,4";"17,2";"97,0";"97,0";"96,0";"16,8";"16,9";"16,6";"835,0";"835,1";"834,5";"0,9";"338,0";"3,3";"";"0,0"
"07/02/2026";"0000";"17,0";"17,4";"17,0";"97,0";"97,0";"96,0";"16,5";"16,8";"16,4";"835,5";"835,5";"834,9";"0,9";"339,0";"2,6";"";"0,0"
"07/02/2026";"0100";"17,1";"17,2";"17,0";"97,0";"97,0";"97,0";"16,7";"16,7";"16,5";"835,4";"835,6";"835,4";"1,4";"330,0";"3,4";"";"0,0"
"07/02/2026";"0200";"16,7";"17,1";"16,6";"98,0";"98,0";"97,0";"16,4";"16,7";"16,2";"835,1";"835,5";"834,9";"0,6";"329,0";"3,4";"";"1,6"
"07/02/2026";"0300";"16,4";"16,8";"16,4";"98,0";"98,0";"98,0";"16,1";"16,5";"16,1";"834,9";"835,2";"834,8";"2,0";"334,0";"4,3";"";"0,6"
"07/02/2026";"0400";"16,3";"16,5";"16,3";"98,0";"98,0";"98,0";"16,0";"16,2";"16,0";"834,4";"834,9";"834,4";"1,3";"332,0";"4,3";"";"0,0"
"07/02/2026";"0500";"16,0";"16,3";"16,0";"99,0";"99,0";"98,0";"15,8";"16,0";"15,8";"833,9";"834,4";"833,9";"1,1";"327,0";"3,6";"";"0,0"
"07/02/2026";"0600";"16,0";"16,2";"16,0";"98,0";"99,0";"98,0";"15,8";"15,9";"15,7";"833,6";"833,9";"833,6";"0,7";"320,0";"4,1";"";"0,0"
"07/02/2026";"0700";"16,3";"16,4";"16,0";"98,0";"98,0";"98,0";"16,0";"16,1";"15,8";"833,9";"833,9";"833,6";"1,7";"329,0";"4,8";"";"0,0"
"07/02/2026";"0800";"16,5";"16,5";"16,3";"98,0";"98,0";"98,0";"16,2";"16,2";"16,0";"834,1";"834,1";"833,9";"0,9";"323,0";"4,1";"";"0,0"
"07/02/2026";"0900";"16,5";"16,6";"16,5";"98,0";"98,0";"98,0";"16,3";"16,4";"16,2";"834,7";"834,7";"834,1";"1,2";"327,0";"3,1";"4,40";"0,0"
"07/02/2026";"1000";"17,0";"17,0";"16,5";"98,0";"98,0";"98,0";"16,7";"16,7";"16,2";"835,4";"835,4";"834,7";"0,8";"299,0";"4,8";"149,50";"0,0"
"07/02/2026";"1100";"18,0";"18,0";"17,0";"95,0";"98,0";"95,0";"17,2";"17,3";"16,7";"835,9";"835,9";"835,4";"0,7";"269,0";"2,8";"467,20";"0,0"
"07/02/2026";"1200";"19,5";"20,0";"18,0";"85,0";"95,0";"85,0";"16,9";"17,8";"16,9";"836,2";"836,3";"835,9";"0,9";"268,0";"2,6";"1140,80";"0,0"
"07/02/2026";"1300";"20,0";"20,4";"19,0";"82,0";"89,0";"82,0";"16,8";"17,9";"16,8";"836,4";"836,5";"836,2";"1,0";"266,0";"3,6";"1480,20";"0,0"
"07/02/2026";"1400";"19,6";"20,3";"19,2";"85,0";"89,0";"82,0";"16,9";"18,0";"16,6";"836,4";"836,5";"836,3";"0,8";"250,0";"3,5";"1185,90";"0,0"
"07/02/2026";"1500";"20,8";"21,4";"19,6";"81,0";"87,0";"77,0";"17,4";"17,9";"16,7";"835,7";"836,4";"835,7";"1,3";"223,0";"4,2";"2016,60";"0,0"
"07/02/2026";"1600";"23,0";"23,3";"20,8";"71,0";"84,0";"71,0";"17,5";"18,8";"16,9";"835,1";"835,7";"835,1";"1,3";"229,0";"5,4";"2932,60";"0,0"
"07/02/2026";"1700";"18,9";"23,8";"18,9";"88,0";"88,0";"67,0";"16,9";"18,5";"16,2";"834,7";"835,1";"834,7";"1,4";"221,0";"5,6";"947,70";"0,0"
"07/02/2026";"1800";"18,8";"18,9";"17,7";"93,0";"96,0";"88,0";"17,6";"17,9";"16,3";"834,3";"834,7";"834,3";"0,5";"255,0";"5,6";"453,70";"1,0"
"07/02/2026";"1900";"18,9";"19,4";"18,7";"90,0";"93,0";"89,0";"17,3";"17,7";"17,1";"834,3";"834,6";"834,2";"0,5";"278,0";"2,6";"781,00";"0,0"
"07/02/2026";"2000";"16,5";"18,9";"16,5";"95,0";"95,0";"90,0";"15,8";"17,3";"15,8";"834,6";"834,6";"834,3";"1,1";"251,0";"4,1";"132,30";"1,8"
"07/02/2026";"2100";"16,4";"16,6";"16,3";"97,0";"97,0";"95,0";"15,9";"16,1";"15,6";"834,5";"834,6";"834,4";"0,8";"250,0";"2,5";"73,70";"1,4"
"07/02/2026";"2200";"16,2";"16,4";"16,0";"98,0";"98,0";"97,0";"15,8";"15,9";"15,6";"834,9";"834,9";"834,5";"0,7";"341,0";"2,9";"6,30";"1,0"
"07/02/2026";"2300";"16,1";"16,2";"15,9";"98,0";"98,0";"97,0";"15,7";"15,8";"15,5";"835,4";"835,5";"834,9";"0,6";"307,0";"1,6";"";"0,4"
"08/02/2026";"0000";"16,3";"16,3";"16,1";"98,0";"98,0";"98,0";"16,0";"16,0";"15,7";"835,8";"835,8";"835,4";"0,8";"230,0";"2,6";"0,10";"1,2"
"08/02/2026";"0100";"16,5";"16,6";"16,3";"98,0";"98,0";"98,0";"16,2";"16,3";"16,0";"836,4";"836,4";"835,8";"1,4";"231,0";"6,6";"";"0,2"
"08/02/2026";"0200";"16,4";"16,6";"16,4";"98,0";"98,0";"98,0";"16,1";"16,3";"16,1";"836,4";"836,5";"836,3";"2,3";"212,0";"8,1";"";"0,2"
"08/02/2026";"0300";"15,7";"16,4";"15,7";"98,0";"98,0";"97,0";"15,4";"16,1";"15,3";"835,8";"836,5";"835,8";"1,6";"216,0";"8,1";"";"0,6"
"08/02/2026";"0400";"15,5";"15,7";"15,5";"98,0";"98,0";"98,0";"15,2";"15,4";"15,2";"835,2";"835,8";"835,2";"1,6";"190,0";"5,7";"";"0,0"
"08/02/2026";"0500";"15,5";"15,5";"15,4";"98,0";"98,0";"98,0";"15,2";"15,3";"15,1";"834,8";"835,2";"834,8";"1,1";"216,0";"4,9";"";"0,2"
"08/02/2026";"0600";"15,2";"15,6";"15,2";"98,0";"98,0";"98,0";"15,0";"15,3";"15,0";"834,5";"834,8";"834,5";"1,5";"156,0";"4,4";"0,40";"0,2"
"08/02/2026";"0700";"14,7";"15,3";"14,7";"98,0";"98,0";"98,0";"14,4";"15,0";"14,4";"834,6";"834,6";"834,4";"0,3";"177,0";"3,7";"";"0,2"
"08/02/2026";"0800";"14,6";"14,8";"14,6";"99,0";"99,0";"98,0";"14,4";"14,6";"14,3";"834,7";"834,7";"834,5";"0,8";"110,0";"1,5";"";"1,0"
"08/02/2026";"0900";"14,5";"14,6";"14,5";"99,0";"99,0";"99,0";"14,3";"14,4";"14,2";"835,0";"835,1";"834,7";"0,6";"118,0";"2,5";"";"0,0"
"08/02/2026";"1000";"14,8";"14,9";"14,3";"99,0";"99,0";"98,0";"14,6";"14,7";"14,1";"835,4";"835,4";"834,9";"0,3";"234,0";"1,5";"68,90";"0,2"
"08/02/2026";"1100";"15,4";"15,5";"14,8";"98,0";"99,0";"98,0";"15,0";"15,2";"14,6";"835,8";"835,8";"835,4";"0,7";"9,0";"1,3";"365,30";"0,2"
"08/02/2026";"1200";"17,4";"17,4";"15,0";"91,0";"98,0";"91,0";"15,9";"16,1";"14,5";"835,8";"835,9";"835,7";"0,9";"336,0";"2,0";"874,90";"0,2"
"08/02/2026";"1300";"18,7";"18,8";"17,1";"84,0";"91,0";"81,0";"16,0";"16,5";"14,7";"835,9";"836,0";"835,8";"1,2";"348,0";"3,2";"1759,60";"0,0"
"08/02/2026";"1400";"20,3";"21,4";"18,7";"75,0";"88,0";"60,0";"15,8";"17,3";"13,1";"835,8";"835,9";"835,8";"1,0";"155,0";"3,1";"2281,00";"0,0"
"08/02/2026";"1500";"20,5";"21,9";"20,3";"77,0";"79,0";"53,0";"16,3";"16,8";"11,2";"835,5";"835,8";"835,5";"0,7";"207,0";"2,5";"2091,20";"0,0"
"08/02/2026";"1600";"19,5";"21,6";"19,5";"77,0";"80,0";"65,0";"15,4";"17,1";"14,6";"835,2";"835,6";"835,2";"1,0";"217,0";"3,1";"1870,30";"0,0"
"08/02/2026";"1700";"19,5";"19,5";"18,8";"77,0";"83,0";"77,0";"15,4";"16,4";"15,0";"834,4";"835,2";"834,4";"0,4";"286,0";"2,9";"870,90";"0,0"
"08/02/2026";"1800";"20,2";"20,4";"19,3";"76,0";"83,0";"73,0";"15,7";"17,0";"15,2";"833,9";"834,4";"833,8";"0,5";"177,0";"2,4";"1322,00";"0,0"
"08/02/2026";"1900";"19,7";"20,7";"19,1";"84,0";"86,0";"76,0";"16,9";"17,3";"15,9";"834,0";"834,0";"833,8";"1,6";"130,0";"4,0";"1030,20";"0,0"
"08/02/2026";"2000";"18,0";"19,9";"18,0";"83,0";"85,0";"78,0";"15,1";"17,1";"14,8";"834,2";"834,2";"834,0";"1,5";"80,0";"4,3";"676,20";"0,0"
"08/02/2026";"2100";"16,9";"18,0";"16,7";"83,0";"86,0";"82,0";"14,0";"15,0";"14,0";"834,4";"834,4";"834,2";"0,7";"115,0";"5,5";"127,90";"0,0"
"08/02/2026";"2200";"15,5";"16,9";"15,4";"96,0";"96,0";"81,0";"14,9";"14,9";"13,7";"835,4";"835,4";"834,4";"0,6";"10,0";"2,6";"8,40";"4,6"
"08/02/2026";"2300";"15,0";"15,5";"14,9";"98,0";"98,0";"96,0";"14,7";"15,0";"14,5";"836,0";"836,0";"835,4";"0,4";"75,0";"2,1";"0,20";"12,8"
"09/02/2026";"0000";"14,8";"15,1";"14,7";"98,0";"98,0";"98,0";"14,6";"14,8";"14,5";"836,3";"836,3";"836,0";"1,0";"351,0";"2,5";"";"6,6"
"09/02/2026";"0100";"14,8";"14,9";"14,7";"98,0";"98,0";"98,0";"14,6";"14,7";"14,4";"836,5";"836,5";"836,4";"0,4";"160,0";"1,6";"";"0,8"
"09/02/2026";"0200";"14,7";"14,8";"14,6";"98,0";"98,0";"98,0";"14,4";"14,6";"14,3";"836,1";"836,5";"836,1";"0,5";"270,0";"2,6";"";"1,0"
"09/02/2026";"0300";"14,5";"14,7";"14,5";"98,0";"98,0";"98,0";"14,3";"14,5";"14,3";"835,7";"836,1";"835,6";"1,7";"340,0";"3,7";"";"0,2"
"09/02/2026";"0400";"14,5";"14,7";"14,4";"98,0";"98,0";"98,0";"14,2";"14,5";"14,2";"835,0";"835,7";"835,0";"1,6";"344,0";"2,9";"";"0,0"
"09/02/2026";"0500";"14,3";"14,6";"14,3";"98,0";"99,0";"98,0";"14,0";"14,4";"14,0";"834,6";"835,0";"834,6";"1,4";"340,0";"2,6";"";"0,0"
"09/02/2026";"0600";"14,1";"14,6";"14,1";"99,0";"99,0";"98,0";"13,9";"14,4";"13,9";"834,4";"834,6";"834,4";"1,1";"325,0";"2,7";"";"0,2"
"09/02/2026";"0700";"14,3";"14,3";"14,1";"99,0";"99,0";"99,0";"14,1";"14,1";"13,9";"834,2";"834,4";"834,1";"0,5";"328,0";"2,5";"";"0,0"
"09/02/2026";"0800";"14,2";"14,4";"14,0";"99,0";"99,0";"99,0";"14,0";"14,2";"13,8";"834,4";"834,5";"834,1";"2,2";"343,0";"3,3";"";"0,0"
"09/02/2026";"0900";"14,4";"14,4";"14,2";"98,0";"99,0";"98,0";"14,1";"14,2";"14,0";"834,8";"834,8";"834,4";"0,9";"330,0";"4,2";"";"0,0"
"09/02/2026";"1000";"14,8";"14,8";"14,4";"99,0";"99,0";"98,0";"14,6";"14,6";"14,1";"835,2";"835,2";"834,8";"0,5";"324,0";"2,4";"94,20";"0,0"
"09/02/2026";"1100";"15,0";"15,1";"14,8";"99,0";"99,0";"98,0";"14,8";"14,9";"14,6";"835,6";"835,6";"835,2";"0,6";"311,0";"2,1";"234,00";"1,0"
"09/02/2026";"1200";"15,5";"15,5";"15,0";"98,0";"99,0";"98,0";"15,2";"15,2";"14,8";"836,2";"836,2";"835,6";"0,4";"273,0";"1,8";"358,60";"2,0"
"09/02/2026";"1300";"16,2";"16,4";"15,2";"97,0";"99,0";"97,0";"15,7";"16,0";"14,9";"836,2";"836,3";"836,1";"0,4";"256,0";"1,6";"766,30";"1,6"
"09/02/2026";"1400";"17,3";"17,3";"15,9";"97,0";"97,0";"95,0";"16,7";"16,7";"15,4";"836,2";"836,3";"836,2";"0,3";"293,0";"2,6";"1066,80";"0,4"
"09/02/2026";"1500";"16,3";"18,2";"16,0";"96,0";"97,0";"91,0";"15,6";"17,3";"15,0";"835,9";"836,2";"835,9";"1,0";"203,0";"3,7";"1354,70";"0,8"
"09/02/2026";"1600";"16,1";"16,8";"15,9";"96,0";"97,0";"95,0";"15,5";"16,3";"15,2";"835,6";"835,9";"835,6";"1,1";"204,0";"3,4";"777,60";"2,0"
"09/02/2026";"1700";"16,6";"16,7";"15,5";"97,0";"98,0";"96,0";"16,1";"16,3";"15,0";"835,1";"835,6";"835,0";"0,4";"275,0";"4,1";"653,40";"5,2"
"09/02/2026";"1800";"16,0";"16,9";"16,0";"97,0";"97,0";"96,0";"15,6";"16,4";"15,4";"834,8";"835,1";"834,7";"0,5";"317,0";"2,6";"499,50";"2,8"
"09/02/2026";"1900";"15,8";"16,2";"15,6";"97,0";"98,0";"97,0";"15,4";"15,8";"15,1";"834,6";"834,8";"834,5";"0,9";"226,0";"2,8";"449,70";"2,4"
"09/02/2026";"2000";"15,2";"16,2";"15,2";"97,0";"98,0";"97,0";"14,7";"15,8";"14,7";"834,7";"834,7";"834,5";"1,7";"213,0";"4,8";"314,10";"1,2"
"09/02/2026";"2100";"15,0";"15,2";"14,9";"98,0";"98,0";"97,0";"14,6";"14,9";"14,6";"835,0";"835,0";"834,7";"2,3";"196,0";"5,5";"100,40";"1,4"
"09/02/2026";"2200";"15,1";"15,1";"14,9";"98,0";"98,0";"98,0";"14,8";"14,8";"14,7";"835,5";"835,5";"834,9";"0,7";"200,0";"5,5";"12,20";"1,6"
"09/02/2026";"2300";"15,1";"15,2";"15,0";"99,0";"99,0";"98,0";"14,9";"14,9";"14,8";"836,0";"836,0";"835,5";"1,2";"220,0";"4,2";"";"0,8"
"10/02/2026";"0000";"15,1";"15,2";"15,1";"99,0";"99,0";"99,0";"14,8";"15,0";"14,8";"836,5";"836,5";"836,0";"1,4";"207,0";"3,9";"0,70";"1,6"
"10/02/2026";"0100";"15,0";"15,1";"15,0";"99,0";"99,0";"99,0";"14,8";"14,9";"14,8";"836,7";"836,8";"836,5";"1,3";"201,0";"4,1";"";"1,4"
"10/02/2026";"0200";"14,9";"15,0";"14,9";"99,0";"99,0";"99,0";"14,7";"14,8";"14,7";"836,7";"836,9";"836,7";"1,2";"190,0";"3,7";"";"0,8"
"10/02/2026";"0300";"14,7";"15,0";"14,7";"99,0";"99,0";"99,0";"14,6";"14,8";"14,6";"836,4";"836,7";"836,4";"0,5";"201,0";"3,4";"";"0,6"
"10/02/2026";"0400";"14,9";"15,0";"14,7";"99,0";"99,0";"99,0";"14,8";"14,8";"14,5";"835,9";"836,4";"835,9";"0,8";"336,0";"1,5";"";"0,2"
"10/02/2026";"0500";"15,0";"15,0";"14,9";"99,0";"99,0";"99,0";"14,8";"14,9";"14,7";"835,5";"835,9";"835,4";"0,5";"301,0";"2,3";"";"0,2"
"10/02/2026";"0600";"14,8";"15,0";"14,8";"99,0";"99,0";"99,0";"14,6";"14,8";"14,6";"835,1";"835,5";"835,1";"0,7";"310,0";"1,8";"";"0,6"
"10/02/2026";"0700";"14,6";"14,8";"14,6";"99,0";"99,0";"99,0";"14,5";"14,6";"14,4";"835,2";"835,2";"835,0";"0,8";"309,0";"2,3";"";"1,6"
"10/02/2026";"0800";"14,4";"14,6";"14,4";"99,0";"99,0";"99,0";"14,2";"14,5";"14,2";"835,5";"835,7";"835,1";"1,2";"257,0";"3,8";"";"2,4"
"10/02/2026";"0900";"14,5";"14,6";"14,4";"99,0";"99,0";"99,0";"14,3";"14,4";"14,2";"835,8";"835,8";"835,5";"0,7";"272,0";"4,7";"1,30";"0,6"
"10/02/2026";"1000";"14,5";"14,6";"14,4";"99,0";"99,0";"99,0";"14,3";"14,5";"14,3";"836,3";"836,3";"835,8";"1,0";"278,0";"3,8";"70,90";"0,4"
"10/02/2026";"1100";"14,3";"14,7";"14,2";"98,0";"99,0";"98,0";"14,1";"14,5";"14,0";"836,9";"836,9";"836,3";"1,2";"260,0";"4,4";"263,30";"0,2"
"10/02/2026";"1200";"14,8";"14,8";"14,3";"98,0";"98,0";"98,0";"14,4";"14,4";"14,0";"837,1";"837,1";"836,9";"0,9";"265,0";"3,9";"437,10";"0,4"
"10/02/2026";"1300";"14,9";"15,1";"14,6";"96,0";"98,0";"95,0";"14,3";"14,5";"14,0";"837,4";"837,4";"837,0";"0,9";"278,0";"3,8";"682,30";"0,2"
"10/02/2026";"1400";"15,2";"15,5";"14,8";"96,0";"96,0";"94,0";"14,5";"14,8";"14,1";"837,1";"837,5";"837,1";"1,1";"299,0";"3,5";"858,80";"0,4"
"10/02/2026";"1500";"15,7";"15,8";"15,0";"96,0";"96,0";"95,0";"15,0";"15,2";"14,2";"836,6";"837,1";"836,5";"1,2";"300,0";"4,6";"883,30";"0,4"
"10/02/2026";"1600";"16,9";"17,3";"15,7";"92,0";"96,0";"91,0";"15,5";"16,3";"14,9";"835,9";"836,6";"835,9";"1,1";"299,0";"4,0";"1290,30";"0,2"
"10/02/2026";"1700";"18,9";"19,0";"16,8";"83,0";"93,0";"82,0";"15,9";"16,7";"15,4";"835,5";"835,9";"835,4";"1,0";"272,0";"4,4";"1644,40";"0,0"
"10/02/2026";"1800";"19,2";"19,2";"17,5";"84,0";"87,0";"80,0";"16,4";"16,4";"14,7";"834,9";"835,5";"834,9";"1,1";"268,0";"3,4";"1736,80";"0,0"
"10/02/2026";"1900";"19,6";"20,7";"18,2";"77,0";"84,0";"74,0";"15,4";"16,9";"14,7";"834,5";"834,9";"834,4";"0,6";"242,0";"3,9";"2196,00";"0,0"
"10/02/2026";"2000";"18,6";"19,6";"18,3";"83,0";"84,0";"76,0";"15,6";"16,0";"14,9";"834,4";"834,5";"834,4";"0,8";"266,0";"4,6";"1113,20";"0,0"
"10/02/2026";"2100";"17,5";"19,0";"17,5";"88,0";"88,0";"81,0";"15,5";"15,9";"15,1";"834,7";"834,7";"834,4";"0,5";"281,0";"2,3";"521,30";"0,0"
"10/02/2026";"2200";"16,7";"17,5";"16,7";"91,0";"92,0";"88,0";"15,3";"15,7";"15,3";"834,9";"834,9";"834,7";"0,7";"297,0";"2,3";"27,90";"0,0"
"10/02/2026";"2300";"16,4";"16,7";"16,4";"93,0";"93,0";"91,0";"15,2";"15,3";"15,1";"835,4";"835,4";"834,9";"0,8";"309,0";"2,5";"";"0,0"
"11/02/2026";"0000";"16,2";"16,4";"16,2";"94,0";"94,0";"93,0";"15,3";"15,3";"15,1";"836,2";"836,2";"835,4";"1,0";"323,0";"3,6";"";"0,0"
"11/02/2026";"0100";"16,2";"16,4";"16,1";"93,0";"94,0";"92,0";"15,0";"15,3";"15,0";"836,4";"836,6";"836,2";"2,1";"331,0";"5,7";"";"0,0"
"11/02/2026";"0200";"15,9";"16,2";"15,9";"94,0";"94,0";"92,0";"14,9";"15,0";"14,9";"836,5";"836,6";"836,3";"1,4";"323,0";"6,6";"";"0,0"
"11/02/2026";"0300";"15,4";"15,9";"15,4";"97,0";"97,0";"94,0";"14,9";"15,0";"14,8";"836,4";"836,7";"836,4";"1,0";"320,0";"6,3";"";"0,8"
"11/02/2026";"0400";"15,4";"15,5";"15,3";"98,0";"98,0";"97,0";"15,1";"15,1";"14,9";"835,8";"836,4";"835,8";"1,0";"310,0";"3,5";"";"1,4"
"11/02/2026";"0500";"15,5";"15,6";"15,4";"98,0";"98,0";"98,0";"15,2";"15,2";"15,1";"835,4";"835,9";"835,3";"1,0";"296,0";"4,1";"";"0,2"
"11/02/2026";"0600";"15,9";"15,9";"15,5";"96,0";"98,0";"96,0";"15,4";"15,4";"15,2";"834,9";"835,4";"834,9";"1,3";"298,0";"6,1";"";"0,0"
"11/02/2026";"0700";"16,1";"16,2";"15,9";"96,0";"96,0";"95,0";"15,5";"15,5";"15,3";"835,0";"835,0";"834,7";"1,3";"298,0";"6,1";"";"0,0"
"11/02/2026";"0800";"15,7";"16,1";"15,6";"98,0";"98,0";"96,0";"15,4";"15,5";"15,0";"835,7";"835,7";"835,0";"1,0";"297,0";"4,3";"";"4,2"
"11/02/2026";"0900";"15,8";"15,8";"15,4";"98,0";"98,0";"98,0";"15,4";"15,4";"15,1";"835,9";"835,9";"835,6";"1,5";"302,0";"4,5";"0,50";"1,6"
"11/02/2026";"1000";"15,3";"15,9";"15,3";"97,0";"98,0";"97,0";"14,8";"15,5";"14,8";"836,9";"836,9";"835,9";"1,6";"269,0";"7,0";"123,90";"1,2"
"11/02/2026";"1100";"15,1";"15,3";"15,0";"97,0";"97,0";"96,0";"14,5";"14,8";"14,4";"837,4";"837,4";"836,8";"1,2";"279,0";"3,8";"192,20";"0,2"
"11/02/2026";"1200";"15,1";"15,2";"15,0";"96,0";"97,0";"96,0";"14,5";"14,7";"14,5";"837,9";"837,9";"837,4";"1,2";"277,0";"3,5";"223,50";"0,4"
"11/02/2026";"1300";"15,4";"15,4";"15,1";"95,0";"96,0";"95,0";"14,6";"14,6";"14,4";"838,2";"838,2";"837,9";"0,9";"289,0";"3,0";"416,90";"0,6"
"11/02/2026";"1400";"16,4";"16,4";"15,3";"95,0";"96,0";"95,0";"15,6";"15,7";"14,5";"838,0";"838,2";"838,0";"1,2";"279,0";"3,2";"737,90";"0,6"
"11/02/2026";"1500";"16,7";"16,9";"16,4";"93,0";"95,0";"93,0";"15,6";"15,9";"15,4";"837,7";"838,1";"837,6";"1,3";"257,0";"3,2";"1023,40";"0,2"
"11/02/2026";"1600";"17,2";"17,2";"16,6";"92,0";"94,0";"92,0";"15,9";"16,0";"15,3";"837,2";"837,7";"837,1";"1,0";"253,0";"3,6";"950,80";"0,2"
"11/02/2026";"1700";"17,3";"17,4";"17,0";"90,0";"93,0";"89,0";"15,6";"16,2";"15,3";"836,8";"837,1";"836,7";"1,2";"268,0";"3,8";"877,10";"0,2"
"11/02/2026";"1800";"18,3";"18,3";"17,3";"85,0";"91,0";"84,0";"15,8";"16,1";"15,2";"836,6";"836,8";"836,5";"0,8";"271,0";"3,8";"957,50";"0,0"
"11/02/2026";"1900";"18,7";"18,7";"18,1";"86,0";"88,0";"83,0";"16,3";"16,5";"15,3";"836,6";"836,7";"836,6";"0,9";"298,0";"3,1";"902,20";"0,0"
"11/02/2026";"2000";"18,2";"19,6";"18,2";"86,0";"87,0";"81,0";"15,8";"17,0";"15,5";"836,5";"836,6";"836,4";"0,7";"274,0";"2,8";"876,50";"0,0"
"11/02/2026";"2100";"17,5";"18,3";"17,5";"89,0";"90,0";"85,0";"15,7";"16,2";"15,5";"836,7";"836,7";"836,5";"0,9";"328,0";"3,6";"366,60";"0,0"
"11/02/2026";"2200";"16,9";"17,5";"16,9";"93,0";"94,0";"89,0";"15,8";"16,2";"15,7";"837,3";"837,3";"836,7";"2,0";"332,0";"4,7";"57,90";"0,0"
"11/02/2026";"2300";"16,7";"16,9";"16,7";"94,0";"94,0";"93,0";"15,8";"15,8";"15,7";"837,7";"837,7";"837,3";"1,7";"333,0";"4,9";"";"0,0"
"12/02/2026";"0000";"16,7";"16,8";"16,7";"95,0";"95,0";"94,0";"15,8";"15,9";"15,8";"838,1";"838,1";"837,7";"1,1";"327,0";"4,6";"";"0,0"
"12/02/2026";"0100";"16,7";"16,7";"16,6";"96,0";"96,0";"95,0";"16,1";"16,1";"15,9";"838,6";"838,6";"838,1";"1,2";"324,0";"5,3";"";"0,0"
"12/02/2026";"0200";"16,5";"16,7";"16,5";"97,0";"97,0";"96,0";"16,1";"16,2";"16,1";"838,6";"838,7";"838,6";"1,0";"314,0";"5,3";"";"0,0"
"12/02/2026";"0300";"16,3";"16,5";"16,3";"98,0";"98,0";"97,0";"15,9";"16,1";"15,9";"838,3";"838,7";"838,3";"1,0";"316,0";"4,0";"";"0,0"
"12/02/2026";"0400";"16,2";"16,3";"16,2";"98,0";"98,0";"98,0";"15,8";"15,9";"15,8";"838,1";"838,3";"838,0";"0,7";"309,0";"4,0";"";"0,0"
"12/02/2026";"0500";"16,0";"16,2";"16,0";"97,0";"98,0";"97,0";"15,6";"15,8";"15,6";"837,9";"838,1";"837,9";"0,8";"311,0";"3,5";"";"0,0"
"12/02/2026";"0600";"15,9";"16,0";"15,9";"97,0";"97,0";"97,0";"15,4";"15,6";"15,4";"837,6";"837,9";"837,6";"1,1";"319,0";"2,5";"";"0,2"
"12/02/2026";"0700";"15,7";"15,9";"15,7";"97,0";"97,0";"97,0";"15,2";"15,4";"15,2";"837,5";"837,6";"837,5";"1,2";"322,0";"2,9";"";"0,0"
"12/02/2026";"0800";"15,6";"15,7";"15,6";"96,0";"97,0";"96,0";"15,0";"15,2";"15,0";"837,5";"837,5";"837,5";"1,1";"322,0";"4,2";"";"0,0"
"12/02/2026";"0900";"15,8";"15,8";"15,6";"97,0";"97,0";"96,0";"15,3";"15,3";"15,0";"837,9";"838,0";"837,5";"2,5";"333,0";"5,2";"0,70";"0,0"
"12/02/2026";"1000";"16,2";"16,2";"15,8";"95,0";"97,0";"95,0";"15,5";"15,5";"15,3";"838,5";"838,5";"837,9";"2,1";"330,0";"5,8";"138,20";"0,0"
"12/02/2026";"1100";"17,3";"17,3";"16,2";"93,0";"96,0";"93,0";"16,2";"16,2";"15,5";"839,0";"839,0";"838,5";"0,8";"321,0";"5,0";"437,30";"0,0"
"12/02/2026";"1200";"17,9";"17,9";"17,3";"90,0";"93,0";"90,0";"16,3";"16,4";"16,1";"839,3";"839,3";"839,0";"1,0";"313,0";"4,6";"632,50";"0,0"
"12/02/2026";"1300";"19,9";"20,0";"17,9";"81,0";"91,0";"81,0";"16,6";"16,9";"16,2";"839,4";"839,4";"839,3";"1,0";"315,0";"4,6";"1535,00";"0,0"
"12/02/2026";"1400";"20,4";"20,6";"19,8";"81,0";"85,0";"78,0";"17,1";"17,5";"16,2";"839,1";"839,4";"839,1";"1,1";"325,0";"4,2";"1868,30";"0,0"
"12/02/2026";"1500";"21,5";"22,0";"20,2";"75,0";"82,0";"72,0";"17,0";"17,7";"15,8";"838,9";"839,2";"838,9";"1,0";"286,0";"3,3";"2044,70";"0,0"
"12/02/2026";"1600";"22,4";"22,7";"21,0";"70,0";"77,0";"68,0";"16,6";"17,8";"16,1";"838,5";"838,9";"838,5";"0,8";"284,0";"3,4";"2757,20";"0,0"
"12/02/2026";"1700";"23,7";"23,8";"22,0";"68,0";"73,0";"63,0";"17,5";"17,5";"16,0";"837,8";"838,5";"837,8";"1,0";"313,0";"4,4";"3174,70";"0,0"
"12/02/2026";"1800";"23,7";"23,7";"21,7";"68,0";"73,0";"64,0";"17,5";"17,5";"15,9";"837,4";"837,8";"837,4";"0,9";"302,0";"4,6";"2329,20";"0,0"
"12/02/2026";"1900";"22,0";"23,8";"21,9";"68,0";"69,0";"64,0";"15,8";"16,9";"15,0";"837,4";"837,6";"837,3";"0,8";"278,0";"4,1";"1708,60";"0,0"
"12/02/2026";"2000";"21,3";"22,8";"21,3";"73,0";"73,0";"64,0";"16,2";"16,4";"15,4";"837,5";"837,6";"837,4";"0,5";"281,0";"2,8";"968,00";"0,0"
"12/02/2026";"2100";"19,5";"21,3";"19,5";"82,0";"82,0";"72,0";"16,4";"16,8";"15,9";"837,6";"837,6";"837,5";"0,6";"329,0";"3,3";"314,00";"0,0"
"12/02/2026";"2200";"18,4";"19,5";"18,4";"86,0";"87,0";"82,0";"15,9";"16,3";"15,9";"838,2";"838,3";"837,6";"1,2";"335,0";"3,3";"22,70";"0,0"
"12/02/2026";"2300";"17,3";"18,4";"17,2";"90,0";"90,0";"85,0";"15,7";"15,9";"15,4";"838,7";"838,7";"838,2";"1,5";"338,0";"3,3";"";"0,0"
"13/02/2026";"0000";"16,6";"17,5";"16,6";"92,0";"93,0";"90,0";"15,3";"15,9";"15,3";"839,1";"839,1";"838,7";"1,1";"341,0";"3,0";"";"0,0"
"13/02/2026";"0100";"16,2";"16,6";"16,2";"94,0";"95,0";"92,0";"15,3";"15,4";"15,2";"839,7";"839,7";"839,1";"1,6";"347,0";"2,3";"";"0,0"
"13/02/2026";"0200";"15,7";"16,2";"15,7";"96,0";"96,0";"94,0";"15,2";"15,3";"14,9";"840,0";"840,0";"839,7";"0,5";"316,0";"2,3";"";"0,0"
"13/02/2026";"0300";"15,4";"15,7";"15,3";"97,0";"97,0";"96,0";"14,9";"15,1";"14,8";"839,8";"840,0";"839,7";"1,2";"339,0";"2,0";"";"0,0"
"13/02/2026";"0400";"15,6";"15,6";"15,2";"97,0";"97,0";"97,0";"15,2";"15,2";"14,7";"839,7";"839,9";"839,6";"1,5";"338,0";"2,3";"";"0,0"
"13/02/2026";"0500";"15,1";"15,7";"15,1";"97,0";"97,0";"97,0";"14,6";"15,3";"14,6";"839,3";"839,7";"839,3";"1,5";"332,0";"2,8";"";"0,0"
"13/02/2026";"0600";"15,7";"16,6";"15,1";"96,0";"98,0";"95,0";"15,0";"16,0";"14,6";"839,1";"839,3";"839,1";"1,4";"330,0";"3,9";"";"0,0"
"13/02/2026";"0700";"15,3";"15,7";"15,3";"97,0";"97,0";"96,0";"14,9";"15,3";"14,7";"839,0";"839,2";"839,0";"1,5";"331,0";"3,1";"";"0,0"
"13/02/2026";"0800";"15,1";"15,7";"15,0";"98,0";"98,0";"97,0";"14,7";"15,4";"14,6";"839,2";"839,2";"839,0";"1,5";"332,0";"3,7";"";"0,0"
"13/02/2026";"0900";"15,1";"15,4";"14,9";"98,0";"98,0";"98,0";"14,8";"15,1";"14,6";"839,6";"839,6";"839,2";"2,3";"336,0";"4,5";"2,00";"0,0"
"13/02/2026";"1000";"17,4";"17,4";"15,1";"91,0";"98,0";"91,0";"15,9";"16,0";"14,8";"840,1";"840,1";"839,5";"0,9";"324,0";"4,7";"386,10";"0,0"
"13/02/2026";"1100";"18,9";"19,0";"17,3";"80,0";"91,0";"79,0";"15,3";"16,1";"15,2";"840,4";"840,4";"840,1";"2,6";"337,0";"5,4";"1195,20";"0,0"
"13/02/2026";"1200";"21,1";"21,3";"18,9";"70,0";"81,0";"69,0";"15,4";"16,1";"14,8";"840,5";"840,5";"840,3";"1,7";"332,0";"6,3";"2102,90";"0,0"
"13/02/2026";"1300";"22,0";"22,4";"20,7";"71,0";"74,0";"66,0";"16,5";"16,7";"15,0";"840,7";"840,7";"840,5";"2,1";"341,0";"5,2";"2910,00";"0,0"
"13/02/2026";"1400";"24,2";"24,3";"22,0";"60,0";"71,0";"58,0";"16,0";"17,2";"15,0";"840,2";"840,7";"840,2";"0,9";"328,0";"4,4";"3521,80";"0,0"
"13/02/2026";"1500";"23,8";"26,3";"23,4";"61,0";"67,0";"56,0";"15,9";"18,5";"14,8";"839,7";"840,2";"839,7";"1,8";"171,0";"4,6";"3788,40";"0,0"
"13/02/2026";"1600";"24,2";"26,0";"23,8";"64,0";"68,0";"57,0";"17,0";"18,6";"15,9";"839,1";"839,7";"839,1";"1,0";"176,0";"3,8";"3326,80";"0,0"
"13/02/2026";"1700";"26,2";"26,6";"23,2";"59,0";"68,0";"58,0";"17,6";"19,0";"16,5";"838,5";"839,1";"838,5";"1,7";"144,0";"4,8";"3204,30";"0,0"
"13/02/2026";"1800";"26,9";"27,6";"23,4";"59,0";"70,0";"56,0";"18,2";"19,6";"16,7";"837,8";"838,5";"837,8";"1,5";"159,0";"5,3";"2464,60";"0,0"
"13/02/2026";"1900";"21,8";"26,8";"21,6";"84,0";"86,0";"57,0";"19,0";"19,3";"16,6";"837,6";"837,8";"837,6";"1,1";"5,0";"5,3";"957,90";"0,8"
"13/02/2026";"2000";"21,4";"22,3";"20,3";"77,0";"91,0";"70,0";"17,3";"19,5";"16,5";"837,2";"837,6";"837,2";"1,3";"13,0";"3,4";"1111,10";"0,0"
"13/02/2026";"2100";"20,7";"21,6";"20,7";"78,0";"84,0";"73,0";"16,8";"18,2";"16,1";"837,4";"837,4";"837,1";"0,5";"322,0";"2,9";"402,10";"0,0"
"13/02/2026";"2200";"19,0";"20,7";"19,0";"89,0";"89,0";"78,0";"17,1";"17,5";"16,6";"837,5";"837,5";"837,3";"0,4";"187,0";"1,5";"49,50";"0,0"
"13/02/2026";"2300";"18,3";"19,0";"18,3";"89,0";"93,0";"87,0";"16,5";"17,5";"16,5";"838,1";"838,1";"837,5";"0,4";"345,0";"1,0";"";"0,0"
"14/02/2026";"0000";"17,9";"18,3";"17,4";"90,0";"94,0";"88,0";"16,1";"16,8";"16,0";"839,0";"839,0";"838,0";"0,3";"353,0";"1,9";"";"0,0"
"14/02/2026";"0100";"17,1";"18,0";"17,0";"94,0";"94,0";"88,0";"16,1";"16,3";"15,9";"839,6";"839,6";"839,0";"0,6";"334,0";"1,9";"";"0,0"
"14/02/2026";"0200";"16,5";"17,1";"16,5";"95,0";"95,0";"94,0";"15,8";"16,2";"15,8";"839,6";"839,7";"839,6";"0,8";"11,0";"2,0";"";"0,0"
"14/02/2026";"0300";"15,8";"16,5";"15,8";"96,0";"97,0";"95,0";"15,3";"15,8";"15,3";"839,1";"839,7";"839,1";"0,8";"341,0";"1,8";"";"0,0"
"14/02/2026";"0400";"15,4";"15,9";"15,4";"98,0";"98,0";"96,0";"15,1";"15,3";"15,0";"838,7";"839,1";"838,7";"0,8";"346,0";"1,7";"";"0,0"
"14/02/2026";"0500";"15,1";"15,5";"15,1";"98,0";"98,0";"97,0";"14,7";"15,1";"14,7";"838,3";"838,7";"838,3";"0,5";"323,0";"1,2";"";"0,0"
"14/02/2026";"0600";"14,9";"15,3";"14,9";"98,0";"98,0";"98,0";"14,5";"15,0";"14,5";"837,9";"838,3";"837,9";"1,0";"327,0";"1,9";"";"0,0"
"14/02/2026";"0700";"14,9";"15,1";"14,8";"98,0";"98,0";"98,0";"14,6";"14,8";"14,5";"837,8";"838,0";"837,8";"0,5";"347,0";"1,6";"";"0,2"
"14/02/2026";"0800";"15,0";"15,0";"14,4";"98,0";"98,0";"98,0";"14,7";"14,7";"14,1";"838,1";"838,1";"837,7";"0,4";"70,0";"1,1";"";"0,0"
"14/02/2026";"0900";"14,4";"15,1";"14,0";"98,0";"98,0";"98,0";"14,2";"14,8";"13,7";"838,6";"838,6";"838,0";"0,5";"20,0";"1,5";"3,40";"0,0"
"14/02/2026";"1000";"16,2";"16,2";"14,2";"98,0";"99,0";"98,0";"15,9";"15,9";"13,9";"839,1";"839,1";"838,6";"0,8";"59,0";"2,2";"273,00";"0,0"
"14/02/2026";"1100";"17,2";"17,2";"16,2";"89,0";"98,0";"88,0";"15,5";"16,0";"15,1";"839,5";"839,5";"839,1";"2,0";"26,0";"4,4";"501,70";"0,0"
"14/02/2026";"1200";"20,3";"20,4";"17,2";"76,0";"90,0";"75,0";"15,9";"16,7";"15,3";"839,5";"839,6";"839,4";"1,2";"55,0";"5,8";"1286,40";"0,0"
"14/02/2026";"1300";"20,7";"21,0";"19,1";"70,0";"80,0";"69,0";"15,1";"16,0";"14,6";"840,0";"840,0";"839,5";"2,2";"358,0";"6,3";"2317,90";"0,0"
"14/02/2026";"1400";"21,8";"22,3";"20,7";"65,0";"74,0";"63,0";"15,0";"16,1";"14,5";"839,8";"840,1";"839,8";"2,5";"354,0";"5,3";"3340,90";"0,0"
"14/02/2026";"1500";"21,1";"22,1";"20,7";"70,0";"74,0";"65,0";"15,3";"16,5";"14,7";"839,2";"839,8";"839,1";"2,0";"24,0";"5,7";"2653,60";"0,0"
"14/02/2026";"1600";"22,9";"23,5";"20,7";"65,0";"75,0";"61,0";"16,0";"17,3";"14,5";"838,8";"839,2";"838,8";"2,0";"42,0";"6,1";"2762,00";"0,0"
"14/02/2026";"1700";"22,9";"23,8";"21,9";"58,0";"67,0";"53,0";"14,1";"15,6";"13,1";"838,1";"838,8";"838,1";"2,7";"356,0";"5,9";"3511,30";"0,0"
"14/02/2026";"1800";"22,5";"23,9";"22,4";"60,0";"62,0";"52,0";"14,5";"15,2";"13,5";"837,8";"838,1";"837,7";"2,4";"352,0";"5,6";"2671,80";"0,0"
"14/02/2026";"1900";"23,1";"24,0";"22,0";"61,0";"63,0";"55,0";"15,3";"15,3";"13,0";"837,5";"837,8";"837,5";"1,7";"44,0";"5,4";"2194,30";"0,0"
"14/02/2026";"2000";"22,4";"23,3";"22,4";"61,0";"64,0";"56,0";"14,5";"15,8";"13,3";"837,3";"837,6";"837,3";"2,2";"21,0";"4,8";"1907,10";"0,0"
"14/02/2026";"2100";"20,8";"22,3";"20,8";"67,0";"68,0";"61,0";"14,5";"15,3";"14,0";"837,5";"837,5";"837,3";"2,6";"348,0";"4,8";"741,20";"0,0"
"14/02/2026";"2200";"18,9";"20,8";"18,9";"81,0";"81,0";"67,0";"15,5";"15,5";"14,5";"837,7";"837,7";"837,5";"0,8";"33,0";"4,5";"33,60";"0,0"
"14/02/2026";"2300";"17,6";"18,9";"17,6";"90,0";"90,0";"81,0";"16,0";"16,3";"15,6";"837,8";"837,8";"837,6";"0,7";"344,0";"3,4";"";"0,0"
"15/02/2026";"0000";"16,6";"17,9";"16,6";"93,0";"93,0";"90,0";"15,5";"16,2";"15,5";"838,1";"838,1";"837,8";"0,6";"328,0";"3,4";"";"0,0"
"15/02/2026";"0100";"16,2";"16,6";"16,0";"96,0";"96,0";"93,0";"15,5";"15,6";"15,2";"838,4";"838,4";"838,1";"0,3";"256,0";"1,4";"";"0,0"
"15/02/2026";"0200";"15,9";"16,2";"15,7";"96,0";"97,0";"95,0";"15,3";"15,5";"15,0";"838,2";"838,4";"838,2";"0,4";"268,0";"1,6";"";"0,0"
"15/02/2026";"0300";"15,5";"15,9";"15,4";"97,0";"97,0";"96,0";"15,1";"15,4";"14,9";"837,9";"838,3";"837,9";"0,4";"226,0";"1,1";"";"0,0"
"15/02/2026";"0400";"14,9";"15,6";"14,9";"98,0";"98,0";"97,0";"14,5";"15,2";"14,5";"837,5";"837,9";"837,5";"0,8";"2,0";"1,5";"";"0,0"
"15/02/2026";"0500";"14,6";"15,6";"14,4";"98,0";"98,0";"97,0";"14,3";"15,3";"14,0";"837,3";"837,6";"837,2";"0,6";"334,0";"2,3";"";"0,0"
"15/02/2026";"0600";"14,3";"14,6";"14,0";"98,0";"98,0";"98,0";"14,1";"14,3";"13,7";"837,2";"837,3";"837,1";"0,8";"346,0";"1,2";"";"0,0"
"15/02/2026";"0700";"13,1";"14,3";"13,1";"99,0";"99,0";"98,0";"12,9";"14,1";"12,9";"837,1";"837,2";"837,1";"0,8";"339,0";"1,7";"";"0,0"
"15/02/2026";"0800";"12,7";"13,1";"12,6";"99,0";"99,0";"99,0";"12,6";"12,9";"12,5";"837,3";"837,4";"837,1";"0,8";"341,0";"1,3";"";"0,0"
"15/02/2026";"0900";"12,5";"12,7";"12,4";"99,0";"99,0";"99,0";"12,4";"12,6";"12,3";"837,9";"837,9";"837,3";"0,7";"324,0";"1,4";"";"0,0"
"15/02/2026";"1000";"15,4";"15,4";"12,5";"99,0";"99,0";"99,0";"15,3";"15,3";"12,3";"838,4";"838,4";"837,9";"0,8";"11,0";"1,7";"337,10";"0,0"
"15/02/2026";"1100";"19,7";"19,9";"15,4";"77,0";"99,0";"77,0";"15,6";"17,5";"15,5";"838,8";"838,8";"838,4";"0,7";"138,0";"1,5";"1174,70";"0,0"
"15/02/2026";"1200";"22,1";"22,1";"19,7";"65,0";"78,0";"64,0";"15,3";"16,5";"14,1";"838,9";"838,9";"838,7";"0,9";"151,0";"2,1";"2097,80";"0,0"
"15/02/2026";"1300";"23,7";"24,0";"21,5";"56,0";"68,0";"54,0";"14,3";"16,9";"14,0";"839,1";"839,1";"838,9";"1,7";"130,0";"4,0";"2937,50";"0,0"
"15/02/2026";"1400";"23,7";"24,4";"23,3";"56,0";"63,0";"51,0";"14,2";"16,2";"13,1";"839,0";"839,2";"839,0";"2,2";"147,0";"5,5";"3511,00";"0,0"
"15/02/2026";"1500";"24,9";"25,6";"22,9";"52,0";"62,0";"45,0";"14,4";"16,1";"12,0";"838,6";"839,0";"838,6";"1,7";"138,0";"5,5";"3895,30";"0,0"
"15/02/2026";"1600";"25,6";"25,8";"23,7";"44,0";"54,0";"42,0";"12,5";"14,8";"10,6";"838,1";"838,6";"838,1";"1,6";"172,0";"6,8";"4002,00";"0,0"
"15/02/2026";"1700";"25,9";"26,4";"24,8";"38,0";"47,0";"25,0";"10,5";"12,6";"3,6";"838,0";"838,1";"838,0";"1,2";"104,0";"3,9";"3795,30";"0,0"
"15/02/2026";"1800";"23,9";"25,9";"23,8";"52,0";"55,0";"33,0";"13,5";"15,0";"8,3";"837,7";"838,1";"837,7";"2,1";"53,0";"6,8";"3335,20";"0,0"
"15/02/2026";"1900";"24,5";"24,7";"23,6";"39,0";"57,0";"32,0";"9,5";"14,8";"6,5";"837,6";"837,8";"837,6";"1,9";"76,0";"6,2";"2701,40";"0,0"
"15/02/2026";"2000";"23,0";"24,6";"22,9";"31,0";"44,0";"29,0";"5,1";"11,1";"3,9";"837,6";"837,6";"837,4";"2,3";"2,0";"5,2";"1892,10";"0,0"
"15/02/2026";"2100";"21,4";"23,3";"21,4";"49,0";"49,0";"26,0";"10,2";"10,5";"2,6";"837,8";"837,8";"837,5";"0,8";"8,0";"4,2";"796,50";"0,0"
"15/02/2026";"2200";"19,4";"21,4";"19,3";"58,0";"59,0";"49,0";"10,9";"11,2";"10,2";"837,9";"837,9";"837,8";"0,7";"350,0";"3,4";"52,80";"0,0"
"15/02/2026";"2300";"18,3";"19,7";"18,3";"70,0";"70,0";"57,0";"12,6";"12,7";"10,8";"838,0";"838,1";"837,8";"0,6";"11,0";"3,0";"";"0,0"
"16/02/2026";"0000";"16,7";"18,3";"16,6";"76,0";"79,0";"67,0";"12,5";"13,0";"12,0";"838,5";"838,5";"838,0";"0,4";"305,0";"2,5";"";"0,0"
"16/02/2026";"0100";"15,1";"17,2";"15,1";"87,0";"87,0";"72,0";"12,9";"13,4";"11,8";"838,7";"838,7";"838,4";"0,9";"325,0";"2,4";"";"0,0"
"16/02/2026";"0200";"14,7";"15,6";"14,7";"90,0";"92,0";"87,0";"13,1";"14,0";"12,9";"838,7";"838,8";"838,7";"0,8";"316,0";"2,4";"";"0,0"
"16/02/2026";"0300";"14,5";"15,0";"14,5";"94,0";"94,0";"90,0";"13,5";"13,8";"13,1";"838,4";"838,8";"838,4";"0,9";"330,0";"1,9";"";"0,0"
"16/02/2026";"0400";"14,2";"14,9";"14,2";"94,0";"95,0";"94,0";"13,3";"14,1";"13,3";"838,0";"838,4";"838,0";"1,3";"339,0";"2,0";"";"0,0"
"16/02/2026";"0500";"13,5";"14,2";"13,5";"94,0";"95,0";"93,0";"12,5";"13,3";"12,5";"837,7";"838,1";"837,7";"0,8";"334,0";"2,1";"";"0,0"
"16/02/2026";"0600";"13,0";"13,8";"13,0";"92,0";"94,0";"91,0";"11,7";"12,8";"11,7";"837,6";"837,7";"837,6";"1,2";"345,0";"1,7";"";"0,0"
"16/02/2026";"0700";"12,4";"13,0";"12,4";"94,0";"94,0";"92,0";"11,3";"11,8";"11,3";"837,6";"837,6";"837,5";"0,8";"334,0";"1,9";"";"0,0"
"16/02/2026";"0800";"12,2";"12,5";"12,2";"94,0";"95,0";"93,0";"11,3";"11,6";"11,2";"837,7";"837,7";"837,5";"1,1";"330,0";"2,8";"";"0,0"
"16/02/2026";"0900";"11,8";"12,2";"11,7";"95,0";"95,0";"94,0";"11,1";"11,3";"10,9";"838,1";"838,2";"837,7";"1,1";"341,0";"2,5";"";"0,0"
"16/02/2026";"1000";"14,6";"14,8";"11,8";"86,0";"96,0";"86,0";"12,2";"12,8";"11,1";"838,7";"838,7";"838,1";"0,8";"328,0";"2,3";"332,00";"0,2"
"16/02/2026";"1100";"19,1";"19,1";"14,5";"78,0";"87,0";"78,0";"15,2";"15,4";"12,2";"838,9";"839,0";"838,7";"1,9";"338,0";"3,4";"1177,30";"0,0"
"16/02/2026";"1200";"21,5";"22,0";"19,0";"72,0";"81,0";"70,0";"16,3";"16,8";"15,0";"839,1";"839,1";"838,9";"1,4";"341,0";"3,9";"2098,90";"0,0"
"16/02/2026";"1300";"22,9";"23,8";"21,5";"66,0";"72,0";"61,0";"16,3";"17,8";"15,2";"839,4";"839,4";"839,1";"0,9";"189,0";"3,8";"2631,60";"0,0"
"16/02/2026";"1400";"24,0";"24,6";"22,6";"64,0";"68,0";"59,0";"16,7";"17,7";"15,2";"839,0";"839,4";"839,0";"1,7";"156,0";"4,4";"3470,20";"0,0"
"16/02/2026";"1500";"24,6";"25,4";"22,8";"60,0";"71,0";"58,0";"16,2";"18,1";"16,2";"838,8";"839,0";"838,8";"1,4";"174,0";"4,6";"3311,10";"0,0"
"16/02/2026";"1600";"25,0";"26,1";"23,1";"59,0";"67,0";"55,0";"16,4";"17,7";"15,7";"838,3";"838,8";"838,3";"2,0";"124,0";"5,5";"3395,00";"0,0"
"16/02/2026";"1700";"25,6";"25,6";"22,8";"58,0";"67,0";"57,0";"16,8";"17,9";"15,7";"837,8";"838,3";"837,8";"1,6";"97,0";"5,2";"2202,20";"0,0"
"16/02/2026";"1800";"22,4";"26,4";"22,4";"65,0";"67,0";"53,0";"15,5";"17,6";"15,4";"837,6";"837,8";"837,6";"0,4";"300,0";"4,6";"1344,50";"0,0"
"16/02/2026";"1900";"24,6";"24,6";"20,7";"56,0";"66,0";"56,0";"15,2";"15,8";"12,2";"837,3";"837,7";"837,3";"1,1";"113,0";"3,4";"954,70";"0,0"
"16/02/2026";"2000";"23,8";"25,7";"23,8";"52,0";"58,0";"49,0";"13,4";"16,1";"13,4";"837,2";"837,3";"837,1";"1,4";"78,0";"3,5";"1894,40";"0,0"
"16/02/2026";"2100";"22,0";"23,8";"22,0";"50,0";"53,0";"46,0";"11,0";"13,4";"10,9";"837,4";"837,4";"837,1";"1,1";"72,0";"4,1";"721,90";"0,0"
"16/02/2026";"2200";"19,8";"22,0";"19,4";"63,0";"64,0";"50,0";"12,5";"12,6";"10,8";"837,9";"838,0";"837,4";"0,8";"91,0";"2,7";"20,60";"0,0"
"16/02/2026";"2300";"17,5";"19,8";"17,5";"75,0";"75,0";"63,0";"13,0";"13,7";"12,5";"838,2";"838,2";"837,9";"0,4";"299,0";"2,1";"";"0,0"
"17/02/2026";"0000";"16,5";"17,5";"16,5";"84,0";"84,0";"75,0";"13,8";"13,8";"13,1";"838,6";"838,6";"838,2";"0,6";"285,0";"2,0";"";"0,0"
"17/02/2026";"0100";"16,8";"16,8";"16,3";"85,0";"86,0";"83,0";"14,2";"14,2";"13,7";"839,1";"839,1";"838,5";"0,3";"299,0";"2,1";"";"0,0"
"17/02/2026";"0200";"15,7";"16,8";"15,7";"89,0";"89,0";"84,0";"13,9";"14,2";"13,7";"839,0";"839,2";"838,9";"0,9";"334,0";"1,5";"";"0,0"
"17/02/2026";"0300";"14,8";"15,7";"14,8";"92,0";"92,0";"89,0";"13,6";"13,9";"13,6";"838,4";"839,0";"838,4";"1,2";"326,0";"1,9";"";"0,0"
"17/02/2026";"0400";"14,3";"14,8";"14,3";"94,0";"94,0";"92,0";"13,3";"13,7";"13,2";"837,8";"838,4";"837,8";"1,0";"339,0";"2,1";"";"0,0"
"17/02/2026";"0500";"14,3";"14,6";"14,1";"95,0";"95,0";"93,0";"13,5";"13,5";"13,1";"837,5";"837,8";"837,5";"1,0";"346,0";"2,0";"";"0,0"
"17/02/2026";"0600";"13,5";"14,5";"13,5";"95,0";"96,0";"95,0";"12,7";"13,7";"12,7";"837,4";"837,6";"837,1";"0,8";"321,0";"1,9";"";"0,0"
"17/02/2026";"0700";"13,2";"13,7";"13,0";"96,0";"96,0";"95,0";"12,6";"13,1";"12,3";"837,3";"837,4";"837,1";"1,4";"341,0";"2,6";"";"0,0"
"17/02/2026";"0800";"12,9";"13,4";"12,9";"95,0";"97,0";"95,0";"12,1";"12,8";"12,1";"837,4";"837,4";"837,2";"0,7";"337,0";"2,4";"";"0,0"
"17/02/2026";"0900";"12,8";"13,0";"12,7";"96,0";"96,0";"95,0";"12,2";"12,3";"12,0";"837,8";"837,8";"837,4";"0,6";"325,0";"2,2";"";"0,0"
"17/02/2026";"1000";"16,0";"16,0";"12,8";"90,0";"96,0";"87,0";"14,3";"14,3";"12,2";"838,3";"838,3";"837,7";"1,4";"337,0";"2,6";"354,00";"0,0"
"17/02/2026";"1100";"18,7";"18,7";"16,0";"83,0";"90,0";"83,0";"15,8";"15,8";"13,9";"838,6";"838,6";"838,3";"1,6";"337,0";"3,5";"809,70";"0,0"
"17/02/2026";"1200";"22,4";"22,4";"18,7";"70,0";"83,0";"69,0";"16,6";"16,8";"15,4";"838,8";"838,8";"838,6";"1,1";"330,0";"5,5";"2071,60";"0,0"
"17/02/2026";"1300";"23,5";"23,8";"22,1";"60,0";"70,0";"60,0";"15,3";"16,9";"14,9";"838,9";"838,9";"838,7";"0,6";"226,0";"4,0";"2863,50";"0,0"
"17/02/2026";"1400";"24,1";"24,6";"22,3";"59,0";"70,0";"56,0";"15,6";"17,6";"14,6";"838,6";"838,9";"838,6";"1,3";"166,0";"3,3";"2829,10";"0,0"
"17/02/2026";"1500";"25,2";"25,6";"23,7";"36,0";"65,0";"34,0";"9,1";"16,9";"8,4";"838,2";"838,6";"838,2";"1,5";"166,0";"3,5";"3478,30";"0,0"
"17/02/2026";"1600";"26,1";"26,4";"24,5";"54,0";"64,0";"36,0";"16,1";"17,5";"9,6";"837,5";"838,2";"837,5";"1,6";"142,0";"4,6";"3653,10";"0,0"
"17/02/2026";"1700";"23,8";"27,1";"23,7";"60,0";"65,0";"49,0";"15,5";"18,2";"14,9";"837,0";"837,5";"837,0";"0,9";"159,0";"5,4";"2783,50";"0,0"
"17/02/2026";"1800";"22,1";"24,5";"21,8";"74,0";"76,0";"60,0";"17,1";"18,5";"16,1";"836,2";"837,0";"836,2";"1,6";"335,0";"3,4";"1371,40";"0,0"
"17/02/2026";"1900";"19,3";"22,7";"19,3";"80,0";"80,0";"69,0";"15,8";"17,6";"15,4";"836,5";"836,5";"835,9";"2,1";"157,0";"5,0";"345,50";"0,0"
"17/02/2026";"2000";"20,3";"21,0";"18,3";"79,0";"87,0";"75,0";"16,6";"17,7";"15,7";"835,9";"836,5";"835,8";"1,0";"7,0";"8,2";"798,20";"0,0"
"17/02/2026";"2100";"19,7";"20,6";"19,7";"84,0";"84,0";"78,0";"17,0";"17,0";"16,4";"835,9";"836,0";"835,8";"0,4";"315,0";"2,6";"193,30";"0,0"
"17/02/2026";"2200";"18,6";"19,7";"18,6";"89,0";"89,0";"84,0";"16,7";"17,0";"16,7";"836,2";"836,2";"835,8";"0,4";"17,0";"1,4";"13,80";"0,0"
"17/02/2026";"2300";"18,6";"18,7";"18,5";"90,0";"90,0";"88,0";"16,9";"17,0";"16,6";"836,7";"836,7";"836,1";"0,5";"328,0";"3,0";"";"0,0"
"18/02/2026";"0000";"17,4";"18,6";"17,4";"92,0";"93,0";"90,0";"16,1";"16,9";"16,1";"837,0";"837,2";"836,7";"0,8";"337,0";"2,8";"";"0,0"
"18/02/2026";"0100";"16,7";"17,4";"16,6";"95,0";"95,0";"92,0";"15,9";"16,3";"15,7";"837,4";"837,4";"837,0";"0,4";"341,0";"2,4";"";"0,0"
"18/02/2026";"0200";"16,6";"16,8";"16,2";"92,0";"95,0";"92,0";"15,3";"16,0";"15,2";"837,2";"837,4";"837,1";"1,2";"154,0";"2,5";"";"0,0"
"18/02/2026";"0300";"16,2";"16,6";"16,2";"93,0";"93,0";"91,0";"15,1";"15,3";"14,9";"836,9";"837,2";"836,8";"0,7";"139,0";"2,3";"";"0,0"
"18/02/2026";"0400";"16,4";"16,7";"16,2";"91,0";"93,0";"90,0";"14,9";"15,3";"14,9";"836,4";"836,9";"836,4";"0,6";"119,0";"1,5";"";"0,0"
"18/02/2026";"0500";"16,2";"16,4";"15,9";"93,0";"94,0";"91,0";"15,1";"15,1";"14,8";"835,8";"836,4";"835,8";"0,6";"322,0";"1,9";"";"0,0"
"18/02/2026";"0600";"15,6";"16,2";"15,6";"94,0";"94,0";"93,0";"14,7";"15,2";"14,7";"835,2";"835,9";"835,2";"0,4";"160,0";"1,5";"";"0,0"
"18/02/2026";"0700";"15,1";"15,6";"15,0";"97,0";"97,0";"94,0";"14,5";"14,9";"14,4";"834,9";"835,2";"834,9";"0,7";"165,0";"1,5";"";"0,0"
"18/02/2026";"0800";"14,7";"15,1";"14,6";"97,0";"97,0";"96,0";"14,3";"14,6";"14,1";"834,9";"835,0";"834,9";"1,3";"340,0";"2,3";"";"0,0"
"18/02/2026";"0900";"14,3";"14,7";"14,3";"98,0";"98,0";"97,0";"13,9";"14,3";"13,9";"835,0";"835,1";"834,9";"1,3";"348,0";"2,2";"";"0,0"
"18/02/2026";"1000";"17,5";"17,5";"14,3";"89,0";"98,0";"89,0";"15,7";"15,7";"13,9";"835,5";"835,5";"835,0";"0,9";"350,0";"2,1";"302,50";"0,0"
"18/02/2026";"1100";"20,3";"20,4";"17,0";"79,0";"89,0";"77,0";"16,5";"16,6";"14,8";"835,8";"835,8";"835,4";"1,6";"335,0";"3,2";"1111,30";"0,0"
"18/02/2026";"1200";"22,2";"22,5";"20,2";"74,0";"79,0";"68,0";"17,2";"17,4";"15,8";"835,9";"835,9";"835,8";"1,7";"343,0";"4,0";"1974,30";"0,0"
"18/02/2026";"1300";"23,5";"24,5";"21,4";"59,0";"76,0";"58,0";"15,0";"18,6";"14,8";"836,0";"836,0";"835,8";"0,6";"262,0";"5,2";"2292,80";"0,0"
"18/02/2026";"1400";"23,7";"25,1";"22,4";"61,0";"67,0";"57,0";"15,8";"17,3";"14,4";"836,0";"836,2";"836,0";"0,9";"219,0";"3,0";"2397,10";"0,0"
"18/02/2026";"1500";"23,9";"26,2";"23,7";"60,0";"68,0";"53,0";"15,8";"19,5";"14,3";"835,8";"836,1";"835,8";"1,4";"212,0";"4,3";"3338,60";"0,0"
"18/02/2026";"1600";"24,0";"25,9";"23,8";"59,0";"65,0";"50,0";"15,5";"18,1";"14,1";"835,3";"835,8";"835,3";"1,7";"195,0";"5,6";"3302,40";"0,0"
"18/02/2026";"1700";"21,4";"25,2";"21,4";"74,0";"74,0";"56,0";"16,5";"17,2";"14,9";"834,0";"835,3";"834,0";"1,3";"183,0";"5,6";"1223,20";"0,0"
"18/02/2026";"1800";"18,8";"22,2";"18,8";"79,0";"83,0";"74,0";"15,1";"18,4";"15,0";"834,0";"834,8";"834,0";"1,5";"165,0";"6,5";"1183,50";"0,0"
"18/02/2026";"1900";"19,1";"19,8";"18,9";"72,0";"80,0";"67,0";"14,0";"15,4";"13,3";"833,7";"834,4";"833,6";"1,6";"139,0";"4,0";"810,90";"0,0"
"18/02/2026";"2000";"18,7";"19,2";"18,7";"86,0";"86,0";"72,0";"16,3";"16,3";"13,9";"833,7";"834,1";"833,7";"0,3";"318,0";"3,6";"137,60";"0,0"
"18/02/2026";"2100";"19,7";"19,9";"18,7";"84,0";"87,0";"83,0";"16,9";"17,3";"16,3";"833,5";"833,7";"833,5";"0,5";"322,0";"2,0";"469,90";"0,0"
"18/02/2026";"2200";"17,5";"19,7";"17,5";"92,0";"92,0";"83,0";"16,1";"16,9";"16,1";"833,5";"833,6";"833,3";"1,0";"343,0";"3,6";"62,80";"0,0"
"18/02/2026";"2300";"16,6";"17,5";"16,5";"95,0";"95,0";"92,0";"15,8";"16,1";"15,6";"833,8";"833,8";"833,4";"0,8";"120,0";"2,7";"";"0,0"
"19/02/2026";"0000";"17,3";"17,4";"16,6";"90,0";"95,0";"89,0";"15,6";"16,0";"15,5";"834,1";"834,1";"833,8";"1,7";"87,0";"4,1";"";"0,0"
"19/02/2026";"0100";"17,2";"17,4";"17,2";"93,0";"93,0";"90,0";"16,1";"16,1";"15,6";"834,5";"834,6";"834,1";"1,0";"83,0";"4,8";"";"0,0"
"19/02/2026";"0200";"17,0";"17,5";"17,0";"92,0";"93,0";"91,0";"15,7";"16,2";"15,7";"834,9";"834,9";"834,5";"0,2";"314,0";"3,1";"";"0,0"
"19/02/2026";"0300";"16,1";"17,0";"16,1";"96,0";"96,0";"92,0";"15,4";"15,8";"15,3";"834,5";"834,9";"834,5";"0,8";"5,0";"1,6";"";"0,0"
"19/02/2026";"0400";"15,6";"16,2";"15,5";"97,0";"97,0";"95,0";"15,2";"15,5";"15,0";"834,0";"834,5";"833,9";"0,7";"351,0";"1,7";"";"0,0"
"19/02/2026";"0500";"15,9";"15,9";"15,2";"97,0";"98,0";"97,0";"15,5";"15,5";"14,7";"833,0";"834,0";"833,0";"1,0";"336,0";"2,6";"";"0,0"
"19/02/2026";"0600";"16,1";"16,2";"15,9";"96,0";"97,0";"96,0";"15,5";"15,6";"15,5";"832,8";"833,1";"832,7";"0,7";"335,0";"1,7";"";"0,0"
"19/02/2026";"0700";"16,3";"16,3";"16,0";"97,0";"97,0";"96,0";"15,7";"15,7";"15,5";"832,7";"832,8";"832,5";"0,3";"323,0";"1,4";"";"0,0"
"19/02/2026";"0800";"16,2";"16,3";"16,2";"95,0";"97,0";"95,0";"15,3";"15,7";"15,3";"832,6";"832,7";"832,6";"0,5";"314,0";"1,7";"";"0,0"
"19/02/2026";"0900";"16,0";"16,2";"15,9";"95,0";"95,0";"94,0";"15,1";"15,3";"15,0";"832,9";"832,9";"832,6";"0,8";"334,0";"1,6";"";"0,0"
"19/02/2026";"1000";"17,5";"17,5";"15,9";"91,0";"95,0";"91,0";"16,0";"16,0";"15,1";"833,5";"833,5";"832,9";"0,7";"64,0";"2,2";"165,10";"0,0"
"19/02/2026";"1100";"20,6";"20,7";"17,5";"71,0";"90,0";"71,0";"15,3";"16,2";"15,1";"833,8";"833,8";"833,5";"0,8";"174,0";"2,2";"1138,00";"0,0"
"19/02/2026";"1200";"21,8";"21,8";"20,3";"69,0";"74,0";"65,0";"15,8";"15,9";"14,4";"834,1";"834,1";"833,8";"1,0";"209,0";"2,8";"1942,20";"0,0"
"19/02/2026";"1300";"22,5";"22,7";"20,5";"64,0";"74,0";"63,0";"15,3";"16,8";"14,6";"834,4";"834,4";"834,1";"1,2";"180,0";"4,1";"2540,60";"0,0"
"19/02/2026";"1400";"21,8";"23,4";"21,6";"69,0";"72,0";"63,0";"15,8";"17,3";"15,1";"834,2";"834,4";"834,2";"1,7";"158,0";"4,2";"2613,50";"0,0"
"19/02/2026";"1500";"23,3";"24,1";"21,5";"68,0";"73,0";"57,0";"17,1";"17,5";"14,4";"834,0";"834,3";"834,0";"2,0";"176,0";"5,8";"3003,90";"0,0"
"19/02/2026";"1600";"22,5";"24,7";"21,2";"76,0";"77,0";"59,0";"18,2";"18,5";"15,1";"833,7";"834,0";"833,7";"1,7";"161,0";"4,7";"2927,10";"0,0"
"19/02/2026";"1700";"23,5";"24,2";"21,7";"64,0";"78,0";"64,0";"16,3";"18,9";"16,3";"833,0";"833,7";"833,0";"1,4";"150,0";"5,7";"2137,10";"0,0"
"19/02/2026";"1800";"23,3";"24,5";"21,4";"66,0";"78,0";"62,0";"16,7";"18,3";"15,7";"833,0";"833,1";"833,0";"1,4";"151,0";"5,4";"2216,30";"0,0"
"19/02/2026";"1900";"23,1";"24,2";"22,0";"67,0";"72,0";"62,0";"16,6";"17,8";"16,1";"832,9";"833,0";"832,9";"1,5";"158,0";"4,4";"1679,50";"0,0"
"19/02/2026";"2000";"19,5";"23,6";"19,5";"82,0";"82,0";"63,0";"16,4";"17,0";"15,3";"832,8";"832,9";"832,7";"1,6";"138,0";"4,7";"576,90";"0,0"
"19/02/2026";"2100";"18,7";"19,5";"18,3";"88,0";"88,0";"82,0";"16,6";"16,9";"15,9";"833,0";"833,0";"832,6";"0,9";"127,0";"4,6";"318,20";"0,2"
"19/02/2026";"2200";"15,2";"18,8";"14,7";"98,0";"98,0";"88,0";"14,9";"17,0";"14,1";"833,3";"833,9";"833,0";"1,3";"58,0";"5,5";"10,40";"35,8"
"19/02/2026";"2300";"17,1";"17,1";"15,2";"99,0";"99,0";"98,0";"16,8";"16,9";"14,9";"834,1";"834,1";"832,8";"1,0";"141,0";"5,5";"";"0,4"
"20/02/2026";"0000";"16,6";"17,1";"16,5";"99,0";"99,0";"98,0";"16,3";"16,9";"16,2";"834,6";"834,6";"833,9";"3,2";"355,0";"5,1";"";"22,6"
"20/02/2026";"0100";"16,5";"16,6";"16,3";"99,0";"99,0";"99,0";"16,3";"16,4";"16,0";"835,1";"835,1";"834,6";"1,1";"42,0";"5,1";"";"1,0"
"20/02/2026";"0200";"16,2";"16,5";"16,2";"99,0";"99,0";"99,0";"16,0";"16,2";"16,0";"835,0";"835,4";"834,8";"1,7";"341,0";"4,1";"";"0,0"
"20/02/2026";"0300";"16,0";"16,3";"15,8";"99,0";"99,0";"99,0";"15,8";"16,1";"15,6";"834,7";"835,1";"834,7";"1,8";"357,0";"4,5";"";"0,0"
"20/02/2026";"0400";"15,8";"16,1";"15,7";"99,0";"99,0";"99,0";"15,5";"15,9";"15,5";"834,4";"834,7";"834,4";"0,8";"332,0";"4,5";"";"0,0"
"20/02/2026";"0500";"15,4";"15,8";"15,3";"99,0";"99,0";"99,0";"15,2";"15,6";"15,1";"833,9";"834,4";"833,9";"0,5";"321,0";"2,2";"";"0,0"
"20/02/2026";"0600";"14,9";"15,4";"14,7";"99,0";"99,0";"99,0";"14,7";"15,2";"14,5";"833,7";"833,9";"833,7";"0,5";"311,0";"1,9";"";"0,0"
"20/02/2026";"0700";"14,9";"14,9";"14,5";"99,0";"99,0";"99,0";"14,8";"14,8";"14,3";"833,7";"833,7";"833,5";"0,6";"323,0";"1,5";"";"0,0"
"20/02/2026";"0800";"14,7";"15,0";"14,7";"99,0";"99,0";"99,0";"14,6";"14,9";"14,6";"833,5";"833,7";"833,4";"0,5";"321,0";"2,1";"";"0,0"
"20/02/2026";"0900";"14,3";"14,7";"14,2";"99,0";"99,0";"99,0";"14,2";"14,6";"14,1";"833,7";"833,7";"833,5";"1,6";"339,0";"2,6";"3,20";"0,2"
"20/02/2026";"1000";"15,4";"15,4";"14,3";"99,0";"99,0";"99,0";"15,2";"15,2";"14,1";"833,9";"833,9";"833,6";"1,0";"333,0";"3,1";"265,90";"0,0"
"20/02/2026";"1100";"17,8";"18,2";"15,4";"99,0";"99,0";"99,0";"17,6";"18,0";"15,3";"834,1";"834,1";"833,8";"2,0";"335,0";"5,3";"813,30";"0,0"
"20/02/2026";"1200";"20,5";"20,7";"17,6";"83,0";"99,0";"83,0";"17,6";"18,5";"17,3";"834,2";"834,3";"834,1";"1,3";"323,0";"5,2";"1791,90";"0,0"
"20/02/2026";"1300";"20,8";"21,3";"19,3";"81,0";"89,0";"79,0";"17,4";"18,3";"16,9";"834,6";"834,6";"834,1";"1,1";"293,0";"5,3";"2036,70";"0,0"
"20/02/2026";"1400";"22,0";"23,4";"20,2";"77,0";"85,0";"69,0";"17,8";"18,7";"16,2";"834,1";"834,6";"834,0";"1,5";"332,0";"5,2";"2683,10";"0,0"
"20/02/2026";"1500";"23,2";"23,4";"21,2";"71,0";"79,0";"65,0";"17,5";"18,3";"16,2";"833,5";"834,1";"833,5";"0,6";"273,0";"4,2";"2844,80";"0,0"
"20/02/2026";"1600";"21,9";"24,7";"21,9";"76,0";"77,0";"61,0";"17,4";"19,6";"16,3";"833,3";"833,5";"833,2";"1,1";"216,0";"3,3";"2503,20";"0,0"
"20/02/2026";"1700";"25,1";"25,1";"21,7";"62,0";"79,0";"62,0";"17,2";"19,1";"17,2";"832,8";"833,3";"832,7";"1,7";"168,0";"4,9";"3340,90";"0,0"
"20/02/2026";"1800";"23,6";"25,4";"23,5";"60,0";"70,0";"57,0";"15,5";"18,7";"15,0";"832,5";"832,8";"832,3";"2,8";"152,0";"6,1";"3617,90";"0,0"
"20/02/2026";"1900";"25,2";"26,3";"23,6";"45,0";"63,0";"45,0";"12,5";"16,5";"12,5";"831,9";"832,6";"831,8";"1,9";"161,0";"6,1";"3095,20";"0,0"
"20/02/2026";"2000";"23,0";"25,2";"22,7";"65,0";"65,0";"42,0";"16,1";"16,1";"11,0";"831,5";"832,0";"831,5";"1,7";"135,0";"5,0";"1772,90";"0,0"
"20/02/2026";"2100";"20,9";"23,2";"20,9";"76,0";"78,0";"65,0";"16,5";"17,5";"16,2";"831,9";"831,9";"831,4";"1,9";"105,0";"5,2";"668,10";"0,0"
"20/02/2026";"2200";"19,0";"20,9";"19,0";"86,0";"86,0";"74,0";"16,7";"16,7";"15,6";"832,4";"832,4";"831,9";"1,6";"82,0";"5,1";"50,70";"0,0"
"20/02/2026";"2300";"18,3";"19,0";"18,3";"88,0";"89,0";"85,0";"16,3";"16,7";"16,0";"833,4";"833,4";"832,4";"1,6";"42,0";"5,1";"";"0,0"
"21/02/2026";"0000";"17,5";"18,3";"17,5";"90,0";"91,0";"88,0";"15,9";"16,5";"15,9";"834,2";"834,2";"833,3";"1,9";"2,0";"5,6";"";"0,0"
"21/02/2026";"0100";"17,2";"17,7";"17,2";"91,0";"91,0";"90,0";"15,7";"16,1";"15,7";"834,6";"834,7";"834,2";"2,7";"7,0";"6,1";"";"0,0"
"21/02/2026";"0200";"16,5";"17,2";"16,3";"93,0";"94,0";"90,0";"15,4";"15,6";"15,2";"834,4";"834,7";"834,3";"2,4";"348,0";"5,6";"";"0,0"
"21/02/2026";"0300";"16,1";"16,7";"15,9";"95,0";"95,0";"93,0";"15,4";"15,6";"15,0";"833,8";"834,4";"833,7";"1,5";"338,0";"5,3";"";"0,0"
"21/02/2026";"0400";"15,4";"16,1";"15,3";"97,0";"97,0";"95,0";"14,9";"15,4";"14,7";"833,6";"833,8";"833,6";"1,0";"329,0";"2,8";"";"0,0"
"21/02/2026";"0500";"15,0";"15,4";"15,0";"97,0";"97,0";"97,0";"14,5";"14,9";"14,5";"833,6";"833,8";"833,6";"1,0";"336,0";"2,5";"";"0,0"
"21/02/2026";"0600";"14,2";"15,0";"14,1";"98,0";"98,0";"97,0";"13,9";"14,5";"13,7";"833,3";"833,6";"833,2";"0,8";"155,0";"2,1";"";"0,0"
"21/02/2026";"0700";"14,1";"14,5";"14,1";"98,0";"98,0";"98,0";"13,8";"14,2";"13,8";"833,5";"833,5";"833,3";"0,8";"120,0";"1,7";"";"0,0"
"21/02/2026";"0800";"14,1";"14,6";"14,1";"98,0";"98,0";"98,0";"13,8";"14,3";"13,7";"833,3";"833,6";"833,2";"1,0";"334,0";"2,9";"";"0,0"
"21/02/2026";"0900";"13,8";"14,1";"13,8";"98,0";"98,0";"98,0";"13,5";"13,9";"13,4";"833,6";"833,6";"833,3";"1,2";"337,0";"3,1";"1,20";"0,0"
"21/02/2026";"1000";"15,8";"15,8";"13,8";"92,0";"98,0";"92,0";"14,5";"15,0";"13,5";"833,8";"834,0";"833,6";"1,6";"337,0";"3,9";"293,80";"0,0"
"21/02/2026";"1100";"19,3";"19,5";"15,6";"83,0";"93,0";"81,0";"16,3";"16,7";"14,4";"834,5";"834,5";"833,8";"1,5";"334,0";"3,9";"1129,80";"0,0"
"21/02/2026";"1200";"21,7";"22,2";"19,1";"70,0";"83,0";"67,0";"16,0";"17,3";"15,3";"834,9";"834,9";"834,5";"1,9";"342,0";"4,5";"2076,90";"0,0"
"21/02/2026";"1300";"21,9";"22,8";"21,4";"74,0";"76,0";"62,0";"17,1";"17,2";"15,0";"835,2";"835,3";"834,9";"0,6";"300,0";"4,1";"2027,90";"0,0"
"21/02/2026";"1400";"21,2";"22,7";"21,0";"74,0";"75,0";"66,0";"16,4";"17,4";"15,6";"835,1";"835,3";"835,1";"0,6";"214,0";"6,3";"1700,80";"0,0"
"21/02/2026";"1500";"20,9";"22,5";"20,5";"82,0";"83,0";"72,0";"17,7";"18,6";"16,8";"834,8";"835,1";"834,8";"1,2";"184,0";"3,1";"976,30";"0,0"
"21/02/2026";"1600";"16,9";"21,0";"16,7";"88,0";"93,0";"80,0";"14,8";"17,7";"14,5";"834,9";"835,0";"834,7";"2,5";"29,0";"6,0";"349,50";"4,4"
"21/02/2026";"1700";"17,1";"17,1";"16,1";"95,0";"95,0";"84,0";"16,3";"16,3";"14,1";"834,7";"835,2";"834,6";"0,7";"16,0";"6,0";"427,30";"1,6"
"21/02/2026";"1800";"19,2";"19,2";"17,1";"95,0";"95,0";"92,0";"18,4";"18,4";"16,2";"833,8";"834,7";"833,8";"0,5";"282,0";"1,5";"818,00";"0,0"
"21/02/2026";"1900";"21,1";"22,4";"19,2";"77,0";"95,0";"68,0";"16,9";"18,7";"15,7";"833,8";"833,8";"833,5";"0,5";"172,0";"3,6";"1625,70";"0,0"
"21/02/2026";"2000";"19,1";"21,8";"19,1";"87,0";"87,0";"71,0";"16,8";"17,3";"15,8";"833,4";"833,8";"833,3";"1,5";"132,0";"5,1";"701,40";"0,0"
"21/02/2026";"2100";"17,7";"19,1";"17,7";"93,0";"93,0";"87,0";"16,6";"16,9";"16,4";"833,3";"833,5";"833,2";"1,8";"64,0";"5,4";"70,80";"0,0"
"21/02/2026";"2200";"17,7";"17,9";"17,7";"92,0";"93,0";"91,0";"16,3";"16,6";"16,3";"833,6";"833,6";"833,2";"2,8";"33,0";"7,4";"24,80";"0,0"
"21/02/2026";"2300";"17,2";"17,7";"17,1";"94,0";"94,0";"92,0";"16,2";"16,3";"16,1";"834,7";"834,7";"833,6";"1,5";"80,0";"7,4";"";"0,0"
"22/02/2026";"0000";"16,9";"17,2";"16,8";"97,0";"97,0";"94,0";"16,5";"16,5";"16,2";"835,3";"835,3";"834,7";"1,5";"12,0";"3,4";"";"0,4"
"22/02/2026";"0100";"16,8";"17,0";"16,7";"96,0";"98,0";"96,0";"16,2";"16,5";"16,2";"835,5";"835,6";"835,3";"1,3";"47,0";"4,5";"";"0,0"
"22/02/2026";"0200";"16,7";"16,8";"16,7";"95,0";"96,0";"95,0";"15,9";"16,2";"15,9";"835,6";"835,8";"835,4";"1,5";"13,0";"5,0";"";"0,0"
"22/02/2026";"0300";"16,6";"16,7";"16,5";"95,0";"96,0";"94,0";"15,7";"16,0";"15,7";"835,2";"835,7";"835,2";"1,7";"341,0";"4,7";"";"0,0"
"22/02/2026";"0400";"16,1";"16,6";"16,1";"95,0";"95,0";"95,0";"15,3";"15,8";"15,3";"835,4";"835,6";"835,0";"3,1";"350,0";"5,4";"";"0,0"
"22/02/2026";"0500";"15,5";"16,1";"15,5";"95,0";"95,0";"94,0";"14,7";"15,2";"14,7";"834,7";"835,4";"834,7";"1,0";"324,0";"6,5";"";"0,0"
"22/02/2026";"0600";"15,7";"15,8";"15,4";"94,0";"96,0";"93,0";"14,8";"14,8";"14,6";"834,4";"834,7";"834,4";"2,3";"348,0";"5,5";"";"0,0"
"22/02/2026";"0700";"15,1";"15,7";"15,1";"96,0";"96,0";"94,0";"14,4";"14,8";"14,4";"834,2";"834,4";"834,1";"1,0";"335,0";"5,5";"";"0,0"
"22/02/2026";"0800";"14,6";"15,1";"14,6";"98,0";"98,0";"96,0";"14,2";"14,4";"14,2";"834,2";"834,2";"834,1";"0,3";"322,0";"2,1";"";"0,0"
"22/02/2026";"0900";"14,6";"14,7";"14,6";"97,0";"98,0";"97,0";"14,2";"14,3";"14,2";"834,4";"834,4";"834,1";"1,4";"343,0";"2,8";"";"0,0"
"22/02/2026";"1000";"17,1";"17,1";"14,6";"88,0";"97,0";"88,0";"15,1";"15,4";"14,1";"834,8";"834,8";"834,4";"0,9";"333,0";"2,6";"279,60";"0,0"
"22/02/2026";"1100";"19,6";"19,6";"16,9";"80,0";"89,0";"78,0";"16,1";"16,1";"14,7";"835,3";"835,3";"834,8";"1,7";"340,0";"3,6";"1100,50";"0,0"
"22/02/2026";"1200";"21,6";"22,2";"18,9";"68,0";"81,0";"65,0";"15,4";"17,2";"15,0";"835,5";"835,5";"835,3";"1,1";"341,0";"4,1";"2097,40";"0,0"
"22/02/2026";"1300";"18,5";"22,4";"18,5";"87,0";"87,0";"65,0";"16,3";"17,9";"14,4";"836,0";"836,0";"835,5";"1,4";"161,0";"4,5";"2468,20";"0,0"
"22/02/2026";"1400";"17,6";"18,5";"16,5";"97,0";"98,0";"87,0";"17,2";"17,6";"15,4";"835,8";"836,0";"835,8";"1,3";"129,0";"3,1";"655,90";"7,2"
"22/02/2026";"1500";"20,8";"22,8";"17,6";"80,0";"97,0";"73,0";"17,3";"19,8";"17,0";"835,5";"835,8";"835,5";"1,6";"125,0";"3,6";"2488,40";"0,0"
"22/02/2026";"1600";"20,8";"21,6";"20,0";"84,0";"86,0";"77,0";"18,0";"18,3";"16,5";"835,0";"835,5";"835,0";"1,2";"142,0";"4,2";"1728,80";"0,0"
"22/02/2026";"1700";"21,8";"23,1";"20,8";"76,0";"85,0";"67,0";"17,4";"18,6";"15,9";"834,4";"835,0";"834,4";"2,0";"133,0";"5,2";"2773,30";"0,0"
"22/02/2026";"1800";"22,6";"23,5";"21,1";"71,0";"78,0";"65,0";"17,2";"18,9";"15,8";"833,9";"834,4";"833,9";"1,0";"67,0";"4,7";"2808,80";"0,0"
"22/02/2026";"1900";"21,1";"22,6";"21,1";"73,0";"74,0";"68,0";"16,0";"17,4";"15,7";"833,2";"833,9";"833,1";"2,3";"126,0";"5,8";"1604,50";"0,0"
"22/02/2026";"2000";"18,4";"21,5";"18,4";"89,0";"89,0";"73,0";"16,6";"17,4";"16,0";"833,3";"833,4";"833,0";"1,8";"25,0";"6,0";"902,50";"0,0"
"22/02/2026";"2100";"17,2";"18,4";"17,1";"96,0";"96,0";"89,0";"16,5";"16,9";"16,4";"833,4";"833,5";"833,2";"1,9";"51,0";"6,5";"117,20";"0,4"
"22/02/2026";"2200";"16,9";"17,2";"16,9";"96,0";"96,0";"94,0";"16,2";"16,5";"16,0";"833,6";"833,6";"833,2";"2,3";"4,0";"7,3";"26,90";"0,4"
"22/02/2026";"2300";"16,7";"16,9";"16,7";"96,0";"96,0";"95,0";"16,1";"16,2";"16,0";"833,9";"834,0";"833,4";"2,6";"342,0";"5,4";"";"0,2"
"23/02/2026";"0000";"16,4";"16,7";"16,4";"96,0";"97,0";"95,0";"15,7";"16,2";"15,7";"834,3";"834,3";"833,8";"2,6";"337,0";"6,1";"";"0,2"
"23/02/2026";"0100";"16,4";"16,4";"16,3";"96,0";"97,0";"96,0";"15,8";"15,9";"15,7";"834,8";"834,8";"834,2";"2,1";"338,0";"8,4";"";"0,0"
"23/02/2026";"0200";"16,3";"16,5";"16,3";"96,0";"96,0";"96,0";"15,7";"15,8";"15,6";"834,9";"834,9";"834,7";"2,9";"348,0";"5,2";"";"0,0"
"23/02/2026";"0300";"16,3";"16,4";"16,2";"96,0";"96,0";"96,0";"15,6";"15,7";"15,5";"834,3";"834,9";"834,3";"2,1";"340,0";"5,4";"";"0,0"
"23/02/2026";"0400";"16,4";"16,4";"16,3";"96,0";"96,0";"95,0";"15,8";"15,8";"15,6";"833,9";"834,3";"833,9";"0,8";"352,0";"4,8";"";"0,0"
"23/02/2026";"0500";"16,1";"16,5";"16,0";"98,0";"98,0";"96,0";"15,7";"15,8";"15,7";"833,2";"834,0";"833,2";"2,3";"347,0";"4,8";"";"0,0"
"23/02/2026";"0600";"16,3";"16,3";"16,1";"96,0";"98,0";"96,0";"15,7";"15,9";"15,7";"833,1";"833,2";"833,0";"2,6";"354,0";"4,7";"0,10";"0,0"
"23/02/2026";"0700";"16,2";"16,3";"16,1";"95,0";"96,0";"95,0";"15,4";"15,7";"15,4";"832,9";"833,1";"832,9";"1,3";"334,0";"6,5";"";"0,0"
"23/02/2026";"0800";"16,1";"16,2";"16,1";"96,0";"96,0";"95,0";"15,4";"15,5";"15,4";"832,9";"833,0";"832,8";"1,8";"338,0";"3,8";"";"0,0"
"23/02/2026";"0900";"15,5";"16,1";"15,5";"97,0";"97,0";"96,0";"15,1";"15,5";"15,1";"833,1";"833,1";"832,9";"1,3";"336,0";"3,8";"";"0,0"
"23/02/2026";"1000";"16,8";"16,8";"15,5";"96,0";"98,0";"96,0";"16,2";"16,2";"15,1";"833,4";"833,4";"833,1";"0,7";"328,0";"2,8";"198,30";"0,0"
"23/02/2026";"1100";"18,3";"18,3";"16,7";"88,0";"96,0";"85,0";"16,3";"16,4";"15,6";"833,9";"833,9";"833,4";"1,0";"333,0";"2,6";"765,70";"0,0"
"23/02/2026";"1200";"20,8";"21,1";"18,3";"78,0";"88,0";"74,0";"16,8";"16,9";"15,9";"834,2";"834,2";"833,9";"1,2";"322,0";"4,5";"1448,80";"0,0"
"23/02/2026";"1300";"20,5";"21,7";"20,3";"77,0";"79,0";"71,0";"16,4";"17,1";"15,9";"834,3";"834,4";"834,1";"1,0";"319,0";"4,7";"1814,00";"0,0"
"23/02/2026";"1400";"20,9";"22,5";"20,5";"78,0";"79,0";"69,0";"16,9";"17,7";"16,2";"834,1";"834,3";"834,1";"0,6";"228,0";"4,6";"1832,50";"0,0"
"23/02/2026";"1500";"23,3";"24,3";"20,9";"75,0";"79,0";"62,0";"18,6";"18,6";"16,0";"833,7";"834,1";"833,7";"1,0";"173,0";"4,0";"2758,10";"0,0"
"23/02/2026";"1600";"21,1";"24,0";"20,3";"82,0";"86,0";"70,0";"18,0";"19,0";"17,1";"833,0";"833,7";"832,9";"1,3";"137,0";"3,3";"1685,30";"0,0"
"23/02/2026";"1700";"18,4";"21,2";"17,5";"97,0";"98,0";"81,0";"18,0";"18,4";"16,7";"832,6";"833,0";"832,6";"1,0";"80,0";"5,5";"540,20";"4,6"
"23/02/2026";"1800";"18,0";"18,4";"17,0";"96,0";"97,0";"95,0";"17,4";"17,8";"16,3";"831,8";"832,6";"831,8";"1,3";"355,0";"5,9";"543,00";"6,4"
"23/02/2026";"1900";"17,9";"18,9";"17,9";"91,0";"96,0";"86,0";"16,4";"17,9";"16,0";"831,6";"831,9";"831,6";"1,9";"49,0";"5,5";"948,40";"0,0"
"23/02/2026";"2000";"18,0";"18,2";"17,6";"93,0";"93,0";"88,0";"16,9";"17,0";"16,2";"831,6";"831,9";"831,6";"1,1";"128,0";"5,3";"545,20";"0,0"
"23/02/2026";"2100";"16,7";"18,0";"16,7";"94,0";"96,0";"93,0";"15,6";"16,8";"15,6";"832,2";"832,2";"831,6";"2,6";"349,0";"4,9";"91,70";"0,4"
"23/02/2026";"2200";"16,4";"16,7";"16,3";"96,0";"96,0";"94,0";"15,8";"15,8";"15,5";"832,4";"832,4";"832,0";"0,7";"7,0";"5,5";"15,90";"0,0"
"23/02/2026";"2300";"16,7";"16,7";"16,4";"96,0";"96,0";"96,0";"16,0";"16,1";"15,8";"832,8";"832,8";"832,4";"1,7";"13,0";"4,1";"";"0,0"
"24/02/2026";"0000";"15,8";"16,7";"15,8";"96,0";"96,0";"95,0";"15,1";"16,0";"15,1";"833,0";"833,0";"832,7";"2,8";"349,0";"6,9";"";"0,0"
"24/02/2026";"0100";"16,0";"16,1";"15,6";"95,0";"97,0";"94,0";"15,2";"15,4";"14,9";"833,0";"833,2";"832,9";"4,1";"349,0";"10,1";"";"0,0"
"24/02/2026";"0200";"15,9";"16,0";"15,9";"95,0";"97,0";"95,0";"15,1";"15,4";"15,1";"832,4";"833,0";"832,4";"3,4";"353,0";"7,6";"";"0,0"
"24/02/2026";"0300";"15,8";"15,9";"15,8";"97,0";"97,0";"95,0";"15,3";"15,3";"15,1";"832,3";"832,4";"832,2";"0,8";"332,0";"6,2";"";"0,0"
"24/02/2026";"0400";"15,5";"15,8";"15,5";"98,0";"98,0";"97,0";"15,1";"15,4";"15,1";"832,2";"832,3";"832,1";"1,3";"340,0";"2,4";"";"0,0"
"24/02/2026";"0500";"15,7";"15,7";"15,5";"98,0";"98,0";"98,0";"15,3";"15,4";"15,1";"831,9";"832,2";"831,8";"1,1";"333,0";"3,0";"";"0,0"
"24/02/2026";"0600";"15,8";"15,8";"15,6";"98,0";"98,0";"98,0";"15,5";"15,5";"15,3";"831,5";"831,9";"831,5";"1,5";"332,0";"5,0";"";"0,4"
"24/02/2026";"0700";"15,6";"15,8";"15,5";"98,0";"98,0";"98,0";"15,2";"15,5";"15,2";"831,0";"831,5";"831,0";"2,6";"335,0";"5,5";"";"0,2"
"24/02/2026";"0800";"15,5";"15,6";"15,5";"98,0";"98,0";"98,0";"15,2";"15,2";"15,2";"830,9";"831,0";"830,8";"1,7";"334,0";"5,4";"";"0,0"
"24/02/2026";"0900";"15,6";"15,6";"15,5";"98,0";"98,0";"98,0";"15,2";"15,2";"15,2";"831,2";"831,2";"830,9";"1,7";"332,0";"4,8";"";"0,0"
"24/02/2026";"1000";"15,8";"15,8";"15,6";"98,0";"98,0";"98,0";"15,5";"15,5";"15,2";"831,7";"831,7";"831,2";"0,9";"327,0";"4,1";"66,80";"0,0"
"24/02/2026";"1100";"16,3";"16,4";"15,8";"96,0";"98,0";"96,0";"15,8";"15,8";"15,5";"832,1";"832,1";"831,7";"1,8";"329,0";"5,0";"289,80";"0,0"
"24/02/2026";"1200";"17,5";"17,5";"16,3";"92,0";"97,0";"92,0";"16,1";"16,4";"15,7";"832,5";"832,5";"832,1";"0,9";"316,0";"5,8";"665,00";"0,0"
"24/02/2026";"1300";"18,7";"18,7";"17,5";"88,0";"92,0";"87,0";"16,7";"16,9";"16,0";"832,4";"832,5";"832,4";"1,5";"323,0";"6,2";"1262,70";"0,0"
"24/02/2026";"1400";"18,7";"19,3";"18,5";"88,0";"89,0";"84,0";"16,7";"17,1";"16,3";"832,1";"832,4";"832,1";"0,7";"315,0";"6,3";"1313,40";"0,0"
"24/02/2026";"1500";"19,7";"19,7";"18,4";"83,0";"89,0";"83,0";"16,7";"17,0";"16,4";"832,0";"832,2";"832,0";"0,6";"280,0";"4,1";"1054,70";"0,0"
"24/02/2026";"1600";"21,4";"22,2";"19,7";"71,0";"85,0";"70,0";"16,0";"18,2";"16,0";"831,4";"832,0";"831,4";"1,6";"336,0";"5,5";"2871,90";"0,0"
"24/02/2026";"1700";"20,4";"21,8";"20,4";"81,0";"83,0";"72,0";"17,1";"18,0";"15,5";"830,5";"831,4";"830,5";"1,5";"119,0";"3,7";"970,00";"0,0"
"24/02/2026";"1800";"18,5";"20,5";"18,5";"90,0";"90,0";"81,0";"16,8";"17,8";"16,3";"830,0";"830,5";"830,0";"1,4";"79,0";"4,1";"517,80";"4,6"
"24/02/2026";"1900";"18,7";"20,0";"18,4";"88,0";"93,0";"84,0";"16,7";"18,6";"16,7";"829,6";"830,0";"829,6";"1,6";"27,0";"4,4";"828,90";"1,2"
"24/02/2026";"2000";"18,0";"18,7";"17,7";"94,0";"95,0";"85,0";"17,0";"17,1";"15,9";"829,8";"829,8";"829,6";"1,4";"61,0";"3,6";"155,60";"0,6"
"24/02/2026";"2100";"17,9";"18,0";"17,7";"96,0";"96,0";"92,0";"17,3";"17,3";"16,7";"829,7";"829,9";"829,6";"0,4";"123,0";"3,4";"72,80";"0,0"
"24/02/2026";"2200";"17,6";"17,9";"17,5";"96,0";"97,0";"96,0";"17,0";"17,4";"16,9";"829,9";"829,9";"829,7";"0,7";"76,0";"1,6";"18,80";"0,0"
"24/02/2026";"2300";"17,1";"17,6";"17,1";"97,0";"97,0";"96,0";"16,6";"17,0";"16,5";"830,6";"830,6";"829,9";"0,9";"345,0";"2,6";"";"0,0"
"25/02/2026";"0000";"17,2";"17,3";"17,0";"97,0";"97,0";"97,0";"16,8";"16,8";"16,6";"830,8";"830,9";"830,5";"1,7";"336,0";"3,2";"";"0,6"
"25/02/2026";"0100";"16,8";"17,2";"16,7";"96,0";"98,0";"96,0";"16,1";"16,8";"16,0";"831,1";"831,1";"830,8";"1,9";"341,0";"5,2";"";"0,0"
"25/02/2026";"0200";"16,6";"16,8";"16,6";"98,0";"98,0";"96,0";"16,3";"16,3";"16,1";"830,9";"831,1";"830,9";"0,8";"352,0";"4,3";"";"0,2"
"25/02/2026";"0300";"16,2";"16,7";"16,2";"98,0";"98,0";"98,0";"15,9";"16,3";"15,9";"830,4";"831,0";"830,4";"1,4";"344,0";"2,3";"";"0,0"
"25/02/2026";"0400";"15,7";"16,2";"15,7";"98,0";"98,0";"98,0";"15,4";"15,8";"15,4";"830,0";"830,4";"830,0";"1,2";"350,0";"2,3";"";"0,0"
"25/02/2026";"0500";"15,9";"15,9";"15,5";"99,0";"99,0";"98,0";"15,7";"15,7";"15,3";"829,4";"830,1";"829,4";"0,4";"325,0";"2,3";"";"0,2"
"25/02/2026";"0600";"16,2";"16,2";"15,9";"99,0";"99,0";"99,0";"16,0";"16,0";"15,7";"829,1";"829,4";"829,1";"0,8";"333,0";"4,2";"";"0,0"
"25/02/2026";"0700";"16,1";"16,3";"16,0";"99,0";"99,0";"99,0";"15,8";"16,1";"15,8";"829,1";"829,1";"828,9";"1,2";"336,0";"3,4";"";"0,0"
"25/02/2026";"0800";"16,2";"16,2";"15,9";"99,0";"99,0";"99,0";"16,0";"16,0";"15,7";"829,6";"829,6";"829,1";"0,7";"346,0";"2,9";"";"0,0"
"25/02/2026";"0900";"16,2";"16,3";"16,1";"99,0";"99,0";"99,0";"16,0";"16,1";"15,9";"830,1";"830,1";"829,6";"1,1";"337,0";"2,5";"0,70";"0,0"
"25/02/2026";"1000";"17,0";"17,0";"16,2";"99,0";"99,0";"99,0";"16,8";"16,8";"16,0";"830,4";"830,4";"830,1";"1,2";"337,0";"2,5";"195,40";"0,0"
"25/02/2026";"1100";"19,8";"19,8";"17,0";"89,0";"99,0";"89,0";"17,9";"18,3";"16,7";"830,6";"830,7";"830,4";"0,9";"327,0";"3,3";"791,60";"0,0"
"25/02/2026";"1200";"19,9";"20,1";"18,8";"85,0";"92,0";"84,0";"17,3";"18,0";"17,0";"830,9";"831,0";"830,5";"0,7";"331,0";"4,4";"1262,10";"0,0"
"25/02/2026";"1300";"20,6";"21,2";"19,2";"81,0";"88,0";"79,0";"17,1";"18,2";"16,5";"831,0";"831,1";"830,9";"0,6";"253,0";"3,1";"1327,50";"0,0"
"25/02/2026";"1400";"23,0";"23,0";"19,6";"75,0";"84,0";"72,0";"18,3";"18,6";"16,1";"830,5";"831,0";"830,5";"0,7";"276,0";"2,6";"2135,60";"0,0"
"25/02/2026";"1500";"22,7";"23,7";"21,1";"73,0";"80,0";"68,0";"17,7";"18,9";"16,6";"830,1";"830,6";"830,1";"0,8";"232,0";"2,8";"2837,90";"0,0"
"25/02/2026";"1600";"22,6";"22,9";"21,2";"75,0";"82,0";"73,0";"18,0";"19,2";"17,1";"829,5";"830,1";"829,5";"0,8";"211,0";"2,8";"1520,10";"0,0"
"25/02/2026";"1700";"23,8";"24,5";"22,0";"69,0";"78,0";"63,0";"17,7";"18,7";"16,8";"828,7";"829,5";"828,7";"0,8";"231,0";"3,1";"2498,20";"0,0"
"25/02/2026";"1800";"23,8";"26,7";"23,6";"67,0";"72,0";"58,0";"17,3";"19,0";"16,7";"828,1";"828,7";"828,0";"1,1";"182,0";"3,8";"2604,50";"0,0"
"25/02/2026";"1900";"23,1";"25,8";"23,0";"70,0";"75,0";"63,0";"17,3";"19,3";"16,7";"827,9";"828,1";"827,8";"1,4";"190,0";"3,7";"1941,00";"0,0"
"25/02/2026";"2000";"21,0";"23,4";"20,0";"83,0";"90,0";"69,0";"18,0";"19,1";"17,0";"827,6";"827,9";"827,6";"1,0";"88,0";"4,6";"629,90";"0,0"
"25/02/2026";"2100";"19,2";"21,0";"19,2";"94,0";"94,0";"83,0";"18,3";"18,6";"17,8";"827,8";"827,8";"827,5";"0,9";"131,0";"3,7";"197,00";"0,8"
"25/02/2026";"2200";"18,3";"19,2";"18,3";"97,0";"97,0";"94,0";"17,8";"18,3";"17,6";"828,1";"828,2";"827,8";"0,4";"119,0";"2,5";"4,60";"2,2"
"25/02/2026";"2300";"18,1";"18,4";"18,1";"98,0";"98,0";"96,0";"17,7";"18,0";"17,5";"828,4";"828,4";"827,9";"0,5";"113,0";"1,4";"";"0,0"
"26/02/2026";"0000";"18,3";"18,3";"18,0";"98,0";"98,0";"98,0";"18,0";"18,0";"17,7";"829,0";"829,0";"828,4";"0,3";"72,0";"1,3";"";"0,0"
"26/02/2026";"0100";"17,7";"18,3";"17,6";"98,0";"98,0";"98,0";"17,3";"17,9";"17,3";"829,2";"829,2";"828,8";"0,4";"321,0";"1,9";"";"0,0"
"26/02/2026";"0200";"17,5";"17,7";"17,5";"98,0";"98,0";"98,0";"17,2";"17,4";"17,2";"828,7";"829,2";"828,7";"1,2";"156,0";"2,7";"";"0,0"
"26/02/2026";"0300";"16,8";"17,5";"16,8";"98,0";"98,0";"98,0";"16,5";"17,2";"16,5";"828,2";"828,7";"828,2";"2,0";"138,0";"3,6";"";"0,0"
"26/02/2026";"0400";"16,6";"16,8";"16,4";"99,0";"99,0";"98,0";"16,4";"16,5";"16,2";"827,8";"828,2";"827,8";"0,5";"327,0";"3,6";"";"1,4"
"26/02/2026";"0500";"16,3";"16,7";"16,2";"99,0";"99,0";"99,0";"16,1";"16,5";"16,0";"827,5";"827,8";"827,5";"0,6";"132,0";"2,7";"";"1,2"
"26/02/2026";"0600";"16,4";"16,4";"16,3";"99,0";"99,0";"99,0";"16,2";"16,2";"16,1";"827,2";"827,5";"827,2";"1,6";"132,0";"3,3";"";"0,0"
"26/02/2026";"0700";"16,4";"16,5";"16,4";"99,0";"99,0";"99,0";"16,3";"16,3";"16,2";"827,1";"827,2";"827,0";"1,1";"118,0";"3,0";"";"0,0"
"26/02/2026";"0800";"16,6";"16,6";"16,4";"99,0";"99,0";"99,0";"16,4";"16,4";"16,2";"827,2";"827,3";"827,0";"0,5";"341,0";"2,1";"";"0,0"
"26/02/2026";"0900";"16,3";"16,6";"16,3";"99,0";"99,0";"99,0";"16,1";"16,4";"16,1";"827,7";"827,7";"827,2";"0,3";"328,0";"1,5";"";"0,6"
"26/02/2026";"1000";"16,7";"16,7";"16,3";"99,0";"99,0";"99,0";"16,5";"16,5";"16,1";"828,2";"828,2";"827,7";"1,1";"28,0";"2,1";"75,70";"0,2"
"26/02/2026";"1100";"17,1";"17,2";"16,5";"98,0";"99,0";"98,0";"16,8";"17,0";"16,3";"828,6";"828,6";"828,2";"0,6";"197,0";"2,1";"214,00";"0,4"
"26/02/2026";"1200";"18,4";"18,4";"17,0";"98,0";"98,0";"98,0";"18,1";"18,1";"16,8";"829,1";"829,1";"828,6";"0,4";"102,0";"1,5";"522,90";"0,0"
"26/02/2026";"1300";"20,8";"21,0";"18,2";"83,0";"98,0";"83,0";"17,9";"19,5";"17,4";"829,3";"829,3";"829,1";"0,8";"168,0";"2,1";"1505,30";"0,2"
"26/02/2026";"1400";"21,4";"21,4";"19,9";"84,0";"90,0";"81,0";"18,5";"18,7";"17,2";"829,2";"829,3";"829,1";"1,4";"140,0";"3,0";"1787,80";"0,0"
"26/02/2026";"1500";"20,4";"22,3";"20,4";"85,0";"85,0";"72,0";"17,9";"19,3";"16,6";"828,9";"829,2";"828,9";"1,7";"149,0";"3,7";"2130,20";"0,0"
"26/02/2026";"1600";"20,4";"23,1";"20,4";"83,0";"89,0";"76,0";"17,3";"19,8";"17,1";"828,5";"828,9";"828,5";"1,9";"160,0";"4,8";"2237,40";"0,0"
"26/02/2026";"1700";"20,1";"20,4";"18,3";"88,0";"95,0";"83,0";"18,1";"18,6";"17,2";"828,1";"828,6";"828,1";"1,4";"165,0";"6,5";"1091,40";"0,4"
"26/02/2026";"1800";"17,2";"20,1";"17,1";"98,0";"98,0";"87,0";"16,9";"17,8";"16,6";"828,2";"828,3";"828,1";"2,6";"134,0";"9,3";"416,20";"10,2"
"26/02/2026";"1900";"17,0";"17,5";"17,0";"98,0";"98,0";"98,0";"16,7";"17,2";"16,7";"828,0";"828,2";"827,9";"3,6";"140,0";"9,1";"343,20";"3,0"
"26/02/2026";"2000";"16,8";"17,1";"16,7";"99,0";"99,0";"98,0";"16,6";"16,9";"16,5";"828,3";"828,3";"828,0";"4,2";"127,0";"10,0";"263,60";"0,4"
"26/02/2026";"2100";"16,2";"16,8";"16,2";"99,0";"99,0";"99,0";"15,9";"16,5";"15,9";"828,7";"828,8";"828,2";"4,0";"124,0";"11,5";"156,90";"0,2"
"26/02/2026";"2200";"16,1";"16,2";"16,1";"99,0";"99,0";"99,0";"15,9";"16,0";"15,9";"829,4";"829,4";"828,7";"3,5";"128,0";"8,4";"24,90";"0,2"
"26/02/2026";"2300";"15,9";"16,1";"15,9";"99,0";"99,0";"99,0";"15,7";"15,9";"15,7";"829,7";"829,7";"829,4";"3,4";"130,0";"8,0";"";"1,0"
"27/02/2026";"0000";"15,8";"16,0";"15,8";"99,0";"99,0";"99,0";"15,7";"15,8";"15,7";"830,2";"830,2";"829,7";"3,6";"124,0";"10,8";"";"1,6"
"27/02/2026";"0100";"15,7";"15,8";"15,7";"99,0";"99,0";"99,0";"15,6";"15,7";"15,5";"830,5";"830,6";"830,2";"2,5";"98,0";"10,8";"";"1,6"
"27/02/2026";"0200";"15,9";"15,9";"15,7";"99,0";"99,0";"99,0";"15,7";"15,7";"15,6";"830,4";"830,6";"830,4";"2,5";"129,0";"8,0";"0,20";"1,6"
"27/02/2026";"0300";"14,5";"15,9";"14,5";"99,0";"99,0";"99,0";"14,3";"15,8";"14,3";"830,3";"830,5";"830,1";"3,0";"120,0";"7,9";"0,60";"1,0"
"27/02/2026";"0400";"14,6";"14,6";"14,3";"99,0";"99,0";"99,0";"14,4";"14,4";"14,1";"829,8";"830,3";"829,8";"1,1";"20,0";"8,4";"";"0,0"
"27/02/2026";"0500";"14,5";"14,7";"14,4";"99,0";"99,0";"99,0";"14,4";"14,5";"14,2";"829,7";"829,9";"829,7";"1,7";"113,0";"6,6";"";"0,0"
"27/02/2026";"0600";"15,0";"15,0";"14,3";"99,0";"99,0";"99,0";"14,9";"14,9";"14,2";"829,3";"829,7";"829,2";"1,8";"42,0";"6,2";"";"0,0"
"27/02/2026";"0700";"15,4";"15,4";"15,1";"99,0";"99,0";"99,0";"15,2";"15,2";"14,9";"829,3";"829,3";"829,2";"1,3";"152,0";"6,0";"";"0,0"
"27/02/2026";"0800";"15,2";"15,4";"15,2";"99,0";"99,0";"99,0";"15,1";"15,2";"15,0";"829,7";"829,7";"829,2";"1,6";"102,0";"5,1";"";"0,8"
"27/02/2026";"0900";"14,9";"15,3";"14,9";"99,0";"99,0";"99,0";"14,7";"15,1";"14,7";"830,1";"830,1";"829,6";"2,6";"114,0";"7,1";"0,50";"0,8"
"27/02/2026";"1000";"14,9";"15,2";"14,8";"99,0";"99,0";"99,0";"14,7";"15,1";"14,7";"830,8";"830,8";"830,1";"3,3";"107,0";"8,8";"61,70";"1,2"
"27/02/2026";"1100";"15,6";"15,6";"14,9";"99,0";"99,0";"99,0";"15,4";"15,4";"14,7";"831,2";"831,3";"830,7";"2,4";"77,0";"8,7";"295,60";"0,6"
"27/02/2026";"1200";"15,6";"15,7";"15,2";"98,0";"99,0";"98,0";"15,3";"15,5";"14,9";"831,7";"831,7";"831,2";"2,2";"93,0";"7,0";"627,40";"0,4"
"27/02/2026";"1300";"15,8";"16,4";"15,6";"97,0";"99,0";"97,0";"15,4";"16,1";"15,3";"832,3";"832,3";"831,7";"3,0";"90,0";"6,8";"928,70";"0,8"
"27/02/2026";"1400";"16,7";"17,0";"15,6";"97,0";"98,0";"97,0";"16,2";"16,6";"15,2";"832,4";"832,4";"832,2";"1,8";"116,0";"6,8";"1151,90";"0,6"
"27/02/2026";"1500";"16,8";"17,4";"16,4";"95,0";"98,0";"95,0";"16,0";"17,0";"15,8";"832,4";"832,5";"832,4";"2,1";"117,0";"5,6";"1446,40";"0,2"
"27/02/2026";"1600";"16,9";"17,3";"16,3";"93,0";"97,0";"93,0";"15,7";"16,6";"15,6";"832,2";"832,4";"832,1";"2,5";"129,0";"6,1";"1715,80";"0,4"
"27/02/2026";"1700";"16,1";"16,9";"15,8";"93,0";"96,0";"92,0";"14,9";"15,9";"14,7";"832,0";"832,2";"832,0";"2,9";"113,0";"7,1";"1514,90";"0,0"
"27/02/2026";"1800";"15,2";"16,5";"15,1";"95,0";"96,0";"93,0";"14,5";"15,9";"14,3";"831,7";"832,0";"831,6";"2,2";"128,0";"6,6";"971,20";"0,0"
"27/02/2026";"1900";"14,8";"15,4";"14,7";"97,0";"97,0";"95,0";"14,3";"14,7";"14,2";"831,5";"831,7";"831,4";"1,9";"143,0";"6,2";"586,30";"0,2"
"27/02/2026";"2000";"14,4";"15,1";"14,4";"98,0";"98,0";"97,0";"14,1";"14,8";"14,0";"831,3";"831,5";"831,3";"2,5";"125,0";"6,4";"393,20";"0,4"
"27/02/2026";"2100";"13,8";"14,6";"13,8";"98,0";"98,0";"98,0";"13,4";"14,2";"13,4";"831,6";"831,6";"831,3";"2,4";"118,0";"5,9";"176,50";"0,4"
"27/02/2026";"2200";"13,7";"13,9";"13,7";"98,0";"98,0";"98,0";"13,4";"13,6";"13,4";"832,2";"832,2";"831,6";"1,5";"69,0";"6,6";"13,60";"0,6"
"27/02/2026";"2300";"13,6";"13,7";"13,6";"98,0";"98,0";"98,0";"13,3";"13,4";"13,3";"832,6";"832,6";"832,2";"2,2";"127,0";"7,0";"";"0,6"
"28/02/2026";"0000";"13,4";"13,6";"13,4";"98,0";"98,0";"98,0";"13,1";"13,3";"13,1";"833,3";"833,3";"832,6";"1,5";"110,0";"7,0";"";"0,8"
"28/02/2026";"0100";"13,1";"13,4";"13,1";"98,0";"98,0";"98,0";"12,9";"13,2";"12,8";"833,4";"833,4";"833,3";"1,7";"124,0";"5,3";"";"0,8"
"28/02/2026";"0200";"12,8";"13,1";"12,8";"99,0";"99,0";"98,0";"12,6";"12,9";"12,5";"833,3";"833,4";"833,3";"2,0";"116,0";"7,5";"";"0,2"
"28/02/2026";"0300";"12,8";"12,9";"12,8";"99,0";"99,0";"99,0";"12,6";"12,7";"12,6";"832,9";"833,3";"832,9";"1,3";"91,0";"6,0";"0,20";"0,4"
"28/02/2026";"0400";"12,5";"12,9";"12,5";"99,0";"99,0";"99,0";"12,4";"12,7";"12,3";"832,3";"832,9";"832,3";"1,0";"97,0";"4,2";"";"0,2"
"28/02/2026";"0500";"12,2";"12,7";"12,2";"99,0";"99,0";"99,0";"12,0";"12,5";"12,0";"831,8";"832,3";"831,8";"1,0";"44,0";"4,3";"";"0,2"
"28/02/2026";"0600";"12,1";"12,3";"12,1";"99,0";"99,0";"99,0";"11,9";"12,1";"11,9";"831,3";"831,8";"831,3";"1,7";"114,0";"5,3";"";"0,0"
"28/02/2026";"0700";"11,9";"12,2";"11,7";"99,0";"99,0";"99,0";"11,7";"12,0";"11,5";"831,2";"831,4";"831,1";"1,1";"61,0";"5,1";"";"0,0"
"28/02/2026";"0800";"11,8";"12,0";"11,7";"98,0";"99,0";"98,0";"11,5";"11,8";"11,5";"831,3";"831,4";"831,1";"2,1";"358,0";"5,5";"";"0,0"
"28/02/2026";"0900";"11,2";"11,8";"11,2";"96,0";"98,0";"96,0";"10,6";"11,5";"10,6";"831,5";"831,5";"831,3";"0,8";"322,0";"5,3";"";"0,0"
"28/02/2026";"1000";"12,8";"12,8";"10,9";"98,0";"98,0";"96,0";"12,5";"12,5";"10,4";"831,7";"831,7";"831,4";"0,5";"249,0";"2,0";"270,30";"0,0"
"28/02/2026";"1100";"14,7";"14,7";"12,6";"85,0";"98,0";"85,0";"12,2";"12,6";"11,7";"832,1";"832,1";"831,7";"1,0";"24,0";"2,6";"1017,30";"0,0"
"28/02/2026";"1200";"15,5";"16,7";"14,7";"89,0";"89,0";"78,0";"13,6";"14,0";"12,2";"832,7";"832,7";"832,1";"1,4";"71,0";"3,2";"1642,00";"0,0"
"28/02/2026";"1300";"15,8";"16,6";"15,3";"86,0";"89,0";"79,0";"13,4";"14,2";"12,2";"833,2";"833,2";"832,7";"1,3";"92,0";"4,0";"1594,50";"0,0"
"28/02/2026";"1400";"16,8";"17,6";"14,7";"82,0";"89,0";"78,0";"13,8";"14,3";"12,4";"833,2";"833,3";"833,2";"0,9";"156,0";"3,7";"1739,30";"0,0"
"28/02/2026";"1500";"17,2";"18,0";"16,0";"80,0";"88,0";"77,0";"13,7";"15,2";"12,9";"832,9";"833,2";"832,9";"1,4";"152,0";"4,2";"2510,70";"0,0"
"28/02/2026";"1600";"17,0";"18,3";"17,0";"81,0";"84,0";"75,0";"13,7";"14,8";"12,9";"832,6";"832,9";"832,6";"1,6";"172,0";"3,7";"2800,30";"0,0"
"28/02/2026";"1700";"17,2";"17,5";"16,2";"80,0";"85,0";"77,0";"13,7";"14,6";"12,6";"832,5";"832,6";"832,5";"2,3";"130,0";"4,9";"1661,60";"0,0"
"28/02/2026";"1800";"16,5";"18,1";"16,2";"79,0";"81,0";"74,0";"12,8";"14,2";"12,2";"832,4";"832,5";"832,3";"2,0";"124,0";"5,2";"1468,00";"0,0"
"28/02/2026";"1900";"15,7";"17,2";"15,6";"81,0";"82,0";"75,0";"12,5";"13,7";"12,1";"832,3";"832,3";"832,2";"2,4";"121,0";"5,4";"1034,40";"0,0"
"28/02/2026";"2000";"15,8";"15,8";"15,3";"80,0";"84,0";"79,0";"12,4";"12,8";"11,8";"832,5";"832,5";"832,3";"1,6";"121,0";"5,4";"847,40";"0,0"
"28/02/2026";"2100";"14,5";"15,8";"14,5";"88,0";"89,0";"78,0";"12,6";"12,8";"11,7";"832,6";"832,6";"832,4";"1,7";"98,0";"5,7";"361,50";"0,0"
"28/02/2026";"2200";"14,0";"14,5";"14,0";"91,0";"91,0";"88,0";"12,6";"12,8";"12,4";"832,9";"832,9";"832,6";"2,0";"94,0";"5,5";"29,80";"0,0"
"28/02/2026";"2300";"13,4";"14,0";"13,4";"91,0";"92,0";"88,0";"12,1";"12,6";"11,9";"833,1";"833,1";"832,8";"1,8";"94,0";"5,9";"";"0,0"
"01/03/2026";"0000";"13,1";"13,6";"13,1";"91,0";"92,0";"87,0";"11,7";"12,1";"11,4";"833,5";"833,6";"833,1";"1,4";"55,0";"7,0";"";"0,0"
"01/03/2026";"0100";"12,8";"13,1";"12,8";"94,0";"94,0";"91,0";"11,9";"11,9";"11,7";"833,8";"833,8";"833,5";"2,0";"99,0";"7,1";"";"0,0"
"01/03/2026";"0200";"12,6";"12,8";"12,5";"96,0";"96,0";"94,0";"11,9";"12,0";"11,8";"833,8";"833,9";"833,7";"1,8";"85,0";"5,8";"";"0,0"
"01/03/2026";"0300";"12,3";"12,7";"12,3";"95,0";"96,0";"94,0";"11,5";"11,9";"11,4";"833,5";"833,8";"833,4";"1,9";"68,0";"6,1";"";"0,0"
"01/03/2026";"0400";"12,1";"12,4";"12,1";"92,0";"95,0";"92,0";"10,9";"11,5";"10,9";"833,1";"833,5";"833,0";"2,7";"100,0";"8,2";"";"0,2"
"01/03/2026";"0500";"11,7";"12,1";"11,7";"95,0";"96,0";"92,0";"10,9";"11,1";"10,9";"832,7";"833,1";"832,6";"2,6";"92,0";"8,2";"";"0,0"
"01/03/2026";"0600";"11,5";"11,8";"11,4";"96,0";"96,0";"93,0";"10,8";"11,0";"10,5";"832,4";"832,7";"832,3";"1,5";"114,0";"6,9";"";"0,0"
"01/03/2026";"0700";"11,5";"11,7";"11,4";"93,0";"96,0";"93,0";"10,5";"11,0";"10,4";"832,3";"832,5";"832,2";"1,7";"104,0";"5,9";"";"0,0"
"01/03/2026";"0800";"11,2";"11,5";"11,2";"93,0";"94,0";"93,0";"10,1";"10,5";"10,1";"832,3";"832,4";"832,2";"1,3";"88,0";"5,1";"";"0,0"
"01/03/2026";"0900";"11,3";"11,4";"11,2";"93,0";"94,0";"93,0";"10,3";"10,4";"10,1";"832,4";"832,4";"832,2";"0,9";"14,0";"4,3";"";"0,0"
"01/03/2026";"1000";"11,6";"11,6";"11,3";"92,0";"94,0";"92,0";"10,4";"10,6";"10,3";"832,7";"832,7";"832,3";"1,1";"38,0";"4,2";"146,00";"0,0"
"01/03/2026";"1100";"11,7";"12,0";"11,4";"90,0";"94,0";"89,0";"10,2";"10,8";"9,9";"833,1";"833,1";"832,7";"2,2";"7,0";"5,4";"463,30";"0,0"
"01/03/2026";"1200";"14,2";"14,5";"11,7";"80,0";"91,0";"80,0";"10,8";"11,7";"10,0";"833,7";"833,7";"833,1";"1,9";"49,0";"5,5";"1360,90";"0,0"
"01/03/2026";"1300";"14,8";"15,6";"13,7";"84,0";"84,0";"77,0";"12,1";"12,3";"10,4";"833,8";"833,8";"833,6";"1,3";"60,0";"5,2";"2090,70";"0,0"
"01/03/2026";"1400";"16,4";"17,1";"14,4";"77,0";"84,0";"71,0";"12,4";"13,4";"11,4";"833,7";"833,9";"833,7";"1,7";"114,0";"4,8";"3059,90";"0,0"
"01/03/2026";"1500";"16,7";"18,2";"15,7";"78,0";"80,0";"68,0";"12,7";"13,8";"11,4";"833,5";"833,7";"833,5";"2,1";"119,0";"6,3";"2612,70";"0,0"
"01/03/2026";"1600";"17,8";"18,4";"15,6";"68,0";"80,0";"64,0";"11,7";"13,3";"10,7";"833,1";"833,5";"833,1";"1,8";"86,0";"6,0";"3181,20";"0,0"
"01/03/2026";"1700";"17,4";"19,0";"17,3";"70,0";"74,0";"64,0";"11,9";"13,6";"11,1";"832,6";"833,1";"832,6";"2,1";"108,0";"5,6";"2934,50";"0,0"
"01/03/2026";"1800";"17,7";"18,4";"16,3";"69,0";"76,0";"68,0";"11,9";"13,0";"11,2";"832,4";"832,6";"832,3";"2,1";"104,0";"5,4";"2289,90";"0,0"
"01/03/2026";"1900";"17,1";"18,6";"16,4";"71,0";"74,0";"65,0";"11,7";"12,8";"10,9";"832,4";"832,4";"832,3";"2,4";"68,0";"5,9";"2553,00";"0,0"
"01/03/2026";"2000";"15,4";"17,9";"15,4";"80,0";"80,0";"67,0";"11,9";"12,6";"11,1";"832,7";"832,7";"832,4";"1,9";"91,0";"6,1";"1172,10";"0,0"
"01/03/2026";"2100";"14,7";"15,4";"14,7";"84,0";"85,0";"79,0";"12,0";"12,6";"11,8";"832,9";"832,9";"832,6";"2,1";"105,0";"6,4";"219,90";"0,0"
"01/03/2026";"2200";"13,9";"14,7";"13,7";"91,0";"91,0";"84,0";"12,4";"12,4";"11,9";"832,8";"833,0";"832,8";"2,4";"113,0";"6,0";"24,10";"0,0"
"01/03/2026";"2300";"13,5";"13,9";"13,4";"91,0";"94,0";"90,0";"12,1";"12,5";"12,1";"833,1";"833,1";"832,8";"1,4";"110,0";"5,9";"";"0,0"
"02/03/2026";"0000";"12,8";"13,5";"12,8";"94,0";"94,0";"90,0";"11,9";"12,1";"11,8";"833,5";"833,5";"833,1";"1,4";"79,0";"5,8";"";"0,0"
"02/03/2026";"0100";"12,0";"12,8";"11,9";"97,0";"97,0";"94,0";"11,5";"12,0";"11,5";"833,7";"833,7";"833,5";"1,4";"58,0";"5,6";"";"0,0"
"02/03/2026";"0200";"11,7";"12,0";"11,6";"98,0";"98,0";"97,0";"11,4";"11,5";"11,2";"833,6";"833,8";"833,6";"0,6";"180,0";"3,8";"";"0,0"
"02/03/2026";"0300";"11,5";"11,8";"11,5";"99,0";"99,0";"98,0";"11,3";"11,5";"11,3";"833,3";"833,6";"833,3";"1,2";"44,0";"3,3";"";"0,0"
"02/03/2026";"0400";"11,2";"11,5";"11,2";"99,0";"99,0";"99,0";"11,0";"11,3";"11,0";"832,6";"833,3";"832,6";"0,4";"246,0";"2,9";"";"0,0"
"02/03/2026";"0500";"10,7";"11,2";"10,7";"99,0";"99,0";"99,0";"10,6";"11,0";"10,6";"832,3";"832,6";"832,3";"0,4";"331,0";"1,6";"";"0,0"
"02/03/2026";"0600";"10,4";"10,7";"10,3";"99,0";"99,0";"99,0";"10,3";"10,5";"10,2";"832,1";"832,3";"832,0";"0,1";"187,0";"1,2";"";"0,0"
"02/03/2026";"0700";"9,9";"10,4";"9,8";"99,0";"99,0";"99,0";"9,7";"10,2";"9,6";"832,0";"832,2";"831,9";"0,7";"334,0";"1,1";"";"0,0"
"02/03/2026";"0800";"10,0";"10,4";"9,9";"99,0";"99,0";"99,0";"9,9";"10,3";"9,7";"832,2";"832,2";"831,9";"0,6";"320,0";"1,6";"";"0,0"
"02/03/2026";"0900";"9,4";"10,0";"9,4";"99,0";"99,0";"99,0";"9,3";"9,9";"9,3";"832,4";"832,4";"832,2";"0,8";"331,0";"1,6";"";"0,0"
"02/03/2026";"1000";"11,5";"11,5";"9,4";"99,0";"99,0";"99,0";"11,4";"11,4";"9,2";"832,8";"832,8";"832,4";"0,8";"335,0";"1,7";"261,20";"0,0"
"02/03/2026";"1100";"16,5";"16,5";"11,5";"82,0";"99,0";"81,0";"13,4";"13,9";"11,4";"833,3";"833,3";"832,8";"1,3";"343,0";"2,5";"1086,40";"0,0"
"02/03/2026";"1200";"17,6";"17,9";"16,5";"80,0";"83,0";"76,0";"14,1";"14,2";"12,9";"833,7";"833,7";"833,3";"0,5";"218,0";"2,7";"1389,20";"0,0"
"02/03/2026";"1300";"18,1";"18,4";"17,1";"76,0";"85,0";"76,0";"13,9";"15,0";"13,7";"833,9";"833,9";"833,7";"1,0";"181,0";"2,9";"1445,10";"0,0"
"02/03/2026";"1400";"18,8";"19,9";"17,4";"72,0";"83,0";"68,0";"13,7";"15,7";"12,9";"834,0";"834,1";"833,9";"1,4";"164,0";"3,7";"2157,70";"0,0"
"02/03/2026";"1500";"20,0";"21,2";"17,8";"71,0";"79,0";"66,0";"14,5";"16,1";"13,2";"833,7";"834,0";"833,7";"1,6";"180,0";"3,7";"2745,30";"0,0"
"02/03/2026";"1600";"18,1";"21,4";"18,0";"79,0";"81,0";"67,0";"14,4";"16,5";"13,6";"833,3";"833,7";"833,3";"2,3";"145,0";"4,9";"2453,20";"0,0"
"02/03/2026";"1700";"18,5";"19,9";"18,0";"76,0";"82,0";"73,0";"14,2";"15,8";"14,1";"833,0";"833,3";"833,0";"2,1";"156,0";"5,1";"2881,80";"0,0"
"02/03/2026";"1800";"19,5";"19,5";"18,1";"80,0";"81,0";"74,0";"16,0";"16,0";"14,2";"832,9";"833,0";"832,9";"1,6";"160,0";"4,3";"2441,60";"0,0"
"02/03/2026";"1900";"17,2";"20,0";"16,5";"81,0";"84,0";"74,0";"13,9";"16,1";"13,6";"833,0";"833,0";"832,9";"1,6";"106,0";"5,7";"931,50";"0,0"
"02/03/2026";"2000";"16,2";"18,1";"16,2";"85,0";"86,0";"76,0";"13,7";"14,3";"13,3";"833,0";"833,0";"832,8";"1,6";"43,0";"4,7";"837,70";"0,0"
"02/03/2026";"2100";"15,5";"16,2";"15,5";"88,0";"89,0";"85,0";"13,6";"13,9";"13,6";"833,0";"833,1";"832,9";"1,0";"43,0";"5,1";"303,60";"0,0"
"02/03/2026";"2200";"14,6";"15,6";"14,6";"93,0";"93,0";"88,0";"13,5";"13,7";"13,4";"833,2";"833,2";"833,0";"1,7";"53,0";"4,2";"38,30";"0,0"
"02/03/2026";"2300";"14,3";"14,7";"14,3";"97,0";"97,0";"93,0";"13,8";"13,8";"13,5";"833,5";"833,5";"833,2";"1,5";"52,0";"4,4";"";"0,0"
"03/03/2026";"0000";"13,8";"14,4";"13,8";"99,0";"99,0";"97,0";"13,6";"14,0";"13,6";"833,9";"833,9";"833,5";"1,6";"56,0";"4,6";"";"0,0"
"03/03/2026";"0100";"13,4";"13,8";"13,3";"99,0";"99,0";"99,0";"13,2";"13,6";"13,2";"834,1";"834,2";"833,9";"1,0";"359,0";"3,7";"";"0,0"
"03/03/2026";"0200";"13,8";"13,8";"13,4";"99,0";"99,0";"99,0";"13,7";"13,7";"13,2";"834,1";"834,1";"834,0";"1,8";"350,0";"3,7";"";"0,0"
"03/03/2026";"0300";"14,0";"14,2";"13,8";"99,0";"99,0";"99,0";"13,9";"14,0";"13,7";"833,7";"834,1";"833,7";"1,8";"343,0";"3,7";"";"0,0"
"03/03/2026";"0400";"13,8";"14,1";"13,8";"98,0";"99,0";"98,0";"13,5";"13,9";"13,5";"833,5";"833,7";"833,5";"0,6";"342,0";"3,7";"";"0,0"
"03/03/2026";"0500";"13,4";"13,8";"13,4";"98,0";"98,0";"98,0";"13,1";"13,5";"13,1";"832,9";"833,5";"832,9";"1,8";"345,0";"3,4";"";"0,0"
"03/03/2026";"0600";"13,1";"13,4";"13,1";"99,0";"99,0";"98,0";"12,9";"13,1";"12,9";"832,6";"832,9";"832,6";"1,4";"337,0";"3,4";"";"0,0"
"03/03/2026";"0700";"12,7";"13,2";"12,7";"99,0";"99,0";"99,0";"12,6";"13,0";"12,6";"832,7";"832,7";"832,5";"1,1";"328,0";"3,3";"";"0,0"
"03/03/2026";"0800";"12,8";"13,0";"12,7";"99,0";"99,0";"99,0";"12,6";"12,9";"12,5";"832,8";"832,9";"832,6";"0,8";"316,0";"3,3";"";"0,0"
"03/03/2026";"0900";"13,0";"13,4";"12,8";"99,0";"99,0";"99,0";"12,8";"13,2";"12,6";"833,3";"833,3";"832,8";"0,9";"333,0";"5,0";"";"0,0"
"03/03/2026";"1000";"14,2";"14,2";"12,9";"98,0";"99,0";"98,0";"13,8";"13,8";"12,7";"833,7";"833,7";"833,2";"1,1";"331,0";"2,9";"136,50";"0,0"
"03/03/2026";"1100";"15,5";"15,5";"14,2";"91,0";"98,0";"91,0";"14,1";"14,3";"13,8";"834,4";"834,4";"833,7";"1,5";"338,0";"3,3";"458,80";"0,0"
"03/03/2026";"1200";"18,4";"18,4";"15,5";"80,0";"93,0";"80,0";"14,9";"15,2";"13,9";"834,8";"834,8";"834,4";"0,8";"325,0";"3,6";"1153,00";"0,0"
"03/03/2026";"1300";"18,6";"19,0";"17,8";"81,0";"82,0";"78,0";"15,3";"15,5";"14,4";"835,0";"835,0";"834,8";"0,6";"236,0";"3,6";"1353,00";"0,0"
"03/03/2026";"1400";"19,8";"20,7";"18,1";"77,0";"83,0";"74,0";"15,5";"16,4";"14,7";"834,8";"835,0";"834,8";"1,1";"212,0";"3,9";"1828,20";"0,0"
"03/03/2026";"1500";"19,3";"22,1";"18,8";"76,0";"82,0";"69,0";"15,1";"17,4";"14,6";"834,7";"834,9";"834,7";"1,7";"204,0";"4,7";"2221,00";"0,0"
"03/03/2026";"1600";"20,6";"21,8";"18,9";"73,0";"79,0";"68,0";"15,6";"16,6";"14,6";"834,4";"834,7";"834,4";"1,5";"157,0";"4,0";"2158,40";"0,0"
"03/03/2026";"1700";"21,2";"22,3";"19,6";"71,0";"82,0";"67,0";"15,7";"17,3";"14,5";"834,0";"834,4";"833,9";"1,9";"155,0";"5,2";"2274,30";"0,0"
"03/03/2026";"1800";"20,7";"21,7";"19,7";"74,0";"78,0";"68,0";"15,9";"17,0";"14,7";"833,5";"834,0";"833,5";"2,1";"155,0";"5,0";"2287,50";"0,0"
"03/03/2026";"1900";"17,7";"21,4";"17,6";"85,0";"87,0";"72,0";"15,1";"16,5";"14,9";"833,5";"833,5";"833,4";"2,1";"99,0";"5,1";"1065,80";"0,0"
"03/03/2026";"2000";"19,1";"19,8";"17,5";"78,0";"86,0";"75,0";"15,2";"16,0";"14,8";"833,3";"833,5";"833,3";"1,6";"102,0";"5,1";"1071,90";"0,0"
"03/03/2026";"2100";"16,4";"19,3";"16,3";"86,0";"86,0";"77,0";"14,0";"15,3";"14,0";"833,6";"833,6";"833,3";"1,3";"66,0";"3,9";"239,70";"0,0"
"03/03/2026";"2200";"15,2";"16,4";"15,2";"90,0";"90,0";"85,0";"13,5";"14,1";"13,5";"833,9";"834,0";"833,6";"1,4";"17,0";"3,7";"42,00";"0,0"
"03/03/2026";"2300";"14,7";"15,2";"14,5";"91,0";"92,0";"90,0";"13,2";"13,6";"13,1";"834,1";"834,1";"833,9";"0,9";"8,0";"2,9";"";"0,0"
"04/03/2026";"0000";"14,3";"14,7";"14,2";"93,0";"94,0";"91,0";"13,3";"13,4";"13,1";"834,7";"834,7";"834,0";"1,1";"41,0";"3,1";"";"0,0"
"04/03/2026";"0100";"13,7";"14,4";"13,7";"93,0";"93,0";"92,0";"12,6";"13,3";"12,6";"835,2";"835,2";"834,7";"1,1";"307,0";"3,4";"";"0,0"
"04/03/2026";"0200";"13,2";"13,8";"13,1";"96,0";"96,0";"93,0";"12,5";"12,7";"12,3";"835,2";"835,2";"835,1";"1,4";"342,0";"3,4";"";"0,0"
"04/03/2026";"0300";"12,8";"13,2";"12,7";"97,0";"97,0";"96,0";"12,3";"12,7";"12,2";"835,2";"835,3";"835,2";"0,3";"294,0";"3,0";"";"0,0"
"04/03/2026";"0400";"12,4";"12,8";"12,3";"98,0";"98,0";"97,0";"12,1";"12,4";"11,9";"835,0";"835,2";"835,0";"0,6";"322,0";"2,5";"";"0,0"
"04/03/2026";"0500";"11,7";"12,6";"11,7";"98,0";"98,0";"98,0";"11,5";"12,3";"11,4";"834,4";"835,0";"834,4";"0,9";"336,0";"1,8";"";"0,0"
"04/03/2026";"0600";"10,9";"11,7";"10,9";"98,0";"99,0";"98,0";"10,7";"11,4";"10,6";"833,8";"834,4";"833,7";"2,0";"346,0";"2,9";"";"0,0"
"04/03/2026";"0700";"10,3";"10,9";"10,3";"98,0";"99,0";"98,0";"10,0";"10,7";"10,0";"833,7";"833,8";"833,6";"1,2";"346,0";"2,8";"";"0,0"
"04/03/2026";"0800";"9,8";"10,3";"9,8";"99,0";"99,0";"98,0";"9,6";"10,0";"9,6";"833,7";"833,8";"833,6";"1,0";"337,0";"2,5";"";"0,0"
"04/03/2026";"0900";"11,3";"11,4";"9,5";"99,0";"99,0";"99,0";"11,2";"11,3";"9,3";"834,1";"834,1";"833,7";"2,2";"343,0";"3,5";"";"0,0"
"04/03/2026";"1000";"12,1";"12,6";"10,5";"99,0";"99,0";"99,0";"11,9";"12,4";"10,3";"834,3";"834,3";"834,1";"1,3";"331,0";"3,9";"85,90";"0,0"
"04/03/2026";"1100";"15,1";"15,4";"12,1";"97,0";"99,0";"97,0";"14,7";"15,1";"11,9";"835,1";"835,1";"834,3";"2,1";"344,0";"3,7";"570,80";"0,0"
"04/03/2026";"1200";"19,8";"19,8";"14,9";"74,0";"97,0";"73,0";"14,9";"15,7";"14,3";"835,4";"835,4";"835,0";"0,6";"263,0";"3,9";"1874,50";"0,0"
"04/03/2026";"1300";"19,9";"21,9";"18,7";"66,0";"78,0";"64,0";"13,3";"16,0";"13,3";"835,6";"835,6";"835,4";"0,7";"269,0";"2,5";"2334,00";"0,0"
"04/03/2026";"1400";"20,1";"22,2";"19,3";"65,0";"71,0";"60,0";"13,3";"15,3";"13,0";"835,5";"835,6";"835,4";"0,9";"233,0";"3,0";"2943,90";"0,0"
"04/03/2026";"1500";"22,7";"24,0";"20,1";"58,0";"67,0";"55,0";"13,9";"15,7";"12,6";"835,1";"835,5";"835,1";"1,2";"206,0";"3,2";"3914,00";"0,0"
"04/03/2026";"1600";"22,7";"23,6";"21,7";"56,0";"66,0";"50,0";"13,4";"16,1";"12,2";"834,6";"835,1";"834,6";"1,9";"165,0";"4,4";"4168,10";"0,0"
"04/03/2026";"1700";"23,1";"23,6";"21,3";"68,0";"68,0";"56,0";"16,7";"16,7";"13,2";"834,2";"834,6";"834,2";"1,8";"174,0";"4,5";"3275,10";"0,0"
"04/03/2026";"1800";"22,5";"23,5";"21,9";"65,0";"72,0";"61,0";"15,5";"17,0";"15,0";"834,3";"834,3";"834,2";"2,2";"147,0";"7,0";"3203,00";"0,0"
"04/03/2026";"1900";"21,8";"23,8";"21,3";"69,0";"71,0";"62,0";"15,9";"17,0";"15,2";"834,2";"834,3";"834,1";"2,5";"141,0";"5,7";"2772,20";"0,0"
"04/03/2026";"2000";"18,4";"22,2";"18,4";"81,0";"81,0";"68,0";"15,1";"16,9";"14,3";"834,5";"834,5";"834,2";"1,2";"39,0";"5,1";"899,50";"0,0"
"04/03/2026";"2100";"17,3";"18,4";"17,3";"84,0";"85,0";"80,0";"14,5";"15,0";"14,5";"834,5";"834,5";"834,4";"1,3";"62,0";"4,0";"271,70";"0,0"
"04/03/2026";"2200";"16,0";"17,3";"16,0";"92,0";"92,0";"84,0";"14,7";"14,8";"14,5";"834,6";"834,7";"834,5";"2,0";"119,0";"5,4";"30,70";"0,0"
"04/03/2026";"2300";"15,5";"16,0";"15,5";"93,0";"94,0";"92,0";"14,4";"14,8";"14,4";"835,0";"835,0";"834,6";"0,6";"36,0";"5,4";"";"0,0"
"05/03/2026";"0000";"15,3";"15,5";"15,2";"94,0";"94,0";"93,0";"14,3";"14,4";"14,2";"835,3";"835,3";"835,0";"1,0";"24,0";"3,3";"";"0,0"
"05/03/2026";"0100";"14,5";"15,4";"14,5";"95,0";"95,0";"93,0";"13,6";"14,4";"13,6";"835,3";"835,4";"835,2";"0,9";"314,0";"4,0";"";"0,0"
"05/03/2026";"0200";"14,4";"14,6";"14,4";"95,0";"95,0";"94,0";"13,6";"13,8";"13,5";"835,4";"835,4";"835,2";"1,0";"327,0";"3,9";"";"0,0"
"05/03/2026";"0300";"14,0";"14,5";"14,0";"95,0";"96,0";"94,0";"13,2";"13,7";"13,2";"835,4";"835,5";"835,4";"0,5";"330,0";"3,8";"";"0,0"
"05/03/2026";"0400";"13,2";"14,0";"13,2";"97,0";"97,0";"95,0";"12,7";"13,2";"12,7";"835,2";"835,5";"835,2";"0,5";"324,0";"2,3";"";"0,0"
"05/03/2026";"0500";"12,4";"13,2";"12,4";"97,0";"97,0";"97,0";"12,0";"12,7";"11,9";"835,2";"835,2";"835,1";"1,2";"335,0";"2,6";"";"0,0"
"05/03/2026";"0600";"12,0";"12,4";"12,0";"98,0";"98,0";"97,0";"11,6";"12,0";"11,6";"834,8";"835,2";"834,8";"1,0";"329,0";"2,5";"";"0,0"
"05/03/2026";"0700";"11,6";"12,2";"11,6";"98,0";"98,0";"97,0";"11,3";"11,8";"11,3";"834,8";"834,8";"834,7";"0,9";"324,0";"2,2";"";"0,0"
"05/03/2026";"0800";"11,3";"11,7";"11,1";"98,0";"98,0";"98,0";"11,0";"11,4";"10,8";"834,9";"835,0";"834,7";"0,9";"322,0";"2,0";"";"0,2"
"05/03/2026";"0900";"13,3";"13,3";"11,2";"99,0";"99,0";"98,0";"13,1";"13,1";"10,9";"835,3";"835,3";"834,9";"1,9";"341,0";"3,4";"";"0,0"
"05/03/2026";"1000";"15,7";"15,7";"13,3";"92,0";"99,0";"92,0";"14,3";"14,4";"13,1";"835,6";"835,6";"835,2";"2,3";"338,0";"4,5";"200,20";"0,0"
"05/03/2026";"1100";"17,1";"17,2";"15,4";"89,0";"93,0";"88,0";"15,2";"15,6";"14,0";"835,9";"835,9";"835,6";"1,5";"328,0";"4,7";"766,60";"0,0"
"05/03/2026";"1200";"17,8";"19,8";"17,1";"83,0";"90,0";"78,0";"14,9";"16,7";"14,9";"836,4";"836,4";"835,9";"0,9";"287,0";"4,5";"1076,10";"0,0"
"05/03/2026";"1300";"20,3";"20,8";"17,8";"74,0";"85,0";"70,0";"15,4";"16,4";"14,6";"836,8";"836,8";"836,4";"1,1";"244,0";"3,5";"1910,70";"0,0"
"05/03/2026";"1400";"20,5";"22,1";"19,9";"71,0";"76,0";"67,0";"15,1";"16,8";"14,7";"836,9";"836,9";"836,7";"0,8";"304,0";"3,1";"2029,20";"0,0"
"05/03/2026";"1500";"20,5";"22,7";"20,5";"77,0";"77,0";"65,0";"16,4";"17,1";"14,6";"836,6";"836,9";"836,6";"1,2";"205,0";"3,1";"1917,10";"0,0"
"05/03/2026";"1600";"22,7";"23,4";"20,1";"64,0";"81,0";"62,0";"15,5";"16,9";"15,2";"836,3";"836,6";"836,2";"1,3";"204,0";"4,3";"2450,90";"0,0"
"05/03/2026";"1700";"22,4";"24,4";"21,3";"68,0";"71,0";"56,0";"16,2";"16,9";"14,1";"835,7";"836,3";"835,7";"0,9";"218,0";"3,7";"2452,80";"0,0"
"05/03/2026";"1800";"24,4";"25,2";"22,4";"54,0";"68,0";"49,0";"14,4";"16,7";"12,9";"835,3";"835,7";"835,3";"1,4";"179,0";"3,3";"2877,00";"0,0"
"05/03/2026";"1900";"22,6";"25,9";"22,6";"58,0";"58,0";"47,0";"13,9";"16,0";"13,3";"835,0";"835,3";"835,0";"0,9";"206,0";"4,4";"2128,30";"0,0"
"05/03/2026";"2000";"23,4";"24,2";"22,6";"72,0";"72,0";"58,0";"18,0";"18,1";"14,2";"834,8";"835,0";"834,7";"1,4";"153,0";"4,1";"1536,40";"0,0"
"05/03/2026";"2100";"19,2";"23,5";"19,2";"88,0";"88,0";"69,0";"17,1";"18,0";"16,4";"835,1";"835,1";"834,7";"1,4";"10,0";"4,9";"311,60";"0,0"
"05/03/2026";"2200";"18,0";"19,2";"18,0";"93,0";"93,0";"88,0";"16,8";"17,2";"16,8";"835,1";"835,2";"834,9";"1,2";"52,0";"3,1";"2,30";"0,0"
"05/03/2026";"2300";"17,0";"18,0";"17,0";"97,0";"97,0";"93,0";"16,5";"16,8";"16,5";"835,6";"835,6";"835,1";"0,9";"233,0";"4,3";"";"0,0"
"06/03/2026";"0000";"16,8";"17,1";"16,7";"97,0";"97,0";"96,0";"16,4";"16,5";"16,3";"836,5";"836,6";"835,6";"1,3";"121,0";"2,7";"";"0,0"
"06/03/2026";"0100";"16,6";"16,8";"16,5";"98,0";"98,0";"97,0";"16,3";"16,4";"16,2";"836,7";"836,7";"836,5";"0,4";"289,0";"2,5";"";"0,0"
"06/03/2026";"0200";"16,7";"16,7";"16,6";"98,0";"98,0";"97,0";"16,3";"16,4";"16,2";"836,7";"836,8";"836,6";"0,7";"125,0";"3,0";"";"0,0"
"06/03/2026";"0300";"16,6";"16,8";"16,6";"97,0";"98,0";"97,0";"16,2";"16,5";"16,1";"836,8";"836,8";"836,7";"1,6";"2,0";"3,1";"";"0,2"
"06/03/2026";"0400";"16,5";"16,7";"16,5";"98,0";"98,0";"97,0";"16,1";"16,3";"16,1";"836,5";"836,8";"836,4";"1,7";"1,0";"3,8";"";"3,2"
"06/03/2026";"0500";"16,4";"16,5";"16,3";"98,0";"98,0";"97,0";"16,1";"16,1";"15,9";"836,2";"836,5";"836,2";"0,3";"41,0";"4,4";"";"7,8"
"06/03/2026";"0600";"15,9";"16,5";"15,8";"98,0";"98,0";"98,0";"15,6";"16,2";"15,5";"835,6";"836,2";"835,6";"";"";"";"0,20";"9,8"
"06/03/2026";"0700";"15,9";"16,1";"15,9";"98,0";"98,0";"98,0";"15,7";"15,8";"15,6";"835,8";"835,9";"835,5";"1,4";"344,0";"3,5";"";"7,4"
"06/03/2026";"0800";"15,8";"16,0";"15,8";"99,0";"99,0";"98,0";"15,5";"15,7";"15,5";"836,0";"836,0";"835,8";"1,8";"330,0";"5,0";"";"2,6"
"06/03/2026";"0900";"15,7";"15,8";"15,6";"99,0";"99,0";"99,0";"15,4";"15,5";"15,3";"836,3";"836,4";"836,0";"1,6";"329,0";"4,5";"0,10";"1,4"
"06/03/2026";"1000";"16,0";"16,0";"15,6";"99,0";"99,0";"99,0";"15,8";"15,8";"15,4";"836,9";"836,9";"836,2";"1,4";"326,0";"4,2";"49,90";"0,2"
"06/03/2026";"1100";"16,5";"16,5";"16,0";"98,0";"99,0";"98,0";"16,3";"16,3";"15,8";"837,6";"837,6";"836,8";"1,2";"332,0";"3,6";"213,40";"0,0"
"06/03/2026";"1200";"17,2";"17,2";"16,5";"97,0";"98,0";"97,0";"16,7";"16,8";"16,2";"837,6";"837,8";"837,5";"0,9";"328,0";"4,5";"532,30";"0,0"
"06/03/2026";"1300";"17,7";"18,0";"17,1";"94,0";"97,0";"93,0";"16,7";"17,3";"16,6";"837,8";"837,8";"837,5";"0,7";"315,0";"3,1";"841,30";"0,0"
"06/03/2026";"1400";"19,6";"19,6";"17,7";"86,0";"94,0";"86,0";"17,2";"17,3";"16,0";"837,5";"837,8";"837,5";"0,6";"333,0";"3,7";"996,00";"0,0"
"06/03/2026";"1500";"20,2";"20,7";"19,6";"81,0";"87,0";"79,0";"16,7";"17,6";"16,4";"837,2";"837,5";"837,2";"0,7";"266,0";"2,6";"1946,10";"0,0"
"06/03/2026";"1600";"21,2";"21,4";"19,7";"81,0";"84,0";"77,0";"17,7";"18,0";"16,4";"836,7";"837,2";"836,7";"0,5";"229,0";"2,1";"1915,60";"0,0"
"06/03/2026";"1700";"21,3";"21,5";"20,3";"78,0";"82,0";"77,0";"17,3";"17,9";"16,8";"835,9";"836,7";"835,9";"0,5";"254,0";"2,1";"1407,40";"0,0"
"06/03/2026";"1800";"21,6";"22,1";"20,9";"79,0";"80,0";"73,0";"17,7";"18,1";"16,8";"835,4";"835,9";"835,4";"0,6";"299,0";"2,3";"1248,20";"0,0"
"06/03/2026";"1900";"22,0";"23,2";"21,1";"74,0";"80,0";"68,0";"17,1";"18,5";"16,3";"834,9";"835,4";"834,9";"0,5";"292,0";"3,3";"1754,70";"0,0"
"06/03/2026";"2000";"19,9";"23,6";"19,9";"85,0";"85,0";"68,0";"17,3";"18,1";"16,4";"835,0";"835,1";"834,7";"0,8";"133,0";"2,2";"659,20";"0,0"
"06/03/2026";"2100";"17,9";"19,9";"17,9";"91,0";"91,0";"85,0";"16,4";"17,5";"16,4";"835,3";"835,4";"835,0";"2,5";"154,0";"7,0";"142,30";"0,0"
"06/03/2026";"2200";"17,4";"17,8";"17,3";"95,0";"95,0";"91,0";"16,6";"16,8";"16,2";"835,0";"835,3";"835,0";"0,7";"35,0";"7,0";"40,60";"0,0"
"06/03/2026";"2300";"17,3";"17,4";"17,1";"93,0";"96,0";"93,0";"16,2";"16,7";"16,2";"835,2";"835,3";"835,0";"1,7";"358,0";"2,9";"";"0,0"
"07/03/2026";"0000";"16,7";"17,3";"16,7";"96,0";"96,0";"93,0";"16,0";"16,3";"16,0";"835,6";"835,6";"835,2";"0,8";"348,0";"2,9";"";"0,0"
"07/03/2026";"0100";"16,3";"16,9";"16,3";"96,0";"96,0";"94,0";"15,8";"16,1";"15,8";"835,8";"835,8";"835,6";"0,7";"325,0";"3,4";"";"0,0"
"07/03/2026";"0200";"16,1";"16,3";"15,9";"97,0";"98,0";"96,0";"15,7";"15,9";"15,5";"835,9";"835,9";"835,6";"0,6";"332,0";"3,3";"";"0,0"
"07/03/2026";"0300";"16,2";"16,2";"16,0";"98,0";"98,0";"97,0";"15,9";"15,9";"15,7";"836,2";"836,2";"835,9";"0,9";"329,0";"2,4";"";"0,0"
"07/03/2026";"0400";"16,2";"16,2";"16,1";"97,0";"98,0";"97,0";"15,8";"15,8";"15,7";"835,9";"836,2";"835,9";"0,6";"318,0";"1,6";"";"0,0"
"07/03/2026";"0500";"15,9";"16,2";"15,8";"98,0";"98,0";"97,0";"15,6";"15,8";"15,5";"835,2";"835,9";"835,2";"0,9";"334,0";"2,8";"";"0,0"
"07/03/2026";"0600";"16,2";"16,3";"15,8";"98,0";"98,0";"98,0";"16,0";"16,1";"15,5";"835,0";"835,3";"835,0";"1,1";"333,0";"3,1";"";"3,4"
"07/03/2026";"0700";"16,0";"16,3";"15,8";"99,0";"99,0";"98,0";"15,8";"16,1";"15,5";"834,9";"835,2";"834,9";"1,6";"334,0";"3,5";"";"2,8"
"07/03/2026";"0800";"16,4";"16,5";"16,0";"98,0";"99,0";"98,0";"16,2";"16,2";"15,8";"834,6";"835,2";"834,6";"1,3";"327,0";"4,8";"";"0,2"
"07/03/2026";"0900";"16,6";"16,6";"16,4";"99,0";"99,0";"98,0";"16,4";"16,4";"16,2";"834,8";"834,9";"834,5";"2,0";"343,0";"4,9";"";"0,2"
"07/03/2026";"1000";"16,8";"16,8";"16,6";"99,0";"99,0";"99,0";"16,5";"16,6";"16,4";"835,8";"835,8";"834,8";"1,0";"329,0";"4,9";"56,80";"0,0"
"07/03/2026";"1100";"17,1";"17,2";"16,8";"98,0";"99,0";"98,0";"16,9";"16,9";"16,5";"836,0";"836,1";"835,8";"0,7";"323,0";"3,4";"171,60";"0,0"
"07/03/2026";"1200";"17,5";"17,7";"17,0";"96,0";"99,0";"96,0";"16,9";"17,3";"16,7";"836,0";"836,2";"836,0";"0,7";"280,0";"2,8";"516,10";"0,0"
"07/03/2026";"1300";"18,6";"19,6";"17,5";"89,0";"97,0";"87,0";"16,7";"18,1";"16,5";"836,3";"836,3";"836,0";"0,6";"303,0";"3,5";"1389,80";"0,0"
"07/03/2026";"1400";"21,5";"21,5";"18,4";"79,0";"91,0";"78,0";"17,6";"18,1";"16,5";"835,8";"836,3";"835,8";"0,9";"306,0";"3,2";"1620,60";"0,0"
"07/03/2026";"1500";"22,1";"23,1";"21,1";"78,0";"81,0";"71,0";"18,0";"18,6";"16,9";"835,2";"835,9";"835,2";"0,6";"274,0";"3,2";"3303,60";"0,0"
"07/03/2026";"1600";"22,1";"23,8";"21,4";"74,0";"78,0";"68,0";"17,4";"18,8";"16,4";"834,7";"835,2";"834,7";"0,8";"291,0";"3,2";"3296,00";"0,0"
"07/03/2026";"1700";"19,0";"22,2";"19,0";"86,0";"86,0";"73,0";"16,6";"17,4";"16,3";"834,7";"834,8";"834,5";"0,5";"297,0";"4,8";"605,20";"0,0"
"07/03/2026";"1800";"18,2";"19,0";"18,2";"90,0";"90,0";"86,0";"16,5";"16,8";"16,4";"834,6";"834,9";"834,6";"0,4";"265,0";"3,0";"82,80";"0,0"
"07/03/2026";"1900";"17,3";"18,2";"17,3";"95,0";"96,0";"90,0";"16,4";"16,8";"16,3";"833,6";"834,7";"833,6";"0,7";"266,0";"2,7";"127,00";"0,6"
"07/03/2026";"2000";"17,0";"17,6";"17,0";"93,0";"95,0";"93,0";"15,9";"16,6";"15,9";"834,1";"834,1";"833,6";"1,8";"227,0";"7,2";"133,40";"0,2"
"07/03/2026";"2100";"16,4";"17,0";"16,4";"95,0";"95,0";"93,0";"15,6";"15,8";"15,3";"834,2";"834,2";"833,9";"0,7";"269,0";"7,2";"76,30";"0,0"
"07/03/2026";"2200";"16,0";"16,4";"16,0";"95,0";"96,0";"95,0";"15,2";"15,6";"15,2";"834,6";"834,6";"834,2";"0,8";"250,0";"3,7";"7,70";"0,0"
"07/03/2026";"2300";"15,8";"16,0";"15,7";"95,0";"96,0";"95,0";"15,0";"15,3";"15,0";"835,0";"835,0";"834,6";"0,4";"278,0";"2,5";"";"0,0"
"08/03/2026";"0000";"15,8";"16,0";"15,7";"95,0";"96,0";"94,0";"15,0";"15,1";"14,9";"835,5";"835,5";"835,0";"1,3";"121,0";"2,3";"";"0,0"
"08/03/2026";"0100";"15,6";"15,9";"15,6";"97,0";"97,0";"94,0";"15,1";"15,2";"15,0";"835,4";"835,6";"835,3";"0,6";"15,0";"2,3";"";"0,2"
"08/03/2026";"0200";"15,4";"15,7";"15,4";"97,0";"97,0";"96,0";"15,0";"15,3";"14,9";"834,9";"835,4";"834,9";"1,0";"17,0";"2,1";"";"0,0"
"08/03/2026";"0300";"15,3";"15,5";"15,2";"98,0";"98,0";"97,0";"15,0";"15,2";"14,9";"834,8";"834,9";"834,7";"1,1";"344,0";"2,3";"";"0,0"
"08/03/2026";"0400";"15,1";"15,3";"14,9";"98,0";"98,0";"98,0";"14,8";"15,0";"14,6";"834,4";"834,8";"834,4";"0,6";"327,0";"2,5";"";"0,0"
"08/03/2026";"0500";"14,8";"15,1";"14,7";"98,0";"98,0";"98,0";"14,5";"14,7";"14,3";"833,7";"834,4";"833,7";"1,6";"339,0";"2,9";"";"0,0"
"08/03/2026";"0600";"14,2";"14,8";"14,2";"97,0";"98,0";"97,0";"13,8";"14,4";"13,8";"833,3";"833,7";"833,3";"1,8";"342,0";"3,9";"";"0,0"
"08/03/2026";"0700";"14,1";"14,3";"14,1";"98,0";"98,0";"97,0";"13,9";"13,9";"13,7";"832,9";"833,3";"832,9";"0,7";"318,0";"3,0";"";"0,0"
"08/03/2026";"0800";"14,4";"14,4";"14,1";"97,0";"98,0";"97,0";"14,0";"14,1";"13,8";"833,0";"833,0";"832,8";"1,0";"329,0";"2,9";"";"0,0"
"08/03/2026";"0900";"14,0";"14,5";"14,0";"97,0";"97,0";"96,0";"13,6";"14,0";"13,5";"833,8";"833,8";"833,0";"1,3";"334,0";"3,2";"";"0,0"
"08/03/2026";"1000";"15,5";"15,5";"14,0";"94,0";"98,0";"94,0";"14,6";"14,6";"13,6";"834,5";"834,5";"833,7";"0,5";"288,0";"3,8";"176,80";"0,0"
"08/03/2026";"1100";"18,0";"18,3";"15,5";"77,0";"94,0";"75,0";"13,9";"15,5";"13,5";"835,2";"835,2";"834,4";"0,9";"100,0";"3,0";"905,00";"0,0"
"08/03/2026";"1200";"19,3";"19,3";"17,5";"76,0";"81,0";"76,0";"14,9";"15,5";"13,9";"835,6";"835,6";"835,2";"1,6";"197,0";"3,8";"1742,50";"0,0"
"08/03/2026";"1300";"21,1";"21,2";"18,7";"75,0";"80,0";"72,0";"16,4";"16,6";"14,6";"835,7";"835,7";"835,6";"1,3";"194,0";"4,3";"2477,70";"0,0"
"08/03/2026";"1400";"20,9";"22,0";"19,8";"72,0";"77,0";"70,0";"15,7";"17,3";"14,5";"835,7";"835,9";"835,7";"2,0";"175,0";"4,4";"2375,30";"0,0"
"08/03/2026";"1500";"21,6";"23,1";"20,1";"69,0";"78,0";"65,0";"15,7";"17,9";"15,0";"835,2";"835,7";"835,2";"2,0";"167,0";"5,1";"3054,00";"0,0"
"08/03/2026";"1600";"21,5";"21,6";"18,7";"74,0";"91,0";"69,0";"16,8";"18,3";"15,5";"835,0";"835,3";"835,0";"1,8";"165,0";"5,6";"1757,80";"0,2"
"08/03/2026";"1700";"22,2";"23,8";"21,1";"74,0";"76,0";"67,0";"17,3";"18,3";"16,1";"834,5";"835,0";"834,4";"1,7";"164,0";"5,0";"2977,10";"0,0"
"08/03/2026";"1800";"20,5";"22,8";"20,4";"81,0";"82,0";"70,0";"17,1";"18,6";"16,2";"834,2";"834,5";"834,2";"1,5";"179,0";"5,1";"1303,00";"0,0"
"08/03/2026";"1900";"20,5";"21,2";"20,3";"82,0";"83,0";"78,0";"17,2";"17,7";"16,7";"833,8";"834,2";"833,8";"1,1";"102,0";"3,3";"676,00";"0,0"
"08/03/2026";"2000";"18,0";"20,5";"18,0";"93,0";"94,0";"81,0";"16,9";"17,6";"16,9";"834,2";"834,3";"833,8";"1,3";"109,0";"3,6";"154,50";"2,2"
"08/03/2026";"2100";"17,3";"18,0";"17,2";"98,0";"98,0";"93,0";"16,9";"17,2";"16,6";"834,0";"834,4";"834,0";"1,5";"145,0";"5,1";"41,00";"5,2"
"08/03/2026";"2200";"16,8";"17,4";"16,8";"97,0";"98,0";"97,0";"16,3";"17,1";"16,3";"834,4";"834,4";"833,9";"1,2";"66,0";"3,1";"11,90";"0,2"
"08/03/2026";"2300";"16,9";"17,0";"16,6";"97,0";"98,0";"96,0";"16,5";"16,5";"16,0";"835,3";"835,3";"834,4";"1,3";"122,0";"3,2";"";"0,0"
"09/03/2026";"0000";"16,7";"17,0";"16,5";"98,0";"98,0";"97,0";"16,3";"16,6";"16,2";"835,9";"835,9";"835,3";"2,2";"46,0";"6,4";"";"0,2"
"09/03/2026";"0100";"16,6";"16,7";"16,5";"95,0";"98,0";"95,0";"15,8";"16,3";"15,8";"836,0";"836,2";"835,9";"2,8";"17,0";"5,7";"";"0,0"
"09/03/2026";"0200";"16,4";"16,6";"16,3";"96,0";"96,0";"95,0";"15,7";"15,8";"15,7";"836,4";"836,5";"836,0";"1,3";"85,0";"5,4";"";"0,0"
"09/03/2026";"0300";"16,5";"16,5";"16,3";"96,0";"97,0";"96,0";"15,9";"15,9";"15,7";"836,3";"836,5";"836,3";"1,2";"72,0";"3,5";"";"0,0"
"09/03/2026";"0400";"15,9";"16,5";"15,9";"96,0";"96,0";"96,0";"15,3";"15,9";"15,3";"835,6";"836,4";"835,6";"2,7";"359,0";"5,5";"";"0,0"
"09/03/2026";"0500";"15,9";"16,0";"15,8";"97,0";"97,0";"95,0";"15,5";"15,5";"15,1";"835,6";"835,7";"835,6";"0,5";"66,0";"5,5";"";"0,0"
"09/03/2026";"0600";"15,9";"16,0";"15,8";"97,0";"98,0";"96,0";"15,4";"15,5";"15,4";"835,3";"835,6";"835,2";"1,6";"4,0";"4,4";"";"0,0"
"09/03/2026";"0700";"15,9";"16,0";"15,9";"96,0";"97,0";"96,0";"15,2";"15,5";"15,2";"835,2";"835,3";"835,0";"1,1";"30,0";"4,2";"";"0,0"
"09/03/2026";"0800";"15,5";"15,9";"15,5";"96,0";"96,0";"95,0";"14,9";"15,3";"14,9";"835,4";"835,4";"835,1";"0,4";"267,0";"3,1";"";"0,0"
"09/03/2026";"0900";"15,2";"15,6";"15,0";"98,0";"98,0";"96,0";"14,8";"15,0";"14,6";"835,6";"835,6";"835,3";"0,7";"331,0";"1,7";"";"0,0"
"09/03/2026";"1000";"15,9";"16,0";"15,1";"97,0";"98,0";"97,0";"15,4";"15,7";"14,8";"836,2";"836,2";"835,6";"1,1";"350,0";"2,3";"150,20";"0,0"
"09/03/2026";"1100";"18,0";"18,0";"15,9";"89,0";"97,0";"89,0";"16,1";"16,2";"15,4";"837,1";"837,2";"836,2";"0,5";"27,0";"1,5";"498,60";"0,0"
"09/03/2026";"1200";"20,3";"20,7";"18,0";"84,0";"90,0";"75,0";"17,4";"17,4";"15,8";"837,8";"837,8";"837,1";"1,0";"153,0";"2,0";"1314,10";"0,0"
"09/03/2026";"1300";"19,0";"20,3";"18,8";"88,0";"90,0";"83,0";"17,0";"17,7";"16,5";"838,3";"838,3";"837,8";"1,1";"163,0";"3,9";"963,00";"0,0"
"09/03/2026";"1400";"20,1";"20,2";"18,3";"82,0";"92,0";"82,0";"17,0";"17,9";"16,5";"837,9";"838,4";"837,9";"0,7";"169,0";"2,4";"1150,00";"0,0"
"09/03/2026";"1500";"17,8";"20,1";"17,8";"91,0";"93,0";"81,0";"16,4";"17,0";"16,3";"837,8";"838,0";"837,8";"0,9";"182,0";"3,0";"644,10";"0,0"
"09/03/2026";"1600";"18,1";"19,0";"17,8";"89,0";"93,0";"88,0";"16,3";"17,5";"16,3";"837,5";"837,9";"837,5";"1,3";"164,0";"3,5";"989,60";"0,2"
"09/03/2026";"1700";"19,4";"19,8";"17,8";"83,0";"93,0";"83,0";"16,5";"17,7";"16,2";"837,1";"837,5";"837,0";"1,5";"127,0";"4,0";"1111,10";"0,0"
"09/03/2026";"1800";"18,4";"20,2";"18,4";"85,0";"89,0";"82,0";"15,9";"17,7";"15,9";"836,7";"837,1";"836,7";"1,6";"113,0";"4,2";"906,10";"0,0"
"09/03/2026";"1900";"17,9";"18,5";"17,7";"89,0";"91,0";"85,0";"16,0";"16,6";"15,9";"836,4";"836,8";"836,4";"1,9";"122,0";"5,5";"526,00";"0,0"
"09/03/2026";"2000";"16,3";"17,9";"16,3";"96,0";"96,0";"88,0";"15,7";"16,0";"15,6";"836,4";"836,4";"836,3";"1,6";"74,0";"5,1";"127,10";"0,0"
"09/03/2026";"2100";"16,0";"16,3";"15,9";"98,0";"98,0";"96,0";"15,7";"15,8";"15,5";"836,5";"836,5";"836,2";"1,3";"56,0";"5,1";"48,20";"0,0"
"09/03/2026";"2200";"15,7";"16,0";"15,6";"99,0";"99,0";"98,0";"15,5";"15,7";"15,4";"836,9";"836,9";"836,4";"1,0";"85,0";"5,1";"10,10";"0,0"
"09/03/2026";"2300";"15,8";"15,9";"15,5";"99,0";"99,0";"99,0";"15,6";"15,7";"15,4";"837,2";"837,3";"836,9";"1,6";"26,0";"5,3";"0,80";"0,4"
"10/03/2026";"0000";"15,5";"15,9";"15,5";"99,0";"99,0";"99,0";"15,3";"15,7";"15,3";"837,6";"837,6";"837,1";"2,1";"3,0";"5,1";"0,50";"0,2"
"10/03/2026";"0100";"15,2";"15,7";"15,2";"99,0";"99,0";"99,0";"15,0";"15,5";"15,0";"837,6";"837,9";"837,6";"3,8";"347,0";"7,1";"";"0,0"
"10/03/2026";"0200";"15,0";"15,2";"15,0";"98,0";"99,0";"97,0";"14,6";"15,0";"14,6";"838,0";"838,0";"837,6";"2,6";"339,0";"7,5";"";"0,0"
"10/03/2026";"0300";"15,1";"15,1";"15,0";"98,0";"98,0";"98,0";"14,8";"14,8";"14,6";"837,8";"838,0";"837,8";"2,4";"338,0";"5,7";"";"0,0"
"10/03/2026";"0400";"15,1";"15,2";"15,0";"98,0";"98,0";"97,0";"14,8";"14,8";"14,7";"837,4";"837,8";"837,4";"0,5";"326,0";"4,6";"";"0,0"
"10/03/2026";"0500";"15,1";"15,2";"15,0";"98,0";"98,0";"98,0";"14,8";"14,9";"14,7";"836,7";"837,4";"836,7";"1,7";"334,0";"3,8";"";"2,8"
"10/03/2026";"0600";"15,0";"15,1";"14,9";"99,0";"99,0";"98,0";"14,8";"14,8";"14,7";"836,1";"836,7";"836,1";"0,6";"318,0";"4,8";"";"0,0"
"10/03/2026";"0700";"14,9";"15,1";"14,9";"99,0";"99,0";"99,0";"14,7";"14,9";"14,7";"836,1";"836,1";"835,9";"1,2";"332,0";"2,8";"";"0,0"
"10/03/2026";"0800";"14,8";"14,9";"14,7";"99,0";"99,0";"99,0";"14,6";"14,7";"14,5";"836,5";"836,5";"836,1";"0,8";"332,0";"2,9";"";"0,0"
"10/03/2026";"0900";"14,9";"15,0";"14,8";"99,0";"99,0";"99,0";"14,7";"14,8";"14,6";"837,0";"837,0";"836,5";"0,7";"322,0";"2,4";"";"0,0"
"10/03/2026";"1000";"15,4";"15,4";"14,8";"99,0";"99,0";"99,0";"15,2";"15,2";"14,6";"837,6";"837,6";"837,0";"0,7";"353,0";"1,8";"106,30";"0,0"
"10/03/2026";"1100";"16,1";"16,1";"15,3";"99,0";"99,0";"99,0";"15,9";"15,9";"15,2";"838,2";"838,2";"837,6";"0,4";"337,0";"1,3";"266,20";"0,0"
"10/03/2026";"1200";"16,5";"16,6";"16,1";"98,0";"99,0";"98,0";"16,2";"16,4";"15,9";"838,6";"838,6";"838,2";"1,1";"349,0";"2,2";"377,80";"0,0"
"10/03/2026";"1300";"16,5";"16,7";"16,4";"96,0";"98,0";"96,0";"15,9";"16,3";"15,8";"838,8";"838,8";"838,6";"0,4";"327,0";"2,5";"362,80";"0,2"
"10/03/2026";"1400";"17,3";"17,5";"16,5";"95,0";"97,0";"94,0";"16,6";"17,0";"15,9";"838,5";"838,8";"838,5";"1,2";"333,0";"3,5";"974,80";"1,2"
"10/03/2026";"1500";"18,1";"18,1";"17,2";"96,0";"97,0";"95,0";"17,4";"17,4";"16,4";"838,2";"838,5";"838,2";"0,7";"313,0";"3,5";"1062,00";"0,4"
"10/03/2026";"1600";"18,1";"18,4";"17,7";"94,0";"96,0";"94,0";"17,1";"17,6";"16,8";"837,5";"838,2";"837,5";"1,8";"336,0";"4,5";"1224,50";"0,4"
"10/03/2026";"1700";"18,4";"18,4";"17,6";"92,0";"95,0";"91,0";"17,0";"17,3";"16,3";"837,0";"837,5";"837,0";"0,6";"201,0";"3,8";"866,40";"0,0"
"10/03/2026";"1800";"18,7";"18,9";"18,2";"89,0";"92,0";"86,0";"16,7";"17,3";"16,2";"836,7";"837,0";"836,7";"0,5";"273,0";"1,8";"947,20";"0,0"
"10/03/2026";"1900";"18,0";"18,7";"17,9";"94,0";"94,0";"88,0";"17,0";"17,1";"16,4";"836,2";"836,7";"836,2";"0,6";"328,0";"1,8";"487,10";"0,2"
"10/03/2026";"2000";"17,6";"18,1";"17,6";"94,0";"94,0";"91,0";"16,6";"17,0";"16,1";"836,3";"836,3";"836,1";"0,7";"359,0";"2,0";"346,10";"0,0"
"10/03/2026";"2100";"17,2";"17,6";"17,2";"95,0";"95,0";"93,0";"16,3";"16,6";"16,2";"836,2";"836,3";"836,1";"0,8";"10,0";"1,8";"107,40";"0,0"
"10/03/2026";"2200";"16,6";"17,2";"16,6";"97,0";"97,0";"94,0";"16,1";"16,3";"16,1";"836,4";"836,4";"836,1";"1,0";"126,0";"2,2";"4,80";"0,0"
"10/03/2026";"2300";"16,4";"16,6";"16,4";"93,0";"97,0";"93,0";"15,4";"16,1";"15,3";"836,7";"836,7";"836,4";"1,2";"11,0";"3,7";"";"0,0"
"11/03/2026";"0000";"16,1";"16,4";"16,0";"96,0";"96,0";"93,0";"15,5";"15,5";"15,3";"837,0";"837,0";"836,6";"1,0";"334,0";"2,6";"";"0,0"
"11/03/2026";"0100";"16,0";"16,1";"16,0";"98,0";"98,0";"96,0";"15,6";"15,6";"15,5";"837,1";"837,1";"836,9";"1,5";"339,0";"3,1";"";"0,6"
"11/03/2026";"0200";"15,9";"16,1";"15,9";"98,0";"98,0";"98,0";"15,6";"15,7";"15,6";"836,8";"837,2";"836,8";"0,2";"339,0";"2,9";"";"0,0"
"11/03/2026";"0300";"15,9";"16,0";"15,8";"98,0";"98,0";"98,0";"15,7";"15,7";"15,5";"836,6";"836,9";"836,6";"1,1";"335,0";"2,0";"";"0,0"
"11/03/2026";"0400";"15,9";"16,0";"15,9";"99,0";"99,0";"98,0";"15,7";"15,8";"15,6";"836,2";"836,7";"836,2";"0,3";"322,0";"2,0";"";"0,2"
"11/03/2026";"0500";"15,7";"15,9";"15,7";"99,0";"99,0";"99,0";"15,5";"15,7";"15,5";"835,5";"836,2";"835,5";"0,8";"336,0";"2,4";"0,10";"0,0"
"11/03/2026";"0600";"15,6";"15,7";"15,5";"99,0";"99,0";"99,0";"15,4";"15,6";"15,3";"835,1";"835,5";"835,1";"0,9";"335,0";"2,1";"";"0,2"
"11/03/2026";"0700";"15,5";"15,7";"15,4";"99,0";"99,0";"99,0";"15,3";"15,5";"15,2";"835,2";"835,3";"835,1";"1,0";"343,0";"1,7";"";"0,0"
"11/03/2026";"0800";"15,3";"15,5";"15,3";"99,0";"99,0";"99,0";"15,1";"15,3";"15,1";"835,3";"835,3";"835,1";"0,5";"30,0";"2,3";"";"0,0"
"11/03/2026";"0900";"15,4";"15,5";"15,3";"99,0";"99,0";"99,0";"15,2";"15,3";"15,1";"835,6";"835,6";"835,3";"0,4";"21,0";"1,0";"";"0,0"
"11/03/2026";"1000";"15,5";"15,5";"15,3";"99,0";"99,0";"99,0";"15,3";"15,4";"15,1";"836,0";"836,0";"835,6";"0,6";"161,0";"1,2";"51,50";"0,0"
"11/03/2026";"1100";"16,2";"16,2";"15,5";"99,0";"99,0";"99,0";"16,0";"16,0";"15,3";"836,6";"836,6";"836,0";"0,8";"143,0";"2,7";"268,90";"0,2"
"11/03/2026";"1200";"16,6";"16,7";"16,1";"96,0";"99,0";"96,0";"15,9";"16,4";"15,6";"836,9";"836,9";"836,6";"1,1";"150,0";"4,0";"631,50";"0,0"
"11/03/2026";"1300";"17,4";"17,6";"16,3";"90,0";"96,0";"89,0";"15,8";"16,6";"15,4";"836,9";"837,0";"836,8";"1,5";"139,0";"3,4";"861,70";"0,0"
"11/03/2026";"1400";"17,9";"18,5";"17,4";"87,0";"90,0";"85,0";"15,8";"16,2";"15,2";"836,7";"836,9";"836,7";"1,3";"150,0";"3,7";"1018,20";"0,0"
"11/03/2026";"1500";"17,0";"18,5";"17,0";"92,0";"92,0";"85,0";"15,7";"16,4";"15,5";"836,3";"836,7";"836,3";"1,4";"129,0";"3,4";"806,40";"0,2"
"11/03/2026";"1600";"17,2";"17,5";"16,9";"94,0";"96,0";"92,0";"16,2";"16,6";"15,8";"835,7";"836,3";"835,7";"1,5";"138,0";"3,1";"702,00";"0,8"
"11/03/2026";"1700";"16,5";"17,2";"16,4";"96,0";"96,0";"93,0";"15,9";"16,5";"15,7";"835,4";"835,7";"835,4";"1,1";"143,0";"3,3";"355,50";"0,2"
"11/03/2026";"1800";"16,0";"16,6";"15,9";"98,0";"98,0";"96,0";"15,6";"16,0";"15,4";"835,0";"835,4";"835,0";"0,3";"224,0";"2,5";"130,40";"5,2"
"11/03/2026";"1900";"15,6";"16,0";"15,6";"98,0";"98,0";"98,0";"15,3";"15,6";"15,3";"834,9";"835,0";"834,9";"0,4";"140,0";"1,6";"92,20";"14,2"
"11/03/2026";"2000";"15,7";"15,9";"15,4";"98,0";"99,0";"98,0";"15,4";"15,6";"15,1";"834,5";"834,9";"834,5";"0,7";"340,0";"1,4";"125,70";"7,8"
"11/03/2026";"2100";"15,6";"15,9";"15,5";"98,0";"99,0";"98,0";"15,4";"15,6";"15,3";"834,1";"834,5";"834,1";"0,9";"348,0";"1,6";"82,20";"2,2"
"11/03/2026";"2200";"15,3";"15,7";"15,2";"99,0";"99,0";"98,0";"15,0";"15,4";"15,0";"834,3";"834,3";"834,1";"1,0";"351,0";"3,9";"11,10";"0,2"
"11/03/2026";"2300";"15,6";"15,6";"15,3";"99,0";"99,0";"98,0";"15,4";"15,4";"15,1";"834,7";"834,7";"834,3";"0,8";"317,0";"3,9";"";"0,0"
"12/03/2026";"0000";"15,4";"15,7";"15,4";"99,0";"99,0";"99,0";"15,2";"15,5";"15,2";"835,5";"835,5";"834,7";"0,3";"290,0";"2,4";"";"0,4"
"12/03/2026";"0100";"15,4";"15,5";"15,3";"99,0";"99,0";"99,0";"15,2";"15,3";"15,1";"835,5";"835,6";"835,5";"1,4";"331,0";"3,9";"";"0,2"
"12/03/2026";"0200";"15,4";"15,4";"15,3";"99,0";"99,0";"99,0";"15,2";"15,2";"15,1";"835,2";"835,6";"835,2";"1,3";"334,0";"3,9";"";"0,0"
"12/03/2026";"0300";"15,3";"15,4";"15,2";"99,0";"99,0";"99,0";"15,1";"15,2";"15,0";"835,0";"835,3";"834,9";"1,0";"329,0";"2,3";"";"0,0"
"12/03/2026";"0400";"15,2";"15,3";"15,2";"99,0";"99,0";"99,0";"15,1";"15,1";"15,0";"834,5";"835,0";"834,5";"1,3";"326,0";"4,6";"";"0,0"
"12/03/2026";"0500";"15,3";"15,3";"15,2";"99,0";"99,0";"99,0";"15,1";"15,2";"15,1";"834,2";"834,5";"834,2";"0,7";"315,0";"5,9";"";"0,2"
"12/03/2026";"0600";"15,0";"15,3";"15,0";"99,0";"99,0";"99,0";"14,9";"15,2";"14,8";"834,1";"834,2";"834,0";"0,5";"311,0";"3,6";"";"2,8"
"12/03/2026";"0700";"15,2";"15,2";"15,0";"99,0";"99,0";"99,0";"15,0";"15,0";"14,8";"833,5";"834,1";"833,5";"1,2";"322,0";"3,4";"0,20";"2,6"
"12/03/2026";"0800";"15,0";"15,2";"15,0";"99,0";"99,0";"99,0";"14,9";"15,1";"14,9";"833,6";"833,6";"833,5";"0,9";"315,0";"3,8";"";"2,0"
"12/03/2026";"0900";"14,9";"15,0";"14,8";"99,0";"99,0";"99,0";"14,7";"14,9";"14,7";"834,0";"834,0";"833,6";"0,7";"256,0";"3,5";"";"2,4"
"12/03/2026";"1000";"15,0";"15,0";"14,8";"99,0";"99,0";"99,0";"14,8";"14,9";"14,7";"834,2";"834,2";"834,0";"0,8";"304,0";"2,9";"23,70";"1,8"
"12/03/2026";"1100";"15,0";"15,1";"14,9";"99,0";"99,0";"99,0";"14,9";"15,0";"14,8";"834,7";"834,7";"834,2";"0,7";"288,0";"2,7";"95,20";"0,8"
"12/03/2026";"1200";"15,1";"15,1";"14,9";"99,0";"99,0";"99,0";"14,9";"14,9";"14,8";"834,8";"834,8";"834,5";"0,9";"308,0";"6,4";"189,40";"0,6"
"12/03/2026";"1300";"15,5";"15,6";"15,0";"99,0";"99,0";"99,0";"15,2";"15,4";"14,9";"835,1";"835,1";"834,8";"0,8";"264,0";"3,5";"465,70";"1,2"
"12/03/2026";"1400";"15,7";"16,0";"15,2";"98,0";"99,0";"98,0";"15,4";"15,7";"15,0";"834,9";"835,2";"834,8";"1,5";"213,0";"6,7";"551,50";"3,4"
"12/03/2026";"1500";"16,6";"17,5";"15,7";"93,0";"98,0";"92,0";"15,5";"16,8";"15,3";"834,1";"835,0";"834,0";"1,8";"211,0";"7,6";"1629,80";"0,0"
"12/03/2026";"1600";"16,4";"16,6";"15,9";"96,0";"96,0";"93,0";"15,8";"15,8";"15,0";"833,2";"834,1";"833,2";"0,7";"247,0";"6,9";"733,10";"0,2"
"12/03/2026";"1700";"16,8";"17,0";"16,2";"94,0";"96,0";"93,0";"15,9";"16,2";"15,1";"832,7";"833,2";"832,7";"1,2";"248,0";"4,9";"797,70";"0,0"
"12/03/2026";"1800";"16,5";"16,9";"16,0";"96,0";"97,0";"93,0";"15,9";"16,0";"15,3";"832,0";"832,7";"832,0";"1,1";"193,0";"4,9";"399,00";"0,0"
"12/03/2026";"1900";"17,1";"17,3";"16,3";"94,0";"97,0";"93,0";"16,1";"16,4";"15,6";"831,5";"832,0";"831,5";"1,5";"208,0";"4,5";"497,40";"0,0"
"12/03/2026";"2000";"16,8";"17,3";"16,8";"94,0";"95,0";"93,0";"15,7";"16,4";"15,7";"831,6";"831,6";"831,4";"1,3";"231,0";"4,5";"513,30";"0,0"
"12/03/2026";"2100";"16,5";"16,8";"16,5";"94,0";"95,0";"93,0";"15,5";"15,9";"15,5";"831,7";"831,7";"831,6";"1,3";"197,0";"3,3";"253,60";"0,0"
"12/03/2026";"2200";"16,0";"16,5";"16,0";"96,0";"96,0";"94,0";"15,4";"15,5";"15,3";"831,9";"831,9";"831,7";"1,1";"176,0";"3,8";"10,30";"0,0"
"12/03/2026";"2300";"15,9";"16,0";"15,9";"97,0";"97,0";"96,0";"15,4";"15,5";"15,4";"832,5";"832,5";"831,9";"0,4";"304,0";"2,9";"";"0,0"
"13/03/2026";"0000";"16,0";"16,0";"15,8";"96,0";"97,0";"96,0";"15,4";"15,4";"15,3";"832,9";"832,9";"832,5";"0,5";"283,0";"1,7";"";"0,0"
"13/03/2026";"0100";"16,1";"16,1";"16,0";"96,0";"96,0";"96,0";"15,4";"15,5";"15,4";"833,1";"833,1";"832,8";"1,3";"208,0";"2,8";"";"0,0"
"13/03/2026";"0200";"16,2";"16,3";"16,1";"95,0";"96,0";"95,0";"15,4";"15,5";"15,4";"832,8";"833,1";"832,8";"1,1";"246,0";"2,9";"";"0,2"
"13/03/2026";"0300";"16,2";"16,3";"16,1";"94,0";"95,0";"93,0";"15,2";"15,4";"15,1";"832,4";"832,9";"832,4";"0,7";"257,0";"2,9";"";"0,0"
"13/03/2026";"0400";"16,4";"16,4";"16,2";"94,0";"95,0";"94,0";"15,4";"15,4";"15,3";"831,9";"832,4";"831,8";"1,0";"249,0";"2,8";"";"0,0"
"13/03/2026";"0500";"16,2";"16,5";"16,2";"95,0";"95,0";"93,0";"15,4";"15,5";"15,4";"831,3";"831,9";"831,3";"1,0";"249,0";"4,8";"";"0,0"
"13/03/2026";"0600";"16,1";"16,2";"16,0";"97,0";"97,0";"95,0";"15,6";"15,6";"15,3";"831,0";"831,3";"830,9";"0,8";"254,0";"2,1";"";"0,6"
"13/03/2026";"0700";"15,8";"16,1";"15,8";"98,0";"98,0";"97,0";"15,5";"15,6";"15,4";"831,0";"831,0";"830,9";"1,9";"205,0";"4,8";"";"4,4"
"13/03/2026";"0800";"15,7";"15,8";"15,7";"99,0";"99,0";"98,0";"15,5";"15,5";"15,4";"831,4";"831,4";"831,0";"1,7";"215,0";"6,6";"";"0,8"
"13/03/2026";"0900";"15,6";"15,7";"15,6";"99,0";"99,0";"99,0";"15,4";"15,5";"15,4";"831,7";"831,7";"831,4";"1,9";"224,0";"5,4";"0,40";"0,4"
"13/03/2026";"1000";"15,9";"15,9";"15,6";"99,0";"99,0";"99,0";"15,6";"15,6";"15,4";"831,8";"831,9";"831,6";"1,4";"240,0";"5,0";"44,40";"0,4"
"13/03/2026";"1100";"16,3";"16,4";"15,9";"97,0";"99,0";"97,0";"15,9";"15,9";"15,6";"832,3";"832,3";"831,8";"1,0";"236,0";"4,9";"307,30";"0,2"
"13/03/2026";"1200";"16,0";"16,4";"16,0";"96,0";"97,0";"95,0";"15,3";"16,0";"15,3";"832,6";"832,7";"832,3";"2,0";"221,0";"6,1";"350,20";"0,0"
"13/03/2026";"1300";"16,7";"16,9";"16,0";"96,0";"97,0";"95,0";"16,1";"16,4";"15,3";"832,8";"832,8";"832,6";"1,8";"209,0";"6,1";"727,10";"0,4"
"13/03/2026";"1400";"17,7";"17,8";"16,6";"94,0";"97,0";"92,0";"16,7";"17,0";"15,8";"832,9";"832,9";"832,8";"1,5";"209,0";"5,8";"1111,00";"0,0"
"13/03/2026";"1500";"18,3";"18,4";"17,3";"94,0";"96,0";"92,0";"17,3";"17,6";"16,1";"832,6";"832,9";"832,6";"1,5";"199,0";"4,3";"1179,30";"0,2"
"13/03/2026";"1600";"16,7";"18,4";"16,7";"96,0";"96,0";"93,0";"16,1";"17,4";"16,1";"832,2";"832,6";"832,1";"1,9";"218,0";"6,3";"598,30";"1,2"
"13/03/2026";"1700";"15,7";"16,8";"15,7";"98,0";"98,0";"96,0";"15,3";"16,5";"15,3";"832,1";"832,2";"831,9";"0,9";"248,0";"4,4";"210,40";"14,6"
"13/03/2026";"1800";"16,6";"16,7";"15,7";"98,0";"99,0";"98,0";"16,2";"16,5";"15,4";"831,6";"832,1";"831,6";"0,7";"132,0";"4,9";"682,30";"5,2"
"13/03/2026";"1900";"16,5";"17,1";"16,5";"97,0";"98,0";"96,0";"16,1";"16,8";"16,0";"831,5";"831,6";"831,4";"1,2";"139,0";"2,9";"461,60";"2,0"
"13/03/2026";"2000";"16,1";"16,6";"15,9";"98,0";"98,0";"97,0";"15,8";"16,1";"15,6";"831,7";"831,7";"831,4";"1,3";"154,0";"4,0";"179,00";"3,4"
"13/03/2026";"2100";"15,6";"16,3";"15,6";"99,0";"99,0";"98,0";"15,4";"16,0";"15,4";"832,1";"832,1";"831,7";"2,5";"134,0";"6,5";"75,20";"1,8"
"13/03/2026";"2200";"15,3";"15,7";"15,3";"99,0";"99,0";"99,0";"15,1";"15,5";"15,1";"832,5";"832,5";"832,1";"1,8";"115,0";"6,8";"9,90";"0,0"
"13/03/2026";"2300";"15,3";"15,5";"15,3";"99,0";"99,0";"99,0";"15,1";"15,4";"15,1";"832,9";"832,9";"832,5";"1,6";"112,0";"5,0";"0,20";"0,0"
"14/03/2026";"0000";"14,6";"15,3";"14,5";"99,0";"99,0";"99,0";"14,5";"15,1";"14,4";"833,6";"833,6";"832,9";"1,1";"91,0";"4,2";"0,20";"0,0"
"14/03/2026";"0100";"14,2";"14,6";"14,1";"99,0";"99,0";"99,0";"14,1";"14,5";"14,0";"833,4";"833,7";"833,4";"0,7";"104,0";"4,0";"0,10";"0,0"
"14/03/2026";"0200";"13,4";"14,2";"13,4";"99,0";"99,0";"99,0";"13,3";"14,0";"13,3";"833,0";"833,4";"833,0";"0,8";"2,0";"2,7";"";"0,0"
"14/03/2026";"0300";"12,6";"13,4";"12,6";"98,0";"99,0";"98,0";"12,3";"13,3";"12,3";"832,8";"833,1";"832,8";"1,2";"26,0";"2,1";"";"0,0"
"14/03/2026";"0400";"11,7";"12,6";"11,7";"99,0";"99,0";"98,0";"11,5";"12,2";"11,4";"832,4";"832,9";"832,4";"0,7";"335,0";"2,1";"";"0,0"
"14/03/2026";"0500";"11,5";"11,7";"11,4";"99,0";"99,0";"99,0";"11,3";"11,5";"11,3";"832,0";"832,4";"832,0";"0,9";"349,0";"1,9";"";"0,2"
"14/03/2026";"0600";"11,1";"11,6";"10,9";"99,0";"99,0";"99,0";"11,0";"11,4";"10,8";"831,7";"832,0";"831,6";"0,9";"337,0";"1,7";"";"0,0"
"14/03/2026";"0700";"11,0";"11,4";"11,0";"99,0";"99,0";"99,0";"10,9";"11,3";"10,9";"831,8";"831,8";"831,5";"0,5";"103,0";"1,6";"";"0,0"
"14/03/2026";"0800";"10,8";"11,3";"10,8";"99,0";"99,0";"99,0";"10,7";"11,2";"10,7";"832,1";"832,1";"831,7";"0,7";"334,0";"1,3";"";"0,0"
"14/03/2026";"0900";"11,1";"11,1";"10,8";"99,0";"99,0";"99,0";"11,0";"11,0";"10,7";"832,4";"832,4";"832,1";"0,6";"337,0";"1,6";"";"0,0"
"14/03/2026";"1000";"11,7";"11,7";"10,9";"99,0";"99,0";"99,0";"11,6";"11,6";"10,8";"832,9";"832,9";"832,4";"0,7";"329,0";"1,7";"143,90";"0,0"
"14/03/2026";"1100";"14,4";"14,4";"11,7";"99,0";"100,0";"99,0";"14,2";"14,2";"11,8";"833,4";"833,4";"832,9";"0,8";"338,0";"1,6";"828,70";"0,0"
"14/03/2026";"1200";"18,5";"18,5";"14,4";"82,0";"99,0";"80,0";"15,3";"15,9";"14,3";"833,6";"833,7";"833,4";"1,7";"346,0";"3,3";"1638,10";"0,0"
"14/03/2026";"1300";"18,6";"20,0";"17,8";"72,0";"86,0";"70,0";"13,5";"16,9";"13,3";"833,7";"833,7";"833,6";"0,7";"238,0";"3,1";"2686,50";"0,0"
"14/03/2026";"1400";"20,5";"21,2";"18,6";"69,0";"76,0";"63,0";"14,7";"15,8";"13,3";"833,7";"833,8";"833,7";"1,4";"188,0";"3,6";"3220,50";"0,0"
"14/03/2026";"1500";"21,3";"21,9";"20,4";"61,0";"73,0";"56,0";"13,4";"16,6";"12,5";"833,5";"833,7";"833,5";"1,9";"150,0";"4,2";"3634,50";"0,0"
"14/03/2026";"1600";"21,0";"22,1";"20,7";"65,0";"71,0";"61,0";"14,0";"16,3";"13,6";"833,2";"833,5";"833,2";"2,5";"141,0";"4,8";"3298,40";"0,0"
"14/03/2026";"1700";"21,2";"23,6";"21,0";"67,0";"70,0";"58,0";"14,9";"16,2";"14,1";"832,9";"833,2";"832,9";"2,1";"137,0";"5,2";"2911,80";"0,0"
"14/03/2026";"1800";"20,5";"22,7";"19,5";"77,0";"78,0";"57,0";"16,4";"16,7";"13,4";"832,6";"832,9";"832,6";"1,2";"159,0";"7,0";"1344,20";"0,0"
"14/03/2026";"1900";"19,9";"21,9";"19,4";"64,0";"77,0";"58,0";"12,8";"15,9";"11,2";"832,2";"832,6";"832,2";"2,7";"145,0";"6,2";"1965,90";"0,0"
"14/03/2026";"2000";"20,1";"21,5";"19,9";"61,0";"64,0";"54,0";"12,3";"13,7";"11,1";"832,3";"832,3";"832,0";"2,7";"147,0";"7,5";"1497,90";"0,0"
"14/03/2026";"2100";"17,7";"20,2";"17,7";"74,0";"74,0";"61,0";"12,9";"12,9";"11,9";"832,4";"832,4";"832,1";"1,7";"115,0";"5,3";"499,00";"0,0"
"14/03/2026";"2200";"16,1";"17,7";"16,0";"79,0";"81,0";"74,0";"12,5";"13,0";"12,5";"832,8";"832,8";"832,4";"1,4";"25,0";"4,8";"3,90";"0,0"
"14/03/2026";"2300";"14,8";"16,3";"14,6";"92,0";"92,0";"79,0";"13,5";"13,8";"12,5";"833,4";"833,4";"832,8";"0,5";"275,0";"3,7";"";"0,0"
"15/03/2026";"0000";"13,9";"15,0";"13,9";"95,0";"95,0";"92,0";"13,0";"13,8";"13,0";"834,1";"834,1";"833,4";"0,8";"327,0";"2,4";"";"0,0"
"15/03/2026";"0100";"13,9";"14,5";"13,6";"97,0";"97,0";"95,0";"13,5";"14,1";"13,0";"834,5";"834,5";"834,1";"0,7";"312,0";"2,0";"";"0,0"
"15/03/2026";"0200";"13,7";"14,0";"13,5";"98,0";"98,0";"97,0";"13,4";"13,6";"13,1";"834,5";"834,7";"834,5";"1,0";"2,0";"1,5";"";"0,0"
"15/03/2026";"0300";"12,7";"13,9";"12,6";"98,0";"98,0";"98,0";"12,4";"13,7";"12,4";"834,3";"834,5";"834,3";"0,8";"5,0";"1,9";"";"0,0"
"15/03/2026";"0400";"11,4";"12,7";"11,4";"97,0";"98,0";"97,0";"11,0";"12,4";"11,0";"833,9";"834,3";"833,9";"0,3";"224,0";"1,6";"";"0,0"
"15/03/2026";"0500";"10,6";"11,5";"10,6";"96,0";"97,0";"95,0";"9,9";"11,1";"9,7";"833,4";"833,9";"833,4";"0,6";"347,0";"1,6";"";"0,0"
"15/03/2026";"0600";"9,9";"10,7";"9,9";"96,0";"96,0";"95,0";"9,2";"10,0";"9,1";"833,1";"833,4";"833,1";"0,8";"327,0";"1,5";"";"0,0"
"15/03/2026";"0700";"9,6";"9,9";"9,5";"97,0";"97,0";"96,0";"9,0";"9,5";"9,0";"833,1";"833,2";"833,0";"0,9";"339,0";"1,5";"";"0,0"
"15/03/2026";"0800";"9,4";"9,6";"9,3";"97,0";"97,0";"96,0";"8,9";"9,0";"8,9";"833,4";"833,4";"833,0";"0,6";"321,0";"1,7";"";"0,0"
"15/03/2026";"0900";"9,0";"9,5";"9,0";"97,0";"97,0";"97,0";"8,6";"9,1";"8,5";"833,7";"833,8";"833,4";"0,2";"270,0";"1,5";"";"0,0"
"15/03/2026";"1000";"11,7";"11,7";"9,0";"91,0";"98,0";"91,0";"10,2";"10,2";"8,7";"833,9";"834,0";"833,7";"0,9";"323,0";"1,9";"212,60";"0,0"
"15/03/2026";"1100";"16,6";"16,6";"11,7";"76,0";"91,0";"73,0";"12,3";"12,3";"9,8";"834,6";"834,6";"833,9";"0,9";"345,0";"2,2";"1003,30";"0,0"
"15/03/2026";"1200";"20,3";"20,5";"16,6";"60,0";"77,0";"55,0";"12,1";"13,9";"11,4";"834,9";"835,0";"834,6";"1,5";"349,0";"2,3";"1871,10";"0,2"
"15/03/2026";"1300";"21,7";"22,5";"20,3";"53,0";"63,0";"43,0";"11,8";"13,6";"9,2";"835,0";"835,1";"834,9";"1,0";"192,0";"2,5";"2661,50";"0,0"
"15/03/2026";"1400";"22,8";"23,0";"21,7";"56,0";"60,0";"49,0";"13,5";"14,6";"11,2";"835,0";"835,1";"835,0";"1,2";"179,0";"3,1";"3293,20";"0,0"
"15/03/2026";"1500";"23,3";"23,3";"22,4";"56,0";"60,0";"50,0";"14,0";"15,0";"11,9";"834,7";"835,0";"834,7";"1,6";"153,0";"6,1";"3624,80";"0,0"
"15/03/2026";"1600";"23,0";"23,8";"22,4";"55,0";"59,0";"52,0";"13,5";"15,0";"12,6";"834,4";"834,7";"834,4";"2,0";"151,0";"6,1";"3748,50";"0,0"
"15/03/2026";"1700";"23,8";"24,2";"22,3";"51,0";"62,0";"51,0";"13,0";"15,6";"12,7";"834,0";"834,4";"834,0";"1,7";"162,0";"6,1";"3174,20";"0,0"
"15/03/2026";"1800";"23,1";"23,9";"22,6";"59,0";"63,0";"49,0";"14,5";"15,8";"12,4";"833,6";"834,0";"833,6";"1,4";"172,0";"4,9";"2488,80";"0,0"
"15/03/2026";"1900";"24,2";"24,5";"23,0";"58,0";"64,0";"56,0";"15,3";"16,7";"14,0";"833,4";"833,6";"833,3";"1,3";"158,0";"3,6";"2057,40";"0,0"
"15/03/2026";"2000";"20,7";"24,6";"20,7";"69,0";"70,0";"55,0";"14,9";"16,2";"14,2";"833,6";"833,6";"833,3";"1,0";"151,0";"3,5";"940,00";"0,0"
"15/03/2026";"2100";"19,2";"20,7";"19,2";"66,0";"75,0";"66,0";"12,7";"15,1";"12,7";"834,0";"834,1";"833,6";"1,0";"70,0";"3,9";"138,10";"0,0"
"15/03/2026";"2200";"17,0";"19,2";"17,0";"79,0";"79,0";"66,0";"13,3";"13,3";"12,6";"834,6";"834,6";"834,0";"1,4";"2,0";"2,7";"2,00";"0,0"
"15/03/2026";"2300";"16,7";"17,2";"16,5";"84,0";"85,0";"79,0";"14,0";"14,2";"13,4";"835,2";"835,2";"834,6";"1,1";"136,0";"2,6";"";"0,0"
"16/03/2026";"0000";"16,5";"17,7";"16,4";"88,0";"88,0";"82,0";"14,6";"14,7";"13,8";"835,7";"835,7";"835,2";"1,0";"331,0";"2,8";"";"0,0"
"16/03/2026";"0100";"16,0";"16,6";"15,7";"91,0";"93,0";"88,0";"14,6";"14,7";"14,4";"836,1";"836,2";"835,7";"1,6";"336,0";"3,0";"";"0,0"
"16/03/2026";"0200";"15,0";"16,1";"15,0";"94,0";"94,0";"89,0";"14,0";"14,6";"14,0";"836,2";"836,2";"836,1";"1,3";"355,0";"3,1";"";"0,0"
"16/03/2026";"0300";"14,2";"15,1";"14,1";"94,0";"94,0";"92,0";"13,2";"14,0";"13,0";"835,9";"836,2";"835,9";"1,4";"347,0";"2,0";"";"0,0"
"16/03/2026";"0400";"13,8";"14,2";"13,8";"95,0";"95,0";"94,0";"13,0";"13,3";"13,0";"835,6";"835,9";"835,6";"0,5";"316,0";"2,0";"";"0,0"
"16/03/2026";"0500";"13,5";"13,9";"13,3";"96,0";"96,0";"94,0";"12,8";"13,1";"12,5";"835,2";"835,6";"835,2";"1,2";"350,0";"2,2";"";"0,0"
"16/03/2026";"0600";"13,3";"13,8";"13,3";"95,0";"96,0";"95,0";"12,6";"13,0";"12,6";"834,7";"835,2";"834,7";"0,8";"336,0";"1,8";"";"0,0"
"16/03/2026";"0700";"12,8";"13,3";"12,8";"97,0";"97,0";"95,0";"12,3";"12,6";"12,3";"834,8";"834,9";"834,7";"0,7";"323,0";"1,6";"";"0,0"
"16/03/2026";"0800";"12,5";"12,9";"12,5";"97,0";"97,0";"97,0";"12,1";"12,3";"12,0";"834,9";"835,0";"834,8";"0,6";"330,0";"1,6";"";"0,0"
"16/03/2026";"0900";"11,9";"12,5";"11,9";"98,0";"98,0";"97,0";"11,6";"12,1";"11,6";"835,5";"835,5";"834,9";"0,5";"305,0";"1,7";"";"0,0"
"16/03/2026";"1000";"14,1";"14,1";"11,8";"90,0";"98,0";"90,0";"12,4";"12,7";"11,5";"836,0";"836,0";"835,5";"1,1";"338,0";"1,6";"203,30";"0,0"
"16/03/2026";"1100";"18,3";"18,3";"14,1";"77,0";"90,0";"77,0";"14,2";"14,9";"12,4";"836,5";"836,5";"836,0";"1,0";"344,0";"2,0";"1012,80";"0,0"
"16/03/2026";"1200";"21,6";"21,6";"18,2";"68,0";"79,0";"63,0";"15,4";"15,5";"13,4";"836,7";"836,7";"836,5";"1,2";"345,0";"2,7";"1886,00";"0,0"
"16/03/2026";"1300";"21,5";"23,3";"20,9";"66,0";"68,0";"59,0";"14,9";"15,8";"13,2";"836,9";"836,9";"836,7";"0,7";"165,0";"3,0";"2185,30";"0,0"
"16/03/2026";"1400";"23,6";"23,7";"21,4";"59,0";"66,0";"52,0";"15,1";"15,8";"12,5";"836,6";"836,9";"836,6";"1,1";"155,0";"3,4";"3076,10";"0,0"
"16/03/2026";"1500";"22,5";"24,1";"22,5";"59,0";"63,0";"53,0";"14,2";"16,3";"13,5";"836,1";"836,6";"836,1";"1,2";"179,0";"4,9";"3523,10";"0,0"
"16/03/2026";"1600";"24,2";"24,5";"22,2";"45,0";"62,0";"45,0";"11,6";"15,2";"11,6";"835,8";"836,1";"835,8";"1,5";"175,0";"4,5";"3562,60";"0,0"
"16/03/2026";"1700";"24,4";"25,4";"23,5";"54,0";"55,0";"45,0";"14,4";"14,7";"11,9";"835,4";"835,8";"835,4";"1,5";"173,0";"4,9";"3142,80";"0,0"
"16/03/2026";"1800";"23,9";"25,7";"22,9";"68,0";"68,0";"45,0";"17,7";"17,7";"12,5";"835,0";"835,4";"835,0";"0,7";"48,0";"4,8";"2359,80";"0,0"
"16/03/2026";"1900";"20,7";"24,1";"20,7";"74,0";"75,0";"63,0";"15,9";"17,4";"15,9";"834,7";"835,0";"834,7";"1,7";"61,0";"5,2";"1586,60";"0,0"
"16/03/2026";"2000";"21,4";"22,0";"20,6";"68,0";"75,0";"66,0";"15,2";"16,3";"15,1";"834,5";"834,8";"834,5";"1,1";"79,0";"5,3";"569,40";"0,0"
"16/03/2026";"2100";"20,2";"21,9";"20,2";"65,0";"70,0";"62,0";"13,3";"15,6";"12,9";"834,4";"834,6";"834,4";"1,6";"23,0";"3,5";"592,00";"0,0"
"16/03/2026";"2200";"17,9";"20,1";"17,9";"81,0";"81,0";"64,0";"14,5";"14,5";"13,0";"835,0";"835,0";"834,4";"1,7";"28,0";"5,0";"7,40";"0,0"
"16/03/2026";"2300";"17,0";"18,0";"17,0";"85,0";"85,0";"81,0";"14,5";"14,8";"14,4";"835,5";"835,6";"835,0";"2,0";"347,0";"5,0";"";"0,0"
"17/03/2026";"0000";"16,6";"17,2";"16,3";"86,0";"88,0";"84,0";"14,3";"14,6";"14,3";"836,1";"836,1";"835,6";"1,4";"331,0";"4,2";"";"0,0"
"17/03/2026";"0100";"15,3";"16,8";"15,3";"91,0";"91,0";"86,0";"13,8";"14,5";"13,8";"836,4";"836,5";"836,0";"1,0";"325,0";"4,8";"";"0,0"
"17/03/2026";"0200";"14,5";"15,3";"14,3";"96,0";"96,0";"91,0";"13,9";"14,0";"13,5";"836,6";"836,6";"836,4";"1,2";"339,0";"2,3";"";"0,0"
"17/03/2026";"0300";"13,8";"14,5";"13,8";"97,0";"97,0";"95,0";"13,3";"13,8";"13,2";"836,4";"836,7";"836,4";"0,9";"340,0";"1,9";"";"0,0"
"17/03/2026";"0400";"13,2";"13,8";"13,2";"97,0";"98,0";"97,0";"12,8";"13,3";"12,8";"835,9";"836,4";"835,9";"1,4";"352,0";"2,3";"";"0,0"
"17/03/2026";"0500";"12,6";"13,2";"12,6";"98,0";"98,0";"97,0";"12,2";"12,8";"12,2";"835,1";"835,9";"835,1";"1,3";"339,0";"2,0";"";"0,0"
"17/03/2026";"0600";"12,1";"12,7";"12,0";"97,0";"98,0";"97,0";"11,6";"12,3";"11,5";"834,9";"835,1";"834,9";"1,4";"348,0";"2,2";"";"0,0"
"17/03/2026";"0700";"11,8";"12,2";"11,6";"97,0";"98,0";"97,0";"11,4";"11,8";"11,1";"834,7";"834,9";"834,7";"1,2";"337,0";"2,3";"";"0,0"
"17/03/2026";"0800";"11,8";"12,0";"11,8";"97,0";"97,0";"97,0";"11,4";"11,6";"11,3";"834,8";"834,8";"834,5";"1,5";"340,0";"2,6";"";"0,0"
"17/03/2026";"0900";"11,6";"11,8";"11,6";"97,0";"98,0";"97,0";"11,2";"11,4";"11,2";"835,3";"835,3";"834,8";"0,6";"322,0";"2,5";"";"0,0"
"17/03/2026";"1000";"13,6";"13,9";"11,5";"93,0";"98,0";"90,0";"12,4";"12,9";"11,1";"835,9";"835,9";"835,3";"1,1";"328,0";"2,7";"244,90";"0,0"
"17/03/2026";"1100";"18,1";"18,2";"13,6";"78,0";"93,0";"78,0";"14,2";"14,5";"12,3";"836,4";"836,4";"835,9";"0,7";"337,0";"2,0";"894,00";"0,0"
"17/03/2026";"1200";"21,3";"21,5";"17,7";"69,0";"81,0";"69,0";"15,3";"15,9";"13,9";"836,8";"836,8";"836,4";"0,8";"313,0";"4,7";"1853,60";"0,0"
"17/03/2026";"1300";"20,3";"23,2";"19,9";"69,0";"72,0";"61,0";"14,5";"16,5";"14,0";"837,0";"837,1";"836,8";"0,7";"247,0";"4,0";"2268,20";"0,0"
"17/03/2026";"1400";"23,6";"23,8";"19,8";"59,0";"75,0";"59,0";"15,2";"16,2";"14,3";"837,0";"837,1";"836,9";"0,9";"278,0";"3,3";"2800,80";"0,0"
"17/03/2026";"1500";"22,9";"23,9";"20,8";"62,0";"72,0";"58,0";"15,2";"16,4";"14,0";"836,3";"837,0";"836,3";"0,9";"200,0";"2,7";"2324,00";"0,0"
"17/03/2026";"1600";"24,5";"24,8";"21,5";"57,0";"68,0";"53,0";"15,5";"17,5";"13,5";"835,7";"836,3";"835,7";"1,2";"205,0";"3,9";"2881,50";"0,0"
"17/03/2026";"1700";"26,5";"27,1";"24,0";"50,0";"61,0";"47,0";"15,3";"16,9";"13,2";"835,0";"835,7";"835,0";"1,3";"170,0";"3,9";"3734,30";"0,0"
"17/03/2026";"1800";"24,7";"26,5";"23,8";"55,0";"60,0";"47,0";"15,0";"16,9";"13,9";"834,3";"835,0";"834,3";"1,6";"151,0";"4,8";"2552,60";"0,0"
"17/03/2026";"1900";"24,1";"24,7";"22,1";"62,0";"66,0";"55,0";"16,4";"16,9";"14,4";"834,0";"834,3";"834,0";"1,4";"129,0";"4,1";"1671,20";"0,0"
"17/03/2026";"2000";"20,6";"24,1";"20,6";"75,0";"76,0";"62,0";"15,9";"17,4";"15,8";"834,3";"834,3";"834,0";"1,4";"45,0";"3,7";"772,70";"0,0"
"17/03/2026";"2100";"19,8";"20,7";"19,8";"74,0";"75,0";"69,0";"15,0";"16,1";"14,7";"834,2";"834,3";"834,1";"1,0";"4,0";"3,6";"252,40";"0,0"
"17/03/2026";"2200";"17,9";"19,8";"17,9";"83,0";"83,0";"73,0";"15,0";"15,3";"14,9";"834,9";"834,9";"834,2";"0,7";"331,0";"2,2";"3,10";"0,0"
"17/03/2026";"2300";"17,4";"17,9";"17,4";"85,0";"85,0";"83,0";"14,8";"15,2";"14,7";"835,7";"835,7";"834,9";"0,4";"317,0";"1,4";"";"0,0"
"18/03/2026";"0000";"16,6";"17,5";"16,6";"89,0";"90,0";"84,0";"14,8";"15,2";"14,5";"836,2";"836,2";"835,7";"0,5";"272,0";"2,2";"";"0,0"
"18/03/2026";"0100";"16,3";"16,7";"16,3";"90,0";"90,0";"88,0";"14,6";"14,8";"14,6";"836,5";"836,6";"836,2";"1,0";"331,0";"1,8";"";"0,0"
"18/03/2026";"0200";"15,7";"16,3";"15,7";"92,0";"92,0";"90,0";"14,4";"14,6";"14,4";"836,3";"836,7";"836,3";"1,0";"347,0";"1,8";"";"0,0"
"18/03/2026";"0300";"14,9";"15,7";"14,9";"95,0";"95,0";"92,0";"14,1";"14,3";"14,0";"835,9";"836,3";"835,9";"0,8";"319,0";"2,0";"";"0,0"
"18/03/2026";"0400";"14,3";"14,9";"14,3";"96,0";"96,0";"95,0";"13,6";"14,1";"13,6";"835,2";"835,9";"835,2";"1,1";"345,0";"1,5";"";"0,0"
"18/03/2026";"0500";"13,7";"14,3";"13,7";"96,0";"96,0";"96,0";"13,1";"13,7";"13,1";"834,6";"835,2";"834,6";"0,9";"333,0";"1,5";"";"0,0"
"18/03/2026";"0600";"13,9";"13,9";"13,5";"96,0";"97,0";"96,0";"13,3";"13,3";"12,9";"834,4";"834,6";"834,4";"1,0";"344,0";"1,7";"";"0,0"
"18/03/2026";"0700";"13,3";"13,9";"13,3";"96,0";"97,0";"96,0";"12,6";"13,3";"12,6";"834,3";"834,4";"834,3";"0,9";"331,0";"2,0";"";"0,0"
"18/03/2026";"0800";"13,1";"13,3";"13,1";"97,0";"97,0";"96,0";"12,6";"12,7";"12,5";"834,6";"834,7";"834,3";"0,7";"324,0";"2,1";"";"0,0"
"18/03/2026";"0900";"13,1";"13,1";"13,1";"97,0";"98,0";"97,0";"12,7";"12,7";"12,6";"835,0";"835,0";"834,6";"1,0";"333,0";"2,3";"";"0,0"
"18/03/2026";"1000";"15,3";"15,7";"13,1";"89,0";"98,0";"89,0";"13,5";"14,3";"12,7";"835,4";"835,4";"835,0";"0,5";"323,0";"2,4";"182,70";"0,0"
"18/03/2026";"1100";"19,0";"19,0";"15,0";"84,0";"91,0";"83,0";"16,3";"16,3";"13,2";"835,8";"835,8";"835,4";"1,6";"339,0";"2,6";"953,50";"0,0"
"18/03/2026";"1200";"20,8";"21,4";"19,0";"74,0";"84,0";"73,0";"16,0";"17,7";"15,9";"835,9";"835,9";"835,8";"0,6";"225,0";"3,3";"1632,10";"0,0"
"18/03/2026";"1300";"21,4";"22,4";"20,3";"72,0";"79,0";"67,0";"16,2";"17,4";"15,6";"835,8";"835,9";"835,7";"0,9";"208,0";"3,0";"1798,00";"0,0"
"18/03/2026";"1400";"22,0";"23,8";"21,2";"68,0";"77,0";"62,0";"15,8";"18,7";"15,4";"835,4";"835,8";"835,4";"0,8";"224,0";"3,9";"3132,30";"0,0"
"18/03/2026";"1500";"24,0";"24,0";"21,3";"58,0";"73,0";"58,0";"15,3";"18,2";"14,7";"834,7";"835,4";"834,7";"1,3";"197,0";"3,8";"2710,70";"0,0"
"18/03/2026";"1600";"24,2";"24,5";"23,0";"62,0";"68,0";"56,0";"16,4";"17,7";"14,8";"834,0";"834,7";"834,0";"1,3";"157,0";"3,3";"2608,10";"0,0"
"18/03/2026";"1700";"24,1";"25,3";"23,2";"66,0";"67,0";"57,0";"17,4";"17,9";"14,2";"833,4";"834,0";"833,3";"1,4";"174,0";"2,9";"2293,20";"0,0"
"18/03/2026";"1800";"23,2";"25,8";"23,2";"69,0";"72,0";"60,0";"17,2";"18,6";"15,8";"832,8";"833,4";"832,7";"1,3";"115,0";"4,1";"2111,80";"0,0"
"18/03/2026";"1900";"20,5";"23,2";"20,5";"80,0";"81,0";"69,0";"16,9";"17,8";"16,9";"832,6";"832,8";"832,6";"1,2";"111,0";"3,6";"239,40";"0,0"
"18/03/2026";"2000";"20,9";"20,9";"19,7";"80,0";"88,0";"80,0";"17,3";"17,9";"16,9";"832,3";"832,6";"832,2";"0,6";"91,0";"2,7";"399,00";"0,0"
"18/03/2026";"2100";"19,6";"21,0";"19,6";"86,0";"86,0";"77,0";"17,1";"17,4";"16,7";"832,7";"832,7";"832,3";"0,9";"114,0";"2,0";"97,80";"0,0"
"18/03/2026";"2200";"19,2";"19,7";"19,0";"81,0";"87,0";"80,0";"15,8";"17,1";"15,8";"833,2";"833,2";"832,6";"0,3";"317,0";"1,6";"";"0,0"
"18/03/2026";"2300";"18,3";"19,2";"18,3";"86,0";"86,0";"81,0";"16,0";"16,2";"15,8";"833,6";"833,7";"833,1";"0,3";"189,0";"1,2";"";"0,0"
"19/03/2026";"0000";"17,9";"18,4";"17,8";"92,0";"92,0";"86,0";"16,5";"16,5";"16,0";"833,9";"833,9";"833,6";"0,5";"359,0";"1,4";"";"0,0"
"19/03/2026";"0100";"17,9";"17,9";"17,6";"92,0";"93,0";"91,0";"16,6";"16,7";"16,2";"834,2";"834,2";"833,9";"0,7";"22,0";"1,5";"";"0,0"
"19/03/2026";"0200";"17,4";"18,0";"17,4";"90,0";"94,0";"90,0";"15,7";"16,7";"15,7";"834,2";"834,2";"834,0";"0,8";"333,0";"3,0";"";"0,0"
"19/03/2026";"0300";"16,7";"17,4";"16,7";"95,0";"95,0";"89,0";"15,8";"15,9";"15,5";"833,8";"834,3";"833,8";"1,0";"4,0";"2,4";"";"0,0"
"19/03/2026";"0400";"16,6";"16,7";"16,5";"97,0";"97,0";"95,0";"16,1";"16,3";"15,8";"833,4";"833,9";"833,4";"1,1";"357,0";"1,9";"";"0,2"
"19/03/2026";"0500";"16,7";"16,7";"16,4";"98,0";"98,0";"97,0";"16,3";"16,3";"15,9";"833,0";"833,4";"833,0";"1,0";"328,0";"2,3";"";"0,0"
"19/03/2026";"0600";"16,8";"16,8";"16,7";"98,0";"98,0";"98,0";"16,5";"16,6";"16,3";"832,5";"833,0";"832,5";"0,8";"322,0";"3,4";"";"0,0"
"19/03/2026";"0700";"16,7";"16,8";"16,6";"99,0";"99,0";"98,0";"16,5";"16,5";"16,4";"832,4";"832,5";"832,4";"0,9";"330,0";"2,1";"";"0,4"
"19/03/2026";"0800";"16,6";"16,8";"16,6";"99,0";"99,0";"99,0";"16,4";"16,6";"16,4";"832,1";"832,4";"832,1";"1,9";"336,0";"3,8";"0,10";"0,6"
"19/03/2026";"0900";"16,5";"16,7";"16,5";"99,0";"99,0";"99,0";"16,3";"16,5";"16,3";"832,5";"832,5";"832,1";"1,5";"339,0";"3,8";"";"0,0"
"19/03/2026";"1000";"16,5";"16,6";"16,3";"99,0";"99,0";"99,0";"16,3";"16,4";"16,2";"832,8";"832,8";"832,5";"0,9";"351,0";"2,4";"47,60";"0,0"
"19/03/2026";"1100";"16,8";"16,9";"16,5";"99,0";"99,0";"99,0";"16,7";"16,8";"16,3";"833,4";"833,4";"832,8";"0,6";"360,0";"1,8";"132,80";"0,0"
"19/03/2026";"1200";"17,4";"17,4";"16,8";"99,0";"99,0";"99,0";"17,2";"17,2";"16,7";"833,7";"833,7";"833,4";"0,5";"307,0";"2,0";"270,80";"0,0"
"19/03/2026";"1300";"18,1";"18,2";"17,4";"93,0";"99,0";"93,0";"17,0";"17,4";"16,7";"833,5";"833,7";"833,5";"0,6";"320,0";"2,8";"658,00";"0,0"
"19/03/2026";"1400";"18,9";"19,2";"18,0";"86,0";"94,0";"83,0";"16,4";"17,3";"15,7";"833,4";"833,5";"833,4";"0,9";"335,0";"3,1";"1108,70";"0,2"
"19/03/2026";"1500";"18,3";"19,3";"18,0";"94,0";"94,0";"80,0";"17,3";"17,3";"15,4";"833,0";"833,4";"833,0";"0,3";"293,0";"2,7";"769,70";"1,2"
"19/03/2026";"1600";"19,7";"20,1";"18,2";"82,0";"94,0";"81,0";"16,5";"18,0";"16,4";"832,2";"833,0";"832,2";"1,0";"322,0";"2,9";"1969,80";"0,0"
"19/03/2026";"1700";"20,5";"20,9";"19,7";"79,0";"87,0";"74,0";"16,7";"17,7";"15,7";"831,3";"832,2";"831,3";"0,4";"224,0";"2,7";"1660,10";"0,0"
"19/03/2026";"1800";"17,9";"20,5";"17,9";"95,0";"95,0";"78,0";"17,1";"17,9";"16,5";"830,8";"831,3";"830,8";"0,4";"241,0";"1,6";"210,90";"3,0"
"19/03/2026";"1900";"16,9";"17,9";"16,9";"97,0";"97,0";"95,0";"16,5";"17,1";"16,4";"830,8";"830,8";"830,6";"0,5";"322,0";"1,8";"67,10";"6,8"
"19/03/2026";"2000";"16,5";"16,9";"16,5";"98,0";"98,0";"97,0";"16,1";"16,5";"16,1";"830,8";"830,9";"830,7";"0,4";"321,0";"2,6";"64,30";"3,2"
"19/03/2026";"2100";"16,4";"16,5";"16,3";"98,0";"98,0";"98,0";"16,1";"16,2";"16,0";"831,0";"831,0";"830,7";"0,8";"349,0";"2,7";"39,80";"1,6"
"19/03/2026";"2200";"16,1";"16,4";"16,1";"98,0";"98,0";"98,0";"15,8";"16,1";"15,7";"831,6";"831,6";"831,0";"0,4";"104,0";"2,5";"1,60";"0,8"
"19/03/2026";"2300";"15,8";"16,2";"15,8";"98,0";"98,0";"98,0";"15,6";"15,8";"15,5";"832,0";"832,1";"831,6";"1,4";"335,0";"3,8";"";"0,0"
"20/03/2026";"0000";"15,5";"15,9";"15,4";"99,0";"99,0";"98,0";"15,2";"15,6";"15,2";"832,3";"832,3";"832,0";"2,0";"331,0";"5,3";"";"0,2"
"20/03/2026";"0100";"14,9";"15,5";"14,9";"98,0";"99,0";"98,0";"14,6";"15,3";"14,6";"832,2";"832,4";"832,2";"0,6";"323,0";"6,2";"";"0,0"
"20/03/2026";"0200";"15,0";"15,0";"14,8";"99,0";"99,0";"98,0";"14,8";"14,8";"14,6";"832,1";"832,3";"832,1";"2,4";"343,0";"3,6";"";"0,0"
"20/03/2026";"0300";"15,1";"15,2";"15,0";"99,0";"99,0";"98,0";"14,9";"14,9";"14,7";"831,8";"832,2";"831,8";"1,7";"333,0";"5,2";"0,10";"0,0"
"20/03/2026";"0400";"15,2";"15,2";"15,1";"99,0";"99,0";"99,0";"15,1";"15,1";"14,9";"831,8";"831,8";"831,6";"2,3";"346,0";"5,3";"0,40";"0,0"
"20/03/2026";"0500";"15,3";"15,3";"15,1";"99,0";"99,0";"99,0";"15,2";"15,2";"14,9";"831,4";"831,8";"831,4";"1,8";"336,0";"4,1";"";"0,0"
"20/03/2026";"0600";"15,4";"15,5";"15,3";"99,0";"99,0";"99,0";"15,3";"15,4";"15,2";"830,9";"831,4";"830,8";"2,3";"334,0";"4,9";"0,20";"0,0"
"20/03/2026";"0700";"15,5";"15,5";"15,4";"99,0";"99,0";"99,0";"15,3";"15,4";"15,2";"830,9";"831,0";"830,8";"1,3";"331,0";"5,5";"";"0,0"
"20/03/2026";"0800";"15,6";"15,6";"15,5";"99,0";"99,0";"99,0";"15,4";"15,4";"15,3";"831,2";"831,2";"830,9";"0,8";"331,0";"3,7";"";"0,0"
"20/03/2026";"0900";"15,6";"15,6";"15,5";"99,0";"99,0";"99,0";"15,4";"15,4";"15,3";"831,4";"831,4";"831,2";"2,2";"336,0";"4,7";"";"0,0"
"20/03/2026";"1000";"15,9";"16,1";"15,6";"99,0";"99,0";"99,0";"15,7";"15,9";"15,4";"832,2";"832,2";"831,4";"1,0";"335,0";"4,5";"117,00";"0,0"
"20/03/2026";"1100";"17,1";"17,1";"15,9";"98,0";"99,0";"98,0";"16,8";"16,8";"15,8";"832,5";"832,5";"832,2";"0,8";"332,0";"3,1";"438,90";"0,0"
"20/03/2026";"1200";"18,4";"19,4";"16,9";"85,0";"98,0";"84,0";"15,9";"18,0";"15,6";"832,9";"832,9";"832,5";"0,7";"175,0";"3,0";"972,40";"0,0"
"20/03/2026";"1300";"20,6";"20,6";"18,5";"79,0";"90,0";"78,0";"16,8";"18,0";"16,2";"833,0";"833,0";"832,8";"1,1";"255,0";"3,3";"1781,80";"0,0"
"20/03/2026";"1400";"20,6";"21,6";"19,6";"79,0";"87,0";"73,0";"16,8";"17,6";"15,7";"833,2";"833,2";"833,0";"1,5";"111,0";"4,2";"1622,30";"0,0"
"20/03/2026";"1500";"19,7";"20,8";"18,9";"79,0";"86,0";"77,0";"16,0";"17,2";"15,5";"833,0";"833,3";"833,0";"1,8";"38,0";"5,0";"3094,40";"0,0"
"20/03/2026";"1600";"21,4";"21,7";"19,7";"73,0";"83,0";"71,0";"16,4";"17,4";"15,1";"832,5";"833,0";"832,4";"1,7";"126,0";"4,9";"2712,50";"0,0"
"20/03/2026";"1700";"19,5";"21,5";"19,1";"78,0";"81,0";"70,0";"15,6";"16,8";"15,3";"831,9";"832,5";"831,9";"1,8";"45,0";"5,0";"1151,80";"0,0"
"20/03/2026";"1800";"19,9";"21,3";"19,0";"76,0";"80,0";"71,0";"15,5";"16,4";"14,9";"831,8";"831,9";"831,8";"2,2";"43,0";"6,6";"1996,80";"0,0"
"20/03/2026";"1900";"19,1";"20,3";"18,8";"81,0";"81,0";"76,0";"15,7";"16,4";"14,9";"831,6";"831,9";"831,6";"1,3";"84,0";"5,9";"1034,50";"0,0"
"20/03/2026";"2000";"18,2";"19,6";"17,9";"86,0";"88,0";"79,0";"15,9";"16,2";"15,2";"831,9";"831,9";"831,5";"1,1";"58,0";"6,7";"830,40";"0,0"
"20/03/2026";"2100";"17,4";"18,2";"17,4";"86,0";"89,0";"85,0";"15,1";"15,8";"15,0";"832,1";"832,1";"831,7";"1,6";"48,0";"4,3";"167,60";"0,0"
"20/03/2026";"2200";"16,5";"17,4";"16,5";"92,0";"92,0";"86,0";"15,2";"15,2";"14,9";"832,7";"832,7";"832,1";"1,6";"61,0";"5,4";"13,10";"0,0"
"20/03/2026";"2300";"16,0";"16,5";"15,9";"93,0";"93,0";"91,0";"14,8";"15,2";"14,7";"833,0";"833,0";"832,6";"1,6";"32,0";"4,5";"";"0,0"
"21/03/2026";"0000";"15,9";"16,0";"15,8";"93,0";"93,0";"92,0";"14,8";"14,8";"14,6";"833,7";"833,7";"833,0";"2,2";"358,0";"4,5";"";"0,0"
"21/03/2026";"0100";"16,1";"16,1";"15,9";"93,0";"93,0";"92,0";"14,9";"14,9";"14,7";"834,1";"834,1";"833,7";"1,3";"350,0";"4,8";"";"0,0"
"21/03/2026";"0200";"15,5";"16,1";"15,5";"93,0";"94,0";"92,0";"14,4";"14,9";"14,4";"833,8";"834,2";"833,8";"2,9";"18,0";"6,0";"";"0,0"
"21/03/2026";"0300";"15,0";"15,5";"14,8";"93,0";"94,0";"91,0";"14,0";"14,4";"13,8";"833,8";"833,8";"833,7";"1,5";"333,0";"6,0";"";"0,0"
"21/03/2026";"0400";"15,0";"15,3";"14,9";"94,0";"94,0";"93,0";"14,0";"14,2";"13,9";"833,4";"833,8";"833,4";"2,0";"335,0";"5,8";"";"0,0"
"21/03/2026";"0500";"13,9";"15,0";"13,9";"97,0";"97,0";"94,0";"13,4";"14,0";"13,4";"833,3";"833,5";"833,2";"0,6";"338,0";"4,4";"";"0,0"
"21/03/2026";"0600";"13,1";"13,9";"12,9";"98,0";"98,0";"97,0";"12,7";"13,4";"12,6";"832,9";"833,4";"832,9";"1,3";"345,0";"2,1";"";"0,0"
"21/03/2026";"0700";"12,5";"13,1";"12,5";"98,0";"98,0";"98,0";"12,2";"12,7";"12,2";"832,9";"832,9";"832,6";"0,7";"331,0";"2,1";"";"0,0"
"21/03/2026";"0800";"11,9";"12,5";"11,8";"99,0";"99,0";"98,0";"11,8";"12,2";"11,6";"833,1";"833,1";"832,8";"0,9";"336,0";"2,2";"";"0,0"
"21/03/2026";"0900";"11,4";"12,0";"11,3";"99,0";"99,0";"99,0";"11,3";"11,8";"11,2";"833,4";"833,5";"833,0";"0,8";"338,0";"2,2";"";"0,0"
"21/03/2026";"1000";"11,8";"11,9";"11,2";"99,0";"99,0";"99,0";"11,7";"11,8";"11,1";"833,9";"833,9";"833,4";"1,1";"340,0";"2,2";"167,50";"0,0"
"21/03/2026";"1100";"16,2";"16,3";"11,8";"97,0";"99,0";"97,0";"15,7";"16,1";"11,7";"834,3";"834,3";"833,9";"1,5";"336,0";"2,9";"967,00";"0,0"
"21/03/2026";"1200";"20,1";"20,1";"16,2";"74,0";"97,0";"74,0";"15,3";"16,1";"14,7";"834,7";"834,7";"834,3";"0,6";"7,0";"3,7";"1849,60";"0,0"
"21/03/2026";"1300";"21,0";"21,7";"19,4";"68,0";"74,0";"64,0";"14,8";"15,7";"12,8";"834,9";"835,0";"834,7";"1,4";"152,0";"2,8";"2548,80";"0,0"
"21/03/2026";"1400";"21,9";"22,7";"20,3";"63,0";"72,0";"61,0";"14,5";"16,1";"13,1";"834,8";"834,9";"834,8";"1,5";"183,0";"3,4";"3190,00";"0,0"
"21/03/2026";"1500";"22,4";"23,7";"21,0";"51,0";"69,0";"50,0";"11,8";"16,2";"11,8";"834,6";"834,8";"834,6";"1,5";"147,0";"4,1";"3725,30";"0,0"
"21/03/2026";"1600";"24,0";"24,1";"22,3";"58,0";"64,0";"48,0";"15,2";"16,1";"12,2";"834,4";"834,6";"834,4";"1,9";"185,0";"5,3";"3769,20";"0,0"
"21/03/2026";"1700";"22,4";"24,3";"21,7";"65,0";"72,0";"53,0";"15,6";"17,9";"13,3";"834,2";"834,5";"834,2";"1,5";"169,0";"5,8";"3109,10";"0,0"
"21/03/2026";"1800";"22,1";"23,5";"22,1";"65,0";"73,0";"61,0";"15,3";"17,0";"15,1";"834,0";"834,2";"834,0";"2,3";"147,0";"4,6";"2512,90";"0,0"
"21/03/2026";"1900";"21,7";"22,7";"21,6";"71,0";"71,0";"65,0";"16,2";"16,8";"15,0";"833,8";"834,0";"833,8";"1,6";"155,0";"4,6";"1990,00";"0,0"
"21/03/2026";"2000";"21,3";"23,0";"21,2";"70,0";"73,0";"66,0";"15,6";"17,2";"15,5";"833,9";"833,9";"833,7";"1,3";"159,0";"4,8";"1307,40";"0,0"
"21/03/2026";"2100";"18,3";"21,3";"18,3";"71,0";"77,0";"67,0";"13,0";"15,8";"12,6";"834,3";"834,3";"833,9";"1,7";"112,0";"3,7";"198,00";"0,0"
"21/03/2026";"2200";"17,3";"18,4";"17,3";"72,0";"72,0";"68,0";"12,3";"12,9";"11,8";"834,5";"834,5";"834,3";"0,7";"92,0";"3,5";"9,00";"0,0"
"21/03/2026";"2300";"15,9";"17,3";"15,9";"87,0";"87,0";"71,0";"13,7";"13,9";"11,9";"835,1";"835,1";"834,5";"0,8";"359,0";"2,9";"";"0,0"
"22/03/2026";"0000";"15,2";"15,9";"14,9";"91,0";"91,0";"87,0";"13,7";"13,9";"13,2";"835,6";"835,7";"835,1";"0,5";"84,0";"1,7";"";"0,0"
"22/03/2026";"0100";"15,1";"16,2";"15,0";"92,0";"94,0";"90,0";"13,9";"15,0";"13,5";"835,9";"836,0";"835,6";"0,7";"287,0";"2,6";"";"0,0"
"22/03/2026";"0200";"14,6";"15,7";"14,6";"95,0";"96,0";"92,0";"13,8";"14,7";"13,7";"835,9";"836,0";"835,8";"0,6";"314,0";"3,7";"";"0,0"
"22/03/2026";"0300";"14,1";"14,7";"14,1";"96,0";"97,0";"95,0";"13,4";"14,2";"13,4";"835,9";"835,9";"835,8";"0,5";"64,0";"2,1";"";"0,0"
"22/03/2026";"0400";"13,3";"14,2";"13,3";"97,0";"97,0";"96,0";"12,8";"13,5";"12,7";"835,4";"835,9";"835,4";"0,9";"358,0";"2,1";"";"0,0"
"22/03/2026";"0500";"12,4";"13,3";"12,3";"97,0";"97,0";"95,0";"12,0";"12,7";"11,7";"835,1";"835,4";"835,1";"0,8";"340,0";"1,8";"";"0,0"
"22/03/2026";"0600";"11,8";"12,4";"11,7";"98,0";"98,0";"97,0";"11,4";"12,0";"11,3";"834,9";"835,1";"834,9";"0,3";"29,0";"1,5";"";"0,0"
"22/03/2026";"0700";"11,4";"11,9";"11,4";"98,0";"98,0";"98,0";"11,1";"11,6";"11,1";"834,9";"834,9";"834,7";"0,9";"325,0";"1,7";"";"0,0"
"22/03/2026";"0800";"11,0";"11,4";"10,9";"98,0";"98,0";"98,0";"10,7";"11,1";"10,6";"835,0";"835,1";"834,8";"0,2";"230,0";"1,5";"";"0,0"
"22/03/2026";"0900";"10,8";"11,1";"10,7";"98,0";"98,0";"98,0";"10,5";"10,8";"10,4";"835,2";"835,3";"835,0";"1,3";"327,0";"1,9";"";"0,0"
"22/03/2026";"1000";"12,9";"12,9";"10,6";"94,0";"98,0";"94,0";"11,9";"12,1";"10,3";"835,3";"835,3";"835,1";"1,1";"326,0";"1,9";"240,50";"0,0"
"22/03/2026";"1100";"16,9";"16,9";"12,7";"84,0";"94,0";"84,0";"14,2";"14,2";"11,5";"835,7";"835,7";"835,2";"0,6";"333,0";"2,1";"952,90";"0,0"
"22/03/2026";"1200";"20,1";"20,1";"16,7";"65,0";"85,0";"64,0";"13,4";"15,7";"12,7";"836,0";"836,1";"835,7";"0,5";"243,0";"3,0";"1733,30";"0,0"
"22/03/2026";"1300";"21,3";"21,5";"19,8";"62,0";"65,0";"48,0";"13,6";"13,8";"8,9";"836,1";"836,2";"836,0";"1,2";"190,0";"3,8";"2609,10";"0,0"
"22/03/2026";"1400";"22,0";"22,0";"20,5";"53,0";"62,0";"49,0";"12,0";"13,7";"9,9";"836,0";"836,2";"836,0";"1,7";"166,0";"4,0";"3315,80";"0,0"
"22/03/2026";"1500";"23,0";"23,5";"21,3";"50,0";"58,0";"45,0";"12,0";"14,0";"10,4";"835,6";"836,0";"835,6";"1,9";"151,0";"4,1";"3594,50";"0,0"
"22/03/2026";"1600";"23,8";"23,8";"22,3";"51,0";"54,0";"37,0";"13,1";"13,1";"7,2";"834,9";"835,6";"834,9";"0,9";"180,0";"5,0";"3707,90";"0,0"
"22/03/2026";"1700";"24,9";"25,0";"23,5";"33,0";"51,0";"33,0";"7,3";"13,6";"7,3";"834,5";"834,9";"834,5";"1,6";"164,0";"3,9";"3387,10";"0,0"
"22/03/2026";"1800";"23,6";"24,9";"23,4";"50,0";"50,0";"29,0";"12,6";"12,6";"5,3";"834,5";"834,6";"834,5";"2,2";"146,0";"5,5";"2592,60";"0,0"
"22/03/2026";"1900";"21,9";"23,7";"21,9";"62,0";"65,0";"47,0";"14,2";"15,7";"10,4";"834,4";"834,6";"834,4";"2,0";"167,0";"6,1";"2211,70";"0,0"
"22/03/2026";"2000";"21,6";"22,0";"21,1";"48,0";"65,0";"46,0";"10,0";"14,5";"9,6";"834,2";"834,4";"834,2";"1,5";"153,0";"7,3";"1301,90";"0,0"
"22/03/2026";"2100";"17,8";"21,6";"17,8";"66,0";"66,0";"47,0";"11,3";"12,1";"9,3";"834,4";"834,4";"834,1";"1,9";"140,0";"6,2";"383,50";"0,0"
"22/03/2026";"2200";"16,9";"17,8";"16,7";"71,0";"72,0";"66,0";"11,7";"11,7";"11,1";"834,9";"834,9";"834,4";"2,2";"111,0";"5,3";"";"0,0"
"22/03/2026";"2300";"16,8";"17,3";"16,6";"75,0";"75,0";"70,0";"12,3";"12,3";"11,6";"835,2";"835,2";"834,9";"2,1";"106,0";"5,8";"";"0,0"
"23/03/2026";"0000";"16,1";"16,9";"16,1";"88,0";"88,0";"75,0";"14,2";"14,2";"12,3";"835,8";"835,8";"835,1";"1,7";"78,0";"5,4";"";"0,0"
"23/03/2026";"0100";"16,6";"16,6";"16,1";"71,0";"89,0";"70,0";"11,2";"14,3";"11,0";"835,9";"836,0";"835,8";"1,8";"90,0";"6,3";"";"0,0"
"23/03/2026";"0200";"16,5";"16,8";"16,5";"75,0";"79,0";"70,0";"12,0";"12,8";"11,2";"835,8";"835,9";"835,8";"2,0";"106,0";"6,0";"";"0,0"
"23/03/2026";"0300";"16,6";"16,8";"16,5";"72,0";"76,0";"71,0";"11,4";"12,4";"11,4";"835,8";"835,9";"835,8";"1,6";"109,0";"6,2";"";"0,0"
"23/03/2026";"0400";"16,9";"16,9";"16,3";"64,0";"72,0";"64,0";"10,0";"11,5";"10,0";"835,4";"835,8";"835,4";"2,3";"100,0";"6,4";"";"0,0"
"23/03/2026";"0500";"16,5";"17,0";"16,4";"59,0";"64,0";"57,0";"8,4";"10,0";"8,2";"835,0";"835,4";"835,0";"1,8";"90,0";"7,8";"";"0,0"
"23/03/2026";"0600";"15,5";"16,6";"15,3";"31,0";"59,0";"30,0";"-1,4";"8,4";"-1,6";"834,4";"835,0";"834,4";"1,8";"24,0";"6,1";"";"0,0"
"23/03/2026";"0700";"15,5";"15,8";"15,2";"29,0";"32,0";"27,0";"-2,4";"-1,3";"-3,6";"834,1";"834,4";"834,1";"1,8";"22,0";"4,3";"";"0,0"
"23/03/2026";"0800";"14,6";"15,9";"14,3";"37,0";"38,0";"26,0";"0,2";"0,6";"-3,7";"834,2";"834,2";"834,0";"1,4";"21,0";"3,2";"";"0,0"
"23/03/2026";"0900";"14,3";"14,6";"12,9";"58,0";"58,0";"37,0";"6,2";"6,2";"0,6";"834,2";"834,3";"834,2";"1,5";"22,0";"4,2";"";"0,0"
"23/03/2026";"1000";"15,7";"15,7";"13,4";"60,0";"63,0";"58,0";"7,8";"7,8";"6,1";"834,4";"834,4";"834,2";"0,4";"287,0";"3,9";"196,10";"0,0"
"23/03/2026";"1100";"18,2";"18,2";"14,8";"58,0";"63,0";"56,0";"9,8";"9,8";"7,3";"834,5";"834,6";"834,3";"0,9";"320,0";"2,8";"1017,30";"0,0"
"23/03/2026";"1200";"19,4";"19,9";"18,1";"50,0";"60,0";"45,0";"8,6";"10,7";"7,4";"834,7";"834,7";"834,5";"3,2";"344,0";"6,7";"1900,90";"0,0"
"23/03/2026";"1300";"21,4";"21,9";"19,4";"54,0";"57,0";"50,0";"11,6";"12,3";"8,8";"834,7";"834,8";"834,6";"1,5";"328,0";"6,8";"2689,30";"0,0"
"23/03/2026";"1400";"22,3";"22,6";"20,7";"50,0";"54,0";"45,0";"11,3";"11,9";"8,7";"834,7";"834,8";"834,6";"1,0";"315,0";"4,7";"3266,30";"0,0"
"23/03/2026";"1500";"21,7";"23,1";"21,0";"55,0";"61,0";"45,0";"12,3";"14,0";"8,8";"834,2";"834,7";"834,2";"2,0";"159,0";"4,6";"3611,10";"0,0"
"23/03/2026";"1600";"21,8";"23,0";"20,7";"59,0";"62,0";"53,0";"13,5";"14,3";"11,8";"833,5";"834,2";"833,5";"1,7";"146,0";"5,0";"3184,10";"0,0"
"23/03/2026";"1700";"22,7";"23,0";"20,6";"54,0";"63,0";"51,0";"12,9";"14,3";"12,0";"833,2";"833,5";"833,2";"1,5";"165,0";"4,2";"2349,30";"0,0"
"23/03/2026";"1800";"22,5";"23,6";"21,9";"51,0";"55,0";"48,0";"11,9";"13,5";"11,1";"833,1";"833,2";"833,0";"1,7";"166,0";"4,7";"2674,40";"0,0"
"23/03/2026";"1900";"22,2";"22,8";"20,6";"64,0";"70,0";"48,0";"15,0";"15,9";"11,2";"832,9";"833,1";"832,9";"1,1";"151,0";"5,1";"2004,60";"0,0"
"23/03/2026";"2000";"21,3";"22,7";"21,1";"67,0";"70,0";"60,0";"14,9";"16,1";"14,0";"832,9";"833,0";"832,8";"1,4";"145,0";"4,2";"1439,30";"0,0"
"23/03/2026";"2100";"18,1";"21,6";"18,1";"74,0";"76,0";"67,0";"13,4";"15,7";"13,4";"833,1";"833,1";"832,8";"1,9";"115,0";"4,1";"538,70";"0,0"
"23/03/2026";"2200";"16,5";"18,1";"16,4";"85,0";"85,0";"73,0";"13,9";"13,9";"12,2";"833,3";"833,3";"833,0";"1,6";"39,0";"3,7";"0,20";"0,0"
"23/03/2026";"2300";"15,5";"16,5";"15,5";"89,0";"89,0";"85,0";"13,8";"13,9";"13,6";"833,6";"833,7";"833,2";"0,4";"230,0";"3,4";"";"0,0"
"24/03/2026";"0000";"15,0";"15,6";"14,8";"93,0";"93,0";"89,0";"13,9";"14,1";"13,7";"833,7";"833,8";"833,6";"1,2";"330,0";"2,6";"";"0,0"
"24/03/2026";"0100";"14,1";"15,0";"14,1";"95,0";"95,0";"93,0";"13,3";"13,9";"13,3";"834,0";"834,1";"833,7";"0,6";"317,0";"2,5";"";"0,0"
"24/03/2026";"0200";"13,4";"14,1";"13,4";"96,0";"96,0";"95,0";"12,8";"13,3";"12,8";"834,3";"834,3";"834,0";"0,6";"340,0";"2,0";"";"0,0"
"24/03/2026";"0300";"13,0";"13,4";"13,0";"97,0";"97,0";"96,0";"12,5";"12,8";"12,3";"834,3";"834,5";"834,3";"0,6";"331,0";"2,4";"";"0,0"
"24/03/2026";"0400";"12,4";"13,0";"12,4";"97,0";"98,0";"97,0";"12,0";"12,5";"12,0";"834,1";"834,3";"834,1";"0,6";"324,0";"2,5";"";"0,0"
"24/03/2026";"0500";"12,1";"12,5";"12,1";"98,0";"98,0";"97,0";"11,7";"12,2";"11,7";"833,6";"834,1";"833,6";"0,9";"327,0";"2,2";"";"0,0"
"24/03/2026";"0600";"11,4";"12,1";"11,4";"98,0";"98,0";"98,0";"11,0";"11,7";"11,0";"833,0";"833,6";"833,0";"0,9";"328,0";"1,8";"";"0,0"
"24/03/2026";"0700";"10,9";"11,4";"10,9";"98,0";"98,0";"98,0";"10,5";"11,0";"10,5";"833,2";"833,3";"833,0";"1,1";"340,0";"2,3";"";"0,0"
"24/03/2026";"0800";"10,3";"10,9";"10,3";"98,0";"98,0";"98,0";"9,9";"10,5";"9,9";"833,2";"833,3";"833,1";"1,1";"333,0";"1,9";"";"0,0"
"24/03/2026";"0900";"10,8";"10,8";"10,2";"98,0";"98,0";"98,0";"10,5";"10,6";"9,8";"833,4";"833,4";"833,2";"1,0";"336,0";"2,1";"";"0,0"
"24/03/2026";"1000";"12,3";"12,4";"10,6";"94,0";"98,0";"94,0";"11,2";"11,6";"10,3";"833,6";"833,6";"833,3";"0,9";"331,0";"2,1";"177,60";"0,2"
"24/03/2026";"1100";"16,5";"16,5";"12,2";"84,0";"93,0";"83,0";"13,8";"13,8";"11,2";"834,3";"834,3";"833,6";"1,5";"337,0";"2,7";"948,30";"0,0"
"24/03/2026";"1200";"19,5";"19,5";"16,5";"73,0";"84,0";"72,0";"14,5";"14,6";"13,3";"834,7";"834,7";"834,3";"1,8";"326,0";"5,5";"1809,60";"0,0"
"24/03/2026";"1300";"20,4";"20,6";"19,2";"68,0";"74,0";"66,0";"14,4";"15,1";"13,5";"834,8";"834,9";"834,7";"1,3";"310,0";"8,3";"2607,80";"0,0"
"24/03/2026";"1400";"20,0";"21,6";"19,5";"64,0";"69,0";"60,0";"12,9";"14,6";"11,8";"834,7";"834,8";"834,6";"1,1";"292,0";"6,0";"2589,40";"0,0"
"24/03/2026";"1500";"21,2";"21,5";"19,7";"64,0";"67,0";"58,0";"14,1";"14,1";"12,3";"834,0";"834,7";"834,0";"0,8";"291,0";"5,3";"1995,10";"0,0"
"24/03/2026";"1600";"21,7";"22,6";"20,5";"60,0";"66,0";"53,0";"13,7";"14,6";"12,0";"833,7";"834,1";"833,7";"0,9";"303,0";"6,0";"2923,20";"0,0"
"24/03/2026";"1700";"22,9";"23,8";"21,2";"51,0";"61,0";"49,0";"12,3";"14,4";"11,8";"833,4";"833,8";"833,4";"1,2";"266,0";"4,9";"3267,60";"0,0"
"24/03/2026";"1800";"22,0";"24,3";"21,8";"60,0";"61,0";"49,0";"13,9";"14,2";"11,9";"833,2";"833,3";"833,1";"0,7";"344,0";"5,1";"2260,10";"0,0"
"24/03/2026";"1900";"22,6";"23,0";"21,6";"50,0";"60,0";"48,0";"11,8";"14,4";"10,6";"833,0";"833,2";"832,9";"1,2";"234,0";"4,4";"2141,00";"0,0"
"24/03/2026";"2000";"21,7";"23,0";"20,9";"57,0";"59,0";"51,0";"12,8";"13,0";"11,7";"833,1";"833,1";"832,9";"0,6";"280,0";"3,3";"994,30";"0,0"
"24/03/2026";"2100";"19,2";"21,9";"19,2";"67,0";"67,0";"56,0";"12,9";"13,2";"12,3";"833,2";"833,2";"833,0";"0,3";"303,0";"1,7";"432,20";"0,0"
"24/03/2026";"2200";"18,4";"19,2";"18,4";"74,0";"75,0";"66,0";"13,8";"14,1";"12,8";"833,7";"833,8";"833,2";"0,6";"320,0";"2,9";"5,70";"0,0"
"24/03/2026";"2300";"17,8";"18,4";"17,8";"79,0";"80,0";"74,0";"14,1";"14,3";"13,8";"834,6";"834,6";"833,7";"0,4";"294,0";"2,9";"";"0,0"
"25/03/2026";"0000";"17,5";"17,8";"17,4";"78,0";"80,0";"78,0";"13,7";"14,1";"13,7";"835,1";"835,1";"834,6";"0,6";"302,0";"1,6";"";"0,0"
"25/03/2026";"0100";"17,3";"17,5";"17,3";"79,0";"80,0";"78,0";"13,7";"13,8";"13,6";"835,5";"835,5";"835,1";"0,8";"323,0";"3,4";"";"0,0"
"25/03/2026";"0200";"16,4";"17,4";"16,4";"83,0";"83,0";"79,0";"13,5";"13,7";"13,5";"835,4";"835,5";"835,4";"1,1";"332,0";"4,0";"";"0,0"
"25/03/2026";"0300";"15,8";"16,4";"15,7";"87,0";"87,0";"83,0";"13,7";"13,8";"13,5";"835,7";"835,8";"835,4";"0,9";"326,0";"3,0";"";"0,0"
"25/03/2026";"0400";"15,8";"16,2";"15,7";"88,0";"88,0";"87,0";"13,9";"14,0";"13,6";"835,6";"835,9";"835,6";"1,0";"318,0";"3,5";"";"0,0"
"25/03/2026";"0500";"15,8";"15,8";"15,6";"91,0";"92,0";"88,0";"14,3";"14,4";"13,9";"835,4";"835,7";"835,4";"1,1";"310,0";"3,2";"";"0,0"
"25/03/2026";"0600";"15,2";"15,9";"15,2";"91,0";"91,0";"88,0";"13,8";"14,3";"13,7";"835,1";"835,4";"835,1";"0,8";"315,0";"5,3";"";"0,0"
"25/03/2026";"0700";"14,7";"15,2";"14,7";"93,0";"94,0";"91,0";"13,6";"13,9";"13,6";"835,2";"835,3";"835,0";"1,0";"306,0";"5,0";"";"0,0"
"25/03/2026";"0800";"14,4";"14,8";"14,4";"94,0";"94,0";"92,0";"13,4";"13,6";"13,4";"835,6";"835,6";"835,1";"0,9";"324,0";"3,5";"";"0,0"
"25/03/2026";"0900";"14,3";"14,4";"14,3";"94,0";"95,0";"94,0";"13,4";"13,6";"13,4";"836,2";"836,2";"835,6";"1,5";"327,0";"5,5";"";"0,0"
"25/03/2026";"1000";"15,1";"15,1";"14,3";"93,0";"94,0";"92,0";"13,9";"13,9";"13,4";"836,7";"836,8";"836,2";"1,8";"329,0";"8,1";"83,70";"0,0"
"25/03/2026";"1100";"17,2";"17,4";"15,1";"82,0";"93,0";"82,0";"14,1";"14,6";"13,8";"837,3";"837,3";"836,7";"1,2";"318,0";"5,1";"694,30";"0,0"
"25/03/2026";"1200";"18,8";"19,1";"16,8";"79,0";"86,0";"77,0";"15,1";"15,6";"14,0";"837,6";"837,6";"837,3";"1,3";"323,0";"7,4";"1058,40";"0,0"
"25/03/2026";"1300";"19,7";"20,5";"18,8";"74,0";"79,0";"71,0";"14,9";"15,6";"14,5";"837,7";"837,8";"837,6";"1,3";"316,0";"6,0";"2017,70";"0,0"
"25/03/2026";"1400";"19,5";"21,4";"19,4";"73,0";"76,0";"67,0";"14,5";"15,9";"14,1";"838,1";"838,1";"837,7";"1,0";"300,0";"7,4";"1913,20";"0,0"
"25/03/2026";"1500";"20,3";"22,2";"19,5";"68,0";"75,0";"63,0";"14,0";"15,8";"13,8";"838,0";"838,1";"837,9";"1,1";"289,0";"5,6";"2017,40";"0,0"
"25/03/2026";"1600";"22,1";"23,6";"20,1";"60,0";"71,0";"58,0";"13,8";"16,3";"13,8";"837,4";"838,1";"837,4";"1,6";"320,0";"6,8";"2964,50";"0,0"
"25/03/2026";"1700";"22,9";"22,9";"20,7";"60,0";"68,0";"60,0";"14,8";"15,8";"13,5";"837,0";"837,5";"837,0";"0,8";"287,0";"6,8";"1541,60";"0,0"
"25/03/2026";"1800";"22,5";"22,9";"20,8";"61,0";"66,0";"58,0";"14,6";"14,8";"13,4";"836,5";"837,0";"836,5";"0,8";"307,0";"4,4";"1436,70";"0,0"
"25/03/2026";"1900";"22,2";"23,1";"21,3";"60,0";"65,0";"57,0";"14,1";"15,4";"13,5";"836,3";"836,5";"836,2";"1,5";"333,0";"5,9";"1861,00";"0,0"
"25/03/2026";"2000";"21,8";"22,3";"21,0";"61,0";"64,0";"59,0";"13,8";"14,5";"13,2";"836,4";"836,4";"836,2";"0,5";"304,0";"5,0";"1034,20";"0,0"
"25/03/2026";"2100";"19,5";"22,0";"19,5";"70,0";"70,0";"59,0";"13,8";"13,9";"13,2";"836,7";"836,7";"836,3";"0,3";"285,0";"1,9";"385,40";"0,0"
"25/03/2026";"2200";"17,7";"19,5";"17,7";"84,0";"84,0";"70,0";"14,9";"15,0";"13,7";"837,3";"837,3";"836,7";"0,8";"354,0";"1,4";"";"0,0"
"25/03/2026";"2300";"17,3";"17,8";"17,2";"85,0";"85,0";"83,0";"14,8";"15,0";"14,6";"837,8";"837,8";"837,3";"0,9";"332,0";"2,5";"";"0,0"
"26/03/2026";"0000";"16,7";"17,5";"16,7";"89,0";"89,0";"84,0";"14,9";"15,1";"14,7";"838,2";"838,2";"837,7";"1,2";"338,0";"2,5";"";"0,0"
"26/03/2026";"0100";"15,8";"16,7";"15,8";"92,0";"92,0";"89,0";"14,6";"14,8";"14,5";"838,6";"838,6";"838,2";"0,8";"325,0";"2,5";"";"0,0"
"26/03/2026";"0200";"15,5";"15,8";"15,5";"93,0";"93,0";"92,0";"14,4";"14,6";"14,4";"838,5";"838,8";"838,4";"1,3";"333,0";"2,4";"";"0,0"
"26/03/2026";"0300";"15,2";"15,5";"15,2";"94,0";"94,0";"93,0";"14,2";"14,6";"14,2";"838,4";"838,6";"838,4";"1,4";"330,0";"3,2";"";"0,0"
"26/03/2026";"0400";"14,9";"15,2";"14,8";"95,0";"95,0";"94,0";"14,1";"14,2";"14,0";"838,0";"838,4";"838,0";"1,3";"330,0";"2,8";"";"0,0"
"26/03/2026";"0500";"15,3";"16,1";"14,8";"92,0";"96,0";"88,0";"14,0";"14,5";"13,8";"837,4";"838,0";"837,4";"1,9";"333,0";"4,9";"";"0,0"
"26/03/2026";"0600";"14,9";"15,3";"14,5";"96,0";"96,0";"92,0";"14,2";"14,3";"13,6";"837,1";"837,4";"837,1";"1,6";"336,0";"3,8";"";"0,0"
"26/03/2026";"0700";"15,0";"15,1";"14,3";"95,0";"97,0";"94,0";"14,3";"14,5";"13,6";"837,0";"837,1";"836,9";"2,4";"344,0";"4,1";"";"0,0"
"26/03/2026";"0800";"14,9";"15,2";"14,6";"96,0";"96,0";"95,0";"14,2";"14,6";"13,8";"837,3";"837,3";"837,0";"1,3";"331,0";"3,9";"";"0,0"
"26/03/2026";"0900";"15,0";"15,5";"14,8";"95,0";"96,0";"95,0";"14,2";"14,9";"14,1";"837,7";"837,7";"837,3";"1,0";"330,0";"4,9";"";"0,0"
"26/03/2026";"1000";"16,6";"16,6";"14,6";"92,0";"97,0";"92,0";"15,3";"15,3";"14,0";"838,2";"838,2";"837,7";"1,9";"338,0";"4,0";"164,80";"0,0"
"26/03/2026";"1100";"18,7";"18,7";"16,6";"81,0";"92,0";"81,0";"15,4";"15,9";"14,9";"838,9";"838,9";"838,2";"2,6";"337,0";"4,8";"911,00";"0,0"
"26/03/2026";"1200";"20,5";"20,8";"18,6";"73,0";"83,0";"71,0";"15,6";"16,4";"15,0";"839,4";"839,5";"838,9";"2,1";"332,0";"5,3";"1715,60";"0,0"
"26/03/2026";"1300";"21,3";"22,3";"20,4";"67,0";"75,0";"63,0";"14,8";"16,2";"14,7";"839,7";"839,7";"839,4";"2,1";"333,0";"5,3";"2410,90";"0,0"
"26/03/2026";"1400";"22,9";"23,9";"20,7";"63,0";"72,0";"59,0";"15,4";"17,5";"14,7";"839,4";"839,7";"839,4";"1,4";"332,0";"5,1";"2608,80";"0,0"
"26/03/2026";"1500";"22,6";"23,5";"21,8";"62,0";"72,0";"59,0";"14,9";"17,4";"14,4";"839,1";"839,5";"839,1";"0,9";"274,0";"3,6";"2199,20";"0,0"
"26/03/2026";"1600";"21,3";"22,7";"20,8";"73,0";"77,0";"62,0";"16,2";"17,0";"14,5";"838,6";"839,1";"838,6";"0,7";"160,0";"3,7";"1098,20";"0,0"
"26/03/2026";"1700";"20,6";"21,8";"20,6";"77,0";"80,0";"71,0";"16,5";"17,2";"16,3";"838,1";"838,6";"838,1";"1,1";"147,0";"4,4";"682,50";"0,0"
"26/03/2026";"1800";"23,4";"23,4";"20,0";"68,0";"80,0";"65,0";"17,2";"17,7";"16,0";"837,6";"838,1";"837,6";"1,0";"165,0";"3,9";"1311,90";"0,0"
"26/03/2026";"1900";"21,9";"23,4";"20,5";"73,0";"78,0";"67,0";"16,8";"17,1";"16,1";"837,2";"837,7";"837,2";"0,5";"225,0";"3,9";"677,30";"0,0"
"26/03/2026";"2000";"19,6";"22,2";"19,6";"83,0";"84,0";"71,0";"16,6";"17,1";"16,3";"837,2";"837,2";"837,1";"1,8";"13,0";"3,9";"335,20";"0,0"
"26/03/2026";"2100";"18,8";"19,6";"18,8";"84,0";"84,0";"78,0";"15,9";"16,5";"15,6";"837,7";"837,7";"837,1";"1,7";"13,0";"4,9";"58,50";"0,0"
"26/03/2026";"2200";"18,0";"18,8";"18,0";"89,0";"89,0";"84,0";"16,1";"16,5";"15,8";"838,2";"838,2";"837,6";"1,3";"73,0";"4,5";"";"0,0"
"26/03/2026";"2300";"16,6";"18,0";"16,6";"92,0";"92,0";"89,0";"15,4";"16,1";"15,4";"838,6";"838,6";"838,2";"0,4";"313,0";"3,5";"";"0,0"
"27/03/2026";"0000";"17,1";"17,1";"16,2";"94,0";"96,0";"92,0";"16,2";"16,2";"15,3";"839,1";"839,2";"838,6";"1,5";"1,0";"3,5";"";"0,0"
"27/03/2026";"0100";"16,6";"17,3";"16,5";"94,0";"95,0";"92,0";"15,7";"16,3";"15,5";"839,4";"839,4";"839,1";"1,0";"324,0";"3,5";"";"0,0"
"27/03/2026";"0200";"15,7";"16,6";"15,6";"97,0";"97,0";"94,0";"15,2";"15,7";"15,0";"839,1";"839,4";"839,1";"1,2";"332,0";"3,2";"";"0,0"
"27/03/2026";"0300";"15,1";"16,0";"15,0";"97,0";"97,0";"96,0";"14,6";"15,5";"14,5";"839,0";"839,2";"839,0";"1,3";"346,0";"2,5";"";"0,0"
"27/03/2026";"0400";"14,2";"15,1";"14,2";"98,0";"98,0";"97,0";"13,8";"14,6";"13,8";"838,6";"839,0";"838,6";"1,2";"339,0";"2,0";"";"0,0"
"27/03/2026";"0500";"13,8";"14,2";"13,8";"98,0";"98,0";"98,0";"13,6";"13,8";"13,5";"838,1";"838,6";"838,1";"1,2";"348,0";"2,1";"";"0,0"
"27/03/2026";"0600";"13,0";"13,9";"13,0";"98,0";"98,0";"98,0";"12,7";"13,6";"12,7";"837,9";"838,1";"837,9";"1,0";"349,0";"2,0";"";"0,0"
"27/03/2026";"0700";"12,0";"13,0";"12,0";"98,0";"99,0";"98,0";"11,8";"12,7";"11,8";"837,7";"837,9";"837,7";"0,7";"324,0";"1,6";"";"0,0"
"27/03/2026";"0800";"10,9";"12,1";"10,9";"99,0";"99,0";"98,0";"10,7";"11,8";"10,7";"838,0";"838,0";"837,7";"1,3";"336,0";"2,0";"";"0,0"
"27/03/2026";"0900";"10,2";"11,0";"10,2";"99,0";"99,0";"99,0";"10,1";"10,8";"10,0";"838,5";"838,5";"838,0";"1,0";"341,0";"2,1";"";"0,0"
"27/03/2026";"1000";"12,3";"12,3";"9,9";"95,0";"99,0";"94,0";"11,5";"11,5";"9,7";"839,2";"839,2";"838,4";"0,9";"335,0";"1,9";"179,80";"0,0"
"27/03/2026";"1100";"16,1";"16,1";"12,2";"80,0";"95,0";"78,0";"12,5";"12,5";"10,5";"839,9";"839,9";"839,2";"1,2";"337,0";"2,4";"975,40";"0,0"
"27/03/2026";"1200";"19,8";"20,0";"16,1";"59,0";"80,0";"59,0";"11,6";"14,6";"11,6";"840,3";"840,3";"839,9";"1,7";"317,0";"4,2";"1835,30";"0,0"
"27/03/2026";"1300";"21,9";"22,0";"19,8";"52,0";"62,0";"45,0";"11,6";"12,7";"9,1";"840,5";"840,5";"840,3";"1,2";"328,0";"4,0";"2614,80";"0,0"
"27/03/2026";"1400";"22,9";"23,1";"21,6";"62,0";"64,0";"44,0";"15,2";"15,3";"9,4";"840,4";"840,6";"840,4";"0,9";"149,0";"3,1";"3227,60";"0,0"
"27/03/2026";"1500";"22,2";"23,2";"21,0";"68,0";"73,0";"62,0";"16,0";"17,1";"14,7";"839,9";"840,4";"839,9";"2,1";"146,0";"4,4";"3243,40";"0,0"
"27/03/2026";"1600";"23,5";"24,1";"20,7";"62,0";"72,0";"61,0";"15,7";"17,1";"15,2";"839,1";"839,9";"839,1";"1,7";"168,0";"4,4";"3167,80";"0,0"
"27/03/2026";"1700";"21,6";"23,8";"20,9";"72,0";"73,0";"61,0";"16,4";"16,5";"15,2";"838,8";"839,1";"838,7";"0,9";"168,0";"4,1";"1740,30";"0,0"
"27/03/2026";"1800";"23,0";"24,3";"20,2";"67,0";"77,0";"64,0";"16,4";"18,0";"15,4";"838,5";"838,8";"838,5";"1,6";"128,0";"4,4";"1883,10";"0,0"
"27/03/2026";"1900";"20,6";"24,1";"20,6";"74,0";"75,0";"62,0";"15,8";"17,3";"15,4";"838,4";"838,5";"838,4";"1,3";"96,0";"4,0";"1818,70";"0,0"
"27/03/2026";"2000";"19,1";"20,7";"19,1";"78,0";"78,0";"73,0";"15,2";"16,1";"15,2";"838,5";"838,6";"838,4";"2,2";"19,0";"4,5";"373,50";"0,0"
"27/03/2026";"2100";"18,7";"19,1";"18,7";"65,0";"79,0";"60,0";"11,9";"15,3";"11,2";"838,6";"838,7";"838,5";"2,2";"4,0";"4,7";"202,00";"0,0"
"27/03/2026";"2200";"17,7";"18,7";"17,7";"70,0";"71,0";"65,0";"12,1";"12,5";"11,9";"838,8";"838,9";"838,6";"2,2";"356,0";"4,7";"";"0,0"
"27/03/2026";"2300";"16,9";"17,7";"16,9";"78,0";"78,0";"68,0";"13,0";"13,0";"11,7";"839,3";"839,4";"838,8";"2,2";"7,0";"4,9";"";"0,0"
"28/03/2026";"0000";"15,8";"16,9";"15,8";"84,0";"84,0";"78,0";"13,2";"13,4";"13,0";"839,7";"839,7";"839,3";"1,0";"320,0";"4,6";"";"0,0"
"28/03/2026";"0100";"15,0";"15,8";"15,0";"87,0";"87,0";"84,0";"12,8";"13,2";"12,8";"839,9";"839,9";"839,7";"2,0";"344,0";"3,4";"";"0,0"
"28/03/2026";"0200";"13,9";"15,1";"13,9";"92,0";"92,0";"86,0";"12,5";"12,9";"12,5";"839,9";"840,0";"839,9";"1,1";"327,0";"3,4";"";"0,0"
"28/03/2026";"0300";"13,8";"14,1";"13,7";"91,0";"92,0";"91,0";"12,5";"12,8";"12,4";"839,7";"839,9";"839,6";"1,3";"328,0";"4,1";"";"0,0"
"28/03/2026";"0400";"13,2";"13,8";"13,2";"93,0";"93,0";"91,0";"12,2";"12,6";"12,1";"839,4";"839,7";"839,4";"0,5";"314,0";"2,6";"";"0,0"
"28/03/2026";"0500";"12,8";"13,2";"12,8";"95,0";"95,0";"93,0";"11,9";"12,3";"11,9";"839,0";"839,4";"839,0";"0,8";"337,0";"2,0";"";"0,0"
"28/03/2026";"0600";"12,2";"12,8";"12,0";"96,0";"97,0";"95,0";"11,5";"12,0";"11,4";"838,7";"839,0";"838,7";"1,0";"344,0";"2,1";"";"0,0"
"28/03/2026";"0700";"11,9";"12,6";"11,8";"96,0";"97,0";"94,0";"11,3";"12,0";"11,2";"838,6";"838,7";"838,5";"1,3";"357,0";"2,0";"";"0,0"
"28/03/2026";"0800";"11,0";"11,9";"11,0";"97,0";"97,0";"96,0";"10,5";"11,1";"10,5";"838,7";"838,7";"838,5";"1,2";"332,0";"1,8";"";"0,0"
"28/03/2026";"0900";"10,7";"11,4";"10,7";"97,0";"98,0";"97,0";"10,3";"11,0";"10,3";"839,1";"839,1";"838,7";"1,3";"338,0";"2,0";"";"0,0"
"28/03/2026";"1000";"12,6";"12,6";"10,6";"88,0";"97,0";"87,0";"10,6";"11,2";"10,2";"839,5";"839,5";"839,1";"1,0";"333,0";"2,0";"170,00";"0,0"
"28/03/2026";"1100";"17,5";"17,5";"12,6";"71,0";"89,0";"70,0";"12,2";"12,5";"10,8";"840,1";"840,2";"839,5";"0,7";"342,0";"1,9";"945,60";"0,0"
"28/03/2026";"1200";"20,5";"20,5";"17,3";"60,0";"72,0";"60,0";"12,4";"13,4";"11,5";"840,5";"840,6";"840,1";"0,8";"353,0";"2,6";"1782,90";"0,0"
"28/03/2026";"1300";"22,3";"22,3";"20,5";"54,0";"63,0";"51,0";"12,4";"13,4";"11,2";"840,7";"840,8";"840,5";"0,9";"323,0";"3,9";"2554,00";"0,0"
"28/03/2026";"1400";"21,6";"22,8";"20,9";"64,0";"65,0";"50,0";"14,5";"14,5";"11,2";"840,7";"840,8";"840,7";"1,9";"148,0";"3,8";"3126,40";"0,0"
"28/03/2026";"1500";"22,1";"22,3";"21,2";"61,0";"66,0";"59,0";"14,3";"15,2";"13,5";"840,2";"840,7";"840,2";"1,5";"168,0";"4,5";"3490,50";"0,0"
"28/03/2026";"1600";"22,4";"23,0";"22,0";"61,0";"63,0";"58,0";"14,5";"15,1";"13,7";"839,7";"840,3";"839,6";"1,8";"169,0";"4,2";"3388,40";"0,0"
"28/03/2026";"1700";"22,8";"24,1";"22,3";"63,0";"67,0";"58,0";"15,4";"16,8";"14,7";"839,1";"839,7";"839,1";"1,4";"176,0";"4,9";"3061,10";"0,0"
"28/03/2026";"1800";"23,5";"24,6";"22,2";"63,0";"67,0";"56,0";"16,1";"17,0";"14,9";"838,8";"839,1";"838,8";"1,6";"165,0";"3,7";"2761,40";"0,0"
"28/03/2026";"1900";"23,0";"23,9";"21,8";"66,0";"70,0";"60,0";"16,3";"16,9";"15,1";"838,8";"838,9";"838,8";"1,3";"165,0";"4,0";"2027,90";"0,0"
"28/03/2026";"2000";"19,7";"23,5";"19,6";"79,0";"79,0";"65,0";"15,9";"17,0";"15,2";"839,2";"839,2";"838,8";"2,1";"40,0";"5,4";"1386,40";"0,0"
"28/03/2026";"2100";"18,7";"19,7";"18,7";"81,0";"82,0";"79,0";"15,3";"16,0";"15,2";"839,4";"839,4";"839,2";"1,6";"19,0";"4,2";"344,50";"0,0"
"28/03/2026";"2200";"17,4";"18,7";"17,4";"67,0";"82,0";"65,0";"11,3";"15,4";"11,1";"839,6";"839,6";"839,4";"1,1";"12,0";"3,9";"";"0,0"
"28/03/2026";"2300";"15,8";"17,4";"15,8";"77,0";"77,0";"64,0";"11,7";"11,7";"10,7";"840,2";"840,2";"839,6";"1,2";"354,0";"2,0";"";"0,0"
"29/03/2026";"0000";"16,2";"16,3";"15,3";"86,0";"87,0";"77,0";"13,8";"14,0";"11,8";"840,3";"840,3";"840,2";"2,8";"352,0";"5,1";"";"0,0"
"29/03/2026";"0100";"15,5";"16,4";"15,5";"89,0";"89,0";"83,0";"13,7";"13,8";"13,4";"840,4";"840,5";"840,3";"1,2";"323,0";"6,0";"";"0,0"
"29/03/2026";"0200";"15,2";"15,6";"15,1";"91,0";"91,0";"88,0";"13,7";"13,9";"13,1";"840,3";"840,4";"840,3";"3,5";"345,0";"5,8";"";"0,0"
"29/03/2026";"0300";"15,2";"15,2";"14,6";"90,0";"93,0";"90,0";"13,5";"13,9";"13,3";"840,1";"840,4";"840,1";"3,7";"344,0";"5,6";"";"0,0"
"29/03/2026";"0400";"15,1";"15,2";"14,7";"90,0";"91,0";"89,0";"13,5";"13,5";"13,3";"839,6";"840,1";"839,6";"3,6";"345,0";"6,2";"";"0,0"
"29/03/2026";"0500";"14,4";"15,1";"14,4";"90,0";"90,0";"89,0";"12,7";"13,5";"12,7";"839,1";"839,6";"839,1";"2,3";"337,0";"6,8";"";"0,0"
"29/03/2026";"0600";"12,9";"14,4";"12,9";"95,0";"95,0";"90,0";"12,2";"12,9";"12,2";"838,5";"839,1";"838,5";"0,5";"335,0";"5,0";"";"0,0"
"29/03/2026";"0700";"12,2";"12,9";"12,1";"96,0";"96,0";"95,0";"11,6";"12,3";"11,5";"838,2";"838,5";"838,2";"0,9";"331,0";"2,3";"";"0,0"
"29/03/2026";"0800";"11,5";"12,2";"11,4";"97,0";"97,0";"96,0";"10,9";"11,7";"10,9";"838,4";"838,4";"838,2";"0,9";"345,0";"2,8";"";"0,0"
"29/03/2026";"0900";"11,0";"11,7";"11,0";"97,0";"97,0";"96,0";"10,5";"11,2";"10,5";"838,8";"838,9";"838,4";"1,1";"342,0";"1,8";"";"0,0"
"29/03/2026";"1000";"13,2";"13,2";"10,8";"89,0";"97,0";"89,0";"11,4";"12,0";"10,4";"839,2";"839,2";"838,8";"0,6";"321,0";"2,5";"167,40";"0,0"
"29/03/2026";"1100";"17,8";"17,8";"13,2";"75,0";"89,0";"75,0";"13,4";"13,4";"11,4";"839,7";"839,7";"839,2";"1,5";"337,0";"2,8";"941,20";"0,0"
"29/03/2026";"1200";"21,2";"21,3";"17,8";"55,0";"75,0";"52,0";"11,7";"13,8";"10,8";"840,1";"840,1";"839,7";"1,0";"326,0";"3,0";"1781,40";"0,0"
"29/03/2026";"1300";"22,5";"23,1";"20,9";"46,0";"55,0";"41,0";"10,3";"12,2";"8,5";"840,1";"840,2";"840,0";"1,6";"338,0";"4,5";"2554,40";"0,0"
"29/03/2026";"1400";"21,3";"23,0";"21,3";"64,0";"67,0";"46,0";"14,2";"15,5";"10,4";"839,7";"840,1";"839,7";"2,1";"145,0";"4,0";"3102,50";"0,0"
"29/03/2026";"1500";"22,2";"22,4";"21,1";"67,0";"69,0";"64,0";"15,7";"16,1";"14,4";"839,3";"839,7";"839,3";"1,7";"153,0";"3,9";"3426,30";"0,0"
"29/03/2026";"1600";"24,1";"24,1";"20,6";"62,0";"71,0";"61,0";"16,3";"16,6";"14,5";"838,7";"839,4";"838,7";"1,8";"148,0";"5,4";"3069,30";"0,0"
"29/03/2026";"1700";"22,6";"24,2";"21,6";"65,0";"67,0";"57,0";"15,7";"16,5";"14,3";"838,2";"838,7";"838,2";"1,4";"188,0";"4,5";"2002,00";"0,0"
"29/03/2026";"1800";"21,3";"25,2";"21,3";"72,0";"75,0";"58,0";"16,0";"17,1";"15,1";"837,7";"838,2";"837,7";"1,3";"116,0";"5,7";"1569,70";"0,0"
"29/03/2026";"1900";"21,6";"23,8";"21,0";"70,0";"75,0";"65,0";"16,0";"17,8";"15,7";"837,7";"837,8";"837,5";"1,8";"107,0";"4,8";"1374,20";"0,0"
"29/03/2026";"2000";"20,5";"21,6";"19,8";"68,0";"80,0";"68,0";"14,5";"16,3";"14,2";"837,8";"837,8";"837,7";"1,0";"26,0";"6,0";"1025,50";"0,0"
"29/03/2026";"2100";"18,8";"21,7";"18,8";"64,0";"74,0";"61,0";"11,9";"15,2";"11,4";"837,9";"837,9";"837,7";"0,8";"52,0";"2,7";"200,20";"0,0"
"29/03/2026";"2200";"16,3";"18,8";"16,3";"80,0";"80,0";"63,0";"12,8";"13,0";"11,4";"837,9";"838,0";"837,8";"1,3";"347,0";"2,7";"";"0,0"
"29/03/2026";"2300";"16,1";"16,6";"15,4";"74,0";"80,0";"72,0";"11,6";"12,9";"10,8";"838,6";"838,6";"837,9";"1,8";"358,0";"4,0";"";"0,0"
"30/03/2026";"0000";"15,2";"16,3";"15,2";"85,0";"87,0";"74,0";"12,6";"13,5";"11,6";"838,9";"838,9";"838,6";"0,9";"283,0";"4,5";"";"0,0"
"30/03/2026";"0100";"15,3";"15,4";"14,9";"90,0";"92,0";"85,0";"13,7";"14,1";"12,6";"839,2";"839,3";"838,9";"0,8";"292,0";"2,0";"";"0,0"
"30/03/2026";"0200";"14,4";"15,3";"14,4";"93,0";"93,0";"90,0";"13,3";"13,8";"13,3";"839,0";"839,2";"839,0";"0,8";"325,0";"2,0";"";"0,0"
"30/03/2026";"0300";"13,6";"14,4";"13,6";"95,0";"95,0";"93,0";"12,8";"13,3";"12,8";"838,6";"839,0";"838,6";"0,6";"337,0";"2,0";"";"0,0"
"30/03/2026";"0400";"13,1";"13,9";"13,1";"95,0";"96,0";"94,0";"12,4";"13,1";"12,3";"837,9";"838,6";"837,9";"0,7";"355,0";"1,9";"";"0,0"
"30/03/2026";"0500";"12,4";"13,1";"12,4";"96,0";"96,0";"95,0";"11,8";"12,4";"11,8";"837,4";"837,9";"837,4";"0,7";"335,0";"1,6";"";"0,0"
"30/03/2026";"0600";"11,9";"12,5";"11,9";"97,0";"97,0";"96,0";"11,4";"12,0";"11,4";"837,1";"837,5";"837,1";"0,7";"323,0";"1,4";"";"0,0"
"30/03/2026";"0700";"11,7";"12,2";"11,4";"97,0";"97,0";"97,0";"11,3";"11,8";"10,9";"836,5";"837,1";"836,5";"1,1";"331,0";"2,2";"";"0,0"
"30/03/2026";"0800";"11,4";"11,7";"11,2";"97,0";"97,0";"97,0";"11,0";"11,3";"10,8";"836,5";"836,5";"836,4";"1,4";"348,0";"2,0";"";"0,0"
"30/03/2026";"0900";"11,1";"11,6";"10,9";"98,0";"98,0";"97,0";"10,7";"11,2";"10,6";"836,6";"836,6";"836,5";"0,9";"329,0";"2,0";"";"0,0"
"30/03/2026";"1000";"12,6";"12,8";"10,9";"92,0";"98,0";"91,0";"11,3";"11,8";"10,6";"837,0";"837,0";"836,6";"1,2";"336,0";"1,7";"151,80";"0,0"
"30/03/2026";"1100";"17,6";"17,6";"12,6";"79,0";"93,0";"78,0";"14,0";"14,1";"11,4";"837,3";"837,3";"837,0";"0,9";"344,0";"2,0";"901,10";"0,0"
"30/03/2026";"1200";"20,1";"20,5";"17,6";"72,0";"80,0";"68,0";"14,8";"15,4";"13,9";"837,4";"837,4";"837,3";"1,8";"342,0";"3,7";"1730,10";"0,0"
"30/03/2026";"1300";"22,2";"22,6";"20,1";"67,0";"73,0";"63,0";"15,6";"16,0";"13,9";"837,3";"837,4";"837,3";"1,0";"158,0";"3,9";"2497,70";"0,0"
"30/03/2026";"1400";"22,8";"23,0";"21,8";"66,0";"69,0";"63,0";"16,0";"16,5";"14,9";"837,0";"837,3";"837,0";"1,3";"149,0";"4,0";"3093,30";"0,0"
"30/03/2026";"1500";"22,3";"23,5";"21,7";"68,0";"68,0";"62,0";"16,1";"16,7";"15,3";"836,6";"837,0";"836,6";"1,6";"154,0";"5,1";"3074,50";"0,0"
"30/03/2026";"1600";"22,0";"23,1";"21,2";"60,0";"70,0";"59,0";"13,8";"16,2";"13,7";"836,1";"836,6";"836,1";"1,6";"146,0";"5,1";"2368,40";"0,0"
"30/03/2026";"1700";"21,3";"25,0";"21,2";"69,0";"69,0";"52,0";"15,3";"15,7";"12,7";"835,5";"836,1";"835,5";"0,9";"49,0";"4,2";"2195,40";"0,0"
"30/03/2026";"1800";"21,4";"23,3";"20,7";"74,0";"78,0";"67,0";"16,5";"18,3";"15,3";"835,1";"835,5";"835,0";"1,8";"141,0";"4,7";"1254,80";"0,0"
"30/03/2026";"1900";"20,0";"21,8";"19,3";"78,0";"81,0";"72,0";"15,9";"16,7";"15,4";"835,1";"835,2";"834,9";"1,0";"98,0";"4,4";"500,10";"0,0"
"30/03/2026";"2000";"18,5";"20,1";"18,4";"73,0";"78,0";"68,0";"13,6";"16,0";"12,6";"835,2";"835,3";"835,0";"0,6";"166,0";"5,0";"313,30";"0,0"
"30/03/2026";"2100";"17,6";"19,2";"17,6";"86,0";"86,0";"69,0";"15,3";"15,3";"12,8";"835,0";"835,2";"834,9";"1,1";"152,0";"3,5";"274,90";"0,0"
"30/03/2026";"2200";"16,3";"17,6";"16,3";"83,0";"87,0";"83,0";"13,4";"15,4";"13,4";"835,5";"835,5";"835,0";"1,8";"360,0";"5,1";"";"0,0"
"30/03/2026";"2300";"14,8";"16,3";"14,8";"87,0";"87,0";"80,0";"12,7";"13,4";"12,5";"835,3";"835,5";"835,3";"0,4";"303,0";"4,2";"";"0,0"
"31/03/2026";"0000";"14,4";"14,8";"14,0";"91,0";"92,0";"87,0";"12,9";"12,9";"12,5";"835,4";"835,5";"835,3";"0,8";"34,0";"2,3";"";"0,0"
"31/03/2026";"0100";"14,5";"14,6";"14,3";"90,0";"91,0";"90,0";"12,8";"12,9";"12,7";"835,2";"835,5";"835,2";"1,0";"344,0";"1,7";"";"0,0"
"31/03/2026";"0200";"14,4";"14,6";"14,3";"92,0";"92,0";"90,0";"13,2";"13,3";"12,8";"835,1";"835,4";"835,1";"0,8";"345,0";"1,9";"";"0,0"
"31/03/2026";"0300";"14,4";"14,5";"14,3";"93,0";"93,0";"92,0";"13,3";"13,4";"13,1";"834,9";"835,1";"834,8";"0,5";"357,0";"1,4";"";"0,0"
"31/03/2026";"0400";"14,4";"14,7";"14,4";"94,0";"94,0";"92,0";"13,5";"13,5";"13,3";"834,2";"834,9";"834,2";"0,8";"341,0";"1,6";"";"0,0"
"31/03/2026";"0500";"14,3";"14,4";"14,2";"97,0";"97,0";"94,0";"13,8";"13,8";"13,4";"833,8";"834,2";"833,8";"0,6";"336,0";"1,7";"";"0,0"
"31/03/2026";"0600";"14,3";"14,4";"14,2";"97,0";"97,0";"96,0";"13,8";"13,9";"13,7";"833,4";"833,9";"833,4";"0,2";"19,0";"2,3";"";"0,2"
"31/03/2026";"0700";"14,4";"14,4";"14,2";"97,0";"97,0";"97,0";"13,9";"14,0";"13,7";"833,1";"833,4";"833,1";"1,3";"354,0";"2,2";"";"0,0"
"31/03/2026";"0800";"14,3";"14,4";"14,2";"97,0";"98,0";"97,0";"13,9";"14,0";"13,8";"833,2";"833,3";"833,0";"0,8";"350,0";"2,1";"";"0,0"
"31/03/2026";"0900";"14,4";"14,5";"14,2";"98,0";"98,0";"97,0";"14,1";"14,2";"13,8";"833,4";"833,4";"833,2";"0,3";"317,0";"3,5";"";"0,2"
"31/03/2026";"1000";"14,8";"14,8";"14,4";"98,0";"98,0";"98,0";"14,5";"14,6";"14,1";"833,8";"833,9";"833,4";"0,3";"319,0";"2,9";"30,20";"0,4"
"31/03/2026";"1100";"14,5";"14,8";"14,4";"98,0";"98,0";"98,0";"14,2";"14,5";"14,2";"834,2";"834,3";"833,8";"1,6";"332,0";"4,2";"33,80";"5,6"
"31/03/2026";"1200";"14,7";"14,8";"14,2";"99,0";"99,0";"98,0";"14,6";"14,6";"14,0";"834,8";"834,8";"834,2";"0,5";"307,0";"5,2";"60,40";"6,4"
"31/03/2026";"1300";"15,9";"16,1";"14,7";"99,0";"99,0";"99,0";"15,7";"15,9";"14,5";"834,7";"834,9";"834,7";"0,5";"285,0";"1,8";"590,00";"1,4"
"31/03/2026";"1400";"16,0";"16,5";"15,9";"97,0";"99,0";"97,0";"15,6";"16,3";"15,4";"835,0";"835,0";"834,7";"0,8";"198,0";"1,8";"666,30";"0,0"
"31/03/2026";"1500";"15,6";"16,2";"15,4";"97,0";"97,0";"97,0";"15,2";"15,8";"14,9";"834,6";"835,0";"834,6";"0,6";"215,0";"3,0";"404,90";"1,6"
"31/03/2026";"1600";"16,9";"17,1";"15,5";"96,0";"98,0";"96,0";"16,2";"16,5";"15,1";"833,7";"834,6";"833,7";"0,8";"189,0";"2,6";"755,00";"0,6"
"31/03/2026";"1700";"16,4";"18,0";"16,4";"94,0";"96,0";"90,0";"15,5";"17,2";"15,2";"832,9";"833,7";"832,9";"1,2";"199,0";"3,7";"1100,00";"0,0"
"31/03/2026";"1800";"16,4";"16,5";"16,1";"95,0";"96,0";"94,0";"15,5";"15,7";"15,3";"832,5";"832,9";"832,4";"0,8";"211,0";"3,7";"486,80";"0,0"
"31/03/2026";"1900";"16,8";"17,3";"16,1";"86,0";"95,0";"85,0";"14,4";"15,7";"14,4";"832,7";"832,7";"832,5";"0,5";"280,0";"2,0";"824,10";"0,0"
"31/03/2026";"2000";"16,1";"16,9";"16,1";"93,0";"93,0";"85,0";"15,0";"15,2";"14,3";"832,9";"833,0";"832,7";"0,4";"299,0";"2,4";"345,40";"0,0"
"31/03/2026";"2100";"15,3";"16,1";"15,3";"96,0";"96,0";"93,0";"14,6";"15,1";"14,6";"833,0";"833,1";"832,9";"0,6";"320,0";"2,5";"69,10";"0,0"
"31/03/2026";"2200";"15,0";"15,3";"15,0";"96,0";"97,0";"96,0";"14,4";"14,6";"14,4";"833,7";"833,7";"833,0";"1,0";"328,0";"3,3";"";"0,0"
"31/03/2026";"2300";"15,0";"15,1";"14,9";"97,0";"97,0";"96,0";"14,5";"14,6";"14,4";"834,6";"834,6";"833,7";"1,1";"350,0";"2,8";"";"0,2"
"01/04/2026";"0000";"11,7";"15,0";"11,3";"97,0";"98,0";"95,0";"11,3";"14,5";"10,7";"834,9";"835,2";"834,6";"0,7";"174,0";"9,7";"";"10,2"
"01/04/2026";"0100";"11,9";"12,1";"11,6";"98,0";"98,0";"97,0";"11,6";"11,9";"11,2";"835,4";"835,4";"834,9";"0,5";"282,0";"2,4";"";"1,2"
"01/04/2026";"0200";"12,3";"12,4";"11,9";"99,0";"99,0";"98,0";"12,1";"12,2";"11,7";"835,4";"835,4";"835,1";"1,3";"332,0";"3,3";"";"1,4"
"01/04/2026";"0300";"12,4";"12,5";"12,2";"99,0";"99,0";"99,0";"12,2";"12,3";"12,0";"834,7";"835,4";"834,7";"1,8";"338,0";"3,8";"";"2,6"
"01/04/2026";"0400";"12,3";"12,4";"12,2";"99,0";"99,0";"99,0";"12,1";"12,2";"12,0";"834,1";"834,7";"834,0";"0,3";"298,0";"3,7";"";"0,2"
"01/04/2026";"0500";"12,6";"12,6";"12,2";"99,0";"99,0";"99,0";"12,4";"12,4";"12,0";"833,6";"834,1";"833,5";"1,2";"328,0";"4,1";"";"0,0"
"01/04/2026";"0600";"13,0";"13,0";"12,6";"99,0";"99,0";"99,0";"12,8";"12,9";"12,4";"833,3";"833,6";"833,3";"2,4";"334,0";"6,6";"";"0,0"
"01/04/2026";"0700";"13,0";"13,0";"13,0";"99,0";"99,0";"99,0";"12,8";"12,9";"12,8";"833,2";"833,4";"833,2";"1,0";"328,0";"5,9";"";"0,0"
"01/04/2026";"0800";"12,8";"13,0";"12,8";"99,0";"99,0";"99,0";"12,7";"12,8";"12,7";"833,5";"833,5";"833,2";"0,8";"329,0";"5,0";"";"0,0"
"01/04/2026";"0900";"12,6";"12,8";"12,6";"99,0";"99,0";"99,0";"12,5";"12,7";"12,5";"833,9";"833,9";"833,5";"0,9";"328,0";"3,7";"";"0,0"
"01/04/2026";"1000";"12,9";"12,9";"12,6";"99,0";"99,0";"99,0";"12,8";"12,8";"12,5";"834,3";"834,3";"833,8";"1,4";"330,0";"4,5";"54,60";"0,0"
"01/04/2026";"1100";"14,0";"14,3";"12,9";"95,0";"99,0";"95,0";"13,2";"13,8";"12,7";"834,9";"834,9";"834,3";"1,0";"304,0";"5,7";"491,20";"0,0"
"01/04/2026";"1200";"17,0";"18,3";"14,0";"82,0";"96,0";"79,0";"13,9";"15,3";"13,2";"835,8";"835,8";"834,9";"1,2";"285,0";"4,4";"2021,20";"0,0"
"01/04/2026";"1300";"18,4";"19,1";"16,7";"78,0";"86,0";"78,0";"14,5";"15,9";"13,9";"836,1";"836,1";"835,8";"1,4";"306,0";"6,7";"2420,30";"0,0"
"01/04/2026";"1400";"17,1";"18,4";"16,2";"89,0";"90,0";"78,0";"15,4";"15,4";"14,2";"836,3";"836,4";"836,1";"1,0";"286,0";"4,3";"748,30";"0,0"
"01/04/2026";"1500";"19,0";"19,1";"17,0";"80,0";"90,0";"80,0";"15,5";"16,1";"14,5";"835,8";"836,3";"835,7";"1,4";"280,0";"3,8";"2058,40";"0,0"
"01/04/2026";"1600";"18,4";"19,4";"17,8";"78,0";"84,0";"76,0";"14,4";"16,2";"14,2";"835,2";"835,8";"835,2";"1,5";"274,0";"5,4";"2372,10";"0,0"
"01/04/2026";"1700";"19,4";"20,6";"18,2";"73,0";"80,0";"71,0";"14,4";"16,0";"14,3";"834,9";"835,3";"834,9";"1,2";"289,0";"5,4";"2839,40";"0,0"
"01/04/2026";"1800";"19,9";"21,0";"18,6";"69,0";"81,0";"68,0";"14,1";"15,9";"14,1";"834,4";"834,9";"834,4";"0,8";"256,0";"3,1";"1659,20";"0,0"
"01/04/2026";"1900";"19,9";"20,7";"19,3";"73,0";"76,0";"68,0";"15,0";"15,5";"14,0";"834,1";"834,5";"834,1";"0,7";"308,0";"3,2";"1872,80";"0,0"
"01/04/2026";"2000";"20,0";"21,4";"19,4";"75,0";"76,0";"68,0";"15,5";"16,0";"14,3";"834,4";"834,4";"834,1";"0,4";"326,0";"2,7";"1179,90";"0,0"
"01/04/2026";"2100";"17,2";"20,0";"17,2";"86,0";"86,0";"75,0";"14,9";"15,6";"14,5";"834,7";"834,8";"834,3";"0,4";"303,0";"1,3";"203,00";"0,0"
"01/04/2026";"2200";"15,8";"17,2";"15,8";"93,0";"93,0";"86,0";"14,7";"15,0";"14,7";"835,1";"835,1";"834,7";"0,8";"323,0";"2,7";"";"0,0"
"01/04/2026";"2300";"15,1";"15,8";"15,1";"96,0";"96,0";"93,0";"14,4";"14,8";"14,4";"835,8";"835,8";"835,1";"1,5";"337,0";"2,8";"";"0,0"
"02/04/2026";"0000";"15,2";"15,3";"14,9";"96,0";"97,0";"96,0";"14,7";"14,7";"14,4";"836,5";"836,5";"835,8";"1,0";"330,0";"3,8";"";"0,0"
"02/04/2026";"0100";"15,0";"15,2";"15,0";"97,0";"97,0";"96,0";"14,4";"14,6";"14,4";"836,6";"836,6";"836,4";"0,7";"323,0";"2,8";"";"0,0"
"02/04/2026";"0200";"15,3";"15,3";"14,9";"97,0";"98,0";"97,0";"14,9";"14,9";"14,4";"836,6";"836,8";"836,5";"0,9";"331,0";"3,1";"";"0,0"
"02/04/2026";"0300";"15,6";"15,6";"15,2";"97,0";"97,0";"97,0";"15,1";"15,1";"14,7";"836,5";"836,6";"836,5";"1,1";"328,0";"2,4";"";"0,0"
"02/04/2026";"0400";"15,5";"15,7";"15,5";"97,0";"97,0";"97,0";"15,0";"15,2";"15,0";"836,1";"836,5";"836,1";"0,9";"315,0";"3,8";"";"0,0"
"02/04/2026";"0500";"15,5";"15,5";"15,3";"97,0";"97,0";"97,0";"15,1";"15,1";"14,8";"835,6";"836,1";"835,6";"1,0";"313,0";"5,0";"";"0,0"
"02/04/2026";"0600";"15,3";"15,5";"15,3";"95,0";"97,0";"95,0";"14,5";"15,0";"14,5";"835,6";"835,6";"835,4";"0,8";"302,0";"4,2";"";"0,0"
"02/04/2026";"0700";"15,3";"15,4";"15,2";"96,0";"96,0";"95,0";"14,7";"14,7";"14,5";"835,4";"835,6";"835,2";"0,8";"311,0";"4,2";"";"0,0"
"02/04/2026";"0800";"15,1";"15,4";"15,1";"98,0";"98,0";"96,0";"14,8";"14,9";"14,7";"835,7";"835,7";"835,3";"0,6";"280,0";"2,5";"";"5,8"
"02/04/2026";"0900";"15,1";"15,2";"15,1";"98,0";"98,0";"98,0";"14,9";"15,0";"14,8";"835,8";"836,0";"835,7";"0,5";"317,0";"2,5";"0,10";"1,2"
"02/04/2026";"1000";"15,3";"15,3";"15,1";"99,0";"99,0";"98,0";"15,1";"15,1";"14,8";"836,1";"836,2";"835,8";"0,9";"308,0";"2,6";"26,90";"0,4"
"02/04/2026";"1100";"15,6";"15,6";"15,3";"99,0";"99,0";"99,0";"15,4";"15,4";"15,1";"836,8";"836,8";"836,1";"1,0";"317,0";"3,6";"149,60";"0,0"
"02/04/2026";"1200";"16,0";"16,2";"15,6";"97,0";"99,0";"97,0";"15,6";"15,8";"15,4";"837,1";"837,1";"836,8";"0,9";"308,0";"5,0";"411,10";"0,0"
"02/04/2026";"1300";"16,6";"16,7";"16,0";"93,0";"97,0";"92,0";"15,5";"15,8";"15,1";"837,6";"837,6";"837,1";"1,1";"289,0";"3,7";"663,70";"0,0"
"02/04/2026";"1400";"19,9";"19,9";"16,6";"80,0";"93,0";"79,0";"16,4";"16,7";"15,1";"837,6";"837,7";"837,5";"1,2";"286,0";"3,5";"1792,50";"0,0"
"02/04/2026";"1500";"21,2";"21,2";"19,6";"75,0";"81,0";"73,0";"16,6";"17,2";"15,3";"837,2";"837,6";"837,1";"1,4";"313,0";"5,3";"2694,70";"0,0"
"02/04/2026";"1600";"20,7";"21,3";"19,7";"73,0";"81,0";"69,0";"15,7";"17,0";"15,0";"836,7";"837,2";"836,7";"1,2";"279,0";"4,6";"2074,10";"0,0"
"02/04/2026";"1700";"20,9";"22,2";"20,8";"71,0";"74,0";"66,0";"15,4";"16,7";"14,6";"836,4";"836,8";"836,4";"0,9";"322,0";"3,6";"2537,10";"0,0"
"02/04/2026";"1800";"19,4";"21,2";"19,4";"77,0";"77,0";"69,0";"15,4";"16,4";"14,9";"835,9";"836,4";"835,9";"0,5";"303,0";"3,6";"796,70";"0,0"
"02/04/2026";"1900";"18,4";"19,5";"18,4";"83,0";"83,0";"77,0";"15,5";"16,0";"15,1";"836,4";"836,4";"835,9";"0,6";"233,0";"2,4";"366,80";"0,0"
"02/04/2026";"2000";"18,0";"18,4";"17,7";"89,0";"93,0";"83,0";"16,2";"16,8";"15,5";"835,7";"836,4";"835,7";"1,1";"352,0";"3,4";"285,70";"0,0"
"02/04/2026";"2100";"17,3";"18,0";"17,3";"92,0";"92,0";"88,0";"16,1";"16,3";"15,9";"836,1";"836,1";"835,7";"0,9";"331,0";"2,9";"136,30";"0,0"
"02/04/2026";"2200";"17,3";"17,3";"16,9";"87,0";"93,0";"87,0";"15,2";"16,1";"15,2";"837,0";"837,0";"836,0";"0,8";"6,0";"2,5";"";"0,0"
"02/04/2026";"2300";"16,9";"17,3";"16,7";"90,0";"91,0";"86,0";"15,4";"15,5";"14,7";"837,6";"837,6";"837,0";"1,2";"332,0";"2,7";"";"0,0"
"03/04/2026";"0000";"16,7";"17,0";"16,7";"93,0";"93,0";"90,0";"15,6";"15,8";"15,3";"838,0";"838,1";"837,5";"0,7";"303,0";"2,7";"";"0,0"
"03/04/2026";"0100";"16,0";"16,7";"16,0";"96,0";"96,0";"93,0";"15,4";"15,7";"15,3";"838,2";"838,2";"838,0";"0,5";"332,0";"1,7";"";"0,0"
"03/04/2026";"0200";"15,6";"16,1";"15,6";"98,0";"98,0";"96,0";"15,2";"15,6";"15,2";"838,0";"838,6";"838,0";"1,8";"47,0";"3,1";"";"7,6"
"03/04/2026";"0300";"15,3";"15,9";"15,3";"98,0";"98,0";"96,0";"14,9";"15,5";"14,9";"838,3";"838,3";"837,9";"1,3";"315,0";"5,5";"";"0,0"
"03/04/2026";"0400";"14,9";"15,3";"14,9";"98,0";"98,0";"98,0";"14,7";"14,9";"14,5";"837,9";"838,3";"837,9";"1,9";"330,0";"5,5";"0,30";"0,2"
"03/04/2026";"0500";"14,4";"14,9";"14,4";"98,0";"98,0";"98,0";"14,1";"14,6";"14,1";"837,3";"837,9";"837,3";"1,1";"330,0";"5,3";"";"0,0"
"03/04/2026";"0600";"14,4";"14,4";"14,2";"98,0";"98,0";"98,0";"14,1";"14,2";"14,0";"837,1";"837,3";"837,1";"1,5";"328,0";"4,9";"";"0,0"
"03/04/2026";"0700";"15,0";"15,0";"14,4";"99,0";"99,0";"98,0";"14,8";"14,8";"14,1";"836,9";"837,1";"836,8";"0,9";"301,0";"4,0";"";"0,0"
"03/04/2026";"0800";"15,2";"15,4";"15,0";"98,0";"99,0";"98,0";"14,9";"15,2";"14,8";"837,0";"837,0";"836,8";"1,2";"322,0";"3,1";"";"0,0"
"03/04/2026";"0900";"15,4";"15,5";"15,2";"98,0";"99,0";"98,0";"15,1";"15,2";"14,9";"837,5";"837,5";"836,9";"3,1";"344,0";"5,1";"";"0,0"
"03/04/2026";"1000";"15,4";"15,5";"15,4";"98,0";"98,0";"97,0";"15,1";"15,2";"14,9";"837,7";"837,8";"837,5";"1,4";"332,0";"6,2";"74,70";"0,0"
"03/04/2026";"1100";"17,0";"17,3";"15,4";"93,0";"98,0";"92,0";"15,9";"16,7";"15,1";"838,4";"838,4";"837,7";"1,8";"330,0";"4,4";"517,40";"0,0"
"03/04/2026";"1200";"17,3";"17,4";"16,9";"93,0";"94,0";"92,0";"16,2";"16,2";"15,7";"838,8";"838,8";"838,4";"1,8";"328,0";"5,4";"450,90";"0,0"
"03/04/2026";"1300";"20,9";"20,9";"17,3";"79,0";"94,0";"79,0";"17,2";"17,7";"15,9";"839,0";"839,0";"838,7";"1,3";"296,0";"5,7";"1556,90";"0,0"
"03/04/2026";"1400";"21,9";"21,9";"19,7";"77,0";"84,0";"74,0";"17,7";"18,0";"16,2";"838,8";"839,0";"838,8";"0,8";"262,0";"5,3";"2466,40";"0,0"
"03/04/2026";"1500";"21,1";"22,2";"20,1";"73,0";"77,0";"69,0";"16,1";"17,3";"15,0";"838,5";"838,8";"838,5";"0,9";"244,0";"2,8";"2502,90";"0,0"
"03/04/2026";"1600";"20,9";"22,3";"20,9";"71,0";"76,0";"66,0";"15,5";"17,1";"15,1";"837,7";"838,5";"837,7";"1,0";"218,0";"3,6";"2423,40";"0,0"
"03/04/2026";"1700";"22,8";"24,5";"20,8";"64,0";"75,0";"60,0";"15,8";"17,3";"14,8";"837,2";"837,7";"837,2";"0,6";"266,0";"3,6";"2730,50";"0,0"
"03/04/2026";"1800";"19,8";"23,4";"19,8";"79,0";"79,0";"60,0";"16,0";"16,7";"14,5";"837,0";"837,2";"836,8";"0,8";"226,0";"3,1";"1020,90";"0,0"
"03/04/2026";"1900";"19,0";"19,8";"19,0";"84,0";"88,0";"79,0";"16,2";"17,5";"15,9";"837,1";"837,2";"836,8";"1,0";"204,0";"2,7";"408,70";"0,0"
"03/04/2026";"2000";"18,3";"19,0";"18,0";"87,0";"88,0";"84,0";"16,1";"16,4";"15,5";"837,2";"837,2";"836,6";"0,2";"288,0";"3,2";"184,90";"0,0"
"03/04/2026";"2100";"17,6";"18,4";"17,6";"90,0";"90,0";"85,0";"15,9";"16,1";"15,7";"837,2";"837,2";"837,0";"0,5";"315,0";"1,7";"142,00";"0,0"
"03/04/2026";"2200";"17,2";"17,6";"17,1";"94,0";"94,0";"90,0";"16,2";"16,3";"15,9";"837,7";"837,7";"837,2";"1,3";"349,0";"2,2";"";"0,0"
"03/04/2026";"2300";"16,6";"17,3";"16,6";"95,0";"95,0";"93,0";"15,8";"16,2";"15,8";"838,3";"838,3";"837,7";"1,8";"345,0";"2,8";"";"0,0"
"04/04/2026";"0000";"15,8";"16,6";"15,7";"97,0";"97,0";"95,0";"15,4";"15,9";"15,2";"838,5";"838,5";"838,3";"1,4";"342,0";"2,8";"";"0,0"
"04/04/2026";"0100";"15,5";"15,9";"15,2";"98,0";"98,0";"97,0";"15,2";"15,5";"14,7";"839,3";"839,3";"838,4";"1,3";"334,0";"2,5";"";"0,0"
"04/04/2026";"0200";"15,1";"15,5";"15,1";"99,0";"99,0";"98,0";"14,9";"15,2";"14,8";"839,4";"839,6";"839,3";"2,0";"347,0";"3,7";"";"0,0"
"04/04/2026";"0300";"15,2";"15,3";"15,1";"99,0";"99,0";"99,0";"15,0";"15,1";"14,9";"839,0";"839,4";"839,0";"0,7";"327,0";"3,2";"";"0,0"
"04/04/2026";"0400";"15,5";"15,5";"15,0";"98,0";"99,0";"98,0";"15,3";"15,3";"14,8";"838,5";"839,0";"838,5";"2,5";"337,0";"5,1";"";"0,0"
"04/04/2026";"0500";"15,4";"15,6";"15,4";"97,0";"98,0";"97,0";"15,0";"15,3";"14,9";"837,7";"838,5";"837,7";"1,2";"331,0";"5,1";"";"0,0"
"04/04/2026";"0600";"14,7";"15,4";"14,7";"98,0";"98,0";"97,0";"14,4";"15,0";"14,4";"837,3";"837,7";"837,3";"1,5";"339,0";"3,5";"";"0,0"
"04/04/2026";"0700";"14,3";"14,7";"14,3";"99,0";"99,0";"98,0";"14,1";"14,5";"14,1";"837,0";"837,3";"836,9";"1,6";"339,0";"3,3";"";"0,0"
"04/04/2026";"0800";"14,9";"14,9";"14,2";"99,0";"99,0";"99,0";"14,8";"14,8";"14,0";"837,1";"837,1";"836,9";"1,8";"333,0";"4,9";"";"0,0"
"04/04/2026";"0900";"14,8";"14,9";"14,8";"98,0";"99,0";"98,0";"14,5";"14,8";"14,5";"837,4";"837,4";"837,1";"2,2";"339,0";"4,8";"";"0,0"
"04/04/2026";"1000";"15,8";"15,8";"14,7";"93,0";"98,0";"93,0";"14,6";"14,8";"14,3";"837,9";"837,9";"837,4";"2,0";"345,0";"4,6";"145,10";"0,0"
"04/04/2026";"1100";"18,2";"18,4";"15,8";"82,0";"93,0";"80,0";"15,1";"15,7";"14,6";"838,3";"838,3";"837,9";"1,8";"338,0";"3,6";"902,20";"0,0"
"04/04/2026";"1200";"20,4";"21,3";"18,2";"66,0";"84,0";"63,0";"13,9";"15,8";"13,5";"838,8";"838,8";"838,3";"1,3";"336,0";"3,6";"1644,80";"0,0"
"04/04/2026";"1300";"21,3";"22,9";"20,4";"70,0";"70,0";"59,0";"15,5";"16,0";"13,8";"838,9";"838,9";"838,7";"1,0";"169,0";"2,8";"2265,30";"0,0"
"04/04/2026";"1400";"22,4";"22,7";"19,5";"66,0";"80,0";"64,0";"15,8";"17,3";"15,4";"838,8";"839,0";"838,8";"1,5";"160,0";"3,3";"2300,40";"0,0"
"04/04/2026";"1500";"22,2";"24,2";"21,9";"71,0";"72,0";"59,0";"16,7";"17,4";"15,2";"838,5";"838,8";"838,5";"1,6";"146,0";"4,4";"2903,10";"0,0"
"04/04/2026";"1600";"20,8";"23,3";"20,8";"75,0";"76,0";"64,0";"16,3";"16,8";"15,5";"838,0";"838,5";"838,0";"0,8";"56,0";"4,4";"1518,10";"0,0"
"04/04/2026";"1700";"19,5";"20,8";"19,5";"79,0";"81,0";"76,0";"15,8";"16,6";"15,7";"837,4";"838,0";"837,4";"2,1";"355,0";"3,8";"333,40";"0,0"
"04/04/2026";"1800";"21,3";"21,7";"19,1";"75,0";"84,0";"73,0";"16,6";"17,4";"15,5";"837,0";"837,4";"836,9";"0,7";"321,0";"4,1";"1071,00";"0,0"
"04/04/2026";"1900";"19,2";"21,4";"19,0";"90,0";"91,0";"73,0";"17,6";"17,6";"15,9";"836,7";"837,1";"836,7";"0,3";"182,0";"2,6";"445,00";"0,2"
"04/04/2026";"2000";"19,5";"19,8";"19,2";"83,0";"92,0";"82,0";"16,6";"18,2";"16,4";"836,7";"836,8";"836,6";"0,4";"10,0";"1,6";"530,70";"0,0"
"04/04/2026";"2100";"18,7";"19,5";"18,7";"87,0";"92,0";"83,0";"16,4";"17,4";"16,4";"837,1";"837,1";"836,6";"0,7";"16,0";"1,9";"118,60";"0,0"
"04/04/2026";"2200";"17,2";"18,7";"17,2";"89,0";"91,0";"85,0";"15,3";"16,8";"15,3";"837,3";"837,3";"837,0";"1,3";"352,0";"2,4";"";"0,0"
"04/04/2026";"2300";"16,0";"17,3";"16,0";"93,0";"96,0";"86,0";"14,9";"15,7";"14,9";"837,8";"837,8";"837,3";"3,0";"348,0";"4,9";"";"3,0"
"05/04/2026";"0000";"15,3";"16,0";"15,2";"97,0";"97,0";"93,0";"14,8";"15,0";"14,5";"838,2";"838,2";"837,8";"0,5";"316,0";"4,9";"";"0,0"
"05/04/2026";"0100";"15,5";"15,5";"15,2";"98,0";"98,0";"97,0";"15,1";"15,1";"14,7";"838,5";"838,6";"838,2";"0,7";"168,0";"2,0";"";"0,0"
"05/04/2026";"0200";"15,7";"15,8";"15,3";"98,0";"98,0";"98,0";"15,4";"15,5";"14,9";"838,4";"838,6";"838,3";"1,7";"336,0";"4,5";"";"0,0"
"05/04/2026";"0300";"15,8";"15,9";"15,7";"98,0";"98,0";"98,0";"15,5";"15,6";"15,4";"838,7";"838,8";"838,4";"1,7";"336,0";"4,5";"";"0,0"
"05/04/2026";"0400";"15,8";"16,0";"15,8";"98,0";"98,0";"98,0";"15,6";"15,7";"15,5";"838,0";"838,7";"838,0";"1,5";"334,0";"4,0";"";"0,0"
"05/04/2026";"0500";"15,4";"15,8";"15,4";"98,0";"99,0";"98,0";"15,1";"15,6";"15,0";"837,5";"838,0";"837,5";"1,4";"344,0";"4,6";"";"0,0"
"05/04/2026";"0600";"15,1";"15,4";"14,8";"99,0";"99,0";"98,0";"14,9";"15,1";"14,5";"837,0";"837,5";"837,0";"1,0";"333,0";"2,4";"";"0,0"
"05/04/2026";"0700";"14,4";"15,1";"14,3";"99,0";"99,0";"98,0";"14,2";"14,9";"14,1";"836,8";"837,0";"836,8";"0,6";"336,0";"2,1";"";"0,2"
"05/04/2026";"0800";"13,8";"14,4";"13,8";"99,0";"99,0";"99,0";"13,7";"14,2";"13,7";"836,9";"837,0";"836,8";"0,8";"330,0";"1,8";"";"0,0"
"05/04/2026";"0900";"13,3";"13,8";"13,3";"99,0";"99,0";"99,0";"13,2";"13,7";"13,2";"837,1";"837,2";"836,9";"0,5";"297,0";"2,1";"";"0,0"
"05/04/2026";"1000";"13,8";"14,0";"13,3";"99,0";"99,0";"99,0";"13,7";"14,0";"13,1";"837,8";"837,8";"837,1";"0,6";"330,0";"1,2";"108,80";"0,0"
"05/04/2026";"1100";"17,4";"17,5";"13,7";"99,0";"99,0";"99,0";"17,2";"17,3";"13,6";"838,5";"838,5";"837,8";"0,4";"338,0";"1,4";"692,80";"0,0"
"05/04/2026";"1200";"20,2";"20,6";"17,3";"77,0";"99,0";"75,0";"16,0";"18,7";"15,7";"838,9";"838,9";"838,5";"0,6";"126,0";"1,4";"1639,50";"0,0"
"05/04/2026";"1300";"19,4";"21,3";"19,3";"77,0";"80,0";"73,0";"15,3";"16,8";"15,1";"838,7";"838,9";"838,7";"1,0";"171,0";"2,7";"1547,80";"0,0"
"05/04/2026";"1400";"21,0";"22,4";"19,3";"74,0";"83,0";"70,0";"16,3";"18,5";"15,5";"838,6";"838,8";"838,6";"1,9";"114,0";"4,5";"1918,30";"0,0"
"05/04/2026";"1500";"19,3";"21,0";"19,3";"80,0";"84,0";"74,0";"15,6";"17,1";"15,6";"838,3";"838,6";"838,2";"1,6";"31,0";"4,5";"656,80";"0,0"
"05/04/2026";"1600";"18,1";"19,5";"18,1";"92,0";"92,0";"80,0";"16,8";"17,0";"15,4";"837,8";"838,2";"837,8";"1,4";"341,0";"4,2";"311,80";"0,0"
"05/04/2026";"1700";"16,8";"18,1";"16,3";"98,0";"98,0";"92,0";"16,5";"17,0";"15,9";"837,5";"837,9";"837,5";"0,6";"197,0";"3,4";"343,60";"15,4"
"05/04/2026";"1800";"17,0";"17,1";"16,0";"98,0";"98,0";"97,0";"16,7";"16,8";"15,6";"836,9";"837,6";"836,9";"0,5";"77,0";"1,8";"306,20";"1,0"
"05/04/2026";"1900";"17,7";"18,0";"17,0";"94,0";"98,0";"94,0";"16,8";"17,6";"16,7";"837,2";"837,2";"836,7";"0,4";"104,0";"2,4";"534,20";"0,0"
"05/04/2026";"2000";"18,1";"18,2";"17,7";"91,0";"95,0";"90,0";"16,6";"17,3";"16,4";"837,0";"837,2";"836,9";"1,6";"85,0";"3,8";"413,70";"0,0"
"05/04/2026";"2100";"16,6";"18,2";"16,6";"95,0";"95,0";"90,0";"15,8";"16,6";"15,7";"837,0";"837,2";"836,8";"0,6";"335,0";"4,3";"128,80";"0,0"
"05/04/2026";"2200";"16,4";"16,6";"16,3";"97,0";"97,0";"95,0";"15,9";"16,0";"15,6";"837,5";"837,5";"836,9";"0,7";"358,0";"3,0";"";"0,0"
"05/04/2026";"2300";"16,4";"16,6";"16,3";"95,0";"97,0";"93,0";"15,6";"16,0";"15,3";"838,0";"838,0";"837,3";"1,3";"321,0";"5,0";"";"0,0"
"06/04/2026";"0000";"16,2";"16,5";"16,1";"93,0";"95,0";"92,0";"15,1";"15,6";"15,0";"838,3";"838,4";"838,0";"2,0";"338,0";"4,6";"";"0,0"
"06/04/2026";"0100";"16,1";"16,2";"16,0";"95,0";"95,0";"93,0";"15,4";"15,4";"15,1";"838,8";"838,8";"838,3";"0,9";"328,0";"4,8";"";"0,0"
"06/04/2026";"0200";"16,1";"16,2";"16,1";"96,0";"96,0";"95,0";"15,5";"15,5";"15,3";"839,0";"839,1";"838,8";"1,4";"342,0";"4,3";"";"0,0"
"06/04/2026";"0300";"15,9";"16,2";"15,9";"96,0";"96,0";"95,0";"15,4";"15,5";"15,4";"838,7";"839,0";"838,7";"1,4";"340,0";"4,3";"";"0,0"
"06/04/2026";"0400";"15,5";"16,0";"15,5";"97,0";"97,0";"96,0";"15,0";"15,4";"14,9";"837,9";"838,7";"837,9";"1,3";"335,0";"3,9";"";"0,0"
"06/04/2026";"0500";"14,9";"15,6";"14,9";"98,0";"98,0";"96,0";"14,5";"15,1";"14,4";"837,7";"837,9";"837,7";"0,6";"315,0";"5,2";"";"0,0"
"06/04/2026";"0600";"14,4";"14,9";"14,4";"98,0";"98,0";"97,0";"14,1";"14,5";"14,1";"837,6";"837,8";"837,6";"0,6";"319,0";"3,0";"";"0,0"
"06/04/2026";"0700";"13,8";"14,4";"13,8";"98,0";"98,0";"98,0";"13,5";"14,0";"13,5";"837,7";"837,7";"837,5";"0,7";"329,0";"3,1";"";"0,0"
"06/04/2026";"0800";"13,3";"13,8";"13,3";"99,0";"99,0";"98,0";"13,1";"13,5";"13,1";"837,7";"837,8";"837,5";"0,7";"334,0";"2,7";"";"0,0"
"06/04/2026";"0900";"13,0";"13,3";"12,9";"99,0";"99,0";"99,0";"12,8";"13,1";"12,7";"838,0";"838,0";"837,7";"0,5";"306,0";"2,3";"";"0,0"
"06/04/2026";"1000";"14,6";"14,7";"12,7";"99,0";"99,0";"99,0";"14,4";"14,6";"12,6";"838,6";"838,6";"838,0";"1,0";"344,0";"1,8";"135,50";"0,0"
"06/04/2026";"1100";"18,5";"18,5";"14,4";"83,0";"99,0";"83,0";"15,5";"16,0";"14,0";"839,1";"839,1";"838,6";"1,1";"335,0";"2,4";"835,90";"0,0"
"06/04/2026";"1200";"20,6";"20,6";"18,2";"77,0";"84,0";"75,0";"16,5";"16,5";"14,7";"839,7";"839,7";"839,1";"1,5";"330,0";"3,9";"1634,20";"0,0"
"06/04/2026";"1300";"22,0";"22,0";"18,8";"70,0";"82,0";"68,0";"16,3";"17,3";"14,7";"839,8";"839,9";"839,7";"0,9";"311,0";"3,8";"1749,20";"0,0"
"06/04/2026";"1400";"21,9";"22,3";"20,6";"72,0";"80,0";"67,0";"16,6";"18,0";"15,2";"839,3";"839,9";"839,3";"0,6";"306,0";"4,1";"2255,00";"0,0"
"06/04/2026";"1500";"20,6";"23,7";"20,1";"82,0";"85,0";"62,0";"17,3";"17,8";"14,9";"838,8";"839,4";"838,8";"1,5";"131,0";"3,3";"1653,70";"0,0"
"06/04/2026";"1600";"19,6";"21,0";"19,5";"85,0";"85,0";"78,0";"17,0";"17,5";"16,7";"838,3";"838,8";"838,3";"1,8";"131,0";"4,2";"772,90";"0,0"
"06/04/2026";"1700";"18,2";"19,6";"18,0";"93,0";"93,0";"85,0";"17,0";"17,5";"16,6";"837,8";"838,3";"837,8";"1,5";"46,0";"4,1";"399,20";"2,2"
"06/04/2026";"1800";"18,5";"19,0";"18,2";"90,0";"93,0";"89,0";"16,8";"17,6";"16,7";"837,5";"837,8";"837,5";"1,3";"27,0";"3,3";"502,30";"0,0"
"06/04/2026";"1900";"18,3";"18,5";"18,2";"91,0";"92,0";"89,0";"16,8";"17,0";"16,4";"837,8";"837,9";"837,5";"1,2";"334,0";"3,5";"321,60";"0,0"
"06/04/2026";"2000";"17,5";"18,3";"17,4";"96,0";"96,0";"91,0";"16,8";"16,8";"16,5";"837,7";"837,8";"837,6";"0,7";"327,0";"4,7";"92,10";"0,2"
"06/04/2026";"2100";"16,9";"17,5";"16,8";"92,0";"96,0";"91,0";"15,5";"16,8";"15,5";"837,4";"837,7";"837,3";"2,9";"359,0";"5,5";"16,00";"0,2"
"06/04/2026";"2200";"16,1";"16,9";"16,1";"95,0";"95,0";"91,0";"15,3";"15,7";"15,3";"837,8";"837,9";"837,4";"1,2";"338,0";"4,9";"";"0,0"
"06/04/2026";"2300";"16,1";"16,2";"16,0";"94,0";"96,0";"94,0";"15,2";"15,6";"15,2";"838,3";"838,3";"837,8";"2,3";"334,0";"4,5";"";"0,0"
"07/04/2026";"0000";"15,5";"16,1";"15,5";"97,0";"97,0";"94,0";"15,0";"15,4";"15,0";"838,8";"838,8";"838,3";"0,7";"326,0";"4,0";"";"0,0"
"07/04/2026";"0100";"15,0";"15,5";"14,9";"98,0";"98,0";"97,0";"14,7";"15,0";"14,6";"839,1";"839,2";"838,8";"1,9";"342,0";"3,5";"";"0,0"
"07/04/2026";"0200";"14,8";"15,0";"14,8";"98,0";"98,0";"98,0";"14,5";"14,8";"14,5";"839,2";"839,3";"839,1";"1,4";"337,0";"3,1";"";"0,0"
"07/04/2026";"0300";"15,0";"15,1";"14,8";"98,0";"98,0";"98,0";"14,7";"14,9";"14,5";"839,1";"839,3";"839,1";"0,7";"330,0";"2,6";"";"0,0"
"07/04/2026";"0400";"14,8";"15,0";"14,8";"98,0";"98,0";"98,0";"14,6";"14,7";"14,5";"838,9";"839,2";"838,9";"0,9";"340,0";"2,2";"";"0,0"
"07/04/2026";"0500";"14,6";"14,8";"14,6";"99,0";"99,0";"98,0";"14,4";"14,6";"14,3";"838,7";"838,9";"838,6";"0,9";"337,0";"2,4";"";"0,0"
"07/04/2026";"0600";"14,3";"14,7";"14,3";"99,0";"99,0";"99,0";"14,1";"14,4";"14,1";"838,3";"838,6";"838,3";"0,9";"326,0";"1,9";"";"0,0"
"07/04/2026";"0700";"13,9";"14,3";"13,9";"99,0";"99,0";"99,0";"13,8";"14,1";"13,8";"838,2";"838,3";"838,1";"0,4";"317,0";"2,0";"";"0,2"
"07/04/2026";"0800";"13,7";"14,0";"13,6";"99,0";"99,0";"99,0";"13,6";"13,9";"13,5";"838,1";"838,2";"838,0";"0,4";"319,0";"2,4";"";"0,0"
"07/04/2026";"0900";"13,1";"14,1";"13,1";"99,0";"99,0";"99,0";"13,0";"13,9";"13,0";"838,3";"838,3";"838,1";"0,7";"316,0";"2,9";"";"0,0"
"07/04/2026";"1000";"13,6";"14,2";"13,1";"99,0";"99,0";"99,0";"13,5";"14,1";"12,9";"838,8";"838,8";"838,3";"1,6";"335,0";"3,3";"86,40";"0,0"
"07/04/2026";"1100";"17,3";"17,3";"13,6";"99,0";"99,0";"99,0";"17,1";"17,1";"13,6";"838,9";"839,0";"838,8";"1,4";"331,0";"3,6";"631,00";"0,0"
"07/04/2026";"1200";"19,5";"19,7";"17,3";"84,0";"99,0";"82,0";"16,7";"18,0";"15,9";"839,2";"839,2";"838,9";"1,2";"316,0";"5,5";"1475,30";"0,0"
"07/04/2026";"1300";"18,9";"19,8";"18,7";"83,0";"87,0";"80,0";"15,9";"17,0";"15,9";"839,6";"839,7";"839,1";"1,7";"327,0";"5,0";"1316,60";"0,0"
"07/04/2026";"1400";"20,3";"21,4";"18,9";"77,0";"87,0";"74,0";"16,2";"17,9";"16,2";"839,5";"839,6";"839,4";"0,8";"283,0";"5,1";"1583,20";"0,0"
"07/04/2026";"1500";"21,4";"21,9";"19,5";"75,0";"82,0";"70,0";"16,7";"17,4";"15,6";"838,8";"839,5";"838,8";"0,6";"299,0";"3,1";"1641,00";"0,0"
"07/04/2026";"1600";"21,6";"23,2";"21,1";"73,0";"75,0";"65,0";"16,6";"17,3";"15,5";"838,2";"838,8";"838,2";"0,9";"274,0";"4,7";"2114,90";"0,0"
"07/04/2026";"1700";"21,7";"23,7";"21,0";"72,0";"74,0";"62,0";"16,5";"17,2";"15,5";"837,6";"838,2";"837,6";"0,6";"253,0";"3,1";"1874,00";"0,0"
"07/04/2026";"1800";"21,4";"23,9";"21,4";"71,0";"72,0";"62,0";"16,0";"17,2";"15,6";"837,1";"837,6";"837,1";"0,7";"271,0";"1,9";"1327,20";"0,0"
"07/04/2026";"1900";"21,3";"21,5";"20,6";"74,0";"79,0";"71,0";"16,4";"17,2";"15,9";"836,6";"837,1";"836,6";"0,5";"297,0";"3,2";"577,50";"0,0"
"07/04/2026";"2000";"19,7";"21,3";"19,7";"84,0";"84,0";"73,0";"16,8";"16,9";"16,2";"837,0";"837,0";"836,6";"0,4";"327,0";"1,7";"320,80";"0,0"
"07/04/2026";"2100";"18,7";"19,7";"18,7";"88,0";"88,0";"83,0";"16,7";"16,8";"16,6";"837,1";"837,1";"836,7";"0,5";"273,0";"2,3";"46,50";"0,0"
"07/04/2026";"2200";"18,2";"18,7";"18,2";"90,0";"90,0";"88,0";"16,6";"16,7";"16,5";"837,0";"837,1";"836,9";"0,4";"297,0";"1,3";"";"0,0"
"07/04/2026";"2300";"17,8";"18,3";"17,8";"92,0";"92,0";"90,0";"16,5";"16,6";"16,5";"837,2";"837,2";"837,0";"1,1";"341,0";"2,8";"";"0,0"
"08/04/2026";"0000";"17,4";"17,8";"17,3";"95,0";"95,0";"92,0";"16,6";"16,6";"16,3";"837,8";"837,8";"837,2";"0,4";"311,0";"2,8";"";"0,0"
"08/04/2026";"0100";"17,2";"17,5";"17,1";"96,0";"96,0";"94,0";"16,5";"16,7";"16,3";"837,6";"837,8";"837,5";"0,7";"321,0";"2,2";"";"0,0"
"08/04/2026";"0200";"15,8";"17,3";"15,6";"98,0";"98,0";"93,0";"15,4";"16,7";"15,0";"838,0";"838,2";"837,5";"1,6";"311,0";"5,6";"";"4,6"
"08/04/2026";"0300";"16,0";"16,1";"15,6";"98,0";"98,0";"98,0";"15,8";"15,8";"15,3";"837,5";"838,0";"837,5";"1,1";"305,0";"5,3";"";"2,0"
"08/04/2026";"0400";"16,4";"16,4";"15,9";"98,0";"98,0";"98,0";"16,1";"16,2";"15,6";"837,1";"837,5";"837,1";"1,1";"311,0";"3,7";"";"0,4"
"08/04/2026";"0500";"16,3";"16,4";"15,9";"99,0";"99,0";"98,0";"16,1";"16,2";"15,7";"836,7";"837,1";"836,7";"1,2";"300,0";"4,0";"";"0,2"
"08/04/2026";"0600";"16,5";"16,6";"16,3";"98,0";"99,0";"98,0";"16,2";"16,3";"16,1";"836,3";"836,7";"836,3";"1,3";"271,0";"3,3";"";"0,0"
"08/04/2026";"0700";"16,5";"16,6";"16,4";"98,0";"98,0";"98,0";"16,2";"16,3";"16,2";"836,2";"836,3";"836,2";"1,0";"267,0";"3,8";"";"0,0"
"08/04/2026";"0800";"16,8";"16,8";"16,5";"97,0";"98,0";"97,0";"16,2";"16,3";"16,2";"836,3";"836,4";"836,2";"1,3";"268,0";"3,7";"";"0,0"
"08/04/2026";"0900";"16,9";"16,9";"16,8";"96,0";"97,0";"96,0";"16,2";"16,3";"16,1";"836,5";"836,6";"836,2";"1,1";"259,0";"3,9";"";"0,0"
"08/04/2026";"1000";"16,6";"16,9";"16,6";"96,0";"96,0";"96,0";"16,0";"16,2";"16,0";"836,9";"836,9";"836,5";"1,2";"224,0";"3,9";"36,70";"0,0"
"08/04/2026";"1100";"16,8";"16,8";"16,5";"96,0";"96,0";"95,0";"16,2";"16,2";"15,7";"837,3";"837,3";"836,9";"0,9";"253,0";"5,1";"219,60";"0,4"
"08/04/2026";"1200";"17,2";"17,3";"16,8";"95,0";"96,0";"95,0";"16,3";"16,5";"16,2";"837,8";"837,9";"837,3";"0,9";"240,0";"3,3";"234,70";"0,0"
"08/04/2026";"1300";"18,7";"18,9";"17,2";"87,0";"95,0";"86,0";"16,6";"17,5";"16,1";"837,6";"837,8";"837,6";"1,0";"221,0";"3,3";"964,70";"0,0"
"08/04/2026";"1400";"18,3";"18,8";"17,6";"89,0";"93,0";"87,0";"16,4";"16,9";"15,9";"837,1";"837,8";"837,1";"1,3";"237,0";"5,6";"886,30";"0,0"
"08/04/2026";"1500";"19,9";"19,9";"18,2";"80,0";"89,0";"79,0";"16,3";"16,8";"15,9";"836,5";"837,1";"836,5";"0,9";"231,0";"4,5";"1326,60";"0,0"
"08/04/2026";"1600";"21,4";"23,4";"19,9";"72,0";"81,0";"66,0";"16,2";"18,0";"15,5";"836,1";"836,5";"836,0";"1,7";"217,0";"5,1";"3228,30";"0,0"
"08/04/2026";"1700";"22,0";"22,7";"20,1";"71,0";"77,0";"68,0";"16,5";"17,8";"15,7";"835,5";"836,1";"835,5";"1,1";"217,0";"5,8";"2500,00";"0,0"
"08/04/2026";"1800";"19,6";"22,0";"19,5";"80,0";"82,0";"69,0";"16,0";"16,8";"15,3";"835,4";"835,6";"835,4";"0,9";"231,0";"4,5";"1083,40";"0,0"
"08/04/2026";"1900";"19,0";"19,6";"18,8";"84,0";"86,0";"80,0";"16,1";"16,5";"15,8";"835,1";"835,4";"835,1";"1,4";"212,0";"4,4";"434,20";"0,0"
"08/04/2026";"2000";"18,0";"19,0";"18,0";"91,0";"91,0";"84,0";"16,5";"16,6";"16,0";"835,2";"835,3";"835,1";"0,7";"242,0";"4,3";"208,30";"0,0"
"08/04/2026";"2100";"17,7";"18,1";"17,6";"90,0";"92,0";"90,0";"16,0";"16,7";"15,9";"835,1";"835,2";"834,9";"0,3";"8,0";"2,8";"80,90";"0,0"
"08/04/2026";"2200";"17,1";"17,7";"17,1";"85,0";"91,0";"85,0";"14,5";"16,1";"14,5";"835,4";"835,4";"835,1";"0,4";"233,0";"1,5";"";"0,0"
"08/04/2026";"2300";"16,4";"17,1";"16,3";"89,0";"89,0";"85,0";"14,5";"14,6";"14,4";"836,0";"836,0";"835,4";"0,6";"280,0";"1,5";"";"0,0"
"09/04/2026";"0000";"16,2";"16,4";"16,2";"93,0";"93,0";"88,0";"15,0";"15,2";"14,4";"836,4";"836,4";"835,9";"1,0";"314,0";"2,6";"";"0,0"
"09/04/2026";"0100";"15,6";"16,2";"15,4";"94,0";"95,0";"91,0";"14,7";"15,0";"14,5";"836,2";"836,4";"836,1";"1,4";"333,0";"2,6";"";"0,0"
"09/04/2026";"0200";"15,3";"15,7";"15,2";"97,0";"97,0";"94,0";"14,8";"14,8";"14,5";"836,3";"836,4";"836,2";"0,7";"217,0";"2,6";"";"0,0"
"09/04/2026";"0300";"15,9";"16,2";"14,9";"94,0";"97,0";"93,0";"14,8";"15,3";"14,3";"836,3";"836,3";"836,2";"0,8";"195,0";"3,5";"";"0,0"
"09/04/2026";"0400";"15,1";"16,3";"15,1";"96,0";"96,0";"92,0";"14,5";"15,1";"14,4";"835,7";"836,3";"835,7";"1,1";"322,0";"2,1";"";"0,0"
"09/04/2026";"0500";"14,7";"15,2";"14,3";"98,0";"98,0";"96,0";"14,4";"14,7";"13,9";"835,4";"835,7";"835,4";"2,1";"344,0";"3,1";"";"0,2"
"09/04/2026";"0600";"14,5";"15,0";"14,5";"99,0";"99,0";"98,0";"14,3";"14,7";"14,3";"835,4";"835,6";"835,3";"1,3";"347,0";"3,0";"";"0,0"
"09/04/2026";"0700";"14,4";"14,8";"14,2";"99,0";"99,0";"99,0";"14,2";"14,6";"14,0";"835,2";"835,4";"835,1";"1,4";"352,0";"3,4";"";"0,0"
"09/04/2026";"0800";"14,8";"14,9";"14,3";"99,0";"99,0";"99,0";"14,7";"14,7";"14,1";"835,2";"835,3";"835,1";"0,7";"265,0";"2,8";"";"0,0"
"09/04/2026";"0900";"15,0";"15,0";"14,5";"99,0";"99,0";"99,0";"14,8";"14,8";"14,3";"835,6";"835,6";"835,1";"0,7";"246,0";"2,8";"";"0,0"
"09/04/2026";"1000";"16,0";"16,0";"14,9";"98,0";"99,0";"98,0";"15,7";"15,7";"14,8";"836,0";"836,0";"835,6";"1,0";"225,0";"5,5";"42,40";"0,0"
"09/04/2026";"1100";"17,6";"18,2";"16,0";"87,0";"98,0";"85,0";"15,4";"16,3";"15,3";"836,5";"836,5";"836,0";"1,5";"211,0";"4,7";"606,00";"0,0"
"09/04/2026";"1200";"18,0";"18,5";"17,6";"87,0";"90,0";"86,0";"15,9";"16,4";"15,5";"836,6";"836,7";"836,4";"1,3";"220,0";"4,5";"938,50";"0,0"
"09/04/2026";"1300";"17,3";"18,0";"17,1";"94,0";"94,0";"87,0";"16,2";"16,3";"15,8";"837,0";"837,0";"836,5";"1,5";"206,0";"3,8";"413,90";"0,0"
"09/04/2026";"1400";"17,6";"17,6";"16,8";"96,0";"97,0";"94,0";"17,0";"17,0";"16,0";"836,8";"837,0";"836,8";"1,3";"212,0";"3,8";"753,00";"1,4"
"09/04/2026";"1500";"19,1";"19,3";"17,2";"86,0";"96,0";"86,0";"16,7";"17,8";"16,3";"836,5";"836,9";"836,5";"1,8";"197,0";"4,2";"1412,60";"0,0"
"09/04/2026";"1600";"20,3";"21,2";"18,8";"81,0";"91,0";"78,0";"16,9";"18,5";"16,6";"835,8";"836,5";"835,8";"1,1";"199,0";"4,4";"1879,40";"0,0"
"09/04/2026";"1700";"21,8";"22,0";"20,0";"75,0";"84,0";"72,0";"17,2";"18,1";"16,0";"835,1";"835,9";"835,1";"1,5";"181,0";"5,4";"2085,80";"0,0"
"09/04/2026";"1800";"20,6";"22,7";"19,8";"81,0";"83,0";"69,0";"17,2";"17,9";"16,0";"834,7";"835,1";"834,5";"1,6";"182,0";"5,1";"1344,20";"0,0"
"09/04/2026";"1900";"19,7";"20,8";"19,7";"83,0";"85,0";"78,0";"16,7";"18,0";"16,5";"834,8";"834,8";"834,6";"2,1";"154,0";"5,5";"997,10";"0,0"
"09/04/2026";"2000";"19,2";"19,9";"19,2";"85,0";"86,0";"82,0";"16,5";"17,2";"16,3";"835,0";"835,0";"834,7";"1,5";"155,0";"4,5";"420,80";"0,0"
"09/04/2026";"2100";"18,0";"19,2";"18,0";"91,0";"91,0";"85,0";"16,6";"16,8";"16,5";"835,4";"835,4";"835,0";"1,5";"144,0";"4,1";"106,80";"0,0"
"09/04/2026";"2200";"17,6";"18,0";"17,6";"94,0";"94,0";"91,0";"16,7";"16,7";"16,5";"835,5";"835,5";"835,3";"1,4";"143,0";"3,7";"";"0,0"
"09/04/2026";"2300";"17,2";"17,6";"17,2";"95,0";"95,0";"94,0";"16,4";"16,7";"16,3";"836,0";"836,0";"835,5";"0,6";"152,0";"3,5";"";"0,0"
"10/04/2026";"0000";"16,5";"17,3";"16,5";"94,0";"95,0";"94,0";"15,6";"16,5";"15,6";"836,4";"836,4";"836,0";"1,1";"87,0";"3,5";"";"0,0"
"10/04/2026";"0100";"15,7";"16,5";"15,7";"97,0";"97,0";"94,0";"15,3";"15,7";"15,2";"836,8";"836,8";"836,4";"1,0";"39,0";"3,5";"";"0,0"
"10/04/2026";"0200";"15,4";"15,7";"15,4";"98,0";"98,0";"97,0";"15,1";"15,3";"15,1";"836,7";"836,8";"836,7";"1,4";"126,0";"2,7";"";"0,0"
"10/04/2026";"0300";"15,2";"15,4";"15,2";"98,0";"98,0";"98,0";"14,9";"15,1";"14,8";"836,6";"836,8";"836,6";"0,5";"143,0";"3,2";"";"0,0"
"10/04/2026";"0400";"15,0";"15,3";"15,0";"98,0";"98,0";"98,0";"14,6";"14,9";"14,6";"836,5";"836,7";"836,5";"1,3";"121,0";"3,2";"";"0,0"
"10/04/2026";"0500";"14,9";"15,0";"14,9";"97,0";"98,0";"97,0";"14,5";"14,7";"14,5";"836,1";"836,5";"836,1";"0,8";"21,0";"2,5";"";"0,0"
"10/04/2026";"0600";"14,9";"14,9";"14,8";"97,0";"97,0";"97,0";"14,5";"14,5";"14,3";"835,8";"836,1";"835,8";"0,7";"328,0";"2,6";"";"0,0"
"10/04/2026";"0700";"14,5";"14,9";"14,5";"97,0";"97,0";"97,0";"13,9";"14,4";"13,9";"835,7";"835,8";"835,6";"0,4";"351,0";"2,6";"";"0,0"
"10/04/2026";"0800";"14,4";"14,5";"14,1";"97,0";"97,0";"97,0";"13,9";"14,0";"13,7";"835,8";"835,8";"835,6";"0,6";"15,0";"1,8";"";"0,0"
"10/04/2026";"0900";"14,3";"14,4";"14,3";"97,0";"98,0";"97,0";"13,8";"14,0";"13,8";"836,1";"836,1";"835,8";"0,4";"323,0";"2,2";"";"0,0"
"10/04/2026";"1000";"14,7";"14,7";"14,2";"96,0";"97,0";"96,0";"14,0";"14,0";"13,7";"836,7";"836,7";"836,1";"0,5";"340,0";"2,1";"52,10";"0,0"
"10/04/2026";"1100";"15,8";"15,9";"14,7";"91,0";"96,0";"91,0";"14,4";"14,5";"13,9";"837,3";"837,3";"836,7";"0,6";"343,0";"1,7";"314,60";"0,0"
"10/04/2026";"1200";"16,7";"16,8";"15,0";"92,0";"97,0";"91,0";"15,4";"15,9";"14,0";"837,9";"837,9";"837,3";"0,8";"299,0";"2,8";"575,20";"0,4"
"10/04/2026";"1300";"16,4";"16,7";"14,8";"96,0";"98,0";"92,0";"15,8";"15,8";"14,1";"838,0";"838,2";"837,8";"0,5";"142,0";"3,3";"623,40";"0,0"
"10/04/2026";"1400";"19,3";"20,4";"16,3";"84,0";"96,0";"80,0";"16,6";"17,9";"15,6";"837,8";"838,0";"837,7";"1,4";"184,0";"2,6";"1716,70";"0,0"
"10/04/2026";"1500";"18,5";"20,9";"18,4";"86,0";"87,0";"77,0";"16,1";"17,2";"15,4";"837,5";"837,8";"837,5";"1,2";"182,0";"4,2";"1869,30";"0,0"
"10/04/2026";"1600";"18,8";"19,1";"17,9";"83,0";"88,0";"83,0";"15,9";"16,9";"15,5";"837,0";"837,6";"836,9";"1,4";"152,0";"3,7";"1550,40";"0,0"
"10/04/2026";"1700";"17,1";"18,8";"17,1";"90,0";"90,0";"82,0";"15,5";"16,8";"15,4";"836,6";"837,1";"836,4";"1,4";"147,0";"3,2";"1264,00";"0,0"
"10/04/2026";"1800";"15,5";"17,6";"15,5";"93,0";"95,0";"90,0";"14,3";"16,4";"14,3";"836,5";"836,6";"836,3";"2,2";"105,0";"4,3";"585,50";"0,0"
"10/04/2026";"1900";"14,8";"15,9";"14,8";"91,0";"94,0";"90,0";"13,4";"14,7";"13,3";"836,8";"836,8";"836,2";"1,5";"126,0";"4,3";"546,90";"0,0"
"10/04/2026";"2000";"13,7";"14,8";"13,7";"89,0";"91,0";"86,0";"11,9";"13,3";"11,7";"837,1";"837,3";"836,7";"1,0";"60,0";"3,6";"395,20";"0,0"
"10/04/2026";"2100";"12,4";"13,7";"12,4";"94,0";"94,0";"88,0";"11,4";"12,0";"11,3";"836,9";"837,4";"836,9";"1,2";"6,0";"3,1";"67,10";"0,0"
"10/04/2026";"2200";"12,3";"12,5";"12,2";"96,0";"97,0";"94,0";"11,7";"11,8";"11,4";"837,4";"837,4";"836,8";"1,0";"17,0";"3,1";"";"0,0"
"10/04/2026";"2300";"12,3";"12,4";"12,1";"97,0";"98,0";"96,0";"11,9";"12,0";"11,6";"838,1";"838,1";"837,4";"0,7";"30,0";"3,9";"";"0,0"
"11/04/2026";"0000";"11,7";"12,4";"11,5";"97,0";"98,0";"96,0";"11,3";"12,0";"11,0";"838,4";"838,5";"838,1";"3,8";"346,0";"8,0";"";"0,0"
"11/04/2026";"0100";"11,7";"11,8";"11,5";"98,0";"98,0";"95,0";"11,3";"11,3";"11,0";"838,7";"838,7";"838,4";"3,3";"340,0";"8,0";"";"0,0"
"11/04/2026";"0200";"11,7";"11,7";"11,5";"97,0";"98,0";"97,0";"11,3";"11,3";"11,1";"838,4";"838,7";"838,2";"1,8";"330,0";"7,3";"";"0,0"
"11/04/2026";"0300";"12,1";"12,1";"11,7";"96,0";"97,0";"96,0";"11,5";"11,5";"11,3";"838,3";"838,4";"838,3";"3,0";"342,0";"5,3";"";"0,0"
"11/04/2026";"0400";"11,5";"12,1";"11,4";"95,0";"97,0";"95,0";"10,8";"11,5";"10,8";"838,1";"838,4";"838,1";"3,4";"344,0";"8,1";"";"0,0"
"11/04/2026";"0500";"12,0";"12,0";"11,5";"94,0";"95,0";"94,0";"11,0";"11,0";"10,7";"837,9";"838,1";"837,9";"1,9";"335,0";"7,4";"";"0,0"
"11/04/2026";"0600";"11,4";"12,1";"11,4";"95,0";"95,0";"93,0";"10,7";"11,0";"10,7";"837,5";"837,9";"837,5";"1,5";"333,0";"5,4";"";"0,0"
"11/04/2026";"0700";"11,6";"11,7";"11,2";"95,0";"96,0";"95,0";"10,9";"11,0";"10,5";"837,5";"837,5";"837,4";"1,9";"332,0";"4,6";"";"0,0"
"11/04/2026";"0800";"11,6";"12,2";"11,6";"95,0";"96,0";"93,0";"10,9";"11,3";"10,8";"837,6";"837,6";"837,4";"1,7";"331,0";"6,3";"";"0,0"
"11/04/2026";"0900";"12,4";"12,5";"11,6";"93,0";"96,0";"93,0";"11,3";"11,4";"10,9";"838,1";"838,1";"837,6";"2,8";"350,0";"5,3";"";"0,0"
"11/04/2026";"1000";"12,4";"12,5";"12,3";"94,0";"94,0";"93,0";"11,5";"11,5";"11,3";"838,7";"838,7";"838,1";"1,5";"337,0";"5,6";"52,60";"0,0"
"11/04/2026";"1100";"14,8";"14,9";"12,4";"85,0";"94,0";"85,0";"12,4";"12,9";"11,5";"839,1";"839,1";"838,7";"1,4";"332,0";"3,3";"491,10";"0,0"
"11/04/2026";"1200";"16,8";"17,7";"14,7";"76,0";"87,0";"74,0";"12,5";"14,0";"12,2";"839,6";"839,6";"839,1";"1,9";"339,0";"4,2";"1202,50";"0,0"
"11/04/2026";"1300";"17,1";"18,4";"16,8";"78,0";"80,0";"71,0";"13,3";"14,2";"12,5";"839,6";"839,7";"839,5";"2,2";"339,0";"5,8";"1928,20";"0,0"
"11/04/2026";"1400";"18,3";"18,3";"16,7";"79,0";"81,0";"76,0";"14,6";"14,6";"12,7";"839,6";"839,8";"839,6";"1,3";"308,0";"4,8";"1417,10";"0,0"
"11/04/2026";"1500";"18,0";"18,5";"17,4";"77,0";"81,0";"73,0";"13,8";"14,8";"12,8";"839,3";"839,7";"839,3";"1,0";"55,0";"3,6";"1147,80";"0,0"
"11/04/2026";"1600";"17,6";"19,5";"17,2";"73,0";"79,0";"68,0";"12,8";"14,4";"12,3";"839,0";"839,3";"839,0";"1,5";"60,0";"5,2";"1850,70";"0,0"
"11/04/2026";"1700";"19,5";"20,0";"17,2";"68,0";"76,0";"66,0";"13,4";"14,2";"12,2";"838,6";"839,0";"838,5";"1,1";"13,0";"3,9";"2182,50";"0,0"
"11/04/2026";"1800";"17,4";"19,7";"17,3";"77,0";"77,0";"67,0";"13,3";"14,4";"12,9";"838,5";"838,6";"838,5";"2,1";"354,0";"4,3";"1009,00";"0,0"
"11/04/2026";"1900";"16,4";"17,6";"16,4";"76,0";"79,0";"75,0";"12,2";"13,6";"12,0";"838,7";"838,7";"838,5";"3,3";"3,0";"6,4";"778,70";"0,0"
"11/04/2026";"2000";"15,2";"16,6";"15,2";"81,0";"81,0";"76,0";"12,0";"12,6";"12,0";"838,9";"838,9";"838,6";"3,6";"360,0";"7,5";"1051,70";"0,0"
"11/04/2026";"2100";"13,9";"15,2";"13,9";"88,0";"88,0";"81,0";"11,9";"12,0";"11,8";"839,0";"839,1";"838,9";"2,5";"358,0";"7,4";"123,60";"0,0"
"11/04/2026";"2200";"13,5";"13,9";"13,3";"91,0";"92,0";"88,0";"12,1";"12,1";"11,8";"839,3";"839,3";"839,0";"1,9";"353,0";"5,6";"";"0,0"
"11/04/2026";"2300";"13,4";"13,6";"13,3";"91,0";"91,0";"90,0";"12,0";"12,2";"11,9";"839,8";"839,8";"839,3";"1,6";"344,0";"3,9";"";"0,0"
"12/04/2026";"0000";"13,4";"13,4";"13,1";"92,0";"93,0";"91,0";"12,0";"12,1";"11,8";"840,1";"840,1";"839,7";"1,2";"336,0";"4,6";"";"0,0"
"12/04/2026";"0100";"13,1";"13,4";"12,7";"92,0";"94,0";"92,0";"11,8";"12,1";"11,6";"840,1";"840,2";"840,0";"2,7";"348,0";"4,9";"";"0,0"
"12/04/2026";"0200";"12,4";"13,3";"12,4";"93,0";"93,0";"90,0";"11,2";"11,8";"11,2";"840,1";"840,2";"840,1";"1,6";"343,0";"5,2";"";"0,0"
"12/04/2026";"0300";"12,1";"12,4";"11,8";"91,0";"94,0";"91,0";"10,7";"11,3";"10,7";"840,0";"840,1";"839,9";"2,8";"350,0";"4,1";"";"0,0"
"12/04/2026";"0400";"10,6";"12,1";"10,6";"95,0";"95,0";"90,0";"9,9";"10,6";"9,9";"839,6";"840,0";"839,6";"1,4";"340,0";"4,6";"";"0,0"
"12/04/2026";"0500";"9,9";"10,6";"9,9";"98,0";"98,0";"95,0";"9,5";"9,9";"9,5";"839,2";"839,6";"839,2";"0,6";"327,0";"2,5";"";"0,0"
"12/04/2026";"0600";"9,2";"9,9";"9,2";"98,0";"98,0";"98,0";"8,9";"9,6";"8,9";"839,1";"839,2";"839,0";"0,8";"326,0";"1,8";"";"0,0"
"12/04/2026";"0700";"8,9";"9,2";"8,6";"99,0";"99,0";"98,0";"8,7";"8,9";"8,3";"838,9";"839,1";"838,9";"0,9";"328,0";"1,9";"";"0,0"
"12/04/2026";"0800";"8,6";"8,9";"8,5";"99,0";"99,0";"99,0";"8,4";"8,7";"8,3";"838,8";"839,0";"838,8";"0,6";"327,0";"2,1";"";"0,0"
"12/04/2026";"0900";"8,1";"8,6";"7,8";"99,0";"99,0";"99,0";"7,9";"8,3";"7,7";"839,3";"839,3";"838,8";"1,3";"348,0";"2,0";"";"0,0"
"12/04/2026";"1000";"9,5";"9,5";"7,9";"96,0";"99,0";"96,0";"9,0";"9,0";"7,7";"839,7";"839,7";"839,3";"1,0";"327,0";"2,1";"128,60";"0,2"
"12/04/2026";"1100";"14,3";"14,3";"9,5";"78,0";"96,0";"75,0";"10,4";"10,4";"9,0";"840,4";"840,4";"839,7";"0,7";"323,0";"1,8";"868,80";"0,0"
"12/04/2026";"1200";"17,3";"17,5";"14,3";"66,0";"78,0";"66,0";"10,8";"11,7";"9,9";"840,6";"840,6";"840,3";"1,7";"329,0";"4,4";"1684,60";"0,0"
"12/04/2026";"1300";"19,0";"19,0";"17,1";"63,0";"69,0";"60,0";"11,8";"12,1";"10,3";"840,7";"840,7";"840,6";"1,6";"315,0";"6,0";"2441,40";"0,0"
"12/04/2026";"1400";"21,0";"21,0";"18,5";"53,0";"64,0";"51,0";"11,1";"12,1";"9,9";"840,3";"840,9";"840,3";"1,2";"288,0";"5,8";"3009,10";"0,0"
"12/04/2026";"1500";"19,8";"21,4";"19,8";"56,0";"60,0";"45,0";"10,7";"12,6";"7,8";"839,5";"840,3";"839,5";"2,2";"318,0";"6,4";"3313,40";"0,0"
"12/04/2026";"1600";"21,2";"21,4";"19,3";"50,0";"62,0";"50,0";"10,4";"12,7";"10,4";"839,0";"839,6";"839,0";"1,2";"301,0";"7,2";"3410,00";"0,0"
"12/04/2026";"1700";"21,4";"22,0";"20,2";"49,0";"63,0";"46,0";"10,2";"14,3";"9,8";"838,6";"839,0";"838,6";"0,9";"61,0";"4,0";"3179,30";"0,0"
"12/04/2026";"1800";"21,1";"22,8";"19,9";"59,0";"65,0";"49,0";"12,8";"14,9";"10,9";"838,3";"838,6";"838,2";"1,8";"152,0";"4,0";"2418,60";"0,0"
"12/04/2026";"1900";"21,0";"21,1";"19,0";"66,0";"69,0";"59,0";"14,5";"14,5";"12,3";"838,2";"838,3";"838,1";"1,2";"160,0";"4,6";"1608,10";"0,0"
"12/04/2026";"2000";"17,5";"21,2";"17,5";"72,0";"73,0";"60,0";"12,5";"14,4";"12,2";"838,4";"838,4";"838,1";"1,1";"158,0";"4,0";"782,70";"0,0"
"12/04/2026";"2100";"16,5";"17,8";"16,5";"83,0";"83,0";"72,0";"13,5";"13,6";"12,6";"838,7";"838,7";"838,4";"1,1";"21,0";"2,3";"123,40";"0,0"
"12/04/2026";"2200";"15,1";"16,5";"15,1";"84,0";"87,0";"83,0";"12,4";"13,6";"12,4";"838,7";"838,8";"838,7";"1,2";"44,0";"2,3";"";"0,0"
"12/04/2026";"2300";"14,0";"15,1";"14,0";"89,0";"89,0";"83,0";"12,3";"12,6";"11,8";"838,9";"838,9";"838,7";"0,7";"322,0";"3,2";"";"0,0"
"13/04/2026";"0000";"13,6";"14,1";"13,5";"94,0";"94,0";"89,0";"12,6";"12,8";"12,3";"838,7";"839,0";"838,7";"0,6";"280,0";"2,9";"";"0,0"
"13/04/2026";"0100";"12,7";"13,6";"12,7";"96,0";"96,0";"93,0";"12,1";"12,7";"12,1";"838,6";"838,8";"838,5";"0,6";"343,0";"2,0";"";"0,0"
"13/04/2026";"0200";"12,0";"12,7";"12,0";"98,0";"98,0";"96,0";"11,7";"12,1";"11,6";"838,5";"838,6";"838,4";"0,8";"328,0";"1,9";"";"0,0"
"13/04/2026";"0300";"11,3";"12,1";"11,3";"98,0";"98,0";"98,0";"11,0";"11,8";"11,0";"838,6";"838,6";"838,5";"0,7";"324,0";"2,0";"";"0,0"
"13/04/2026";"0400";"11,0";"11,4";"11,0";"98,0";"98,0";"98,0";"10,7";"11,2";"10,7";"838,1";"838,6";"838,1";"1,0";"337,0";"2,0";"";"0,0"
"13/04/2026";"0500";"10,6";"11,0";"10,6";"98,0";"98,0";"98,0";"10,3";"10,7";"10,3";"837,5";"838,1";"837,5";"1,0";"338,0";"1,7";"";"0,0"
"13/04/2026";"0600";"9,9";"10,7";"9,9";"98,0";"98,0";"98,0";"9,7";"10,4";"9,6";"837,0";"837,5";"837,0";"1,0";"334,0";"2,0";"";"0,0"
"13/04/2026";"0700";"9,8";"10,1";"9,4";"99,0";"99,0";"98,0";"9,6";"9,9";"9,1";"836,8";"837,0";"836,8";"0,9";"333,0";"1,8";"";"0,0"
"13/04/2026";"0800";"9,1";"9,9";"9,1";"99,0";"99,0";"99,0";"8,9";"9,7";"8,9";"836,8";"837,0";"836,8";"0,7";"316,0";"2,0";"";"0,0"
"13/04/2026";"0900";"8,9";"9,4";"8,9";"99,0";"99,0";"99,0";"8,7";"9,2";"8,7";"837,1";"837,1";"836,8";"0,7";"316,0";"2,3";"";"0,0"
"13/04/2026";"1000";"10,5";"10,5";"8,8";"99,0";"99,0";"99,0";"10,3";"10,3";"8,6";"837,5";"837,5";"837,1";"0,7";"323,0";"2,1";"117,50";"0,0"
"13/04/2026";"1100";"14,5";"14,5";"10,5";"82,0";"99,0";"82,0";"11,4";"11,9";"10,4";"837,8";"837,8";"837,5";"0,8";"332,0";"1,9";"824,30";"0,0"
"13/04/2026";"1200";"17,0";"17,8";"14,5";"71,0";"82,0";"68,0";"11,7";"12,5";"10,9";"838,4";"838,5";"837,8";"2,0";"343,0";"3,5";"1615,70";"0,0"
"13/04/2026";"1300";"18,7";"18,7";"16,7";"63,0";"76,0";"60,0";"11,4";"13,0";"10,4";"838,7";"838,7";"838,4";"1,2";"23,0";"3,5";"1902,70";"0,0"
"13/04/2026";"1400";"19,6";"20,0";"17,7";"63,0";"70,0";"57,0";"12,4";"13,6";"10,1";"838,4";"838,8";"838,4";"1,0";"198,0";"2,4";"1619,90";"0,0"
"13/04/2026";"1500";"20,5";"20,7";"18,1";"66,0";"74,0";"61,0";"13,8";"14,3";"11,9";"838,2";"838,4";"838,2";"1,3";"174,0";"3,2";"2177,90";"0,0"
"13/04/2026";"1600";"20,6";"21,3";"18,2";"63,0";"72,0";"59,0";"13,3";"14,2";"12,0";"837,7";"838,2";"837,7";"1,8";"175,0";"3,7";"2290,20";"0,0"
"13/04/2026";"1700";"18,3";"21,2";"18,2";"66,0";"71,0";"55,0";"11,8";"13,1";"10,9";"837,1";"837,7";"837,1";"1,4";"176,0";"4,7";"1963,00";"0,0"
"13/04/2026";"1800";"19,2";"20,1";"18,3";"74,0";"74,0";"61,0";"14,4";"14,4";"12,2";"836,9";"837,1";"836,9";"2,0";"141,0";"5,1";"1813,30";"0,0"
"13/04/2026";"1900";"18,7";"19,2";"17,9";"67,0";"77,0";"67,0";"12,6";"14,4";"12,6";"837,0";"837,0";"836,8";"1,7";"85,0";"5,2";"1418,30";"0,0"
"13/04/2026";"2000";"17,0";"18,7";"17,0";"68,0";"69,0";"61,0";"11,1";"12,4";"10,5";"837,1";"837,1";"837,0";"0,9";"37,0";"5,5";"721,80";"0,0"
"13/04/2026";"2100";"14,9";"17,0";"14,9";"78,0";"79,0";"68,0";"11,1";"11,3";"10,4";"837,1";"837,1";"837,0";"1,5";"41,0";"2,4";"102,40";"0,0"
"13/04/2026";"2200";"14,3";"15,1";"14,1";"84,0";"84,0";"76,0";"11,5";"11,5";"10,9";"837,2";"837,3";"837,1";"1,0";"40,0";"2,5";"";"0,0"
"13/04/2026";"2300";"13,7";"14,4";"13,4";"89,0";"89,0";"84,0";"12,0";"12,0";"11,4";"837,3";"837,4";"837,2";"1,1";"5,0";"2,8";"";"0,0"
"14/04/2026";"0000";"13,9";"14,0";"13,3";"91,0";"92,0";"89,0";"12,6";"12,7";"11,7";"837,2";"837,4";"837,2";"2,2";"4,0";"4,5";"";"0,0"
"14/04/2026";"0100";"13,4";"14,0";"13,2";"94,0";"95,0";"91,0";"12,5";"12,7";"12,2";"837,1";"837,2";"837,1";"1,4";"356,0";"4,0";"";"0,0"
"14/04/2026";"0200";"12,6";"13,4";"12,6";"96,0";"96,0";"93,0";"12,0";"12,4";"11,8";"836,8";"837,1";"836,8";"0,5";"335,0";"2,2";"";"0,0"
"14/04/2026";"0300";"11,8";"12,6";"11,8";"97,0";"97,0";"96,0";"11,2";"12,0";"11,2";"836,5";"836,8";"836,5";"1,0";"334,0";"1,7";"";"0,0"
"14/04/2026";"0400";"11,2";"11,8";"11,1";"98,0";"98,0";"97,0";"10,9";"11,4";"10,7";"836,3";"836,5";"836,3";"1,3";"350,0";"1,7";"";"0,0"
"14/04/2026";"0500";"10,5";"11,4";"10,4";"97,0";"98,0";"97,0";"10,1";"11,1";"10,0";"835,8";"836,3";"835,7";"1,2";"345,0";"1,8";"";"0,0"
"14/04/2026";"0600";"10,3";"10,7";"10,3";"97,0";"97,0";"97,0";"9,8";"10,3";"9,8";"835,7";"835,8";"835,6";"1,1";"340,0";"1,7";"";"0,0"
"14/04/2026";"0700";"10,4";"10,6";"10,2";"97,0";"97,0";"95,0";"9,9";"10,1";"9,6";"835,4";"835,7";"835,4";"0,9";"319,0";"1,9";"";"0,0"
"14/04/2026";"0800";"10,2";"10,6";"10,0";"97,0";"97,0";"96,0";"9,7";"10,1";"9,5";"835,4";"835,5";"835,3";"0,9";"325,0";"2,0";"";"0,0"
"14/04/2026";"0900";"9,8";"10,3";"9,7";"97,0";"97,0";"96,0";"9,3";"9,9";"9,2";"836,0";"836,0";"835,4";"1,0";"335,0";"2,0";"";"0,0"
"14/04/2026";"1000";"10,9";"10,9";"9,4";"93,0";"98,0";"93,0";"9,9";"10,0";"8,9";"836,2";"836,3";"836,0";"0,7";"332,0";"1,7";"107,80";"0,2"
"14/04/2026";"1100";"15,7";"15,7";"10,9";"75,0";"93,0";"74,0";"11,3";"11,3";"9,4";"836,7";"836,7";"836,2";"0,8";"319,0";"2,1";"841,10";"0,0"
"14/04/2026";"1200";"18,3";"18,5";"15,7";"64,0";"76,0";"61,0";"11,4";"12,7";"10,3";"837,1";"837,1";"836,7";"0,9";"310,0";"2,7";"1650,60";"0,0"
"14/04/2026";"1300";"17,8";"20,0";"17,8";"71,0";"72,0";"54,0";"12,5";"13,4";"10,3";"837,3";"837,3";"837,1";"1,7";"150,0";"4,0";"2386,20";"0,0"
"14/04/2026";"1400";"18,9";"19,9";"17,5";"69,0";"75,0";"66,0";"13,0";"14,2";"12,7";"836,8";"837,3";"836,8";"1,5";"158,0";"4,5";"3022,20";"0,0"
"14/04/2026";"1500";"18,5";"20,0";"17,9";"74,0";"78,0";"66,0";"13,7";"14,3";"12,8";"836,3";"836,8";"836,3";"1,6";"155,0";"3,7";"2506,80";"0,0"
"14/04/2026";"1600";"19,4";"19,6";"17,4";"71,0";"79,0";"69,0";"13,9";"14,9";"13,2";"835,5";"836,3";"835,5";"1,9";"154,0";"3,8";"2213,60";"0,0"
"14/04/2026";"1700";"17,8";"20,7";"17,7";"75,0";"79,0";"67,0";"13,2";"15,0";"13,2";"835,2";"835,6";"835,2";"1,6";"143,0";"5,9";"1264,60";"0,0"
"14/04/2026";"1800";"18,9";"19,3";"17,4";"66,0";"78,0";"62,0";"12,3";"13,8";"11,8";"835,1";"835,2";"835,1";"1,7";"152,0";"4,4";"1283,80";"0,0"
"14/04/2026";"1900";"19,1";"19,2";"18,4";"64,0";"69,0";"62,0";"12,0";"13,0";"11,3";"835,0";"835,1";"834,8";"1,4";"158,0";"4,4";"1492,00";"0,0"
"14/04/2026";"2000";"16,8";"19,3";"16,8";"60,0";"70,0";"60,0";"9,1";"13,0";"9,1";"835,2";"835,2";"835,0";"1,5";"58,0";"3,9";"993,80";"0,0"
"14/04/2026";"2100";"14,5";"16,8";"14,5";"69,0";"69,0";"42,0";"8,9";"8,9";"3,6";"835,5";"835,5";"835,2";"1,1";"24,0";"3,8";"107,60";"0,0"
"14/04/2026";"2200";"13,3";"14,5";"13,3";"83,0";"84,0";"69,0";"10,4";"10,7";"9,0";"835,8";"835,8";"835,5";"1,1";"342,0";"3,2";"";"0,0"
"14/04/2026";"2300";"13,4";"13,6";"12,9";"82,0";"87,0";"82,0";"10,5";"11,2";"10,3";"836,2";"836,2";"835,7";"2,3";"355,0";"4,0";"";"0,0"
"15/04/2026";"0000";"12,7";"13,7";"12,7";"84,0";"84,0";"76,0";"10,1";"10,5";"9,4";"836,3";"836,4";"836,2";"1,6";"323,0";"4,7";"";"0,0"
"15/04/2026";"0100";"11,2";"12,8";"11,2";"92,0";"92,0";"84,0";"9,9";"10,5";"9,9";"836,3";"836,4";"836,2";"0,9";"326,0";"4,0";"";"0,0"
"15/04/2026";"0200";"10,9";"11,2";"10,9";"94,0";"94,0";"92,0";"10,0";"10,1";"9,8";"836,4";"836,4";"836,3";"0,8";"322,0";"2,2";"";"0,0"
"15/04/2026";"0300";"10,0";"10,9";"10,0";"96,0";"96,0";"94,0";"9,3";"10,0";"9,3";"836,0";"836,4";"836,0";"0,5";"316,0";"1,9";"";"0,0"
"15/04/2026";"0400";"9,5";"10,0";"9,3";"97,0";"97,0";"96,0";"9,1";"9,5";"8,8";"835,6";"836,0";"835,6";"1,0";"342,0";"1,9";"";"0,0"
"15/04/2026";"0500";"8,8";"9,5";"8,7";"97,0";"97,0";"96,0";"8,3";"9,0";"8,3";"835,0";"835,6";"835,0";"1,3";"351,0";"2,0";"";"0,0"
"15/04/2026";"0600";"8,3";"8,8";"8,2";"98,0";"98,0";"97,0";"7,9";"8,4";"7,8";"834,6";"835,0";"834,6";"0,9";"324,0";"1,8";"";"0,0"
"15/04/2026";"0700";"8,4";"8,4";"8,0";"98,0";"98,0";"97,0";"8,1";"8,1";"7,7";"834,6";"834,7";"834,4";"0,7";"310,0";"1,9";"";"0,0"
"15/04/2026";"0800";"8,7";"8,7";"8,1";"98,0";"98,0";"98,0";"8,4";"8,4";"7,8";"835,0";"835,0";"834,6";"1,0";"345,0";"2,0";"";"0,0"
"15/04/2026";"0900";"8,0";"8,9";"8,0";"96,0";"98,0";"95,0";"7,4";"8,6";"7,4";"835,8";"835,8";"835,0";"0,9";"338,0";"1,8";"";"0,0"
"15/04/2026";"1000";"10,4";"10,4";"7,8";"89,0";"97,0";"89,0";"8,6";"8,6";"7,3";"836,6";"836,6";"835,8";"0,6";"296,0";"1,8";"126,60";"0,0"
"15/04/2026";"1100";"15,3";"15,3";"10,4";"71,0";"89,0";"68,0";"10,1";"10,1";"8,3";"837,3";"837,3";"836,6";"0,8";"331,0";"1,4";"843,00";"0,0"
"15/04/2026";"1200";"17,8";"18,2";"15,3";"61,0";"72,0";"55,0";"10,2";"11,1";"8,4";"837,8";"837,8";"837,3";"1,1";"345,0";"3,0";"1656,10";"0,0"
"15/04/2026";"1300";"19,2";"19,8";"17,7";"52,0";"62,0";"49,0";"9,2";"11,0";"7,4";"837,9";"838,0";"837,7";"1,1";"144,0";"3,4";"2402,80";"0,0"
"15/04/2026";"1400";"18,8";"20,4";"18,7";"60,0";"60,0";"46,0";"11,0";"11,0";"8,3";"837,5";"837,9";"837,5";"1,6";"165,0";"3,8";"2938,60";"0,0"
"15/04/2026";"1500";"19,7";"20,0";"18,8";"55,0";"65,0";"55,0";"10,5";"12,6";"9,9";"836,9";"837,5";"836,8";"1,3";"189,0";"5,3";"3245,30";"0,0"
"15/04/2026";"1600";"19,2";"20,4";"19,1";"63,0";"63,0";"53,0";"12,0";"12,6";"9,7";"836,5";"836,9";"836,5";"1,7";"127,0";"5,0";"3122,30";"0,0"
"15/04/2026";"1700";"20,1";"21,3";"19,0";"65,0";"67,0";"60,0";"13,4";"13,9";"12,1";"836,0";"836,5";"836,0";"1,6";"155,0";"5,0";"2639,40";"0,0"
"15/04/2026";"1800";"20,2";"20,5";"18,4";"62,0";"69,0";"60,0";"12,6";"13,6";"12,0";"835,6";"836,0";"835,6";"1,5";"141,0";"3,9";"2280,10";"0,0"
"15/04/2026";"1900";"20,0";"20,3";"19,1";"60,0";"64,0";"58,0";"12,0";"13,0";"11,4";"835,4";"835,6";"835,3";"1,6";"148,0";"3,9";"1284,50";"0,0"
"15/04/2026";"2000";"18,8";"20,0";"18,7";"62,0";"65,0";"58,0";"11,4";"12,3";"11,2";"835,4";"835,5";"835,4";"1,2";"144,0";"3,9";"995,60";"0,0"
"15/04/2026";"2100";"15,2";"18,8";"15,2";"77,0";"77,0";"61,0";"11,1";"11,8";"10,8";"835,5";"835,6";"835,3";"0,6";"4,0";"2,3";"101,10";"0,0"
"15/04/2026";"2200";"13,0";"15,2";"13,0";"73,0";"77,0";"64,0";"8,3";"11,1";"7,4";"835,7";"835,7";"835,4";"0,2";"114,0";"2,2";"";"0,0"
"15/04/2026";"2300";"11,8";"13,0";"11,8";"84,0";"85,0";"73,0";"9,0";"10,1";"8,4";"836,2";"836,2";"835,7";"0,4";"277,0";"1,0";"";"0,0"
"16/04/2026";"0000";"11,3";"12,1";"11,3";"85,0";"86,0";"80,0";"8,8";"9,2";"8,6";"836,0";"836,2";"836,0";"0,8";"315,0";"1,6";"";"0,0"
"16/04/2026";"0100";"10,4";"11,3";"10,4";"89,0";"89,0";"84,0";"8,6";"9,1";"8,2";"836,1";"836,2";"836,0";"0,8";"316,0";"1,8";"";"0,0"
"16/04/2026";"0200";"10,2";"10,5";"10,0";"90,0";"91,0";"89,0";"8,6";"8,8";"8,5";"836,0";"836,3";"836,0";"1,2";"342,0";"2,0";"";"0,0"
"16/04/2026";"0300";"9,5";"10,2";"9,5";"93,0";"93,0";"90,0";"8,4";"8,8";"8,4";"836,0";"836,1";"835,9";"1,3";"343,0";"1,9";"";"0,0"
"16/04/2026";"0400";"9,0";"9,8";"8,9";"95,0";"95,0";"93,0";"8,1";"8,8";"8,0";"835,6";"836,0";"835,6";"0,7";"314,0";"1,7";"";"0,0"
"16/04/2026";"0500";"8,9";"9,6";"8,8";"96,0";"96,0";"94,0";"8,2";"8,9";"8,0";"835,4";"835,6";"835,3";"0,7";"321,0";"1,9";"";"0,0"
"16/04/2026";"0600";"8,8";"9,0";"8,3";"98,0";"98,0";"96,0";"8,4";"8,6";"7,8";"835,0";"835,4";"835,0";"0,6";"329,0";"2,1";"";"0,0"
"16/04/2026";"0700";"8,0";"8,8";"7,9";"98,0";"98,0";"97,0";"7,8";"8,5";"7,6";"834,8";"835,0";"834,8";"0,8";"337,0";"1,5";"";"0,0"
"16/04/2026";"0800";"7,6";"8,3";"7,6";"98,0";"98,0";"98,0";"7,4";"8,0";"7,4";"834,8";"834,8";"834,7";"0,7";"324,0";"1,5";"";"0,0"
"16/04/2026";"0900";"7,5";"7,7";"7,4";"99,0";"99,0";"98,0";"7,3";"7,5";"7,1";"835,2";"835,2";"834,7";"0,8";"323,0";"1,7";"";"0,0"
"16/04/2026";"1000";"9,0";"9,3";"7,4";"95,0";"99,0";"95,0";"8,2";"8,8";"7,2";"835,3";"835,3";"835,1";"0,7";"326,0";"1,5";"131,90";"0,0"
"16/04/2026";"1100";"13,3";"13,3";"8,9";"85,0";"95,0";"82,0";"10,8";"10,8";"7,9";"835,8";"835,8";"835,3";"0,8";"335,0";"1,5";"686,10";"0,0"
"16/04/2026";"1200";"17,7";"17,7";"13,3";"65,0";"85,0";"64,0";"11,1";"12,0";"10,0";"836,2";"836,2";"835,8";"0,9";"323,0";"2,5";"1587,50";"0,0"
"16/04/2026";"1300";"19,6";"19,6";"17,4";"55,0";"67,0";"54,0";"10,4";"11,6";"9,2";"835,9";"836,2";"835,9";"0,9";"340,0";"3,4";"2388,60";"0,0"
"16/04/2026";"1400";"19,2";"20,7";"18,7";"66,0";"67,0";"47,0";"12,8";"12,8";"8,8";"835,5";"836,0";"835,5";"1,6";"160,0";"3,7";"2934,10";"0,0"
"16/04/2026";"1500";"19,7";"20,1";"18,8";"65,0";"69,0";"63,0";"12,8";"13,7";"12,3";"835,1";"835,5";"835,1";"2,4";"136,0";"5,4";"3197,90";"0,0"
"16/04/2026";"1600";"20,2";"20,8";"19,5";"62,0";"65,0";"60,0";"12,8";"13,5";"12,2";"834,6";"835,1";"834,6";"1,9";"158,0";"5,4";"3222,50";"0,0"
"16/04/2026";"1700";"20,4";"21,1";"20,0";"64,0";"66,0";"61,0";"13,5";"14,0";"12,8";"834,1";"834,6";"834,1";"1,8";"158,0";"4,2";"2594,60";"0,0"
"16/04/2026";"1800";"19,8";"21,0";"19,6";"64,0";"67,0";"62,0";"12,8";"14,0";"12,8";"833,7";"834,1";"833,6";"1,6";"167,0";"4,6";"2278,80";"0,0"
"16/04/2026";"1900";"19,4";"20,0";"19,2";"58,0";"66,0";"57,0";"10,8";"13,2";"10,7";"833,8";"833,8";"833,6";"1,6";"167,0";"3,8";"1132,00";"0,0"
"16/04/2026";"2000";"18,9";"19,6";"18,9";"60,0";"60,0";"55,0";"11,1";"11,5";"9,6";"833,8";"833,9";"833,7";"1,1";"180,0";"2,8";"979,90";"0,0"
"16/04/2026";"2100";"15,4";"19,0";"15,4";"85,0";"85,0";"60,0";"12,9";"13,0";"11,0";"833,8";"833,8";"833,7";"0,2";"64,0";"2,4";"105,10";"0,0"
"16/04/2026";"2200";"13,8";"15,3";"13,8";"90,0";"90,0";"85,0";"12,1";"13,0";"12,1";"834,0";"834,1";"833,7";"1,1";"356,0";"1,8";"";"0,0"
"16/04/2026";"2300";"13,1";"13,8";"13,1";"92,0";"92,0";"90,0";"11,7";"12,1";"11,7";"834,2";"834,3";"834,0";"0,7";"334,0";"1,8";"";"0,0"
"17/04/2026";"0000";"12,7";"13,1";"12,7";"92,0";"93,0";"92,0";"11,4";"11,8";"11,4";"834,5";"834,5";"834,2";"0,6";"344,0";"2,4";"";"0,0"
"17/04/2026";"0100";"11,6";"12,7";"11,5";"94,0";"95,0";"92,0";"10,7";"11,4";"10,6";"834,4";"834,6";"834,4";"1,6";"350,0";"2,6";"";"0,0"
"17/04/2026";"0200";"11,3";"11,6";"11,2";"94,0";"95,0";"94,0";"10,4";"10,6";"10,3";"834,2";"834,5";"834,2";"1,1";"329,0";"2,6";"";"0,0"
"17/04/2026";"0300";"10,6";"11,3";"10,6";"94,0";"95,0";"94,0";"9,7";"10,3";"9,7";"833,7";"834,2";"833,7";"1,0";"338,0";"1,8";"";"0,0"
"17/04/2026";"0400";"10,0";"10,6";"10,0";"95,0";"95,0";"94,0";"9,3";"9,8";"9,3";"833,3";"833,8";"833,3";"1,4";"339,0";"2,3";"";"0,0"
"17/04/2026";"0500";"9,8";"10,0";"9,4";"96,0";"96,0";"95,0";"9,2";"9,4";"8,7";"833,1";"833,3";"833,1";"1,0";"315,0";"2,3";"";"0,0"
"17/04/2026";"0600";"9,0";"9,8";"8,9";"97,0";"97,0";"95,0";"8,6";"9,1";"8,4";"832,9";"833,2";"832,9";"0,9";"331,0";"2,0";"";"0,0"
"17/04/2026";"0700";"8,4";"9,0";"8,3";"98,0";"98,0";"97,0";"8,1";"8,6";"7,9";"832,6";"833,0";"832,6";"1,1";"323,0";"1,7";"";"0,0"
"17/04/2026";"0800";"8,0";"8,5";"7,9";"98,0";"98,0";"98,0";"7,7";"8,2";"7,6";"832,7";"832,7";"832,5";"0,9";"313,0";"2,0";"";"0,0"
"17/04/2026";"0900";"8,3";"8,3";"7,8";"98,0";"98,0";"98,0";"8,0";"8,0";"7,5";"833,0";"833,0";"832,7";"1,6";"345,0";"2,6";"";"0,2"
"17/04/2026";"1000";"9,3";"9,3";"8,2";"96,0";"98,0";"96,0";"8,7";"8,7";"7,9";"833,5";"833,5";"833,0";"0,7";"328,0";"2,5";"97,70";"0,0"
"17/04/2026";"1100";"14,3";"14,3";"9,3";"80,0";"96,0";"80,0";"10,8";"11,0";"8,7";"834,3";"834,3";"833,5";"0,6";"328,0";"2,0";"757,90";"0,0"
"17/04/2026";"1200";"17,7";"18,0";"14,3";"67,0";"80,0";"65,0";"11,5";"12,4";"10,8";"834,6";"834,6";"834,3";"1,6";"340,0";"3,0";"1562,00";"0,0"
"17/04/2026";"1300";"20,9";"21,0";"17,7";"48,0";"70,0";"47,0";"9,5";"12,5";"9,3";"834,5";"834,6";"834,3";"1,1";"167,0";"3,3";"2306,30";"0,0"
"17/04/2026";"1400";"21,5";"21,7";"20,7";"41,0";"51,0";"39,0";"7,7";"10,2";"6,5";"834,2";"834,6";"834,2";"1,1";"178,0";"3,2";"2869,00";"0,0"
"17/04/2026";"1500";"21,9";"22,1";"21,2";"47,0";"47,0";"32,0";"10,0";"10,0";"4,3";"833,5";"834,2";"833,5";"1,5";"176,0";"3,4";"3172,80";"0,0"
"17/04/2026";"1600";"22,4";"22,5";"21,3";"47,0";"51,0";"44,0";"10,4";"11,3";"9,0";"832,9";"833,6";"832,9";"1,1";"162,0";"3,6";"3200,20";"0,0"
"17/04/2026";"1700";"22,6";"23,1";"22,1";"48,0";"53,0";"44,0";"11,1";"12,7";"9,9";"832,3";"832,9";"832,3";"1,8";"146,0";"4,2";"2928,90";"0,0"
"17/04/2026";"1800";"21,2";"22,8";"21,1";"57,0";"57,0";"48,0";"12,3";"12,6";"10,6";"832,2";"832,3";"832,2";"1,4";"145,0";"4,4";"2288,80";"0,0"
"17/04/2026";"1900";"20,1";"21,6";"20,1";"59,0";"59,0";"53,0";"11,8";"12,5";"11,2";"832,2";"832,3";"832,0";"1,3";"161,0";"4,1";"552,60";"0,0"
"17/04/2026";"2000";"20,0";"20,1";"19,4";"64,0";"65,0";"59,0";"13,0";"13,2";"11,5";"832,3";"832,3";"832,2";"1,2";"160,0";"3,2";"686,00";"0,0"
"17/04/2026";"2100";"17,0";"20,0";"16,9";"79,0";"80,0";"63,0";"13,3";"13,6";"12,8";"832,6";"832,6";"832,3";"0,4";"164,0";"2,7";"102,20";"0,0"
"17/04/2026";"2200";"15,6";"17,0";"15,4";"87,0";"88,0";"79,0";"13,4";"13,6";"13,1";"832,8";"832,8";"832,4";"0,7";"357,0";"1,1";"";"0,0"
"17/04/2026";"2300";"14,3";"15,6";"14,3";"91,0";"91,0";"87,0";"12,9";"13,4";"12,8";"833,0";"833,1";"832,7";"1,4";"344,0";"1,9";"";"0,0"
"18/04/2026";"0000";"13,5";"14,3";"13,5";"94,0";"94,0";"91,0";"12,5";"12,9";"12,5";"833,4";"833,5";"833,0";"0,7";"328,0";"1,9";"";"0,0"
"18/04/2026";"0100";"12,9";"13,5";"12,9";"95,0";"95,0";"94,0";"12,2";"12,5";"12,1";"833,6";"833,7";"833,4";"0,6";"337,0";"1,6";"";"0,0"
"18/04/2026";"0200";"12,3";"12,9";"12,3";"95,0";"96,0";"95,0";"11,6";"12,2";"11,6";"833,7";"833,9";"833,6";"0,8";"329,0";"1,4";"";"0,0"
"18/04/2026";"0300";"11,9";"12,3";"11,9";"97,0";"97,0";"95,0";"11,3";"11,7";"11,3";"833,1";"833,7";"833,1";"1,3";"336,0";"2,3";"";"0,0"
"18/04/2026";"0400";"11,3";"11,9";"11,3";"96,0";"97,0";"96,0";"10,7";"11,3";"10,7";"832,9";"833,2";"832,9";"1,1";"329,0";"2,1";"";"0,0"
"18/04/2026";"0500";"11,1";"11,4";"11,1";"97,0";"97,0";"96,0";"10,6";"10,9";"10,6";"832,6";"833,0";"832,6";"1,1";"329,0";"2,0";"";"0,0"
"18/04/2026";"0600";"10,9";"11,2";"10,6";"97,0";"98,0";"97,0";"10,5";"10,8";"10,1";"832,6";"832,6";"832,5";"1,3";"342,0";"2,6";"";"0,0"
"18/04/2026";"0700";"10,7";"11,2";"10,4";"98,0";"98,0";"97,0";"10,3";"10,9";"10,0";"832,7";"832,8";"832,5";"0,7";"349,0";"2,0";"";"0,0"
"18/04/2026";"0800";"10,8";"10,8";"10,3";"98,0";"98,0";"97,0";"10,5";"10,5";"9,9";"832,8";"832,9";"832,6";"1,7";"350,0";"2,1";"";"0,0"
"18/04/2026";"0900";"11,0";"11,0";"10,3";"98,0";"98,0";"97,0";"10,7";"10,7";"9,8";"832,7";"832,9";"832,7";"2,0";"355,0";"2,9";"";"0,0"
"18/04/2026";"1000";"12,1";"12,1";"10,3";"93,0";"98,0";"93,0";"10,9";"11,0";"9,8";"833,3";"833,3";"832,6";"0,8";"310,0";"2,7";"95,50";"0,0"
"18/04/2026";"1100";"16,1";"16,4";"12,0";"78,0";"93,0";"76,0";"12,2";"12,6";"10,4";"833,8";"833,8";"833,3";"0,8";"337,0";"1,8";"732,40";"0,0"
"18/04/2026";"1200";"20,2";"20,2";"16,0";"68,0";"80,0";"66,0";"14,1";"14,2";"12,2";"833,8";"833,9";"833,7";"0,8";"198,0";"2,2";"1513,40";"0,0"
"18/04/2026";"1300";"22,1";"22,3";"19,9";"59,0";"69,0";"59,0";"13,8";"15,0";"13,1";"834,0";"834,1";"833,8";"0,8";"251,0";"3,3";"2380,90";"0,0"
"18/04/2026";"1400";"20,8";"22,1";"20,1";"66,0";"69,0";"58,0";"14,3";"15,3";"13,1";"833,4";"834,0";"833,3";"1,4";"208,0";"4,1";"2076,50";"0,0"
"18/04/2026";"1500";"21,7";"21,7";"20,2";"64,0";"68,0";"63,0";"14,6";"14,8";"13,2";"832,7";"833,4";"832,7";"1,4";"195,0";"4,4";"2284,80";"0,0"
"18/04/2026";"1600";"22,8";"22,9";"21,0";"61,0";"68,0";"61,0";"14,8";"16,0";"13,9";"832,3";"832,7";"832,2";"1,1";"210,0";"3,9";"3039,40";"0,0"
"18/04/2026";"1700";"21,9";"23,2";"21,2";"63,0";"70,0";"60,0";"14,6";"16,2";"14,5";"832,1";"832,3";"832,0";"1,3";"216,0";"4,1";"2131,20";"0,0"
"18/04/2026";"1800";"20,8";"21,9";"19,6";"70,0";"75,0";"63,0";"15,0";"15,6";"14,4";"831,6";"832,1";"831,5";"1,0";"214,0";"3,7";"943,00";"0,0"
"18/04/2026";"1900";"17,9";"22,1";"17,9";"85,0";"85,0";"65,0";"15,4";"16,1";"14,6";"831,5";"831,8";"831,3";"0,7";"245,0";"3,7";"672,50";"1,8"
"18/04/2026";"2000";"18,0";"18,3";"17,7";"88,0";"90,0";"85,0";"16,0";"16,5";"15,3";"831,5";"831,5";"831,2";"1,5";"163,0";"5,3";"273,80";"0,0"
"18/04/2026";"2100";"17,6";"18,2";"17,6";"87,0";"88,0";"85,0";"15,4";"16,0";"15,4";"831,9";"831,9";"831,5";"0,6";"217,0";"3,2";"73,00";"0,0"
"18/04/2026";"2200";"16,9";"17,6";"16,8";"89,0";"90,0";"86,0";"15,0";"15,7";"14,8";"831,7";"832,0";"831,5";"0,3";"89,0";"2,2";"";"0,0"
"18/04/2026";"2300";"15,9";"16,9";"15,8";"92,0";"93,0";"89,0";"14,6";"15,1";"14,6";"832,7";"832,7";"831,7";"0,7";"159,0";"2,0";"";"0,0"
"19/04/2026";"0000";"15,1";"15,9";"15,1";"94,0";"94,0";"92,0";"14,1";"14,6";"14,1";"833,1";"833,1";"832,6";"0,5";"160,0";"1,5";"";"0,0"
"19/04/2026";"0100";"14,8";"15,2";"14,4";"96,0";"96,0";"94,0";"14,2";"14,4";"13,6";"833,5";"833,6";"832,7";"0,9";"350,0";"3,0";"";"0,0"
"19/04/2026";"0200";"14,3";"15,2";"14,3";"97,0";"97,0";"95,0";"13,9";"14,5";"13,8";"833,3";"833,5";"833,1";"0,4";"228,0";"1,9";"";"0,0"
"19/04/2026";"0300";"13,8";"14,3";"13,7";"98,0";"98,0";"97,0";"13,5";"13,9";"13,4";"833,4";"833,4";"833,3";"0,7";"245,0";"1,6";"";"0,0"
"19/04/2026";"0400";"13,2";"13,8";"13,2";"98,0";"98,0";"98,0";"13,0";"13,4";"13,0";"833,3";"833,4";"833,3";"0,7";"339,0";"1,6";"";"0,0"
"19/04/2026";"0500";"13,2";"13,4";"12,9";"99,0";"99,0";"98,0";"13,0";"13,2";"12,7";"833,2";"833,4";"833,1";"0,6";"141,0";"1,6";"";"0,0"
"19/04/2026";"0600";"13,4";"13,8";"12,8";"99,0";"99,0";"98,0";"13,2";"13,6";"12,6";"832,9";"833,2";"832,9";"0,4";"159,0";"1,2";"";"0,0"
"19/04/2026";"0700";"12,6";"13,7";"12,6";"99,0";"99,0";"98,0";"12,5";"13,5";"12,3";"832,8";"832,9";"832,8";"0,4";"255,0";"2,0";"";"0,0"
"19/04/2026";"0800";"12,9";"13,3";"12,6";"99,0";"99,0";"99,0";"12,7";"13,1";"12,5";"833,1";"833,1";"832,8";"0,4";"235,0";"1,8";"";"0,0"
"19/04/2026";"0900";"12,7";"13,7";"12,5";"99,0";"99,0";"99,0";"12,6";"13,6";"12,3";"833,6";"833,6";"833,1";"0,5";"349,0";"2,2";"";"0,0"
"19/04/2026";"1000";"12,3";"13,0";"11,9";"99,0";"99,0";"99,0";"12,1";"12,8";"11,8";"834,1";"834,2";"833,6";"0,7";"319,0";"1,2";"72,10";"0,2"
"19/04/2026";"1100";"14,3";"14,4";"12,3";"99,0";"99,0";"99,0";"14,2";"14,3";"12,2";"834,6";"834,6";"834,1";"0,4";"171,0";"1,1";"630,40";"0,0"
"19/04/2026";"1200";"19,5";"19,5";"14,2";"73,0";"99,0";"73,0";"14,5";"17,5";"14,1";"835,2";"835,2";"834,6";"1,0";"133,0";"1,6";"1527,40";"0,0"
"19/04/2026";"1300";"20,7";"21,2";"19,4";"63,0";"73,0";"58,0";"13,3";"14,4";"11,5";"835,5";"835,5";"835,2";"1,4";"192,0";"3,9";"2277,20";"0,0"
"19/04/2026";"1400";"21,4";"21,6";"20,7";"67,0";"69,0";"62,0";"15,0";"15,6";"13,7";"835,3";"835,5";"835,3";"1,4";"175,0";"4,3";"2831,40";"0,0"
"19/04/2026";"1500";"20,4";"21,5";"19,9";"74,0";"76,0";"65,0";"15,7";"16,1";"14,2";"835,1";"835,3";"835,1";"1,6";"174,0";"4,3";"2510,20";"0,0"
"19/04/2026";"1600";"21,5";"22,0";"19,7";"70,0";"78,0";"67,0";"15,7";"16,8";"15,0";"834,8";"835,1";"834,8";"1,6";"160,0";"4,6";"2581,30";"0,0"
"19/04/2026";"1700";"21,3";"21,7";"20,2";"72,0";"76,0";"69,0";"16,0";"16,7";"15,0";"834,5";"834,8";"834,4";"2,6";"128,0";"5,2";"2259,40";"0,0"
"19/04/2026";"1800";"19,8";"21,7";"19,2";"74,0";"80,0";"67,0";"15,1";"16,2";"14,8";"834,4";"834,5";"834,4";"1,3";"164,0";"4,8";"1572,90";"0,0"
"19/04/2026";"1900";"19,4";"20,6";"18,8";"74,0";"79,0";"73,0";"14,8";"16,2";"14,6";"834,3";"834,4";"834,3";"2,1";"131,0";"5,1";"524,30";"0,0"
"19/04/2026";"2000";"18,8";"19,4";"18,8";"74,0";"75,0";"71,0";"14,0";"14,8";"13,9";"834,5";"834,5";"834,3";"1,8";"138,0";"5,6";"920,00";"0,0"
"19/04/2026";"2100";"16,1";"18,8";"16,1";"84,0";"84,0";"74,0";"13,5";"14,0";"13,5";"834,7";"834,7";"834,5";"1,4";"148,0";"5,1";"100,10";"0,0"
"19/04/2026";"2200";"14,7";"16,1";"14,7";"87,0";"87,0";"84,0";"12,6";"13,6";"12,5";"835,0";"835,0";"834,7";"0,6";"114,0";"3,7";"";"0,0"
"19/04/2026";"2300";"14,2";"15,3";"14,2";"91,0";"91,0";"84,0";"12,8";"13,0";"12,4";"835,4";"835,4";"835,0";"1,0";"12,0";"4,7";"";"0,0"
"20/04/2026";"0000";"14,7";"14,7";"13,6";"92,0";"95,0";"91,0";"13,4";"13,5";"12,5";"835,8";"835,8";"835,4";"2,1";"58,0";"4,4";"";"0,0"
"20/04/2026";"0100";"14,7";"15,0";"14,7";"90,0";"92,0";"90,0";"13,0";"13,6";"13,0";"835,9";"835,9";"835,7";"1,6";"88,0";"5,7";"";"0,0"
"20/04/2026";"0200";"13,9";"14,7";"13,9";"87,0";"90,0";"83,0";"11,8";"13,0";"11,7";"835,9";"835,9";"835,8";"1,6";"40,0";"4,1";"";"0,0"
"20/04/2026";"0300";"13,1";"13,9";"13,1";"90,0";"91,0";"87,0";"11,6";"12,0";"11,5";"836,1";"836,1";"835,9";"1,4";"25,0";"3,3";"";"0,0"
"20/04/2026";"0400";"13,1";"13,2";"12,7";"94,0";"95,0";"90,0";"12,1";"12,2";"11,6";"835,9";"836,2";"835,9";"1,9";"61,0";"4,4";"";"0,0"
"20/04/2026";"0500";"13,0";"13,4";"12,6";"88,0";"94,0";"88,0";"11,0";"12,2";"10,9";"835,7";"836,0";"835,7";"1,4";"54,0";"5,9";"";"0,0"
"20/04/2026";"0600";"12,5";"13,0";"12,1";"86,0";"91,0";"86,0";"10,2";"11,0";"10,2";"835,6";"835,7";"835,5";"1,0";"103,0";"3,8";"";"0,0"
"20/04/2026";"0700";"11,0";"12,7";"10,6";"82,0";"91,0";"82,0";"8,1";"10,2";"8,1";"835,6";"835,6";"835,5";"1,3";"355,0";"3,4";"";"0,0"
"20/04/2026";"0800";"10,7";"12,1";"10,6";"62,0";"82,0";"53,0";"3,8";"7,7";"2,0";"835,7";"835,7";"835,5";"0,9";"340,0";"3,6";"";"0,0"
"20/04/2026";"0900";"9,0";"11,2";"9,0";"74,0";"82,0";"52,0";"4,6";"6,3";"1,5";"836,0";"836,0";"835,7";"0,9";"294,0";"3,0";"";"0,0"
"20/04/2026";"1000";"11,2";"11,3";"8,9";"69,0";"74,0";"57,0";"5,6";"5,9";"2,4";"836,7";"836,7";"836,0";"0,7";"286,0";"2,0";"105,50";"0,0"
"20/04/2026";"1100";"15,3";"15,3";"11,2";"55,0";"69,0";"45,0";"6,3";"6,9";"1,7";"837,0";"837,0";"836,6";"0,8";"312,0";"1,9";"811,20";"0,0"
"20/04/2026";"1200";"18,8";"19,1";"15,0";"37,0";"58,0";"31,0";"3,9";"7,1";"1,8";"837,5";"837,5";"837,0";"1,0";"351,0";"2,5";"1624,40";"0,0"
"20/04/2026";"1300";"21,1";"21,6";"18,6";"31,0";"40,0";"29,0";"3,2";"5,8";"1,6";"837,6";"837,7";"837,5";"0,8";"108,0";"3,1";"2367,40";"0,0"
"20/04/2026";"1400";"20,7";"21,9";"20,4";"50,0";"53,0";"22,0";"10,0";"10,5";"-1,1";"837,2";"837,6";"837,2";"1,2";"161,0";"2,7";"2903,00";"0,0"
"20/04/2026";"1500";"19,8";"21,1";"19,5";"45,0";"53,0";"42,0";"7,7";"11,0";"6,3";"837,1";"837,3";"837,0";"1,7";"168,0";"4,0";"3185,60";"0,0"
"20/04/2026";"1600";"20,9";"21,0";"19,6";"53,0";"53,0";"44,0";"10,9";"10,9";"7,3";"836,6";"837,1";"836,6";"1,4";"169,0";"4,0";"3213,80";"0,0"
"20/04/2026";"1700";"21,9";"21,9";"20,5";"54,0";"57,0";"49,0";"12,1";"12,3";"9,5";"836,1";"836,6";"836,1";"1,4";"165,0";"4,3";"2950,90";"0,0"
"20/04/2026";"1800";"19,8";"21,9";"19,7";"63,0";"63,0";"47,0";"12,5";"12,7";"10,1";"835,7";"836,1";"835,7";"1,9";"154,0";"5,1";"2207,90";"0,0"
"20/04/2026";"1900";"18,4";"19,9";"18,4";"66,0";"69,0";"60,0";"12,1";"13,3";"11,8";"835,9";"836,0";"835,7";"2,1";"152,0";"5,4";"395,60";"0,0"
"20/04/2026";"2000";"17,2";"18,4";"17,2";"71,0";"73,0";"66,0";"11,9";"12,8";"11,9";"836,1";"836,1";"835,9";"1,6";"148,0";"3,7";"919,40";"0,0"
"20/04/2026";"2100";"14,4";"17,2";"14,4";"80,0";"80,0";"71,0";"10,9";"12,2";"10,9";"836,3";"836,3";"836,1";"1,1";"113,0";"2,9";"93,70";"0,0"
"20/04/2026";"2200";"12,9";"14,4";"12,9";"88,0";"88,0";"79,0";"10,9";"11,0";"10,5";"836,4";"836,4";"836,2";"0,5";"132,0";"2,0";"";"0,0"
"20/04/2026";"2300";"11,5";"12,9";"11,4";"85,0";"89,0";"85,0";"9,1";"10,9";"9,1";"836,6";"836,6";"836,4";"0,8";"356,0";"1,4";"";"0,0"
"21/04/2026";"0000";"10,7";"11,6";"10,5";"93,0";"93,0";"85,0";"9,6";"9,6";"9,0";"836,8";"836,8";"836,6";"0,4";"159,0";"1,2";"";"0,0"
"21/04/2026";"0100";"10,3";"10,7";"10,2";"93,0";"94,0";"93,0";"9,2";"9,7";"9,1";"836,8";"836,9";"836,7";"0,7";"312,0";"1,3";"";"0,0"
"21/04/2026";"0200";"9,5";"10,4";"9,5";"94,0";"94,0";"92,0";"8,6";"9,4";"8,6";"836,7";"836,8";"836,5";"0,7";"155,0";"1,5";"";"0,0"
"21/04/2026";"0300";"9,4";"10,3";"9,4";"94,0";"95,0";"92,0";"8,6";"9,3";"8,4";"836,4";"836,7";"836,4";"0,7";"313,0";"1,3";"";"0,0"
"21/04/2026";"0400";"8,8";"9,5";"8,8";"96,0";"96,0";"94,0";"8,2";"8,7";"8,2";"836,1";"836,4";"836,1";"0,5";"331,0";"1,6";"";"0,0"
"21/04/2026";"0500";"8,5";"9,0";"8,0";"98,0";"98,0";"96,0";"8,2";"8,5";"7,6";"835,8";"836,1";"835,8";"0,5";"342,0";"1,3";"";"0,0"
"21/04/2026";"0600";"8,3";"8,9";"8,3";"98,0";"98,0";"98,0";"8,1";"8,6";"8,0";"835,4";"835,8";"835,4";"0,7";"326,0";"1,5";"";"0,0"
"21/04/2026";"0700";"7,2";"8,4";"7,0";"99,0";"99,0";"98,0";"7,0";"8,1";"6,8";"835,6";"835,6";"835,3";"0,9";"115,0";"1,5";"";"0,0"
"21/04/2026";"0800";"6,3";"7,5";"6,2";"96,0";"99,0";"96,0";"5,7";"7,3";"5,7";"835,7";"835,7";"835,5";"1,3";"324,0";"2,0";"";"0,0"
"21/04/2026";"0900";"5,7";"6,3";"5,7";"95,0";"97,0";"92,0";"5,0";"5,7";"4,7";"836,1";"836,1";"835,7";"1,1";"316,0";"2,4";"";"0,0"
"21/04/2026";"1000";"7,9";"7,9";"5,5";"85,0";"95,0";"85,0";"5,5";"5,7";"4,5";"836,9";"836,9";"836,1";"0,8";"321,0";"2,0";"108,30";"0,0"
"21/04/2026";"1100";"11,2";"11,3";"7,9";"77,0";"85,0";"75,0";"7,4";"7,7";"5,5";"837,5";"837,5";"836,9";"0,8";"327,0";"1,6";"702,10";"0,2"
"21/04/2026";"1200";"17,1";"17,1";"11,2";"69,0";"79,0";"65,0";"11,4";"11,6";"7,4";"838,0";"838,0";"837,5";"1,5";"332,0";"3,2";"1543,00";"0,0"
"21/04/2026";"1300";"19,4";"19,7";"16,9";"61,0";"70,0";"59,0";"11,7";"12,5";"10,8";"838,3";"838,3";"838,0";"1,0";"337,0";"3,4";"2311,60";"0,0"
"21/04/2026";"1400";"19,5";"20,5";"19,0";"64,0";"65,0";"58,0";"12,5";"13,3";"10,7";"837,8";"838,3";"837,8";"1,5";"164,0";"3,6";"2862,60";"0,0"
"21/04/2026";"1500";"19,5";"19,9";"19,3";"67,0";"68,0";"64,0";"13,2";"13,7";"12,5";"837,4";"837,8";"837,4";"1,8";"176,0";"4,8";"3139,00";"0,0"
"21/04/2026";"1600";"20,1";"20,2";"19,3";"62,0";"69,0";"61,0";"12,5";"13,9";"12,3";"836,7";"837,4";"836,7";"1,9";"157,0";"4,8";"3191,20";"0,0"
"21/04/2026";"1700";"21,3";"21,7";"19,7";"57,0";"65,0";"54,0";"12,5";"13,5";"11,7";"836,3";"836,7";"836,3";"1,5";"159,0";"4,8";"2891,50";"0,0"
"21/04/2026";"1800";"19,9";"21,5";"19,7";"68,0";"71,0";"53,0";"13,8";"14,7";"11,6";"836,1";"836,4";"836,1";"1,4";"153,0";"4,9";"2120,30";"0,0"
"21/04/2026";"1900";"19,3";"19,9";"18,6";"75,0";"78,0";"68,0";"14,7";"14,8";"13,7";"836,1";"836,2";"836,0";"1,1";"167,0";"3,1";"380,40";"0,0"
"21/04/2026";"2000";"18,2";"19,5";"18,2";"79,0";"79,0";"70,0";"14,5";"15,0";"13,7";"836,2";"836,2";"836,1";"1,0";"160,0";"2,5";"859,30";"0,0"
"21/04/2026";"2100";"15,2";"18,2";"15,2";"89,0";"89,0";"78,0";"13,5";"14,4";"13,4";"836,6";"836,6";"836,2";"0,7";"132,0";"3,0";"94,30";"0,0"
"21/04/2026";"2200";"14,1";"15,2";"14,1";"89,0";"91,0";"88,0";"12,3";"13,7";"12,3";"836,7";"836,8";"836,6";"0,9";"347,0";"2,9";"";"0,0"
"21/04/2026";"2300";"13,1";"14,1";"13,1";"92,0";"92,0";"89,0";"11,9";"12,3";"11,9";"837,0";"837,0";"836,7";"0,5";"170,0";"2,6";"";"0,0"
"22/04/2026";"0000";"12,8";"13,2";"12,6";"94,0";"95,0";"92,0";"11,9";"12,2";"11,5";"837,2";"837,2";"837,0";"0,3";"197,0";"2,0";"";"0,0"
"22/04/2026";"0100";"11,9";"12,8";"11,9";"96,0";"96,0";"94,0";"11,4";"11,9";"11,3";"837,0";"837,2";"836,9";"0,5";"319,0";"1,8";"";"0,0"
"22/04/2026";"0200";"11,4";"12,0";"11,4";"97,0";"97,0";"96,0";"10,9";"11,4";"10,9";"837,1";"837,1";"836,9";"0,9";"330,0";"1,7";"";"0,0"
"22/04/2026";"0300";"10,8";"11,6";"10,8";"98,0";"98,0";"97,0";"10,4";"11,2";"10,4";"836,9";"837,1";"836,9";"1,2";"353,0";"2,1";"";"0,0"
"22/04/2026";"0400";"10,3";"10,9";"10,3";"98,0";"98,0";"98,0";"10,0";"10,5";"10,0";"836,7";"837,0";"836,7";"0,9";"337,0";"1,8";"";"0,0"
"22/04/2026";"0500";"9,8";"10,3";"9,7";"98,0";"98,0";"98,0";"9,5";"9,9";"9,4";"836,5";"836,7";"836,5";"1,0";"337,0";"1,7";"";"0,0"
"22/04/2026";"0600";"9,4";"10,0";"9,4";"99,0";"99,0";"98,0";"9,2";"9,8";"9,2";"836,6";"836,6";"836,4";"0,2";"320,0";"1,3";"";"0,0"
"22/04/2026";"0700";"9,6";"9,6";"8,8";"99,0";"99,0";"98,0";"9,4";"9,4";"8,5";"836,4";"836,6";"836,3";"1,3";"347,0";"1,9";"";"0,0"
"22/04/2026";"0800";"9,3";"9,8";"8,9";"99,0";"99,0";"99,0";"9,1";"9,6";"8,7";"836,5";"836,6";"836,4";"1,1";"339,0";"2,1";"";"0,0"
"22/04/2026";"0900";"8,8";"9,5";"8,6";"99,0";"99,0";"99,0";"8,6";"9,4";"8,5";"836,9";"836,9";"836,5";"1,1";"326,0";"2,2";"";"0,0"
"22/04/2026";"1000";"9,5";"9,5";"8,6";"99,0";"99,0";"99,0";"9,3";"9,3";"8,4";"837,5";"837,5";"836,9";"0,8";"325,0";"2,3";"45,70";"0,0"
"22/04/2026";"1100";"13,1";"13,1";"9,5";"99,0";"99,0";"99,0";"13,0";"13,0";"9,4";"837,9";"837,9";"837,5";"1,5";"336,0";"2,7";"356,60";"0,0"
"22/04/2026";"1200";"16,2";"16,7";"13,2";"86,0";"99,0";"84,0";"13,8";"14,4";"13,1";"838,0";"838,0";"837,9";"1,9";"326,0";"4,5";"1421,90";"0,0"
"22/04/2026";"1300";"18,6";"19,2";"16,2";"75,0";"86,0";"71,0";"14,2";"14,9";"13,4";"838,5";"838,5";"838,0";"1,0";"273,0";"4,2";"1625,90";"0,0"
"22/04/2026";"1400";"21,0";"21,0";"17,8";"62,0";"79,0";"62,0";"13,5";"14,9";"13,2";"838,1";"838,5";"838,1";"1,4";"282,0";"4,6";"2527,90";"0,0"
"22/04/2026";"1500";"19,4";"21,4";"18,9";"67,0";"72,0";"60,0";"13,2";"14,6";"12,0";"837,6";"838,1";"837,6";"1,4";"192,0";"3,9";"2593,60";"0,0"
"22/04/2026";"1600";"20,4";"20,8";"19,2";"58,0";"70,0";"58,0";"12,0";"14,0";"12,0";"836,9";"837,6";"836,9";"1,5";"198,0";"3,9";"2883,30";"0,0"
"22/04/2026";"1700";"19,9";"21,0";"19,8";"63,0";"66,0";"51,0";"12,7";"13,7";"10,5";"836,6";"837,0";"836,6";"1,1";"222,0";"4,2";"2399,90";"0,0"
"22/04/2026";"1800";"19,6";"21,4";"19,3";"66,0";"66,0";"58,0";"13,2";"13,8";"12,0";"836,3";"836,6";"836,3";"0,7";"302,0";"3,1";"1986,60";"0,0"
"22/04/2026";"1900";"20,2";"20,3";"19,4";"66,0";"69,0";"61,0";"13,6";"13,8";"12,2";"836,2";"836,3";"836,2";"0,8";"207,0";"2,6";"606,10";"0,0"
"22/04/2026";"2000";"17,8";"20,2";"17,8";"79,0";"79,0";"66,0";"14,1";"14,6";"13,3";"836,7";"836,7";"836,2";"1,3";"145,0";"3,5";"686,30";"0,0"
"22/04/2026";"2100";"15,9";"17,8";"15,9";"89,0";"89,0";"79,0";"14,1";"14,3";"14,1";"837,1";"837,1";"836,7";"1,1";"111,0";"3,1";"39,30";"0,0"
"22/04/2026";"2200";"14,8";"15,9";"14,8";"93,0";"93,0";"89,0";"13,8";"14,1";"13,7";"837,6";"837,6";"837,1";"0,7";"341,0";"1,8";"";"0,0"
"22/04/2026";"2300";"13,9";"14,8";"13,9";"92,0";"94,0";"92,0";"12,7";"13,8";"12,7";"838,1";"838,1";"837,6";"1,4";"5,0";"2,1";"";"0,0"
"23/04/2026";"0000";"13,2";"13,9";"13,2";"95,0";"95,0";"92,0";"12,4";"12,8";"12,3";"838,4";"838,4";"838,1";"0,7";"316,0";"2,5";"";"0,0"
"23/04/2026";"0100";"13,4";"14,4";"13,2";"93,0";"96,0";"91,0";"12,4";"13,4";"11,9";"838,3";"838,4";"838,3";"0,9";"26,0";"3,6";"";"0,0"
"23/04/2026";"0200";"12,2";"13,8";"12,2";"96,0";"96,0";"93,0";"11,5";"13,0";"11,4";"838,1";"838,3";"838,1";"0,6";"325,0";"3,2";"";"0,0"
"23/04/2026";"0300";"11,7";"12,6";"11,7";"98,0";"98,0";"96,0";"11,3";"12,1";"11,3";"837,8";"838,1";"837,8";"0,7";"317,0";"2,0";"";"0,0"
"23/04/2026";"0400";"11,1";"11,7";"11,0";"98,0";"98,0";"98,0";"10,8";"11,3";"10,7";"837,5";"837,8";"837,5";"1,0";"338,0";"1,8";"";"0,0"
"23/04/2026";"0500";"10,3";"11,2";"10,2";"99,0";"99,0";"98,0";"10,0";"11,0";"10,0";"837,2";"837,5";"837,2";"1,1";"338,0";"1,7";"";"0,2"
"23/04/2026";"0600";"9,7";"10,3";"9,4";"99,0";"99,0";"98,0";"9,5";"10,0";"9,1";"837,0";"837,2";"836,9";"1,3";"346,0";"2,2";"";"0,0"
"23/04/2026";"0700";"9,0";"9,9";"8,9";"99,0";"99,0";"98,0";"8,8";"9,7";"8,7";"837,0";"837,1";"837,0";"0,8";"326,0";"1,8";"";"0,0"
"23/04/2026";"0800";"8,9";"9,1";"8,5";"99,0";"99,0";"99,0";"8,7";"8,9";"8,4";"837,1";"837,1";"837,0";"1,0";"352,0";"1,7";"";"0,0"
"23/04/2026";"0900";"8,4";"9,3";"8,1";"99,0";"99,0";"99,0";"8,3";"9,1";"8,0";"837,5";"837,5";"837,1";"1,1";"333,0";"1,7";"";"0,0"
"23/04/2026";"1000";"9,9";"9,9";"8,3";"99,0";"99,0";"99,0";"9,8";"9,8";"8,2";"838,0";"838,0";"837,5";"0,9";"341,0";"1,7";"90,60";"0,0"
"23/04/2026";"1100";"14,2";"14,2";"9,9";"86,0";"99,0";"86,0";"11,9";"12,0";"9,9";"838,6";"838,6";"838,0";"0,8";"341,0";"1,7";"720,60";"0,0"
"23/04/2026";"1200";"17,1";"17,4";"14,2";"80,0";"86,0";"79,0";"13,7";"14,0";"11,5";"839,0";"839,0";"838,6";"2,0";"339,0";"3,6";"1476,80";"0,0"
"23/04/2026";"1300";"17,7";"20,2";"16,7";"76,0";"83,0";"67,0";"13,4";"14,8";"13,0";"839,4";"839,4";"839,0";"1,0";"165,0";"3,6";"1922,70";"0,0"
"23/04/2026";"1400";"19,2";"19,2";"16,9";"74,0";"81,0";"72,0";"14,5";"14,6";"13,2";"839,1";"839,4";"839,1";"1,2";"167,0";"3,2";"1813,50";"0,0"
"23/04/2026";"1500";"18,2";"19,4";"17,6";"76,0";"79,0";"71,0";"14,0";"14,5";"13,2";"838,4";"839,1";"838,4";"1,5";"152,0";"3,8";"1136,90";"0,0"
"23/04/2026";"1600";"19,7";"20,5";"18,0";"72,0";"78,0";"68,0";"14,5";"15,0";"13,5";"838,0";"838,4";"837,9";"1,3";"165,0";"3,9";"2063,90";"0,0"
"23/04/2026";"1700";"19,2";"19,8";"18,4";"75,0";"78,0";"72,0";"14,7";"15,0";"14,0";"837,5";"838,0";"837,5";"1,0";"138,0";"4,5";"930,10";"0,0"
"23/04/2026";"1800";"18,9";"20,6";"18,6";"74,0";"79,0";"71,0";"14,2";"15,6";"14,0";"837,4";"837,5";"837,3";"0,9";"157,0";"5,0";"1090,10";"0,0"
"23/04/2026";"1900";"17,7";"20,3";"17,7";"75,0";"77,0";"70,0";"13,2";"15,3";"13,2";"837,2";"837,4";"837,2";"1,7";"51,0";"4,5";"701,50";"0,0"
"23/04/2026";"2000";"16,0";"17,7";"16,0";"73,0";"77,0";"73,0";"11,1";"13,2";"11,1";"837,4";"837,5";"837,2";"1,9";"20,0";"4,5";"308,00";"0,0"
"23/04/2026";"2100";"14,8";"16,0";"14,8";"76,0";"76,0";"70,0";"10,6";"11,1";"10,3";"837,8";"837,8";"837,4";"0,9";"10,0";"4,0";"32,80";"0,0"
"23/04/2026";"2200";"13,8";"14,8";"13,8";"80,0";"80,0";"71,0";"10,4";"10,6";"9,5";"838,1";"838,1";"837,7";"0,8";"310,0";"3,1";"";"0,0"
"23/04/2026";"2300";"13,9";"14,5";"13,6";"88,0";"88,0";"76,0";"12,1";"12,1";"9,6";"838,5";"838,5";"838,1";"1,9";"349,0";"4,5";"";"0,0"
"24/04/2026";"0000";"13,2";"13,9";"13,2";"91,0";"92,0";"87,0";"11,7";"12,4";"11,5";"838,8";"838,8";"838,5";"0,9";"323,0";"3,8";"";"0,0"
"24/04/2026";"0100";"12,1";"13,2";"12,1";"95,0";"95,0";"91,0";"11,3";"11,8";"11,2";"838,8";"838,8";"838,7";"0,7";"336,0";"3,2";"";"0,0"
"24/04/2026";"0200";"11,4";"12,1";"11,4";"96,0";"97,0";"95,0";"10,9";"11,3";"10,9";"838,6";"838,8";"838,6";"0,9";"316,0";"1,7";"";"0,0"
"24/04/2026";"0300";"10,8";"11,5";"10,8";"97,0";"98,0";"96,0";"10,4";"11,0";"10,4";"838,4";"838,6";"838,4";"0,7";"323,0";"1,9";"";"0,0"
"24/04/2026";"0400";"10,7";"10,8";"10,5";"98,0";"98,0";"97,0";"10,4";"10,5";"10,2";"837,9";"838,4";"837,9";"1,0";"343,0";"1,7";"";"0,0"
"24/04/2026";"0500";"10,3";"10,8";"10,1";"98,0";"98,0";"98,0";"10,1";"10,5";"9,9";"837,5";"837,9";"837,5";"0,8";"336,0";"1,7";"";"0,0"
"24/04/2026";"0600";"9,9";"10,4";"9,7";"99,0";"99,0";"98,0";"9,7";"10,1";"9,5";"837,6";"837,6";"837,4";"1,1";"345,0";"1,5";"";"0,0"
"24/04/2026";"0700";"9,7";"10,1";"9,6";"99,0";"99,0";"99,0";"9,5";"9,9";"9,4";"837,5";"837,7";"837,5";"1,2";"346,0";"1,5";"";"0,0"
"24/04/2026";"0800";"9,8";"10,2";"9,4";"99,0";"99,0";"99,0";"9,6";"10,0";"9,3";"837,5";"837,6";"837,5";"0,8";"332,0";"1,5";"";"0,2"
"24/04/2026";"0900";"9,4";"10,3";"9,0";"99,0";"99,0";"99,0";"9,2";"10,1";"8,9";"838,0";"838,0";"837,5";"0,9";"331,0";"2,0";"";"0,0"
"24/04/2026";"1000";"10,3";"10,3";"8,9";"99,0";"99,0";"99,0";"10,2";"10,2";"8,8";"838,7";"838,7";"838,0";"0,7";"327,0";"2,0";"80,50";"0,0"
"24/04/2026";"1100";"14,0";"14,0";"10,3";"86,0";"99,0";"86,0";"11,7";"11,7";"10,1";"839,1";"839,1";"838,7";"0,9";"325,0";"1,8";"691,60";"0,0"
"24/04/2026";"1200";"17,7";"17,7";"14,0";"73,0";"87,0";"72,0";"12,7";"13,1";"11,6";"839,4";"839,4";"839,1";"1,4";"326,0";"3,6";"1482,60";"0,0"
"24/04/2026";"1300";"20,2";"20,3";"17,7";"63,0";"72,0";"62,0";"12,9";"13,8";"11,7";"839,5";"839,5";"839,4";"1,4";"296,0";"5,0";"2142,90";"0,0"
"24/04/2026";"1400";"17,6";"20,9";"17,6";"69,0";"70,0";"59,0";"11,9";"13,5";"11,6";"839,2";"839,5";"839,1";"0,9";"250,0";"5,0";"1882,70";"0,0"
"24/04/2026";"1500";"19,0";"20,3";"17,5";"64,0";"71,0";"58,0";"12,1";"13,3";"11,1";"838,3";"839,2";"838,3";"0,9";"241,0";"3,8";"1602,50";"0,0"
"24/04/2026";"1600";"19,1";"19,8";"18,6";"64,0";"67,0";"59,0";"12,1";"12,7";"10,9";"837,7";"838,3";"837,7";"0,7";"217,0";"3,2";"1294,40";"0,0"
"24/04/2026";"1700";"18,6";"20,9";"18,6";"66,0";"70,0";"59,0";"12,2";"13,7";"11,5";"837,2";"837,7";"837,2";"1,3";"194,0";"3,9";"1567,10";"0,0"
"24/04/2026";"1800";"20,1";"20,1";"18,4";"64,0";"72,0";"62,0";"13,0";"13,9";"11,9";"836,9";"837,2";"836,9";"1,2";"212,0";"3,9";"849,70";"0,0"
"24/04/2026";"1900";"19,8";"20,2";"19,3";"60,0";"65,0";"57,0";"11,8";"12,9";"11,0";"836,9";"837,0";"836,8";"0,8";"214,0";"3,1";"557,60";"0,0"
"24/04/2026";"2000";"18,2";"19,8";"18,2";"61,0";"65,0";"58,0";"10,5";"12,2";"10,5";"837,1";"837,2";"836,9";"0,5";"264,0";"3,0";"860,90";"0,0"
"24/04/2026";"2100";"15,5";"18,2";"15,4";"76,0";"76,0";"61,0";"11,3";"11,3";"10,4";"837,2";"837,3";"837,1";"0,3";"234,0";"1,5";"52,20";"0,0"
"24/04/2026";"2200";"13,9";"15,5";"13,9";"82,0";"82,0";"76,0";"10,9";"11,2";"10,9";"837,5";"837,5";"837,2";"1,2";"2,0";"2,0";"";"0,0"
"24/04/2026";"2300";"12,7";"13,9";"12,7";"89,0";"89,0";"82,0";"11,0";"11,3";"10,9";"837,8";"837,8";"837,5";"0,7";"328,0";"2,0";"";"0,0"
"25/04/2026";"0000";"11,9";"12,8";"11,9";"92,0";"92,0";"89,0";"10,7";"11,2";"10,7";"837,7";"837,8";"837,7";"0,8";"329,0";"1,4";"";"0,0"
"25/04/2026";"0100";"11,2";"11,9";"11,2";"94,0";"94,0";"92,0";"10,3";"10,8";"10,3";"837,5";"837,7";"837,5";"0,7";"310,0";"1,7";"";"0,0"
"25/04/2026";"0200";"10,6";"11,2";"10,6";"95,0";"96,0";"94,0";"9,9";"10,3";"9,9";"837,1";"837,5";"837,1";"0,9";"320,0";"1,6";"";"0,0"
"25/04/2026";"0300";"10,2";"10,6";"10,2";"96,0";"97,0";"95,0";"9,6";"10,0";"9,6";"836,7";"837,1";"836,7";"0,9";"318,0";"1,6";"";"0,0"
"25/04/2026";"0400";"10,0";"10,2";"9,9";"97,0";"97,0";"96,0";"9,5";"9,8";"9,4";"836,4";"836,7";"836,3";"1,3";"332,0";"1,8";"";"0,0"
"25/04/2026";"0500";"10,0";"10,3";"9,6";"98,0";"98,0";"97,0";"9,7";"9,9";"9,1";"836,0";"836,4";"836,0";"1,4";"338,0";"1,8";"";"0,0"
"25/04/2026";"0600";"9,3";"10,3";"9,3";"97,0";"98,0";"97,0";"9,0";"10,0";"8,9";"835,8";"836,0";"835,7";"1,4";"338,0";"2,2";"";"0,0"
"25/04/2026";"0700";"9,7";"10,1";"9,2";"98,0";"98,0";"97,0";"9,4";"9,9";"8,9";"835,8";"835,8";"835,7";"1,7";"343,0";"2,6";"";"0,0"
"25/04/2026";"0800";"9,8";"9,9";"9,5";"98,0";"98,0";"98,0";"9,6";"9,6";"9,2";"835,7";"835,9";"835,7";"1,1";"335,0";"2,8";"";"0,0"
"25/04/2026";"0900";"9,8";"10,3";"9,8";"98,0";"98,0";"98,0";"9,6";"10,0";"9,6";"836,1";"836,1";"835,7";"0,9";"329,0";"2,8";"";"0,0"
"25/04/2026";"1000";"11,0";"11,0";"9,7";"99,0";"99,0";"98,0";"10,9";"10,9";"9,5";"836,6";"836,7";"836,1";"0,9";"327,0";"2,4";"75,10";"0,0"
"25/04/2026";"1100";"14,3";"14,3";"11,0";"87,0";"99,0";"87,0";"12,1";"12,2";"10,8";"837,1";"837,1";"836,6";"1,7";"336,0";"3,5";"688,90";"0,0"
"25/04/2026";"1200";"18,5";"18,7";"14,3";"74,0";"88,0";"74,0";"13,8";"14,2";"12,3";"837,5";"837,5";"837,1";"0,7";"250,0";"3,7";"1464,00";"0,0"
"25/04/2026";"1300";"19,1";"20,2";"18,5";"66,0";"74,0";"63,0";"12,5";"13,9";"12,4";"837,5";"837,5";"837,4";"1,3";"236,0";"4,8";"2153,40";"0,0"
"25/04/2026";"1400";"19,6";"21,1";"19,0";"63,0";"68,0";"60,0";"12,4";"14,2";"12,3";"837,1";"837,5";"837,1";"1,1";"243,0";"4,8";"2697,80";"0,0"
"25/04/2026";"1500";"20,8";"20,9";"19,3";"62,0";"68,0";"62,0";"13,1";"14,0";"12,3";"836,5";"837,1";"836,5";"1,1";"235,0";"4,8";"2676,60";"0,0"
"25/04/2026";"1600";"19,6";"21,1";"19,4";"65,0";"67,0";"61,0";"12,8";"14,1";"12,1";"835,6";"836,5";"835,6";"1,4";"227,0";"5,0";"2812,30";"0,0"
"25/04/2026";"1700";"20,1";"21,9";"19,3";"65,0";"67,0";"58,0";"13,4";"14,3";"12,5";"835,1";"835,6";"835,1";"1,1";"239,0";"4,6";"2342,60";"0,0"
"25/04/2026";"1800";"20,0";"21,7";"19,8";"66,0";"68,0";"60,0";"13,5";"14,5";"12,5";"835,0";"835,1";"835,0";"1,2";"215,0";"4,7";"1431,10";"0,0"
"25/04/2026";"1900";"19,7";"20,7";"19,4";"69,0";"69,0";"63,0";"13,8";"14,0";"12,9";"835,1";"835,1";"834,9";"1,3";"197,0";"4,3";"674,20";"0,0"
"25/04/2026";"2000";"19,1";"20,7";"19,1";"70,0";"71,0";"65,0";"13,6";"14,7";"13,4";"835,2";"835,2";"835,0";"0,9";"207,0";"4,5";"746,20";"0,0"
"25/04/2026";"2100";"16,7";"19,1";"16,6";"80,0";"80,0";"70,0";"13,3";"13,6";"13,2";"835,3";"835,3";"835,2";"0,7";"193,0";"2,8";"75,80";"0,0"
"25/04/2026";"2200";"15,4";"16,7";"15,4";"85,0";"86,0";"80,0";"12,9";"13,3";"12,9";"835,6";"835,6";"835,3";"0,4";"144,0";"2,0";"";"0,0"
"25/04/2026";"2300";"14,3";"15,5";"14,3";"89,0";"90,0";"85,0";"12,5";"12,9";"12,5";"836,2";"836,2";"835,6";"0,6";"279,0";"1,8";"";"0,0"
"26/04/2026";"0000";"13,4";"14,3";"13,4";"92,0";"92,0";"89,0";"12,1";"12,6";"12,1";"836,3";"836,3";"836,2";"0,6";"320,0";"1,9";"";"0,0"
"26/04/2026";"0100";"12,6";"13,4";"12,6";"94,0";"94,0";"92,0";"11,7";"12,1";"11,7";"836,1";"836,3";"836,1";"0,8";"324,0";"1,8";"";"0,0"
"26/04/2026";"0200";"12,1";"12,6";"12,0";"96,0";"96,0";"94,0";"11,4";"11,8";"11,3";"836,2";"836,2";"836,1";"0,7";"331,0";"1,7";"";"0,0"
"26/04/2026";"0300";"11,7";"12,1";"11,6";"97,0";"97,0";"96,0";"11,2";"11,6";"11,0";"835,9";"836,2";"835,9";"0,8";"327,0";"1,5";"";"0,0"
"26/04/2026";"0400";"11,6";"11,7";"11,3";"98,0";"98,0";"96,0";"11,3";"11,3";"10,9";"835,5";"835,9";"835,5";"0,7";"353,0";"1,3";"";"0,0"
"26/04/2026";"0500";"11,4";"11,6";"11,0";"98,0";"98,0";"97,0";"11,1";"11,2";"10,6";"835,1";"835,5";"835,1";"0,7";"303,0";"1,5";"";"0,0"
"26/04/2026";"0600";"10,7";"11,5";"10,7";"98,0";"98,0";"98,0";"10,4";"11,3";"10,4";"834,9";"835,1";"834,9";"0,3";"271,0";"1,4";"";"0,0"
"26/04/2026";"0700";"10,7";"11,3";"10,5";"98,0";"99,0";"98,0";"10,5";"11,0";"10,2";"834,7";"834,9";"834,7";"0,9";"328,0";"1,7";"";"0,0"
"26/04/2026";"0800";"10,6";"10,7";"10,1";"99,0";"99,0";"98,0";"10,4";"10,4";"9,8";"834,7";"834,7";"834,6";"1,4";"342,0";"2,2";"";"0,2"
"26/04/2026";"0900";"10,4";"10,6";"9,8";"99,0";"99,0";"98,0";"10,2";"10,4";"9,6";"835,2";"835,2";"834,7";"1,2";"337,0";"2,2";"";"0,0"
"26/04/2026";"1000";"11,7";"11,7";"9,7";"99,0";"99,0";"98,0";"11,5";"11,5";"9,4";"835,7";"835,7";"835,2";"1,2";"339,0";"2,2";"83,40";"0,0"
"26/04/2026";"1100";"15,3";"15,3";"11,7";"82,0";"99,0";"82,0";"12,3";"12,4";"11,1";"836,3";"836,3";"835,7";"0,8";"328,0";"2,4";"708,90";"0,0"
"26/04/2026";"1200";"20,1";"20,1";"15,3";"70,0";"82,0";"70,0";"14,4";"14,9";"12,2";"836,5";"836,5";"836,2";"1,0";"302,0";"3,6";"1462,60";"0,0"
"26/04/2026";"1300";"22,0";"22,1";"19,5";"62,0";"71,0";"62,0";"14,4";"15,2";"13,1";"836,6";"836,7";"836,5";"1,3";"277,0";"4,2";"2122,90";"0,0"
"26/04/2026";"1400";"21,3";"22,1";"20,5";"64,0";"66,0";"58,0";"14,1";"14,6";"13,0";"836,4";"836,7";"836,4";"1,2";"258,0";"5,6";"2653,30";"0,0"
"26/04/2026";"1500";"21,2";"22,6";"20,5";"64,0";"66,0";"58,0";"14,1";"14,9";"12,9";"835,7";"836,4";"835,6";"1,2";"264,0";"4,6";"2530,90";"0,0"
"26/04/2026";"1600";"20,6";"21,4";"20,2";"65,0";"66,0";"60,0";"13,7";"14,2";"12,7";"835,1";"835,7";"835,1";"1,1";"254,0";"4,5";"2085,20";"0,0"
"26/04/2026";"1700";"22,0";"22,4";"20,4";"58,0";"67,0";"57,0";"13,5";"14,7";"13,1";"834,6";"835,1";"834,6";"1,3";"234,0";"4,0";"2138,60";"0,0"
"26/04/2026";"1800";"21,6";"22,2";"20,8";"60,0";"63,0";"55,0";"13,4";"14,4";"12,5";"834,3";"834,6";"834,3";"1,1";"256,0";"4,7";"1331,40";"0,0"
"26/04/2026";"1900";"21,0";"22,2";"21,0";"65,0";"65,0";"59,0";"14,1";"14,7";"13,3";"834,6";"834,6";"834,3";"0,8";"255,0";"3,7";"493,40";"0,0"
"26/04/2026";"2000";"20,0";"21,0";"20,0";"71,0";"71,0";"65,0";"14,7";"14,8";"14,1";"835,0";"835,0";"834,5";"0,7";"266,0";"3,4";"588,00";"0,0"
"26/04/2026";"2100";"18,0";"20,1";"18,0";"79,0";"79,0";"71,0";"14,4";"14,7";"14,3";"835,2";"835,2";"835,0";"0,7";"268,0";"3,3";"68,50";"0,0"
"26/04/2026";"2200";"17,1";"18,1";"17,1";"83,0";"83,0";"79,0";"14,2";"14,5";"14,2";"835,4";"835,4";"835,2";"0,8";"267,0";"2,5";"";"0,0"
"26/04/2026";"2300";"16,4";"17,3";"16,4";"86,0";"86,0";"82,0";"14,0";"14,3";"14,0";"835,9";"835,9";"835,4";"1,1";"298,0";"2,5";"";"0,0"
"27/04/2026";"0000";"15,2";"16,4";"15,2";"91,0";"91,0";"86,0";"13,7";"14,1";"13,7";"836,1";"836,1";"835,9";"1,5";"302,0";"2,8";"";"0,0"
"27/04/2026";"0100";"14,8";"15,2";"14,7";"93,0";"93,0";"90,0";"13,6";"13,7";"13,5";"836,2";"836,2";"836,0";"1,0";"323,0";"2,4";"";"0,0"
"27/04/2026";"0200";"14,2";"14,8";"14,2";"94,0";"94,0";"93,0";"13,2";"13,7";"13,2";"836,0";"836,3";"836,0";"1,4";"302,0";"3,1";"";"0,0"
"27/04/2026";"0300";"13,8";"15,2";"13,8";"94,0";"95,0";"89,0";"12,8";"13,7";"12,7";"836,0";"836,1";"835,9";"1,1";"334,0";"3,1";"";"0,0"
"27/04/2026";"0400";"13,5";"14,1";"13,5";"95,0";"95,0";"94,0";"12,8";"13,2";"12,7";"835,7";"836,0";"835,7";"0,7";"319,0";"3,6";"";"0,0"
"27/04/2026";"0500";"13,0";"13,7";"12,8";"96,0";"97,0";"95,0";"12,4";"13,1";"12,1";"835,1";"835,7";"835,1";"1,3";"328,0";"2,5";"";"0,0"
"27/04/2026";"0600";"13,2";"13,9";"12,8";"96,0";"97,0";"95,0";"12,5";"13,3";"12,1";"835,0";"835,2";"834,9";"1,1";"328,0";"2,9";"";"0,0"
"27/04/2026";"0700";"12,6";"13,2";"12,6";"96,0";"97,0";"95,0";"12,1";"12,6";"12,1";"834,6";"835,0";"834,6";"1,0";"329,0";"3,2";"";"0,0"
"27/04/2026";"0800";"13,0";"13,7";"12,6";"96,0";"98,0";"95,0";"12,4";"13,3";"12,0";"835,1";"835,1";"834,6";"0,9";"322,0";"3,2";"";"0,0"
"27/04/2026";"0900";"13,1";"13,1";"12,7";"98,0";"98,0";"96,0";"12,8";"12,8";"12,2";"835,8";"835,8";"835,1";"1,7";"345,0";"2,8";"";"0,0"
"27/04/2026";"1000";"13,6";"13,6";"12,4";"94,0";"98,0";"94,0";"12,7";"13,0";"11,8";"836,6";"836,6";"835,8";"0,8";"318,0";"3,2";"70,50";"0,0"
"27/04/2026";"1100";"17,6";"17,7";"13,7";"80,0";"94,0";"80,0";"14,1";"14,4";"12,7";"837,0";"837,0";"836,6";"1,8";"324,0";"4,6";"538,70";"0,0"
"27/04/2026";"1200";"18,3";"18,5";"16,8";"78,0";"83,0";"77,0";"14,4";"14,6";"13,7";"837,2";"837,2";"836,9";"2,3";"328,0";"5,2";"1015,40";"0,0"
"27/04/2026";"1300";"21,5";"21,5";"18,3";"68,0";"78,0";"66,0";"15,2";"15,8";"14,3";"837,2";"837,5";"837,1";"1,8";"291,0";"6,6";"1800,30";"0,0"
"27/04/2026";"1400";"22,5";"22,7";"21,4";"62,0";"68,0";"61,0";"14,7";"15,9";"14,2";"837,0";"837,2";"836,9";"1,4";"265,0";"6,0";"2230,40";"0,0"
"27/04/2026";"1500";"22,0";"23,4";"21,5";"61,0";"63,0";"57,0";"14,2";"15,3";"13,3";"836,2";"837,0";"836,2";"1,3";"244,0";"6,4";"2562,80";"0,0"
"27/04/2026";"1600";"21,4";"22,0";"21,0";"64,0";"65,0";"60,0";"14,4";"14,7";"13,5";"835,6";"836,2";"835,6";"1,1";"248,0";"4,8";"2506,30";"0,0"
"27/04/2026";"1700";"22,7";"23,3";"21,4";"55,0";"66,0";"55,0";"13,2";"15,5";"13,2";"835,3";"835,7";"835,2";"1,2";"241,0";"4,9";"2310,10";"0,0"
"27/04/2026";"1800";"22,8";"23,2";"21,9";"59,0";"63,0";"55,0";"14,4";"15,3";"13,1";"835,1";"835,6";"835,1";"1,1";"220,0";"4,6";"1443,70";"0,0"
"27/04/2026";"1900";"21,0";"22,8";"20,9";"69,0";"69,0";"59,0";"15,0";"15,6";"13,9";"835,5";"835,5";"835,1";"0,6";"256,0";"3,5";"371,90";"0,0"
"27/04/2026";"2000";"20,1";"21,0";"20,1";"74,0";"74,0";"69,0";"15,4";"15,6";"14,9";"835,9";"835,9";"835,5";"0,5";"219,0";"2,9";"336,20";"0,0"
"27/04/2026";"2100";"18,6";"20,1";"18,6";"81,0";"81,0";"74,0";"15,3";"15,5";"15,2";"836,5";"836,6";"835,9";"0,9";"321,0";"2,7";"20,20";"0,0"
"27/04/2026";"2200";"17,0";"18,6";"16,9";"89,0";"89,0";"81,0";"15,1";"15,3";"15,1";"836,6";"836,6";"836,3";"0,8";"27,0";"2,7";"";"0,0"
"27/04/2026";"2300";"16,1";"17,0";"16,1";"93,0";"93,0";"89,0";"14,9";"15,2";"14,7";"837,3";"837,3";"836,6";"0,5";"173,0";"1,8";"";"0,0"
"28/04/2026";"0000";"15,7";"16,1";"15,7";"93,0";"93,0";"92,0";"14,6";"15,0";"14,6";"837,7";"837,7";"837,3";"0,5";"278,0";"1,5";"";"0,0"
"28/04/2026";"0100";"15,4";"15,7";"15,4";"94,0";"95,0";"93,0";"14,4";"14,7";"14,4";"837,7";"837,8";"837,6";"0,5";"301,0";"2,1";"";"0,0"
"28/04/2026";"0200";"14,7";"15,4";"14,7";"96,0";"96,0";"94,0";"14,1";"14,4";"14,0";"837,8";"838,0";"837,7";"1,3";"343,0";"1,9";"";"0,0"
"28/04/2026";"0300";"14,3";"14,8";"14,3";"97,0";"97,0";"96,0";"13,8";"14,2";"13,8";"837,3";"837,8";"837,3";"0,6";"339,0";"1,9";"";"0,0"
"28/04/2026";"0400";"13,7";"14,3";"13,7";"97,0";"97,0";"97,0";"13,2";"13,8";"13,2";"836,5";"837,3";"836,5";"0,7";"319,0";"1,6";"";"0,0"
"28/04/2026";"0500";"13,3";"13,8";"13,2";"97,0";"97,0";"97,0";"12,9";"13,4";"12,8";"836,0";"836,5";"835,9";"0,4";"308,0";"2,2";"";"0,0"
"28/04/2026";"0600";"13,4";"13,6";"13,0";"98,0";"98,0";"97,0";"13,1";"13,3";"12,6";"836,0";"836,2";"836,0";"0,7";"307,0";"1,4";"";"0,0"
"28/04/2026";"0700";"13,6";"13,7";"12,9";"99,0";"99,0";"98,0";"13,3";"13,4";"12,6";"836,1";"836,2";"836,0";"0,6";"322,0";"1,4";"";"0,0"
"28/04/2026";"0800";"13,3";"13,5";"12,9";"98,0";"99,0";"98,0";"13,1";"13,2";"12,6";"836,2";"836,3";"836,1";"1,1";"336,0";"2,3";"";"0,0"
"28/04/2026";"0900";"13,2";"13,7";"13,1";"99,0";"99,0";"98,0";"12,9";"13,5";"12,8";"836,5";"836,6";"836,2";"1,1";"338,0";"2,2";"";"0,0"
"28/04/2026";"1000";"14,2";"14,2";"12,9";"99,0";"99,0";"98,0";"14,1";"14,1";"12,7";"837,1";"837,1";"836,5";"0,4";"315,0";"2,0";"87,10";"0,0"
"28/04/2026";"1100";"17,2";"17,2";"14,2";"88,0";"99,0";"88,0";"15,2";"15,4";"14,1";"837,5";"837,5";"837,1";"1,1";"346,0";"2,3";"533,50";"0,2"
"28/04/2026";"1200";"19,7";"20,8";"17,2";"77,0";"88,0";"72,0";"15,6";"16,5";"15,0";"838,2";"838,2";"837,4";"1,1";"303,0";"3,6";"1220,40";"0,0"
"28/04/2026";"1300";"20,6";"22,0";"19,6";"73,0";"78,0";"67,0";"15,6";"16,2";"15,0";"838,5";"838,5";"838,2";"0,8";"265,0";"3,6";"1353,80";"0,0"
"28/04/2026";"1400";"22,1";"22,3";"20,5";"66,0";"73,0";"66,0";"15,4";"16,4";"15,4";"838,0";"838,5";"838,0";"1,2";"276,0";"4,0";"1493,70";"0,0"
"28/04/2026";"1500";"23,2";"23,9";"21,8";"61,0";"69,0";"60,0";"15,3";"16,6";"14,6";"837,4";"838,1";"837,4";"1,1";"282,0";"3,7";"2042,80";"0,0"
"28/04/2026";"1600";"22,4";"23,2";"21,5";"63,0";"69,0";"61,0";"15,0";"16,2";"14,4";"836,8";"837,4";"836,8";"0,9";"247,0";"4,2";"1598,70";"0,0"
"28/04/2026";"1700";"22,8";"23,8";"21,8";"61,0";"65,0";"59,0";"14,8";"15,9";"14,4";"836,5";"836,8";"836,5";"1,0";"237,0";"4,0";"2425,30";"0,0"
"28/04/2026";"1800";"21,2";"23,6";"21,1";"69,0";"69,0";"59,0";"15,3";"16,0";"14,1";"836,2";"836,5";"836,1";"0,6";"256,0";"3,9";"985,30";"0,0"
"28/04/2026";"1900";"20,2";"21,2";"20,2";"74,0";"75,0";"69,0";"15,5";"15,9";"15,2";"836,3";"836,3";"836,1";"0,7";"270,0";"2,0";"216,70";"0,0"
"28/04/2026";"2000";"18,4";"20,2";"18,4";"92,0";"92,0";"74,0";"17,1";"17,2";"15,4";"836,6";"836,7";"836,3";"0,9";"199,0";"2,5";"140,70";"0,4"
"28/04/2026";"2100";"17,5";"18,4";"17,5";"96,0";"96,0";"92,0";"16,8";"17,4";"16,8";"836,6";"836,8";"836,6";"0,4";"271,0";"2,3";"48,60";"0,0"
"28/04/2026";"2200";"17,3";"17,5";"17,0";"95,0";"97,0";"95,0";"16,6";"16,8";"16,5";"837,1";"837,1";"836,6";"0,7";"29,0";"1,6";"";"0,0"
"28/04/2026";"2300";"16,9";"17,5";"16,8";"97,0";"97,0";"93,0";"16,4";"16,6";"16,0";"837,5";"837,5";"837,1";"1,1";"316,0";"2,0";"";"1,0"
"29/04/2026";"0000";"16,1";"16,9";"15,8";"98,0";"98,0";"96,0";"15,8";"16,3";"15,3";"837,9";"837,9";"837,4";"0,5";"193,0";"3,8";"";"7,8"
"29/04/2026";"0100";"16,2";"16,2";"16,0";"98,0";"98,0";"98,0";"15,9";"15,9";"15,7";"837,8";"837,9";"837,7";"0,8";"155,0";"2,2";"";"2,8"
"29/04/2026";"0200";"16,0";"16,3";"16,0";"98,0";"98,0";"98,0";"15,7";"16,0";"15,7";"837,8";"837,8";"837,5";"1,0";"182,0";"3,7";"";"0,6"
"29/04/2026";"0300";"15,9";"16,0";"15,9";"98,0";"98,0";"98,0";"15,6";"15,8";"15,6";"837,7";"837,9";"837,7";"0,5";"145,0";"2,8";"";"0,2"
"29/04/2026";"0400";"15,8";"16,0";"15,8";"98,0";"98,0";"98,0";"15,6";"15,8";"15,6";"837,3";"837,7";"837,3";"1,1";"336,0";"1,6";"";"0,2"
"29/04/2026";"0500";"15,9";"16,0";"15,8";"99,0";"99,0";"98,0";"15,7";"15,8";"15,6";"837,0";"837,3";"837,0";"0,6";"34,0";"2,2";"";"0,8"
"29/04/2026";"0600";"15,9";"16,0";"15,8";"99,0";"99,0";"99,0";"15,7";"15,8";"15,6";"836,4";"837,0";"836,4";"1,7";"355,0";"2,3";"";"0,0"
"29/04/2026";"0700";"15,7";"15,9";"15,7";"99,0";"99,0";"99,0";"15,5";"15,7";"15,5";"836,3";"836,6";"836,3";"1,2";"331,0";"3,2";"";"0,0"
"29/04/2026";"0800";"15,6";"15,8";"15,6";"99,0";"99,0";"99,0";"15,5";"15,6";"15,4";"836,3";"836,3";"836,2";"0,7";"323,0";"3,4";"";"0,0"
"29/04/2026";"0900";"15,5";"15,7";"15,5";"99,0";"99,0";"99,0";"15,3";"15,5";"15,3";"836,7";"836,7";"836,3";"1,0";"323,0";"3,3";"";"0,0"
"29/04/2026";"1000";"15,4";"15,5";"15,3";"99,0";"99,0";"99,0";"15,3";"15,3";"15,1";"837,2";"837,3";"836,7";"0,6";"318,0";"3,3";"40,00";"0,0"
"29/04/2026";"1100";"16,5";"16,7";"15,4";"99,0";"99,0";"99,0";"16,3";"16,5";"15,3";"837,7";"837,7";"837,3";"0,9";"320,0";"3,1";"436,00";"0,2"
"29/04/2026";"1200";"17,4";"17,6";"16,3";"94,0";"99,0";"93,0";"16,4";"17,1";"16,1";"838,0";"838,0";"837,7";"1,9";"331,0";"5,4";"786,40";"0,0"
"29/04/2026";"1300";"19,6";"19,7";"17,3";"85,0";"94,0";"83,0";"17,1";"17,2";"16,2";"838,1";"838,2";"838,0";"1,3";"310,0";"5,9";"1452,90";"0,0"
"29/04/2026";"1400";"20,4";"20,9";"19,2";"76,0";"86,0";"74,0";"15,9";"17,3";"15,6";"837,9";"838,2";"837,9";"1,9";"312,0";"5,0";"2086,10";"0,0"
"29/04/2026";"1500";"21,6";"21,8";"20,1";"73,0";"81,0";"70,0";"16,5";"17,0";"15,7";"837,3";"837,9";"837,3";"1,3";"294,0";"5,0";"2269,60";"0,0"
"29/04/2026";"1600";"22,2";"22,4";"20,7";"68,0";"75,0";"67,0";"16,0";"16,8";"15,5";"836,8";"837,3";"836,8";"0,9";"274,0";"3,1";"2038,90";"0,0"
"29/04/2026";"1700";"21,9";"22,7";"21,5";"68,0";"72,0";"64,0";"15,7";"16,7";"15,2";"836,3";"836,8";"836,3";"0,5";"240,0";"3,2";"1944,20";"0,0"
"29/04/2026";"1800";"21,6";"22,8";"21,0";"70,0";"72,0";"63,0";"16,0";"16,5";"14,8";"835,8";"836,3";"835,8";"0,7";"237,0";"3,4";"1421,70";"0,0"
"29/04/2026";"1900";"21,7";"22,3";"21,5";"69,0";"70,0";"64,0";"15,7";"16,1";"14,8";"835,9";"835,9";"835,7";"0,7";"217,0";"3,0";"438,70";"0,0"
"29/04/2026";"2000";"20,0";"21,7";"20,0";"76,0";"76,0";"67,0";"15,6";"15,9";"15,1";"836,3";"836,4";"835,9";"0,4";"279,0";"2,3";"379,90";"0,0"
"29/04/2026";"2100";"18,0";"20,0";"18,0";"87,0";"87,0";"76,0";"15,8";"15,8";"15,4";"836,7";"836,7";"836,3";"0,3";"242,0";"1,2";"35,90";"0,0"
"29/04/2026";"2200";"16,6";"18,0";"16,6";"97,0";"97,0";"86,0";"16,1";"16,3";"15,6";"836,7";"836,8";"836,6";"1,3";"154,0";"3,9";"";"0,0"
"29/04/2026";"2300";"15,3";"16,6";"15,3";"98,0";"98,0";"97,0";"15,0";"16,1";"15,0";"837,4";"837,5";"836,7";"1,3";"138,0";"3,5";"";"0,0"
"30/04/2026";"0000";"15,1";"15,3";"15,0";"99,0";"99,0";"98,0";"14,9";"15,1";"14,7";"837,3";"837,6";"837,2";"0,8";"336,0";"4,3";"";"0,0"
"30/04/2026";"0100";"15,5";"15,5";"15,1";"99,0";"99,0";"99,0";"15,3";"15,3";"14,9";"836,7";"837,3";"836,6";"0,8";"321,0";"3,1";"";"0,0"
"30/04/2026";"0200";"15,1";"15,5";"15,1";"99,0";"99,0";"99,0";"14,9";"15,3";"14,9";"837,3";"837,4";"836,6";"0,2";"96,0";"1,9";"";"0,0"
"30/04/2026";"0300";"14,8";"15,1";"14,7";"99,0";"99,0";"99,0";"14,7";"15,0";"14,6";"837,7";"837,8";"837,3";"0,9";"150,0";"1,8";"";"0,0"
"30/04/2026";"0400";"14,6";"14,9";"14,6";"99,0";"99,0";"99,0";"14,4";"14,8";"14,4";"836,9";"837,7";"836,7";"1,1";"10,0";"3,1";"";"0,0"
"30/04/2026";"0500";"14,4";"14,8";"14,4";"99,0";"99,0";"99,0";"14,3";"14,7";"14,3";"836,8";"837,1";"836,7";"0,7";"337,0";"2,0";"";"0,0"
"30/04/2026";"0600";"14,2";"14,8";"14,2";"99,0";"99,0";"99,0";"14,1";"14,6";"14,1";"836,7";"836,9";"836,7";"0,4";"337,0";"1,8";"";"0,0"
"30/04/2026";"0700";"14,3";"14,3";"14,0";"99,0";"99,0";"99,0";"14,2";"14,2";"13,9";"836,8";"836,9";"836,5";"0,4";"96,0";"2,0";"";"0,0"
"30/04/2026";"0800";"13,6";"14,3";"13,6";"99,0";"99,0";"99,0";"13,5";"14,2";"13,5";"837,2";"837,2";"836,8";"0,9";"163,0";"2,6";"0,30";"0,0"
"30/04/2026";"0900";"13,2";"13,6";"13,2";"99,0";"99,0";"99,0";"13,1";"13,5";"13,1";"837,9";"838,0";"837,2";"0,6";"168,0";"1,9";"";"0,0"
"30/04/2026";"1000";"13,8";"13,8";"13,2";"99,0";"100,0";"99,0";"13,7";"13,8";"13,1";"838,0";"838,2";"837,7";"2,0";"352,0";"3,2";"58,80";"0,0"
"30/04/2026";"1100";"15,8";"15,8";"13,8";"99,0";"99,0";"99,0";"15,7";"15,7";"13,8";"837,4";"838,0";"837,3";"1,6";"324,0";"5,6";"473,20";"0,0"
"30/04/2026";"1200";"18,4";"18,6";"15,8";"85,0";"99,0";"85,0";"15,8";"17,2";"15,7";"838,3";"838,3";"837,4";"1,4";"323,0";"5,5";"1309,30";"0,0"
"30/04/2026";"1300";"20,2";"20,3";"18,3";"79,0";"86,0";"77,0";"16,4";"16,9";"15,6";"838,5";"838,6";"838,3";"1,0";"309,0";"5,0";"1768,60";"0,0"
"30/04/2026";"1400";"22,6";"23,2";"20,0";"59,0";"79,0";"58,0";"14,2";"17,4";"14,0";"838,3";"838,6";"838,3";"0,9";"72,0";"3,2";"2403,60";"0,0"
"30/04/2026";"1500";"22,1";"23,7";"21,9";"65,0";"66,0";"56,0";"15,3";"16,0";"13,9";"837,7";"838,3";"837,7";"1,3";"185,0";"3,1";"2807,30";"0,0"
"30/04/2026";"1600";"20,8";"23,2";"20,6";"76,0";"77,0";"62,0";"16,5";"16,8";"14,3";"837,1";"837,7";"837,1";"0,9";"199,0";"2,9";"1532,00";"0,0"
"30/04/2026";"1700";"22,2";"22,5";"20,8";"68,0";"76,0";"65,0";"15,9";"16,8";"14,4";"836,7";"837,1";"836,7";"1,4";"137,0";"3,4";"1832,60";"0,0"
"30/04/2026";"1800";"20,8";"23,6";"20,1";"76,0";"78,0";"62,0";"16,5";"17,0";"15,0";"836,6";"836,7";"836,5";"0,9";"176,0";"4,2";"1126,20";"0,0"
"30/04/2026";"1900";"20,0";"20,8";"20,0";"78,0";"80,0";"75,0";"16,0";"16,6";"15,9";"836,6";"836,6";"836,5";"0,8";"173,0";"2,0";"331,40";"0,0"
"30/04/2026";"2000";"19,5";"20,5";"19,5";"81,0";"82,0";"78,0";"16,1";"16,7";"15,8";"837,0";"837,0";"836,5";"0,9";"46,0";"2,5";"431,40";"0,0"
"30/04/2026";"2100";"17,9";"19,6";"17,9";"85,0";"86,0";"81,0";"15,4";"16,3";"15,3";"837,3";"837,3";"837,0";"1,8";"16,0";"5,1";"42,50";"0,0"
"30/04/2026";"2200";"17,2";"17,9";"17,2";"91,0";"91,0";"85,0";"15,8";"16,0";"15,4";"838,0";"838,1";"837,3";"1,4";"119,0";"3,8";"";"0,0"
"30/04/2026";"2300";"16,4";"17,2";"16,3";"96,0";"96,0";"91,0";"15,7";"15,9";"15,4";"838,7";"838,7";"838,0";"1,3";"59,0";"3,7";"";"0,0"
"01/05/2026";"0000";"16,2";"16,4";"16,1";"97,0";"97,0";"96,0";"15,7";"15,7";"15,6";"838,9";"838,9";"838,7";"0,5";"20,0";"2,3";"";"0,0"
"01/05/2026";"0100";"15,6";"16,2";"15,6";"97,0";"97,0";"96,0";"15,0";"15,7";"15,0";"839,0";"839,0";"838,9";"1,2";"102,0";"2,4";"";"0,0"
"01/05/2026";"0200";"15,2";"15,6";"15,2";"98,0";"98,0";"97,0";"14,9";"15,1";"14,8";"839,1";"839,1";"839,0";"0,3";"181,0";"2,5";"";"0,0"
"01/05/2026";"0300";"15,4";"15,4";"15,2";"98,0";"98,0";"98,0";"15,1";"15,1";"14,9";"839,1";"839,2";"839,1";"0,4";"247,0";"2,3";"";"0,0"
"01/05/2026";"0400";"15,5";"15,5";"15,3";"98,0";"98,0";"98,0";"15,2";"15,2";"15,0";"838,6";"839,1";"838,6";"1,2";"332,0";"2,3";"";"0,0"
"01/05/2026";"0500";"15,5";"15,6";"15,4";"98,0";"98,0";"98,0";"15,2";"15,3";"15,2";"838,1";"838,6";"838,1";"0,4";"272,0";"2,8";"";"0,0"
"01/05/2026";"0600";"15,7";"15,8";"15,5";"96,0";"98,0";"96,0";"15,1";"15,4";"15,1";"838,0";"838,1";"837,9";"1,9";"350,0";"4,3";"";"0,0"
"01/05/2026";"0700";"15,5";"15,7";"15,5";"96,0";"96,0";"96,0";"14,9";"15,1";"14,9";"837,7";"838,0";"837,7";"2,4";"347,0";"4,0";"";"0,0"
"01/05/2026";"0800";"15,6";"15,7";"15,5";"95,0";"96,0";"95,0";"14,9";"14,9";"14,8";"837,8";"837,8";"837,6";"1,0";"333,0";"3,7";"";"0,0"
"01/05/2026";"0900";"15,5";"15,7";"15,5";"96,0";"96,0";"95,0";"14,9";"15,0";"14,9";"838,4";"838,4";"837,8";"0,7";"317,0";"3,4";"";"0,0"
"01/05/2026";"1000";"16,3";"16,3";"15,5";"94,0";"96,0";"94,0";"15,4";"15,4";"14,9";"839,1";"839,1";"838,4";"1,3";"331,0";"3,5";"49,60";"0,0"
"01/05/2026";"1100";"18,8";"18,8";"16,3";"81,0";"94,0";"81,0";"15,4";"15,5";"14,8";"839,8";"839,8";"839,1";"1,2";"323,0";"3,2";"663,70";"0,0"
"01/05/2026";"1200";"19,5";"19,6";"18,1";"73,0";"83,0";"73,0";"14,6";"15,5";"14,6";"840,4";"840,4";"839,8";"1,3";"295,0";"3,4";"993,60";"0,0"
"01/05/2026";"1300";"19,3";"20,4";"18,8";"76,0";"80,0";"71,0";"15,0";"16,4";"14,4";"840,8";"840,8";"840,4";"1,1";"316,0";"4,7";"1206,00";"0,0"
"01/05/2026";"1400";"19,9";"20,2";"19,3";"80,0";"83,0";"75,0";"16,4";"16,9";"15,1";"840,5";"840,8";"840,5";"1,2";"173,0";"2,4";"1290,50";"0,0"
"01/05/2026";"1500";"18,7";"20,0";"18,5";"86,0";"88,0";"79,0";"16,3";"16,6";"15,9";"839,9";"840,5";"839,9";"2,0";"137,0";"4,4";"693,40";"0,0"
"01/05/2026";"1600";"19,0";"19,6";"18,4";"84,0";"88,0";"82,0";"16,3";"16,7";"16,0";"839,3";"839,9";"839,3";"1,1";"160,0";"4,4";"1340,70";"0,0"
"01/05/2026";"1700";"21,7";"21,7";"18,7";"77,0";"86,0";"74,0";"17,4";"17,8";"16,0";"838,6";"839,3";"838,6";"1,6";"160,0";"3,8";"1663,10";"0,0"
"01/05/2026";"1800";"20,0";"22,1";"19,8";"81,0";"83,0";"73,0";"16,6";"17,7";"16,2";"838,3";"838,6";"838,3";"1,4";"159,0";"4,0";"928,40";"0,0"
"01/05/2026";"1900";"20,8";"21,5";"20,0";"74,0";"83,0";"73,0";"16,0";"17,7";"15,9";"838,5";"838,5";"838,2";"1,1";"196,0";"4,2";"722,00";"0,0"
"01/05/2026";"2000";"19,2";"20,8";"19,2";"80,0";"80,0";"73,0";"15,6";"16,6";"15,6";"838,7";"838,7";"838,5";"0,3";"237,0";"2,9";"363,70";"0,0"
"01/05/2026";"2100";"16,8";"19,1";"16,8";"89,0";"89,0";"80,0";"15,1";"15,7";"15,1";"838,8";"838,8";"838,7";"0,3";"233,0";"1,4";"38,10";"0,0"
"01/05/2026";"2200";"16,1";"16,9";"16,1";"93,0";"93,0";"89,0";"14,9";"15,2";"14,8";"839,0";"839,0";"838,8";"1,1";"2,0";"1,7";"";"0,0"
"01/05/2026";"2300";"15,1";"16,1";"15,1";"96,0";"96,0";"92,0";"14,4";"14,9";"14,4";"839,3";"839,3";"839,0";"1,2";"333,0";"1,8";"";"0,0"
"02/05/2026";"0000";"14,8";"15,1";"14,8";"96,0";"97,0";"96,0";"14,2";"14,5";"14,2";"839,7";"839,7";"839,3";"1,2";"337,0";"2,1";"";"0,0"
"02/05/2026";"0100";"14,5";"14,8";"14,4";"97,0";"97,0";"96,0";"14,1";"14,2";"14,0";"839,7";"839,8";"839,7";"1,1";"332,0";"2,3";"";"0,0"
"02/05/2026";"0200";"13,9";"14,5";"13,9";"98,0";"98,0";"97,0";"13,5";"14,0";"13,5";"839,4";"839,7";"839,4";"1,0";"329,0";"2,3";"";"0,0"
"02/05/2026";"0300";"14,6";"14,6";"13,9";"98,0";"98,0";"98,0";"14,3";"14,3";"13,5";"839,1";"839,5";"839,1";"1,6";"332,0";"3,8";"";"0,0"
"02/05/2026";"0400";"14,6";"14,6";"14,1";"98,0";"98,0";"98,0";"14,3";"14,4";"13,7";"838,4";"839,1";"838,4";"1,7";"331,0";"3,5";"";"0,0"
"02/05/2026";"0500";"14,1";"14,7";"14,1";"98,0";"98,0";"98,0";"13,8";"14,4";"13,8";"837,9";"838,4";"837,9";"0,8";"326,0";"3,5";"";"0,0"
"02/05/2026";"0600";"13,8";"14,2";"13,8";"99,0";"99,0";"98,0";"13,5";"13,9";"13,5";"837,5";"838,0";"837,5";"1,2";"331,0";"3,2";"";"0,0"
"02/05/2026";"0700";"13,4";"13,8";"13,4";"99,0";"99,0";"99,0";"13,2";"13,5";"13,2";"837,3";"837,5";"837,3";"0,9";"328,0";"3,1";"";"0,0"
"02/05/2026";"0800";"13,2";"13,5";"13,2";"99,0";"99,0";"99,0";"13,0";"13,3";"13,0";"837,5";"837,6";"837,1";"1,3";"332,0";"3,1";"";"0,0"
"02/05/2026";"0900";"13,1";"13,2";"12,9";"99,0";"99,0";"99,0";"13,0";"13,1";"12,7";"838,1";"838,1";"837,5";"2,0";"341,0";"3,6";"";"0,0"
"02/05/2026";"1000";"13,0";"13,1";"12,5";"99,0";"99,0";"99,0";"12,8";"12,9";"12,3";"839,0";"839,1";"838,1";"0,9";"325,0";"3,6";"75,10";"0,2"
"02/05/2026";"1100";"15,7";"15,7";"13,0";"94,0";"99,0";"94,0";"14,7";"15,1";"12,9";"839,5";"839,5";"839,0";"1,5";"331,0";"3,4";"579,30";"0,0"
"02/05/2026";"1200";"18,2";"18,4";"15,7";"66,0";"94,0";"64,0";"11,8";"14,8";"11,4";"840,2";"840,2";"839,5";"1,5";"265,0";"4,4";"1414,60";"0,0"
"02/05/2026";"1300";"20,2";"20,2";"18,2";"61,0";"69,0";"57,0";"12,4";"12,7";"10,6";"840,2";"840,4";"840,1";"1,2";"266,0";"4,4";"2119,70";"0,0"
"02/05/2026";"1400";"19,3";"20,7";"19,0";"60,0";"63,0";"52,0";"11,4";"13,2";"10,0";"839,9";"840,3";"839,8";"2,1";"193,0";"4,7";"2655,80";"0,0"
"02/05/2026";"1500";"19,5";"20,0";"19,0";"69,0";"69,0";"59,0";"13,7";"13,7";"11,1";"839,3";"839,9";"839,3";"1,1";"186,0";"5,1";"2587,50";"0,0"
"02/05/2026";"1600";"20,6";"21,2";"18,8";"68,0";"72,0";"66,0";"14,5";"15,2";"13,0";"838,8";"839,3";"838,8";"1,4";"173,0";"4,7";"2524,00";"0,0"
"02/05/2026";"1700";"19,3";"20,6";"19,3";"72,0";"73,0";"66,0";"14,2";"14,9";"13,5";"838,2";"838,8";"838,2";"1,9";"149,0";"4,7";"1193,40";"0,0"
"02/05/2026";"1800";"19,3";"20,3";"18,6";"70,0";"74,0";"67,0";"13,7";"14,7";"13,5";"838,3";"838,3";"838,1";"1,6";"147,0";"5,8";"918,90";"0,0"
"02/05/2026";"1900";"18,7";"20,3";"18,7";"72,0";"73,0";"63,0";"13,5";"14,2";"12,8";"838,2";"838,3";"838,1";"1,1";"151,0";"5,8";"486,00";"0,0"
"02/05/2026";"2000";"18,5";"19,2";"18,5";"75,0";"76,0";"70,0";"14,0";"14,2";"13,5";"838,6";"838,6";"838,2";"0,9";"148,0";"3,9";"350,50";"0,0"
"02/05/2026";"2100";"16,8";"18,5";"16,8";"82,0";"82,0";"75,0";"13,6";"14,0";"13,6";"838,7";"838,8";"838,6";"1,0";"155,0";"3,4";"49,30";"0,0"
"02/05/2026";"2200";"16,1";"16,8";"15,8";"94,0";"94,0";"82,0";"15,1";"15,1";"13,5";"839,1";"839,1";"838,6";"0,8";"159,0";"3,8";"";"0,0"
"02/05/2026";"2300";"15,5";"16,1";"15,5";"97,0";"97,0";"94,0";"15,0";"15,2";"14,9";"839,7";"839,7";"839,1";"1,9";"152,0";"4,3";"";"0,0"
"03/05/2026";"0000";"14,7";"15,5";"14,5";"92,0";"97,0";"92,0";"13,5";"15,0";"13,5";"839,7";"840,0";"839,7";"1,4";"153,0";"5,7";"";"0,0"
"03/05/2026";"0100";"15,1";"15,1";"14,7";"85,0";"92,0";"85,0";"12,6";"13,4";"12,6";"839,3";"839,7";"839,3";"0,6";"93,0";"2,2";"";"0,0"
"03/05/2026";"0200";"14,5";"15,3";"14,5";"81,0";"85,0";"81,0";"11,4";"12,6";"11,3";"839,3";"839,4";"839,3";"2,3";"143,0";"4,4";"";"0,0"
"03/05/2026";"0300";"13,7";"14,5";"13,7";"85,0";"85,0";"81,0";"11,1";"11,4";"11,1";"839,1";"839,5";"839,1";"1,0";"128,0";"7,3";"";"0,0"
"03/05/2026";"0400";"13,2";"13,7";"13,0";"85,0";"88,0";"85,0";"10,8";"11,2";"10,8";"838,5";"839,2";"838,5";"1,9";"129,0";"4,4";"";"0,0"
"03/05/2026";"0500";"12,4";"13,4";"12,4";"90,0";"90,0";"85,0";"10,8";"10,9";"10,7";"837,6";"838,5";"837,6";"1,0";"316,0";"4,4";"";"0,0"
"03/05/2026";"0600";"13,1";"13,3";"11,6";"89,0";"93,0";"88,0";"11,3";"11,5";"10,3";"837,1";"837,6";"837,1";"1,6";"86,0";"5,1";"";"0,0"
"03/05/2026";"0700";"12,7";"13,1";"12,6";"97,0";"97,0";"89,0";"12,2";"12,2";"11,1";"837,5";"837,5";"836,9";"2,7";"122,0";"7,7";"";"0,0"
"03/05/2026";"0800";"12,2";"12,7";"12,0";"95,0";"98,0";"95,0";"11,5";"12,2";"11,5";"837,6";"837,6";"837,2";"2,1";"125,0";"7,7";"";"0,0"
"03/05/2026";"0900";"12,0";"12,3";"12,0";"94,0";"95,0";"92,0";"11,1";"11,4";"10,9";"838,2";"838,2";"837,5";"1,3";"87,0";"5,6";"";"0,0"
"03/05/2026";"1000";"13,0";"13,0";"12,0";"94,0";"95,0";"94,0";"12,1";"12,2";"11,2";"838,5";"838,6";"838,2";"0,9";"32,0";"4,2";"28,50";"0,0"
"03/05/2026";"1100";"13,5";"13,5";"13,0";"98,0";"98,0";"94,0";"13,1";"13,1";"12,1";"839,0";"839,0";"838,5";"1,6";"334,0";"6,1";"169,20";"0,0"
"03/05/2026";"1200";"15,1";"15,3";"13,5";"86,0";"98,0";"84,0";"12,7";"13,2";"12,4";"839,7";"839,7";"839,0";"3,2";"5,0";"8,1";"785,90";"0,0"
"03/05/2026";"1300";"15,0";"15,3";"13,8";"91,0";"94,0";"84,0";"13,5";"13,7";"12,3";"840,2";"840,2";"839,7";"1,5";"359,0";"7,5";"864,00";"0,0"
"03/05/2026";"1400";"14,8";"15,1";"13,9";"91,0";"96,0";"90,0";"13,4";"14,1";"12,8";"840,2";"840,4";"840,1";"2,1";"6,0";"4,2";"930,80";"0,0"
"03/05/2026";"1500";"15,2";"15,7";"14,7";"85,0";"92,0";"84,0";"12,7";"13,8";"12,7";"839,6";"840,2";"839,6";"3,8";"354,0";"6,7";"1266,60";"0,0"
"03/05/2026";"1600";"15,9";"16,8";"15,1";"82,0";"87,0";"80,0";"12,9";"14,2";"12,7";"838,8";"839,6";"838,8";"3,0";"343,0";"6,7";"1538,90";"0,0"
"03/05/2026";"1700";"17,3";"17,3";"15,9";"79,0";"86,0";"79,0";"13,6";"14,0";"13,0";"838,2";"838,8";"838,2";"2,7";"24,0";"6,2";"1837,20";"0,0"
"03/05/2026";"1800";"14,8";"17,3";"14,8";"89,0";"91,0";"78,0";"12,9";"13,7";"12,8";"838,0";"838,3";"838,0";"2,0";"47,0";"6,0";"909,40";"0,0"
"03/05/2026";"1900";"14,8";"15,4";"14,3";"90,0";"91,0";"87,0";"13,2";"13,5";"12,6";"837,9";"838,0";"837,8";"0,7";"355,0";"7,1";"624,20";"0,0"
"03/05/2026";"2000";"13,1";"14,8";"13,1";"94,0";"94,0";"88,0";"12,1";"13,0";"12,1";"838,2";"838,2";"837,9";"1,5";"42,0";"4,9";"224,60";"0,0"
"03/05/2026";"2100";"12,3";"13,1";"12,3";"96,0";"96,0";"94,0";"11,6";"12,2";"11,6";"838,4";"838,4";"838,2";"1,2";"27,0";"3,5";"21,40";"0,0"
"03/05/2026";"2200";"12,1";"12,4";"12,1";"96,0";"96,0";"96,0";"11,5";"11,8";"11,4";"838,5";"838,6";"838,3";"0,7";"325,0";"2,8";"";"0,0"
"03/05/2026";"2300";"12,2";"12,3";"12,0";"97,0";"97,0";"96,0";"11,7";"11,7";"11,4";"838,8";"838,9";"838,5";"3,4";"346,0";"5,8";"";"0,0"
"04/05/2026";"0000";"11,7";"12,3";"11,7";"98,0";"98,0";"96,0";"11,4";"11,7";"11,4";"839,0";"839,0";"838,8";"2,7";"344,0";"6,5";"";"0,0"
"04/05/2026";"0100";"11,3";"11,7";"11,3";"97,0";"98,0";"97,0";"10,8";"11,4";"10,8";"838,9";"839,0";"838,9";"1,9";"336,0";"7,1";"";"0,0"
"04/05/2026";"0200";"11,5";"11,5";"11,3";"96,0";"97,0";"96,0";"10,8";"10,9";"10,7";"838,8";"838,9";"838,8";"1,6";"326,0";"5,5";"";"0,0"
"04/05/2026";"0300";"10,8";"11,5";"10,8";"97,0";"97,0";"95,0";"10,3";"10,8";"10,3";"838,6";"838,8";"838,5";"1,7";"335,0";"4,5";"";"0,0"
"04/05/2026";"0400";"11,2";"11,2";"10,7";"97,0";"97,0";"97,0";"10,6";"10,6";"10,2";"838,3";"838,6";"838,2";"1,0";"328,0";"4,0";"";"0,0"
"04/05/2026";"0500";"11,0";"11,4";"11,0";"96,0";"97,0";"95,0";"10,4";"10,7";"10,3";"837,9";"838,3";"837,9";"0,8";"324,0";"4,3";"";"0,0"
"04/05/2026";"0600";"11,0";"11,1";"11,0";"96,0";"96,0";"96,0";"10,4";"10,6";"10,4";"837,8";"837,9";"837,7";"0,4";"334,0";"2,4";"";"0,0"
"04/05/2026";"0700";"11,4";"11,5";"11,0";"96,0";"97,0";"96,0";"10,8";"10,8";"10,4";"837,9";"838,0";"837,7";"1,2";"333,0";"2,4";"";"0,0"
"04/05/2026";"0800";"11,4";"11,5";"11,3";"96,0";"96,0";"95,0";"10,8";"10,9";"10,6";"838,0";"838,0";"837,9";"1,2";"332,0";"2,4";"";"0,0"
"04/05/2026";"0900";"10,9";"11,4";"10,8";"98,0";"98,0";"96,0";"10,6";"10,8";"10,4";"838,2";"838,2";"838,0";"1,5";"333,0";"3,4";"";"0,0"
"04/05/2026";"1000";"12,0";"12,0";"10,8";"94,0";"98,0";"94,0";"11,1";"11,1";"10,3";"838,6";"838,6";"838,2";"1,8";"336,0";"4,6";"58,10";"0,0"
"04/05/2026";"1100";"14,9";"14,9";"12,0";"84,0";"94,0";"83,0";"12,2";"12,2";"11,1";"839,3";"839,3";"838,6";"1,2";"316,0";"3,6";"583,30";"0,0"
"04/05/2026";"1200";"18,1";"18,1";"14,9";"71,0";"84,0";"71,0";"12,8";"13,2";"12,0";"839,9";"839,9";"839,3";"1,6";"305,0";"4,8";"1360,10";"0,0"
"04/05/2026";"1300";"17,4";"19,6";"17,4";"74,0";"74,0";"66,0";"12,7";"13,7";"12,4";"840,3";"840,3";"839,9";"2,0";"290,0";"5,4";"1811,10";"0,0"
"04/05/2026";"1400";"17,3";"18,2";"17,1";"77,0";"78,0";"72,0";"13,3";"13,6";"12,6";"840,2";"840,4";"840,1";"1,7";"305,0";"5,4";"1009,10";"0,0"
"04/05/2026";"1500";"18,0";"18,0";"17,1";"76,0";"80,0";"76,0";"13,7";"13,9";"13,1";"839,8";"840,2";"839,8";"1,5";"290,0";"5,4";"676,90";"0,0"
"04/05/2026";"1600";"19,0";"19,2";"18,0";"74,0";"78,0";"72,0";"14,2";"14,8";"13,5";"839,4";"839,8";"839,4";"1,4";"289,0";"5,1";"2039,70";"0,0"
"04/05/2026";"1700";"18,6";"19,0";"18,0";"74,0";"77,0";"72,0";"13,9";"14,5";"13,3";"839,0";"839,4";"839,0";"1,3";"288,0";"5,3";"1397,40";"0,0"
"04/05/2026";"1800";"17,7";"18,6";"17,7";"76,0";"78,0";"74,0";"13,4";"14,3";"13,4";"838,7";"839,0";"838,7";"1,3";"273,0";"4,7";"873,60";"0,0"
"04/05/2026";"1900";"17,1";"17,9";"17,0";"81,0";"81,0";"76,0";"13,7";"14,1";"13,5";"838,7";"838,7";"838,5";"1,2";"293,0";"3,8";"350,80";"0,0"
"04/05/2026";"2000";"16,0";"17,1";"16,0";"87,0";"87,0";"80,0";"13,9";"13,9";"13,4";"839,0";"839,0";"838,7";"0,7";"305,0";"3,0";"212,80";"0,0"
"04/05/2026";"2100";"14,8";"16,0";"14,8";"92,0";"92,0";"87,0";"13,6";"13,9";"13,5";"839,1";"839,3";"839,0";"0,9";"316,0";"2,4";"39,90";"0,0"
"04/05/2026";"2200";"14,6";"14,8";"14,4";"93,0";"94,0";"92,0";"13,5";"13,8";"13,4";"839,7";"839,7";"839,1";"0,8";"325,0";"2,3";"";"0,0"
"04/05/2026";"2300";"14,6";"14,7";"14,5";"94,0";"95,0";"93,0";"13,6";"13,8";"13,5";"840,3";"840,3";"839,7";"1,0";"323,0";"4,8";"";"0,0"
"05/05/2026";"0000";"14,1";"14,6";"14,0";"96,0";"96,0";"94,0";"13,5";"13,7";"13,3";"840,6";"840,6";"840,3";"2,2";"348,0";"4,0";"";"0,0"
"05/05/2026";"0100";"14,2";"14,3";"14,0";"96,0";"97,0";"96,0";"13,6";"13,7";"13,4";"840,8";"840,9";"840,6";"0,9";"336,0";"4,3";"";"0,0"
"05/05/2026";"0200";"13,8";"14,2";"13,8";"97,0";"98,0";"96,0";"13,3";"13,6";"13,3";"841,1";"841,1";"840,8";"0,9";"338,0";"3,1";"";"0,0"
"05/05/2026";"0300";"12,9";"13,8";"12,9";"98,0";"98,0";"97,0";"12,6";"13,3";"12,6";"841,0";"841,1";"841,0";"0,8";"327,0";"2,7";"";"0,0"
"05/05/2026";"0400";"11,9";"12,9";"11,9";"99,0";"99,0";"98,0";"11,7";"12,6";"11,7";"840,7";"841,0";"840,6";"1,0";"332,0";"2,2";"";"0,0"
"05/05/2026";"0500";"11,3";"11,9";"11,3";"99,0";"99,0";"99,0";"11,2";"11,7";"11,2";"840,4";"840,7";"840,4";"1,1";"333,0";"2,0";"";"0,0"
"05/05/2026";"0600";"11,0";"11,5";"11,0";"99,0";"99,0";"99,0";"10,9";"11,4";"10,9";"840,3";"840,4";"840,3";"0,9";"318,0";"1,9";"";"0,0"
"05/05/2026";"0700";"10,8";"11,2";"10,6";"99,0";"99,0";"99,0";"10,7";"11,1";"10,5";"840,2";"840,3";"840,1";"1,2";"352,0";"1,5";"";"0,0"
"05/05/2026";"0800";"10,4";"11,0";"10,4";"99,0";"99,0";"99,0";"10,2";"10,9";"10,2";"840,0";"840,2";"840,0";"0,6";"319,0";"1,5";"";"0,0"
"05/05/2026";"0900";"10,5";"10,7";"10,1";"99,0";"99,0";"99,0";"10,4";"10,6";"10,0";"840,4";"840,4";"840,0";"0,7";"328,0";"2,0";"";"0,0"
"05/05/2026";"1000";"11,1";"11,1";"10,3";"99,0";"99,0";"99,0";"11,0";"11,0";"10,2";"841,1";"841,1";"840,4";"0,7";"332,0";"1,6";"55,80";"0,0"
"05/05/2026";"1100";"15,0";"15,0";"11,1";"87,0";"99,0";"87,0";"12,8";"13,6";"11,0";"841,5";"841,5";"841,1";"0,9";"331,0";"2,0";"607,50";"0,0"
"05/05/2026";"1200";"19,2";"19,2";"14,8";"70,0";"87,0";"68,0";"13,5";"14,3";"12,3";"842,0";"842,0";"841,5";"1,0";"324,0";"2,3";"1340,60";"0,0"
"05/05/2026";"1300";"21,6";"22,2";"19,2";"62,0";"71,0";"55,0";"13,9";"14,2";"12,4";"842,3";"842,3";"842,0";"1,2";"326,0";"3,5";"2139,00";"0,0"
"05/05/2026";"1400";"19,2";"22,8";"19,0";"73,0";"74,0";"53,0";"14,2";"14,5";"12,2";"842,2";"842,3";"842,1";"1,0";"148,0";"3,9";"1295,40";"0,0"
"05/05/2026";"1500";"21,5";"22,8";"19,2";"62,0";"75,0";"53,0";"13,8";"15,0";"11,7";"841,6";"842,2";"841,5";"1,1";"134,0";"2,7";"2660,80";"0,0"
"05/05/2026";"1600";"20,6";"21,7";"20,0";"68,0";"71,0";"62,0";"14,4";"15,4";"13,4";"841,2";"841,6";"841,2";"1,4";"144,0";"4,0";"1779,90";"0,0"
"05/05/2026";"1700";"21,6";"21,7";"19,6";"62,0";"71,0";"61,0";"14,1";"15,2";"13,3";"840,9";"841,2";"840,9";"1,1";"89,0";"4,0";"1195,40";"0,0"
"05/05/2026";"1800";"21,1";"21,6";"19,6";"62,0";"65,0";"59,0";"13,4";"14,0";"12,4";"840,5";"840,9";"840,4";"0,9";"146,0";"3,1";"764,20";"0,0"
"05/05/2026";"1900";"19,4";"21,3";"19,4";"67,0";"69,0";"59,0";"13,1";"13,8";"12,6";"840,8";"840,8";"840,4";"1,6";"60,0";"4,9";"286,20";"0,0"
"05/05/2026";"2000";"18,3";"19,5";"18,3";"75,0";"75,0";"63,0";"13,8";"13,8";"12,1";"841,1";"841,1";"840,8";"1,9";"28,0";"5,2";"308,50";"0,0"
"05/05/2026";"2100";"16,7";"18,3";"16,7";"85,0";"85,0";"75,0";"14,2";"14,3";"13,3";"841,4";"841,4";"841,1";"2,3";"342,0";"5,3";"28,20";"0,0"
"05/05/2026";"2200";"16,0";"16,6";"15,8";"84,0";"88,0";"84,0";"13,4";"14,2";"13,3";"841,6";"841,6";"841,4";"2,5";"359,0";"4,2";"";"0,0"
"05/05/2026";"2300";"15,2";"16,1";"15,1";"89,0";"89,0";"84,0";"13,4";"13,5";"13,1";"841,9";"841,9";"841,5";"0,8";"309,0";"4,2";"";"0,0"
"06/05/2026";"0000";"14,0";"15,2";"14,0";"93,0";"93,0";"89,0";"12,9";"13,4";"12,9";"842,0";"842,0";"841,9";"0,8";"332,0";"2,4";"";"0,0"
"06/05/2026";"0100";"13,8";"14,5";"13,7";"92,0";"94,0";"90,0";"12,6";"13,3";"12,3";"841,9";"842,1";"841,9";"0,9";"340,0";"1,7";"";"0,0"
"06/05/2026";"0200";"12,7";"13,9";"12,6";"94,0";"95,0";"92,0";"11,7";"12,7";"11,5";"841,8";"841,9";"841,8";"1,3";"349,0";"1,7";"";"0,0"
"06/05/2026";"0300";"12,2";"12,9";"12,1";"91,0";"94,0";"91,0";"10,9";"11,7";"10,9";"841,4";"841,7";"841,4";"0,8";"334,0";"1,9";"";"0,0"
"06/05/2026";"0400";"12,2";"12,4";"11,6";"90,0";"92,0";"89,0";"10,5";"11,0";"10,3";"841,1";"841,5";"841,1";"1,2";"3,0";"1,7";"";"0,0"
"06/05/2026";"0500";"10,9";"12,2";"10,9";"94,0";"94,0";"89,0";"9,9";"10,5";"9,9";"840,7";"841,2";"840,7";"1,0";"321,0";"1,8";"";"0,0"
"06/05/2026";"0600";"10,7";"10,9";"10,5";"96,0";"96,0";"94,0";"10,0";"10,2";"9,7";"840,3";"840,7";"840,3";"1,1";"332,0";"1,9";"";"0,0"
"06/05/2026";"0700";"11,4";"11,5";"10,4";"93,0";"96,0";"93,0";"10,3";"10,6";"9,7";"840,0";"840,3";"840,0";"1,2";"356,0";"1,7";"";"0,0"
"06/05/2026";"0800";"10,4";"11,4";"10,4";"95,0";"96,0";"93,0";"9,6";"10,1";"9,6";"840,2";"840,2";"840,0";"1,2";"328,0";"1,9";"";"0,0"
"06/05/2026";"0900";"10,1";"10,8";"10,1";"94,0";"96,0";"94,0";"9,2";"10,0";"9,2";"840,4";"840,4";"840,1";"1,1";"327,0";"2,0";"";"0,0"
"06/05/2026";"1000";"11,6";"11,7";"9,9";"89,0";"95,0";"89,0";"9,9";"10,1";"9,1";"841,0";"841,0";"840,4";"1,1";"336,0";"2,7";"47,40";"0,0"
"06/05/2026";"1100";"16,7";"16,7";"11,6";"68,0";"89,0";"68,0";"10,9";"11,0";"9,6";"841,5";"841,5";"841,0";"0,5";"307,0";"2,6";"624,60";"0,0"
"06/05/2026";"1200";"19,7";"19,7";"16,6";"58,0";"71,0";"58,0";"11,2";"12,1";"10,8";"841,8";"841,8";"841,5";"1,1";"317,0";"3,1";"1395,00";"0,0"
"06/05/2026";"1300";"21,5";"22,2";"19,6";"53,0";"62,0";"48,0";"11,5";"12,3";"10,5";"842,0";"842,0";"841,8";"1,5";"311,0";"4,5";"2077,90";"0,0"
"06/05/2026";"1400";"21,8";"22,3";"20,9";"47,0";"53,0";"44,0";"10,0";"11,5";"8,6";"841,6";"842,1";"841,6";"3,8";"355,0";"8,4";"2605,10";"0,2"
"06/05/2026";"1500";"21,6";"23,4";"21,4";"59,0";"61,0";"40,0";"13,2";"14,0";"9,0";"841,1";"841,6";"841,1";"1,3";"139,0";"6,4";"2864,70";"0,0"
"06/05/2026";"1600";"23,3";"23,3";"20,7";"47,0";"61,0";"45,0";"11,3";"13,4";"10,2";"840,4";"841,1";"840,4";"1,0";"232,0";"4,0";"2003,10";"0,0"
"06/05/2026";"1700";"22,5";"23,4";"22,2";"56,0";"59,0";"41,0";"13,4";"14,0";"9,1";"839,6";"840,4";"839,6";"1,1";"133,0";"4,1";"1414,30";"0,0"
"06/05/2026";"1800";"20,1";"22,8";"20,1";"69,0";"70,0";"53,0";"14,2";"14,5";"12,2";"839,3";"839,7";"839,3";"0,6";"103,0";"3,6";"843,20";"0,0"
"06/05/2026";"1900";"19,9";"20,5";"19,7";"72,0";"73,0";"67,0";"14,8";"15,1";"13,6";"839,3";"839,3";"839,0";"1,3";"88,0";"3,2";"257,30";"0,0"
"06/05/2026";"2000";"17,7";"19,9";"17,7";"70,0";"73,0";"65,0";"12,1";"14,8";"11,9";"839,4";"839,4";"839,2";"1,6";"13,0";"4,2";"115,70";"0,0"
"06/05/2026";"2100";"15,9";"17,7";"15,9";"78,0";"78,0";"70,0";"12,1";"12,5";"11,9";"839,7";"839,7";"839,4";"0,8";"349,0";"3,5";"17,40";"0,0"
"06/05/2026";"2200";"15,1";"15,9";"15,0";"80,0";"81,0";"77,0";"11,7";"12,0";"11,6";"840,0";"840,0";"839,7";"0,6";"324,0";"1,4";"";"0,0"
"06/05/2026";"2300";"13,9";"15,1";"13,9";"85,0";"87,0";"79,0";"11,4";"12,0";"11,3";"840,1";"840,1";"839,9";"1,1";"333,0";"1,9";"";"0,0"
"07/05/2026";"0000";"13,1";"14,0";"13,1";"89,0";"89,0";"84,0";"11,3";"11,7";"11,3";"840,3";"840,4";"840,1";"0,6";"323,0";"1,7";"";"0,0"
"07/05/2026";"0100";"13,1";"13,3";"12,9";"88,0";"89,0";"84,0";"11,1";"11,3";"10,6";"840,0";"840,3";"840,0";"0,6";"323,0";"2,0";"";"0,0"
"07/05/2026";"0200";"12,9";"13,2";"12,8";"89,0";"89,0";"87,0";"11,0";"11,3";"11,0";"839,9";"840,1";"839,9";"1,3";"338,0";"2,2";"";"0,0"
"07/05/2026";"0300";"11,9";"12,9";"11,9";"93,0";"93,0";"88,0";"10,7";"11,0";"10,7";"839,6";"839,9";"839,6";"1,3";"336,0";"2,2";"";"0,0"
"07/05/2026";"0400";"10,9";"11,9";"10,9";"94,0";"94,0";"92,0";"10,0";"10,7";"10,0";"839,0";"839,6";"839,0";"1,2";"319,0";"2,9";"";"0,0"
"07/05/2026";"0500";"11,1";"11,3";"10,9";"94,0";"95,0";"94,0";"10,2";"10,5";"10,0";"838,7";"839,0";"838,6";"1,1";"319,0";"3,0";"";"0,0"
"07/05/2026";"0600";"13,2";"13,2";"10,9";"89,0";"96,0";"89,0";"11,3";"11,4";"10,0";"838,2";"838,6";"838,2";"3,3";"340,0";"5,9";"";"0,0"
"07/05/2026";"0700";"11,3";"13,2";"11,0";"93,0";"94,0";"86,0";"10,3";"11,3";"9,6";"838,0";"838,2";"838,0";"2,1";"335,0";"5,9";"";"0,0"
"07/05/2026";"0800";"10,0";"11,3";"10,0";"96,0";"96,0";"92,0";"9,4";"10,1";"9,4";"837,7";"838,0";"837,7";"0,6";"317,0";"3,6";"";"0,0"
"07/05/2026";"0900";"10,0";"10,5";"9,9";"97,0";"97,0";"96,0";"9,6";"10,1";"9,4";"837,9";"837,9";"837,7";"1,6";"339,0";"2,6";"";"0,0"
"07/05/2026";"1000";"11,3";"11,4";"10,0";"92,0";"97,0";"92,0";"10,0";"10,5";"9,6";"838,1";"838,1";"837,9";"1,9";"330,0";"4,9";"49,00";"0,0"
"07/05/2026";"1100";"15,1";"15,1";"11,2";"83,0";"93,0";"83,0";"12,2";"12,2";"9,9";"838,3";"838,3";"838,0";"1,3";"320,0";"3,3";"625,80";"0,0"
"07/05/2026";"1200";"17,0";"17,1";"15,1";"77,0";"83,0";"77,0";"13,0";"13,2";"12,2";"838,6";"838,6";"838,3";"2,1";"315,0";"7,1";"1382,60";"0,0"
"07/05/2026";"1300";"18,8";"18,8";"16,8";"72,0";"79,0";"72,0";"13,6";"13,8";"12,8";"838,6";"838,8";"838,6";"2,5";"302,0";"8,2";"1567,40";"0,0"
"07/05/2026";"1400";"19,8";"20,1";"18,2";"66,0";"75,0";"64,0";"13,3";"14,2";"12,7";"837,8";"838,6";"837,8";"2,4";"302,0";"8,2";"2041,90";"0,0"
"07/05/2026";"1500";"19,9";"20,7";"19,1";"66,0";"69,0";"63,0";"13,3";"14,1";"12,1";"837,2";"837,8";"837,2";"2,2";"286,0";"8,9";"2512,30";"0,0"
"07/05/2026";"1600";"20,6";"20,6";"19,4";"66,0";"68,0";"63,0";"13,9";"14,0";"12,7";"836,2";"837,2";"836,2";"2,2";"290,0";"6,8";"2008,30";"0,0"
"07/05/2026";"1700";"20,1";"21,3";"20,1";"62,0";"65,0";"60,0";"12,7";"13,9";"12,5";"835,4";"836,2";"835,4";"2,1";"291,0";"6,4";"1027,20";"0,0"
"07/05/2026";"1800";"19,7";"20,1";"19,2";"66,0";"68,0";"62,0";"13,1";"13,4";"12,6";"835,1";"835,4";"835,1";"1,7";"268,0";"6,9";"1093,30";"0,0"
"07/05/2026";"1900";"18,8";"20,1";"18,7";"70,0";"70,0";"64,0";"13,1";"13,6";"12,6";"835,0";"835,1";"834,8";"1,9";"279,0";"6,3";"401,40";"0,0"
"07/05/2026";"2000";"18,3";"19,2";"18,3";"69,0";"70,0";"66,0";"12,4";"13,4";"12,3";"834,9";"835,1";"834,9";"1,6";"275,0";"5,6";"285,10";"0,0"
"07/05/2026";"2100";"16,8";"18,3";"16,8";"76,0";"76,0";"69,0";"12,6";"12,6";"12,4";"835,2";"835,2";"834,9";"1,8";"290,0";"7,0";"23,20";"0,0"
"07/05/2026";"2200";"16,5";"16,8";"16,3";"80,0";"80,0";"76,0";"12,9";"12,9";"12,6";"835,4";"835,5";"835,2";"1,6";"278,0";"5,2";"";"0,0"
"07/05/2026";"2300";"16,4";"16,6";"16,3";"81,0";"81,0";"79,0";"13,1";"13,2";"12,8";"835,7";"835,7";"835,4";"2,1";"283,0";"5,7";"";"0,0"
"08/05/2026";"0000";"16,4";"16,4";"16,1";"82,0";"83,0";"81,0";"13,3";"13,3";"13,1";"836,1";"836,1";"835,6";"2,2";"285,0";"6,6";"";"0,0"
"08/05/2026";"0100";"16,3";"16,5";"16,1";"83,0";"83,0";"82,0";"13,4";"13,5";"13,2";"836,2";"836,2";"836,0";"1,9";"280,0";"6,3";"";"0,0"
"08/05/2026";"0200";"16,1";"16,3";"16,1";"84,0";"84,0";"83,0";"13,4";"13,5";"13,3";"835,8";"836,2";"835,8";"3,0";"286,0";"6,8";"";"0,0"
"08/05/2026";"0300";"15,9";"16,2";"15,8";"85,0";"85,0";"83,0";"13,3";"13,4";"13,3";"835,6";"835,8";"835,6";"2,7";"288,0";"8,1";"";"0,0"
"08/05/2026";"0400";"15,6";"15,9";"15,6";"86,0";"86,0";"85,0";"13,3";"13,4";"13,3";"835,6";"835,8";"835,5";"2,4";"285,0";"8,5";"";"0,0"
"08/05/2026";"0500";"15,6";"15,7";"15,5";"86,0";"87,0";"86,0";"13,3";"13,4";"13,3";"835,3";"835,7";"835,3";"3,2";"284,0";"10,2";"";"0,0"
"08/05/2026";"0600";"15,3";"15,6";"15,2";"87,0";"88,0";"86,0";"13,2";"13,3";"13,1";"835,0";"835,4";"835,0";"3,1";"277,0";"10,2";"";"0,0"
"08/05/2026";"0700";"15,2";"15,3";"15,1";"87,0";"88,0";"87,0";"13,1";"13,2";"13,0";"835,2";"835,3";"834,9";"2,7";"271,0";"8,4";"";"0,0"
"08/05/2026";"0800";"15,0";"15,3";"15,0";"87,0";"87,0";"87,0";"12,9";"13,1";"12,9";"835,9";"835,9";"835,2";"2,9";"278,0";"8,8";"";"0,0"
"08/05/2026";"0900";"15,0";"15,1";"14,9";"86,0";"88,0";"86,0";"12,7";"13,0";"12,7";"836,1";"836,2";"835,8";"3,2";"275,0";"8,9";"";"0,0"
"08/05/2026";"1000";"14,9";"15,0";"14,8";"87,0";"87,0";"86,0";"12,7";"12,8";"12,5";"836,5";"836,6";"836,0";"3,0";"278,0";"10,5";"32,40";"0,0"
"08/05/2026";"1100";"16,0";"16,0";"14,8";"81,0";"87,0";"81,0";"12,8";"12,9";"12,6";"836,8";"836,8";"836,5";"3,6";"276,0";"10,5";"498,70";"0,0"
"08/05/2026";"1200";"17,9";"18,0";"16,0";"74,0";"81,0";"73,0";"13,1";"13,5";"12,6";"837,1";"837,1";"836,8";"2,5";"291,0";"10,5";"1357,40";"0,0"
"08/05/2026";"1300";"19,2";"19,4";"17,7";"69,0";"75,0";"69,0";"13,4";"13,9";"12,8";"837,1";"837,3";"837,0";"2,8";"272,0";"10,0";"2126,10";"0,0"
"08/05/2026";"1400";"19,5";"19,6";"17,9";"71,0";"76,0";"68,0";"14,1";"14,4";"12,9";"836,7";"837,1";"836,7";"2,2";"279,0";"9,3";"1998,30";"0,0"
"08/05/2026";"1500";"19,5";"20,3";"18,9";"70,0";"72,0";"66,0";"13,8";"14,2";"13,1";"835,8";"836,7";"835,8";"2,1";"292,0";"7,7";"2306,00";"0,0"
"08/05/2026";"1600";"19,5";"19,8";"18,4";"72,0";"72,0";"68,0";"14,2";"14,2";"13,0";"835,1";"835,8";"835,0";"1,9";"273,0";"8,7";"1299,50";"0,0"
"08/05/2026";"1700";"20,7";"21,3";"19,1";"63,0";"71,0";"62,0";"13,4";"14,5";"13,2";"834,3";"835,1";"834,3";"1,8";"267,0";"8,4";"1114,00";"0,0"
"08/05/2026";"1800";"19,6";"20,7";"19,5";"68,0";"70,0";"63,0";"13,6";"14,3";"13,0";"833,6";"834,3";"833,6";"2,1";"261,0";"7,8";"1552,60";"0,0"
"08/05/2026";"1900";"19,6";"19,6";"18,7";"67,0";"72,0";"67,0";"13,3";"14,0";"13,2";"834,2";"834,3";"833,6";"1,5";"265,0";"6,1";"470,20";"0,0"
"08/05/2026";"2000";"18,3";"19,9";"18,3";"68,0";"68,0";"65,0";"12,3";"13,6";"12,2";"834,7";"834,7";"834,2";"1,6";"267,0";"6,1";"261,20";"0,0"
"08/05/2026";"2100";"17,4";"18,3";"17,4";"72,0";"72,0";"68,0";"12,3";"12,4";"12,0";"835,3";"835,3";"834,7";"1,3";"267,0";"4,7";"11,80";"0,0"
"08/05/2026";"2200";"17,2";"17,5";"17,1";"73,0";"74,0";"72,0";"12,3";"12,4";"12,3";"835,8";"835,8";"835,3";"1,8";"287,0";"3,9";"";"0,0"
"08/05/2026";"2300";"17,1";"17,2";"17,0";"71,0";"74,0";"71,0";"11,9";"12,3";"11,8";"835,9";"836,0";"835,7";"1,8";"293,0";"4,7";"";"0,0"
"09/05/2026";"0000";"16,6";"17,2";"16,5";"76,0";"76,0";"71,0";"12,3";"12,3";"11,8";"836,1";"836,1";"835,9";"1,1";"306,0";"4,5";"";"0,0"
"09/05/2026";"0100";"16,6";"16,6";"16,4";"76,0";"77,0";"76,0";"12,4";"12,5";"12,3";"836,1";"836,1";"836,0";"1,7";"290,0";"4,3";"";"0,0"
"09/05/2026";"0200";"16,6";"16,6";"16,3";"73,0";"76,0";"73,0";"11,6";"12,3";"11,6";"835,9";"836,1";"835,9";"1,9";"292,0";"6,0";"";"0,0"
"09/05/2026";"0300";"16,7";"16,9";"16,5";"72,0";"73,0";"70,0";"11,6";"11,7";"11,4";"835,8";"835,9";"835,7";"2,3";"285,0";"7,4";"";"0,0"
"09/05/2026";"0400";"16,1";"16,7";"16,1";"80,0";"80,0";"72,0";"12,7";"12,7";"11,6";"835,8";"835,9";"835,6";"1,7";"272,0";"5,6";"";"0,0"
"09/05/2026";"0500";"15,8";"16,1";"15,8";"83,0";"83,0";"80,0";"12,9";"13,0";"12,7";"835,6";"835,8";"835,5";"1,7";"273,0";"7,1";"";"0,0"
"09/05/2026";"0600";"15,9";"15,9";"15,7";"81,0";"83,0";"81,0";"12,6";"13,0";"12,6";"835,6";"835,7";"835,4";"2,1";"263,0";"5,7";"";"0,0"
"09/05/2026";"0700";"15,4";"16,0";"15,4";"83,0";"83,0";"80,0";"12,5";"12,7";"12,5";"835,8";"835,9";"835,6";"2,3";"280,0";"6,0";"";"0,0"
"09/05/2026";"0800";"14,9";"15,4";"14,9";"85,0";"85,0";"83,0";"12,4";"12,5";"12,3";"835,7";"835,9";"835,7";"2,6";"282,0";"7,0";"";"0,0"
"09/05/2026";"0900";"14,8";"14,9";"14,7";"85,0";"86,0";"85,0";"12,2";"12,4";"12,2";"836,0";"836,1";"835,6";"2,8";"302,0";"8,4";"";"0,0"
"09/05/2026";"1000";"14,9";"14,9";"14,7";"85,0";"85,0";"84,0";"12,4";"12,4";"12,2";"836,4";"836,4";"836,0";"3,0";"293,0";"8,4";"18,70";"0,0"
"09/05/2026";"1100";"15,2";"15,2";"14,9";"86,0";"87,0";"85,0";"12,9";"12,9";"12,4";"837,3";"837,3";"836,4";"2,9";"290,0";"9,2";"215,30";"0,0"
"09/05/2026";"1200";"16,5";"16,5";"15,2";"82,0";"86,0";"82,0";"13,3";"13,4";"12,9";"837,5";"837,5";"837,3";"3,1";"287,0";"9,8";"706,00";"0,0"
"09/05/2026";"1300";"17,0";"17,2";"16,2";"80,0";"83,0";"79,0";"13,5";"13,8";"13,1";"837,6";"837,8";"837,5";"2,9";"290,0";"8,8";"1077,20";"0,0"
"09/05/2026";"1400";"18,3";"18,7";"16,8";"74,0";"81,0";"72,0";"13,4";"13,9";"13,3";"837,8";"837,9";"837,6";"2,8";"273,0";"8,8";"1463,90";"0,0"
"09/05/2026";"1500";"19,3";"19,4";"18,1";"71,0";"75,0";"70,0";"13,8";"14,4";"13,3";"837,6";"837,9";"837,6";"2,0";"269,0";"6,8";"1818,10";"0,0"
"09/05/2026";"1600";"20,0";"20,4";"19,1";"68,0";"73,0";"67,0";"13,8";"14,6";"13,6";"836,9";"837,6";"836,9";"1,8";"278,0";"7,2";"1829,10";"0,0"
"09/05/2026";"1700";"20,9";"21,3";"20,0";"64,0";"68,0";"62,0";"13,8";"14,6";"13,3";"836,6";"837,0";"836,5";"1,5";"270,0";"6,9";"1264,20";"0,0"
"09/05/2026";"1800";"19,9";"21,2";"19,8";"67,0";"68,0";"62,0";"13,7";"14,2";"13,2";"836,6";"836,7";"836,5";"0,9";"268,0";"5,6";"1105,90";"0,0"
"09/05/2026";"1900";"19,2";"19,9";"19,2";"70,0";"71,0";"67,0";"13,5";"13,9";"13,4";"836,6";"836,6";"836,3";"1,0";"291,0";"4,5";"596,40";"0,0"
"09/05/2026";"2000";"18,1";"19,4";"18,1";"73,0";"74,0";"69,0";"13,2";"14,0";"13,2";"836,7";"836,7";"836,6";"1,1";"280,0";"4,0";"239,40";"0,0"
"09/05/2026";"2100";"17,2";"18,1";"17,2";"76,0";"76,0";"73,0";"12,8";"13,3";"12,8";"836,8";"836,8";"836,6";"1,4";"288,0";"3,5";"28,50";"0,0"
"09/05/2026";"2200";"16,6";"17,2";"16,5";"78,0";"78,0";"76,0";"12,8";"12,9";"12,7";"837,3";"837,3";"836,8";"1,2";"280,0";"3,5";"";"0,0"
"09/05/2026";"2300";"16,1";"16,7";"16,1";"79,0";"79,0";"77,0";"12,5";"12,8";"12,5";"837,3";"837,3";"837,2";"1,4";"299,0";"3,2";"";"0,0"
"10/05/2026";"0000";"15,2";"16,1";"15,1";"87,0";"87,0";"79,0";"13,1";"13,2";"12,5";"837,6";"837,7";"837,3";"2,0";"344,0";"2,6";"";"0,0"
"10/05/2026";"0100";"15,0";"15,3";"14,0";"87,0";"92,0";"87,0";"12,8";"13,2";"12,5";"837,7";"837,8";"837,6";"1,6";"303,0";"3,2";"";"0,0"
"10/05/2026";"0200";"16,3";"16,3";"15,0";"77,0";"87,0";"76,0";"12,2";"12,8";"11,9";"837,5";"837,7";"837,5";"2,2";"290,0";"4,9";"";"0,0"
"10/05/2026";"0300";"16,3";"16,5";"16,2";"80,0";"80,0";"77,0";"12,8";"13,0";"12,3";"837,5";"837,7";"837,5";"1,7";"293,0";"6,3";"";"0,0"
"10/05/2026";"0400";"16,1";"16,4";"15,9";"80,0";"81,0";"80,0";"12,7";"12,9";"12,6";"837,3";"837,6";"837,2";"1,8";"282,0";"5,4";"";"0,0"
"10/05/2026";"0500";"15,7";"16,1";"15,7";"82,0";"82,0";"80,0";"12,6";"12,7";"12,4";"837,3";"837,4";"837,1";"1,1";"265,0";"4,6";"";"0,0"
"10/05/2026";"0600";"15,6";"15,9";"15,6";"83,0";"83,0";"81,0";"12,7";"12,7";"12,5";"836,8";"837,3";"836,8";"1,5";"283,0";"4,7";"";"0,0"
"10/05/2026";"0700";"15,4";"15,6";"15,3";"84,0";"84,0";"83,0";"12,7";"12,9";"12,6";"836,5";"836,9";"836,5";"1,2";"294,0";"4,9";"";"0,0"
"10/05/2026";"0800";"15,2";"15,4";"15,1";"86,0";"86,0";"84,0";"12,8";"12,8";"12,7";"836,5";"836,5";"836,3";"1,0";"276,0";"4,0";"";"0,0"
"10/05/2026";"0900";"15,1";"15,2";"15,0";"86,0";"86,0";"86,0";"12,8";"12,9";"12,7";"836,8";"836,8";"836,4";"0,9";"270,0";"4,1";"";"0,0"
"10/05/2026";"1000";"15,4";"15,5";"15,1";"85,0";"86,0";"85,0";"13,0";"13,0";"12,8";"837,3";"837,4";"836,8";"1,9";"292,0";"4,9";"25,00";"0,0"
"10/05/2026";"1100";"15,4";"15,8";"15,4";"87,0";"88,0";"84,0";"13,3";"13,3";"13,0";"837,8";"837,9";"837,3";"2,5";"276,0";"6,0";"142,40";"0,0"
"10/05/2026";"1200";"17,5";"18,0";"15,4";"80,0";"88,0";"77,0";"13,9";"14,4";"13,4";"838,1";"838,1";"837,7";"2,0";"276,0";"6,8";"878,50";"0,0"
"10/05/2026";"1300";"18,2";"18,7";"17,5";"76,0";"80,0";"74,0";"13,8";"14,5";"13,4";"838,1";"838,3";"837,9";"1,5";"238,0";"8,5";"1279,70";"0,0"
"10/05/2026";"1400";"19,1";"19,5";"17,6";"72,0";"77,0";"70,0";"14,1";"14,6";"13,2";"837,8";"838,2";"837,7";"1,5";"262,0";"6,1";"1563,30";"0,0"
"10/05/2026";"1500";"18,0";"19,1";"17,7";"78,0";"79,0";"72,0";"14,1";"14,4";"13,6";"837,2";"837,8";"837,2";"1,4";"256,0";"5,7";"1060,00";"0,0"
"10/05/2026";"1600";"19,7";"19,8";"18,0";"71,0";"79,0";"71,0";"14,3";"14,9";"13,8";"836,5";"837,2";"836,5";"1,5";"261,0";"5,3";"1188,00";"0,0"
"10/05/2026";"1700";"19,2";"19,7";"18,7";"75,0";"76,0";"70,0";"14,6";"14,8";"13,7";"835,9";"836,5";"835,9";"1,3";"264,0";"6,1";"948,10";"0,0"
"10/05/2026";"1800";"18,4";"20,1";"18,2";"78,0";"78,0";"70,0";"14,5";"15,4";"13,9";"835,7";"835,9";"835,6";"1,2";"259,0";"5,0";"851,90";"0,0"
"10/05/2026";"1900";"18,6";"18,9";"18,0";"75,0";"81,0";"74,0";"14,0";"15,0";"13,7";"835,5";"835,8";"835,5";"1,1";"245,0";"5,5";"513,90";"0,0"
"10/05/2026";"2000";"17,3";"18,6";"17,3";"81,0";"81,0";"74,0";"13,9";"14,2";"13,6";"835,7";"835,8";"835,4";"1,1";"245,0";"4,6";"247,60";"0,0"
"10/05/2026";"2100";"15,9";"17,2";"15,9";"91,0";"91,0";"81,0";"14,5";"14,5";"13,9";"836,1";"836,1";"835,7";"0,9";"232,0";"3,8";"10,30";"0,8"
"10/05/2026";"2200";"13,9";"15,9";"12,9";"98,0";"98,0";"91,0";"13,6";"14,5";"12,2";"836,9";"836,9";"836,0";"1,5";"188,0";"6,2";"";"5,6"
"10/05/2026";"2300";"13,8";"14,3";"13,7";"98,0";"98,0";"98,0";"13,5";"14,0";"13,5";"837,3";"837,3";"836,9";"1,7";"177,0";"5,6";"";"0,0"
"11/05/2026";"0000";"13,7";"14,0";"13,6";"99,0";"99,0";"98,0";"13,5";"13,8";"13,3";"837,5";"837,5";"837,2";"0,8";"210,0";"3,8";"";"1,2"
"11/05/2026";"0100";"13,2";"13,7";"13,2";"99,0";"99,0";"99,0";"13,0";"13,5";"13,0";"837,2";"837,5";"837,2";"0,6";"244,0";"3,0";"";"0,6"
"11/05/2026";"0200";"13,0";"13,2";"13,0";"99,0";"99,0";"99,0";"12,8";"13,0";"12,8";"837,0";"837,3";"837,0";"1,0";"186,0";"4,0";"";"0,0"
"11/05/2026";"0300";"12,7";"13,0";"12,7";"99,0";"99,0";"99,0";"12,5";"12,8";"12,5";"836,6";"837,1";"836,6";"0,7";"197,0";"4,0";"";"0,0"
"11/05/2026";"0400";"12,6";"12,8";"12,6";"99,0";"99,0";"99,0";"12,4";"12,6";"12,3";"836,2";"836,7";"836,2";"0,5";"62,0";"2,2";"";"0,4"
"11/05/2026";"0500";"12,5";"12,8";"12,5";"98,0";"99,0";"98,0";"12,3";"12,5";"12,3";"835,8";"836,2";"835,8";"0,7";"153,0";"1,7";"";"0,0"
"11/05/2026";"0600";"11,1";"12,5";"11,1";"98,0";"99,0";"98,0";"10,9";"12,3";"10,9";"835,6";"835,8";"835,6";"1,2";"153,0";"2,5";"";"0,0"
"11/05/2026";"0700";"11,2";"11,3";"11,0";"99,0";"99,0";"98,0";"11,0";"11,1";"10,7";"835,2";"835,6";"835,2";"1,0";"125,0";"2,5";"";"0,0"
"11/05/2026";"0800";"9,7";"11,3";"9,7";"99,0";"99,0";"99,0";"9,6";"11,1";"9,5";"835,4";"835,5";"835,2";"1,6";"153,0";"3,5";"";"0,2"
"11/05/2026";"0900";"9,8";"9,8";"9,6";"99,0";"99,0";"99,0";"9,6";"9,7";"9,4";"835,8";"835,8";"835,3";"0,3";"246,0";"3,5";"";"0,0"
"11/05/2026";"1000";"10,9";"10,9";"9,7";"99,0";"99,0";"99,0";"10,8";"10,8";"9,6";"836,2";"836,2";"835,7";"1,2";"335,0";"2,4";"39,40";"0,0"
"11/05/2026";"1100";"12,8";"13,1";"10,8";"99,0";"99,0";"99,0";"12,7";"13,0";"10,7";"836,7";"836,8";"836,1";"0,6";"299,0";"2,7";"435,70";"0,0"
"11/05/2026";"1200";"13,9";"14,3";"12,5";"89,0";"99,0";"87,0";"12,2";"13,7";"11,8";"837,2";"837,3";"836,7";"0,5";"279,0";"2,4";"1005,30";"0,0"
"11/05/2026";"1300";"16,7";"16,7";"13,9";"70,0";"89,0";"68,0";"11,2";"12,7";"10,0";"837,5";"837,6";"837,2";"0,8";"235,0";"3,0";"1933,30";"0,0"
"11/05/2026";"1400";"16,0";"17,7";"16,0";"53,0";"71,0";"51,0";"6,4";"10,9";"6,1";"837,2";"837,6";"837,1";"1,4";"191,0";"3,3";"2344,30";"0,0"
"11/05/2026";"1500";"16,3";"17,0";"15,8";"56,0";"61,0";"48,0";"7,4";"8,9";"5,1";"836,7";"837,2";"836,7";"0,9";"225,0";"4,6";"2507,90";"0,0"
"11/05/2026";"1600";"16,2";"16,7";"15,9";"67,0";"69,0";"46,0";"10,0";"10,5";"4,5";"836,4";"836,7";"836,3";"1,5";"187,0";"4,3";"1627,30";"0,0"
"11/05/2026";"1700";"16,0";"16,5";"15,5";"58,0";"72,0";"52,0";"7,7";"11,0";"6,2";"835,9";"836,4";"835,9";"1,0";"239,0";"4,2";"992,20";"0,0"
"11/05/2026";"1800";"16,6";"17,4";"16,0";"62,0";"69,0";"55,0";"9,4";"10,9";"7,8";"835,7";"835,9";"835,5";"1,4";"189,0";"3,3";"1691,60";"0,0"
"11/05/2026";"1900";"15,1";"16,6";"15,0";"64,0";"68,0";"61,0";"8,4";"9,7";"7,6";"835,8";"835,9";"835,7";"0,7";"229,0";"3,2";"651,30";"0,0"
"11/05/2026";"2000";"12,5";"15,2";"12,5";"92,0";"92,0";"64,0";"11,2";"11,9";"8,9";"836,2";"836,3";"835,8";"1,1";"155,0";"3,5";"310,00";"0,0"
"11/05/2026";"2100";"11,2";"12,5";"11,1";"93,0";"95,0";"92,0";"10,2";"11,1";"10,1";"836,6";"836,6";"836,2";"0,4";"273,0";"1,9";"31,00";"0,0"
"11/05/2026";"2200";"9,4";"11,2";"9,3";"96,0";"96,0";"93,0";"8,8";"10,2";"8,6";"837,2";"837,2";"836,6";"0,2";"285,0";"0,8";"";"0,0"
"11/05/2026";"2300";"8,4";"9,4";"8,4";"92,0";"96,0";"90,0";"7,2";"8,7";"7,1";"837,7";"837,7";"837,2";"0,2";"105,0";"1,0";"";"0,0"
"12/05/2026";"0000";"7,8";"8,4";"7,7";"97,0";"97,0";"92,0";"7,4";"7,6";"7,1";"838,2";"838,2";"837,7";"0,2";"130,0";"1,0";"";"0,0"
"12/05/2026";"0100";"7,0";"7,9";"7,0";"98,0";"98,0";"97,0";"6,7";"7,4";"6,7";"838,2";"838,2";"838,1";"0,9";"339,0";"1,3";"";"0,0"
"12/05/2026";"0200";"5,7";"7,0";"5,7";"87,0";"98,0";"87,0";"3,7";"6,6";"3,7";"838,1";"838,3";"838,0";"0,8";"354,0";"1,3";"";"0,0"
"12/05/2026";"0300";"5,5";"6,1";"5,4";"89,0";"89,0";"83,0";"3,9";"4,0";"3,4";"837,8";"838,1";"837,8";"1,0";"333,0";"1,5";"";"0,0"
"12/05/2026";"0400";"4,7";"5,5";"4,7";"93,0";"95,0";"89,0";"3,6";"4,2";"3,5";"837,5";"837,8";"837,5";"1,3";"324,0";"2,3";"";"0,0"
"12/05/2026";"0500";"3,6";"4,7";"3,6";"72,0";"93,0";"60,0";"-0,9";"3,7";"-3,0";"837,1";"837,6";"837,1";"1,0";"318,0";"2,0";"";"0,0"
"12/05/2026";"0600";"2,6";"3,6";"2,6";"88,0";"89,0";"66,0";"0,8";"1,4";"-2,3";"836,8";"837,1";"836,8";"1,4";"313,0";"2,8";"";"0,0"
"12/05/2026";"0700";"2,8";"3,1";"2,1";"76,0";"91,0";"73,0";"-1,1";"1,0";"-1,3";"836,4";"836,8";"836,4";"1,2";"307,0";"2,9";"";"0,0"
"12/05/2026";"0800";"3,1";"3,2";"2,7";"60,0";"78,0";"58,0";"-3,9";"-0,9";"-4,2";"836,4";"836,5";"836,3";"1,1";"322,0";"3,0";"";"0,0"
"12/05/2026";"0900";"3,1";"3,5";"2,5";"55,0";"69,0";"53,0";"-5,0";"-2,6";"-5,2";"836,8";"836,8";"836,4";"1,4";"330,0";"3,1";"";"0,0"
"12/05/2026";"1000";"4,2";"4,2";"2,1";"51,0";"73,0";"50,0";"-4,9";"-2,2";"-5,3";"837,4";"837,4";"836,8";"1,0";"325,0";"2,6";"56,60";"0,0"
"12/05/2026";"1100";"7,8";"7,8";"3,8";"59,0";"72,0";"52,0";"0,3";"0,8";"-2,9";"838,0";"838,0";"837,4";"1,3";"332,0";"2,4";"660,60";"0,0"
"12/05/2026";"1200";"14,5";"14,5";"7,8";"36,0";"60,0";"32,0";"-0,6";"4,2";"-2,1";"838,4";"838,5";"838,0";"0,9";"325,0";"2,3";"1463,60";"0,0"
"12/05/2026";"1300";"16,3";"16,9";"14,5";"30,0";"44,0";"30,0";"-1,5";"2,9";"-1,5";"838,5";"838,6";"838,4";"1,5";"322,0";"4,0";"2073,00";"0,0"
"12/05/2026";"1400";"18,9";"18,9";"16,1";"26,0";"32,0";"22,0";"-1,0";"-0,2";"-4,0";"838,1";"838,5";"838,1";"1,3";"308,0";"4,5";"2680,10";"0,0"
"12/05/2026";"1500";"18,0";"19,9";"17,9";"25,0";"29,0";"18,0";"-2,5";"-0,3";"-5,7";"837,2";"838,1";"837,2";"2,0";"322,0";"4,6";"2980,70";"0,0"
"12/05/2026";"1600";"19,2";"19,2";"18,0";"32,0";"32,0";"25,0";"2,0";"2,0";"-2,1";"836,6";"837,2";"836,6";"1,0";"299,0";"5,0";"1329,60";"0,0"
"12/05/2026";"1700";"19,4";"19,4";"18,1";"46,0";"48,0";"28,0";"7,4";"7,8";"-0,1";"836,2";"836,6";"836,2";"0,9";"183,0";"3,4";"276,20";"0,0"
"12/05/2026";"1800";"18,3";"20,4";"18,2";"34,0";"47,0";"32,0";"2,2";"7,8";"1,7";"836,0";"836,2";"836,0";"0,9";"204,0";"4,1";"1898,10";"0,0"
"12/05/2026";"1900";"17,2";"18,3";"17,2";"38,0";"38,0";"30,0";"2,9";"2,9";"0,1";"836,0";"836,1";"835,9";"0,7";"245,0";"3,0";"115,20";"0,0"
"12/05/2026";"2000";"15,3";"17,2";"15,3";"46,0";"46,0";"34,0";"3,6";"4,1";"0,7";"836,4";"836,4";"836,0";"0,5";"259,0";"2,7";"118,90";"0,0"
"12/05/2026";"2100";"12,4";"15,3";"12,4";"66,0";"67,0";"46,0";"6,3";"6,3";"3,9";"836,6";"836,6";"836,4";"0,8";"284,0";"1,7";"13,30";"0,0"
"12/05/2026";"2200";"10,7";"12,4";"10,7";"77,0";"77,0";"66,0";"6,8";"6,9";"6,3";"837,2";"837,2";"836,6";"0,9";"329,0";"1,7";"";"0,0"
"12/05/2026";"2300";"11,3";"11,3";"10,3";"81,0";"81,0";"77,0";"8,0";"8,1";"6,8";"837,4";"837,5";"837,1";"1,1";"332,0";"2,4";"";"0,0"
"13/05/2026";"0000";"9,8";"11,3";"9,8";"87,0";"89,0";"80,0";"7,7";"8,4";"7,7";"837,8";"837,9";"837,4";"1,4";"339,0";"2,2";"";"0,0"
"13/05/2026";"0100";"9,0";"9,8";"9,0";"89,0";"90,0";"86,0";"7,3";"7,9";"7,3";"837,6";"837,9";"837,6";"1,0";"326,0";"2,2";"";"0,0"
"13/05/2026";"0200";"9,0";"9,4";"8,8";"90,0";"93,0";"89,0";"7,5";"8,1";"7,3";"837,7";"837,8";"837,6";"1,1";"328,0";"2,4";"";"0,0"
"13/05/2026";"0300";"7,8";"9,0";"7,8";"94,0";"94,0";"90,0";"6,9";"7,7";"6,8";"837,4";"837,8";"837,4";"0,9";"317,0";"2,1";"";"0,0"
"13/05/2026";"0400";"7,2";"8,0";"7,2";"96,0";"96,0";"94,0";"6,6";"7,2";"6,4";"837,3";"837,4";"837,2";"1,1";"328,0";"1,9";"";"0,0"
"13/05/2026";"0500";"7,5";"7,5";"7,1";"95,0";"96,0";"95,0";"6,7";"6,8";"6,3";"836,9";"837,3";"836,9";"1,3";"332,0";"2,3";"";"0,0"
"13/05/2026";"0600";"8,1";"8,4";"7,2";"94,0";"97,0";"94,0";"7,1";"7,9";"6,3";"836,7";"837,0";"836,6";"1,1";"327,0";"2,9";"";"0,0"
"13/05/2026";"0700";"7,5";"8,3";"7,0";"95,0";"97,0";"92,0";"6,8";"7,5";"6,1";"836,4";"836,7";"836,3";"1,5";"328,0";"2,9";"";"0,0"
"13/05/2026";"0800";"9,1";"9,1";"7,6";"95,0";"95,0";"93,0";"8,4";"8,4";"6,8";"836,3";"836,4";"836,2";"1,3";"350,0";"3,3";"";"0,0"
"13/05/2026";"0900";"9,1";"9,5";"8,6";"96,0";"96,0";"93,0";"8,5";"8,7";"7,7";"836,8";"836,8";"836,3";"1,8";"357,0";"3,3";"";"0,0"
"13/05/2026";"1000";"9,6";"9,7";"8,4";"94,0";"96,0";"94,0";"8,7";"8,9";"7,5";"837,3";"837,3";"836,8";"1,8";"344,0";"3,4";"49,30";"0,0"
"13/05/2026";"1100";"14,2";"14,2";"9,4";"77,0";"94,0";"76,0";"10,3";"10,4";"8,0";"837,8";"837,8";"837,3";"1,1";"330,0";"3,5";"624,50";"0,0"
"13/05/2026";"1200";"17,5";"17,5";"14,2";"74,0";"78,0";"73,0";"12,8";"12,8";"10,3";"838,3";"838,3";"837,8";"1,2";"304,0";"4,4";"1358,90";"0,0"
"13/05/2026";"1300";"18,7";"19,0";"17,4";"52,0";"75,0";"52,0";"8,5";"13,0";"8,5";"838,6";"838,6";"838,3";"1,0";"220,0";"4,5";"2038,90";"0,0"
"13/05/2026";"1400";"19,3";"19,7";"18,1";"51,0";"57,0";"45,0";"8,8";"9,9";"7,1";"838,2";"838,6";"838,2";"1,6";"204,0";"4,1";"2575,80";"0,0"
"13/05/2026";"1500";"17,9";"19,6";"17,8";"53,0";"55,0";"47,0";"8,0";"9,3";"7,3";"837,5";"838,2";"837,5";"2,1";"207,0";"6,7";"2844,50";"0,0"
"13/05/2026";"1600";"19,1";"19,3";"17,8";"52,0";"59,0";"51,0";"9,0";"10,9";"8,1";"836,8";"837,6";"836,8";"2,3";"180,0";"5,8";"1108,20";"0,0"
"13/05/2026";"1700";"20,5";"20,5";"18,8";"53,0";"59,0";"49,0";"10,7";"11,4";"8,1";"836,2";"836,8";"836,2";"1,9";"183,0";"5,4";"504,10";"0,0"
"13/05/2026";"1800";"19,7";"21,0";"19,5";"57,0";"58,0";"50,0";"10,8";"11,6";"9,5";"836,2";"836,2";"836,0";"1,5";"208,0";"5,4";"1728,70";"0,0"
"13/05/2026";"1900";"17,9";"20,3";"17,8";"71,0";"71,0";"55,0";"12,5";"13,1";"10,3";"836,4";"836,4";"836,1";"1,8";"141,0";"4,6";"406,50";"0,0"
"13/05/2026";"2000";"16,1";"17,9";"16,1";"70,0";"74,0";"68,0";"10,6";"12,7";"10,6";"836,8";"836,8";"836,2";"1,0";"142,0";"4,3";"168,70";"0,0"
"13/05/2026";"2100";"14,0";"16,1";"14,0";"79,0";"79,0";"69,0";"10,4";"10,8";"9,8";"837,3";"837,3";"836,8";"0,7";"151,0";"2,3";"20,60";"0,0"
"13/05/2026";"2200";"12,8";"14,0";"12,8";"82,0";"85,0";"79,0";"9,8";"10,8";"9,8";"837,6";"837,6";"837,2";"1,0";"351,0";"1,5";"";"0,0"
"13/05/2026";"2300";"12,2";"12,8";"12,0";"85,0";"87,0";"82,0";"9,7";"10,1";"9,7";"838,1";"838,1";"837,6";"0,5";"338,0";"1,6";"";"0,0"
"14/05/2026";"0000";"11,5";"12,2";"11,5";"88,0";"88,0";"84,0";"9,7";"9,8";"9,4";"838,3";"838,3";"838,0";"0,8";"327,0";"1,3";"";"0,0"
"14/05/2026";"0100";"10,7";"11,5";"10,7";"90,0";"90,0";"86,0";"9,2";"9,7";"9,1";"838,1";"838,4";"838,1";"0,6";"310,0";"1,9";"";"0,0"
"14/05/2026";"0200";"9,8";"10,7";"9,7";"89,0";"91,0";"86,0";"8,1";"9,2";"7,7";"837,8";"838,1";"837,6";"0,7";"331,0";"1,5";"";"0,0"
"14/05/2026";"0300";"9,2";"9,8";"9,2";"84,0";"91,0";"83,0";"6,6";"8,3";"6,6";"837,3";"837,8";"837,3";"0,3";"302,0";"1,2";"";"0,0"
"14/05/2026";"0400";"9,1";"9,3";"9,1";"90,0";"90,0";"84,0";"7,6";"7,6";"6,6";"837,0";"837,3";"837,0";"0,7";"302,0";"1,2";"";"0,0"
"14/05/2026";"0500";"8,6";"9,1";"8,6";"91,0";"91,0";"89,0";"7,2";"7,5";"7,2";"836,6";"837,0";"836,6";"0,6";"320,0";"1,5";"";"0,0"
"14/05/2026";"0600";"8,5";"8,8";"8,5";"90,0";"91,0";"90,0";"7,1";"7,3";"7,1";"836,4";"836,6";"836,3";"0,7";"318,0";"1,2";"";"0,0"
"14/05/2026";"0700";"8,6";"8,7";"8,3";"89,0";"92,0";"89,0";"6,9";"7,1";"6,9";"836,2";"836,4";"836,2";"0,8";"324,0";"1,8";"";"0,0"
"14/05/2026";"0800";"8,2";"8,6";"8,0";"93,0";"93,0";"89,0";"7,1";"7,1";"6,8";"836,3";"836,3";"836,1";"0,8";"321,0";"1,6";"";"0,0"
"14/05/2026";"0900";"8,8";"8,8";"8,2";"95,0";"95,0";"91,0";"8,0";"8,0";"7,0";"836,7";"836,7";"836,1";"0,7";"334,0";"1,7";"";"0,0"
"14/05/2026";"1000";"10,0";"10,0";"8,6";"96,0";"98,0";"94,0";"9,4";"9,5";"7,8";"837,1";"837,1";"836,7";"2,1";"356,0";"3,4";"28,80";"0,0"
"14/05/2026";"1100";"13,1";"13,1";"10,0";"90,0";"97,0";"90,0";"11,5";"11,5";"9,4";"837,6";"837,6";"837,1";"1,2";"328,0";"3,7";"348,00";"0,0"
"14/05/2026";"1200";"14,9";"15,8";"13,1";"84,0";"90,0";"79,0";"12,2";"12,6";"11,5";"838,0";"838,0";"837,6";"2,3";"333,0";"4,8";"1117,60";"0,0"
"14/05/2026";"1300";"18,0";"18,7";"14,9";"75,0";"84,0";"71,0";"13,4";"13,8";"12,2";"838,2";"838,3";"838,0";"1,4";"305,0";"4,8";"1456,90";"0,0"
"14/05/2026";"1400";"18,6";"19,7";"17,7";"70,0";"76,0";"65,0";"13,0";"13,8";"12,3";"838,0";"838,2";"838,0";"1,7";"261,0";"5,9";"2061,60";"0,0"
"14/05/2026";"1500";"17,4";"18,8";"17,0";"77,0";"78,0";"69,0";"13,4";"13,7";"12,6";"837,7";"838,0";"837,6";"1,1";"280,0";"5,4";"1139,90";"0,0"
"14/05/2026";"1600";"18,1";"18,9";"16,5";"73,0";"81,0";"70,0";"13,2";"13,9";"12,8";"837,3";"837,7";"837,2";"1,2";"246,0";"5,2";"805,90";"0,0"
"14/05/2026";"1700";"18,6";"18,9";"18,0";"67,0";"73,0";"65,0";"12,4";"13,7";"11,8";"836,7";"837,2";"836,7";"1,4";"210,0";"8,1";"889,30";"0,0"
"14/05/2026";"1800";"18,3";"19,3";"18,2";"71,0";"72,0";"66,0";"12,9";"13,4";"12,1";"836,6";"836,8";"836,6";"1,5";"202,0";"4,9";"1169,80";"0,0"
"14/05/2026";"1900";"17,6";"18,3";"17,5";"72,0";"74,0";"70,0";"12,6";"13,1";"12,2";"836,5";"836,6";"836,5";"0,8";"257,0";"4,8";"530,10";"0,0"
"14/05/2026";"2000";"16,2";"17,6";"16,2";"79,0";"79,0";"72,0";"12,5";"12,8";"12,0";"836,9";"837,0";"836,5";"0,7";"257,0";"2,4";"250,70";"0,0"
"14/05/2026";"2100";"14,8";"16,2";"14,7";"86,0";"86,0";"79,0";"12,5";"12,7";"12,2";"837,3";"837,4";"836,9";"0,5";"267,0";"2,4";"15,20";"0,0"
"14/05/2026";"2200";"14,2";"14,8";"14,2";"92,0";"92,0";"86,0";"12,9";"12,9";"12,4";"837,7";"837,8";"837,3";"0,5";"316,0";"1,5";"";"0,0"
"14/05/2026";"2300";"13,8";"14,2";"13,7";"94,0";"94,0";"92,0";"12,8";"13,1";"12,6";"838,2";"838,2";"837,7";"0,4";"3,0";"1,6";"";"0,0"
"15/05/2026";"0000";"13,4";"13,8";"13,3";"96,0";"96,0";"94,0";"12,7";"12,9";"12,5";"838,7";"838,7";"838,2";"0,5";"338,0";"1,5";"";"0,0"
"15/05/2026";"0100";"12,6";"13,4";"12,6";"97,0";"97,0";"96,0";"12,1";"12,7";"12,1";"838,5";"838,7";"838,4";"1,0";"337,0";"1,8";"";"0,0"
"15/05/2026";"0200";"11,9";"12,7";"11,9";"98,0";"98,0";"97,0";"11,5";"12,3";"11,5";"838,5";"838,7";"838,5";"0,4";"231,0";"1,6";"";"0,0"
"15/05/2026";"0300";"11,4";"12,0";"11,4";"98,0";"98,0";"98,0";"11,1";"11,7";"11,1";"838,2";"838,5";"838,1";"0,8";"323,0";"1,5";"";"0,0"
"15/05/2026";"0400";"10,9";"11,4";"10,9";"98,0";"98,0";"98,0";"10,7";"11,1";"10,7";"837,7";"838,2";"837,7";"1,0";"336,0";"1,5";"";"0,0"
"15/05/2026";"0500";"10,8";"11,0";"10,7";"99,0";"99,0";"98,0";"10,6";"10,7";"10,4";"837,5";"837,7";"837,5";"0,7";"320,0";"1,7";"";"0,0"
"15/05/2026";"0600";"10,5";"10,8";"10,3";"99,0";"99,0";"99,0";"10,3";"10,6";"10,1";"837,3";"837,5";"837,2";"1,2";"332,0";"2,0";"";"0,0"
"15/05/2026";"0700";"10,0";"10,6";"10,0";"99,0";"99,0";"99,0";"9,9";"10,4";"9,9";"837,1";"837,3";"837,1";"1,1";"333,0";"2,1";"";"0,0"
"15/05/2026";"0800";"9,6";"10,0";"9,5";"99,0";"99,0";"99,0";"9,5";"9,9";"9,4";"837,2";"837,3";"837,0";"0,9";"326,0";"2,3";"";"0,0"
"15/05/2026";"0900";"9,9";"10,3";"9,4";"99,0";"99,0";"99,0";"9,8";"10,2";"9,4";"837,3";"837,3";"837,1";"0,8";"304,0";"2,3";"";"0,0"
"15/05/2026";"1000";"9,9";"10,1";"9,3";"99,0";"99,0";"99,0";"9,9";"10,0";"9,3";"838,0";"838,0";"837,2";"0,9";"339,0";"2,4";"15,50";"0,2"
"15/05/2026";"1100";"10,9";"10,9";"9,9";"99,0";"100,0";"99,0";"10,9";"10,9";"9,9";"838,3";"838,3";"837,9";"0,8";"322,0";"2,2";"180,40";"0,0"
"15/05/2026";"1200";"13,6";"13,6";"10,9";"99,0";"100,0";"99,0";"13,5";"13,5";"10,9";"838,6";"838,6";"838,3";"0,6";"343,0";"1,7";"598,30";"0,0"
"15/05/2026";"1300";"15,7";"15,7";"13,6";"73,0";"99,0";"73,0";"10,9";"14,2";"10,9";"839,0";"839,0";"838,6";"0,8";"193,0";"2,4";"753,70";"0,0"
"15/05/2026";"1400";"15,8";"16,6";"15,7";"67,0";"75,0";"63,0";"9,7";"11,8";"9,5";"838,8";"839,0";"838,5";"1,4";"168,0";"2,9";"657,10";"0,0"
"15/05/2026";"1500";"17,1";"17,3";"15,4";"63,0";"78,0";"62,0";"10,0";"12,2";"9,9";"838,1";"838,8";"838,0";"1,3";"191,0";"3,0";"800,70";"0,0"
"15/05/2026";"1600";"17,5";"17,9";"16,9";"64,0";"66,0";"59,0";"10,5";"11,1";"9,0";"837,5";"838,1";"837,5";"1,0";"164,0";"3,8";"1565,80";"0,0"
"15/05/2026";"1700";"18,8";"18,9";"17,1";"64,0";"71,0";"62,0";"11,9";"12,6";"10,2";"836,8";"837,5";"836,8";"1,0";"218,0";"3,1";"963,20";"0,0"
"15/05/2026";"1800";"17,3";"19,5";"17,3";"73,0";"74,0";"63,0";"12,5";"12,9";"11,6";"836,8";"836,8";"836,7";"1,1";"214,0";"3,4";"855,90";"0,0"
"15/05/2026";"1900";"16,2";"17,3";"16,0";"81,0";"82,0";"72,0";"12,8";"13,1";"12,1";"836,9";"836,9";"836,6";"0,8";"215,0";"3,4";"267,90";"0,0"
"15/05/2026";"2000";"15,3";"16,2";"15,3";"80,0";"81,0";"77,0";"11,9";"12,8";"11,9";"837,5";"837,5";"836,9";"1,4";"188,0";"3,1";"134,50";"0,0"
"15/05/2026";"2100";"13,8";"15,3";"13,8";"91,0";"91,0";"80,0";"12,4";"12,4";"11,8";"838,1";"838,1";"837,5";"2,2";"153,0";"4,9";"";"0,0"
"15/05/2026";"2200";"12,5";"13,8";"12,5";"96,0";"96,0";"91,0";"11,9";"12,4";"11,9";"838,0";"838,2";"838,0";"0,6";"150,0";"4,5";"";"1,2"
"15/05/2026";"2300";"12,5";"12,7";"12,5";"94,0";"97,0";"93,0";"11,5";"12,1";"11,4";"837,9";"838,1";"837,8";"0,9";"168,0";"4,1";"";"0,6"
"16/05/2026";"0000";"12,3";"12,5";"12,2";"96,0";"96,0";"94,0";"11,7";"11,8";"11,4";"837,9";"837,9";"837,8";"0,4";"203,0";"2,7";"";"0,6"
"16/05/2026";"0100";"12,5";"12,5";"12,2";"97,0";"97,0";"96,0";"12,0";"12,0";"11,6";"837,7";"838,0";"837,5";"0,4";"111,0";"2,7";"";"0,0"
"16/05/2026";"0200";"12,1";"12,5";"12,1";"97,0";"97,0";"97,0";"11,6";"12,0";"11,6";"837,6";"837,8";"837,5";"0,7";"300,0";"1,4";"";"0,0"
"16/05/2026";"0300";"11,6";"12,1";"11,5";"98,0";"98,0";"97,0";"11,3";"11,7";"11,2";"837,2";"837,7";"837,2";"1,5";"338,0";"2,4";"";"0,0"
"16/05/2026";"0400";"10,8";"11,6";"10,8";"98,0";"98,0";"98,0";"10,6";"11,3";"10,6";"836,8";"837,2";"836,8";"1,1";"334,0";"2,4";"";"0,0"
"16/05/2026";"0500";"10,1";"10,8";"10,1";"99,0";"99,0";"98,0";"9,9";"10,6";"9,9";"836,3";"836,9";"836,3";"1,2";"328,0";"2,2";"";"0,0"
"16/05/2026";"0600";"9,7";"10,3";"9,7";"99,0";"99,0";"99,0";"9,6";"10,1";"9,6";"836,1";"836,3";"836,1";"1,3";"350,0";"2,7";"";"0,0"
"16/05/2026";"0700";"10,3";"10,5";"9,7";"99,0";"99,0";"99,0";"10,2";"10,4";"9,6";"836,0";"836,2";"836,0";"1,1";"347,0";"2,1";"";"0,0"
"16/05/2026";"0800";"9,5";"10,4";"9,5";"99,0";"99,0";"99,0";"9,4";"10,3";"9,4";"836,1";"836,1";"835,9";"0,7";"320,0";"2,1";"";"0,2"
"16/05/2026";"0900";"9,5";"9,7";"9,1";"99,0";"99,0";"99,0";"9,4";"9,6";"9,0";"836,5";"836,5";"836,1";"1,9";"342,0";"2,7";"";"0,0"
"16/05/2026";"1000";"10,4";"10,4";"9,4";"99,0";"99,0";"99,0";"10,3";"10,3";"9,3";"837,2";"837,3";"836,5";"1,4";"339,0";"2,8";"55,70";"0,0"
"16/05/2026";"1100";"11,3";"11,3";"10,3";"99,0";"99,0";"99,0";"11,2";"11,2";"10,2";"837,7";"837,7";"837,2";"1,5";"331,0";"3,1";"267,00";"0,0"
"16/05/2026";"1200";"14,6";"14,6";"11,3";"91,0";"99,0";"90,0";"13,1";"13,1";"11,2";"838,1";"838,2";"837,6";"1,2";"312,0";"3,5";"746,50";"0,0"
"16/05/2026";"1300";"17,4";"17,9";"14,6";"80,0";"92,0";"78,0";"13,8";"15,2";"13,1";"838,3";"838,3";"838,1";"0,9";"248,0";"2,9";"1385,20";"0,0"
"16/05/2026";"1400";"20,1";"20,1";"17,4";"68,0";"80,0";"68,0";"14,1";"14,8";"13,1";"838,0";"838,3";"838,0";"0,9";"244,0";"2,9";"2504,90";"0,0"
"16/05/2026";"1500";"18,4";"20,2";"18,4";"71,0";"73,0";"67,0";"13,0";"14,1";"13,0";"837,8";"838,0";"837,8";"1,5";"214,0";"4,0";"2581,60";"0,0"
"16/05/2026";"1600";"18,7";"19,3";"18,3";"73,0";"75,0";"69,0";"13,7";"14,3";"13,1";"837,2";"837,8";"837,2";"1,3";"228,0";"3,7";"1146,50";"0,0"
"16/05/2026";"1700";"20,1";"20,1";"18,7";"66,0";"74,0";"65,0";"13,6";"14,2";"12,8";"836,4";"837,2";"836,4";"1,4";"217,0";"4,2";"401,50";"0,0"
"16/05/2026";"1800";"18,9";"20,4";"18,7";"70,0";"73,0";"64,0";"13,3";"14,0";"12,9";"836,5";"836,6";"836,3";"1,0";"243,0";"3,4";"1080,40";"0,0"
"16/05/2026";"1900";"";"";"";"";"";"";"";"";"";"";"";"";"";"";"";"";""
"16/05/2026";"2000";"";"";"";"";"";"";"";"";"";"";"";"";"";"";"";"";""
"16/05/2026";"2100";"";"";"";"";"";"";"";"";"";"";"";"";"";"";"";"";""
"16/05/2026";"2200";"";"";"";"";"";"";"";"";"";"";"";"";"";"";"";"";""
"16/05/2026";"2300";"";"";"";"";"";"";"";"";"";"";"";"";"";"";"";"";""