"Data";"Hora (UTC)";"Temp. Ins. (C)";"Temp. Max. (C)";"Temp. Min. (C)";"Umi. Ins. (%)";"Umi. Max. (%)";"Umi. Min. (%)";"Pto Orvalho Ins. (C)";"Pto Orvalho Max. (C)";"Pto Orvalho Min. (C)";"Pressao Ins. (hPa)";"Pressao Max. (hPa)";"Pressao Min. (hPa)";"Vel. Vento (m/s)";"Dir. Vento (m/s)";"Raj. Vento (m/s)";"Radiacao (KJ/m²)";"Chuva (mm)"
"01/01/2026";"0000";"23,8";"25,6";"23,8";"82,0";"82,0";"75,0";"20,5";"21,2";"20,5";"946,7";"946,7";"946,2";"0,6";"359,0";"1,6";"";"0,0"
"01/01/2026";"0100";"24,6";"24,7";"23,7";"78,0";"83,0";"78,0";"20,5";"21,3";"20,5";"947,5";"947,5";"946,7";"2,6";"174,0";"4,0";"";"0,0"
"01/01/2026";"0200";"24,3";"25,1";"24,2";"75,0";"78,0";"74,0";"19,6";"20,6";"19,5";"948,0";"948,0";"947,5";"1,8";"183,0";"6,2";"";"0,0"
"01/01/2026";"0300";"23,1";"24,3";"23,0";"80,0";"81,0";"75,0";"19,5";"19,6";"19,4";"947,1";"948,0";"947,1";"0,9";"144,0";"3,6";"";"0,0"
"01/01/2026";"0400";"22,4";"23,2";"22,4";"84,0";"85,0";"80,0";"19,5";"19,8";"19,3";"946,5";"947,1";"946,5";"1,1";"223,0";"2,1";"";"0,0"
"01/01/2026";"0500";"22,0";"22,5";"22,0";"88,0";"89,0";"84,0";"19,9";"20,2";"19,6";"945,7";"946,5";"945,6";"0,6";"18,0";"1,5";"";"0,0"
"01/01/2026";"0600";"21,3";"22,1";"21,3";"89,0";"89,0";"87,0";"19,5";"19,9";"19,4";"945,2";"945,8";"945,2";"0,7";"147,0";"1,6";"";"0,0"
"01/01/2026";"0700";"21,0";"21,5";"21,0";"92,0";"92,0";"89,0";"19,6";"19,8";"19,4";"945,2";"945,4";"945,2";"0,4";"232,0";"1,5";"";"0,0"
"01/01/2026";"0800";"21,2";"21,2";"20,9";"91,0";"92,0";"90,0";"19,7";"19,7";"19,3";"945,1";"945,2";"945,1";"0,7";"249,0";"1,5";"";"0,0"
"01/01/2026";"0900";"21,7";"21,7";"20,8";"90,0";"92,0";"90,0";"19,9";"20,0";"19,2";"946,1";"946,1";"945,1";"1,9";"210,0";"2,4";"68,30";"0,0"
"01/01/2026";"1000";"22,8";"22,8";"21,6";"85,0";"90,0";"85,0";"20,1";"20,4";"19,7";"946,1";"946,2";"946,1";"0,7";"76,0";"2,4";"340,90";"0,0"
"01/01/2026";"1100";"24,4";"24,4";"22,8";"79,0";"85,0";"79,0";"20,6";"20,6";"20,0";"946,0";"946,2";"945,9";"1,0";"24,0";"2,1";"826,20";"0,0"
"01/01/2026";"1200";"25,9";"26,1";"24,5";"74,0";"79,0";"72,0";"20,9";"21,2";"20,2";"946,0";"946,1";"945,9";"1,1";"7,0";"2,1";"1317,40";"0,0"
"01/01/2026";"1300";"28,5";"28,9";"25,8";"64,0";"75,0";"63,0";"21,0";"22,1";"20,5";"946,0";"946,2";"946,0";"1,9";"221,0";"3,9";"2993,50";"0,0"
"01/01/2026";"1400";"30,2";"30,2";"28,3";"55,0";"64,0";"53,0";"20,1";"21,2";"19,6";"945,7";"946,1";"945,7";"1,3";"207,0";"4,5";"3308,20";"0,0"
"01/01/2026";"1500";"31,4";"31,4";"29,8";"49,0";"59,0";"49,0";"19,4";"21,8";"19,4";"944,9";"945,7";"944,9";"2,2";"218,0";"4,8";"2693,90";"0,0"
"01/01/2026";"1600";"32,3";"32,4";"31,0";"45,0";"51,0";"45,0";"19,0";"20,0";"18,5";"944,0";"944,9";"944,0";"2,2";"254,0";"6,3";"2955,10";"0,0"
"01/01/2026";"1700";"27,8";"33,5";"27,8";"61,0";"63,0";"42,0";"19,6";"20,5";"18,3";"943,6";"944,0";"942,9";"5,2";"287,0";"9,6";"2391,90";"0,0"
"01/01/2026";"1800";"28,3";"29,0";"23,4";"66,0";"83,0";"61,0";"21,2";"22,9";"17,6";"942,7";"944,2";"942,5";"3,8";"41,0";"12,7";"2414,50";"4,2"
"01/01/2026";"1900";"28,0";"28,7";"27,4";"65,0";"69,0";"62,0";"20,7";"21,8";"19,9";"942,0";"942,7";"941,8";"4,4";"31,0";"8,9";"1846,80";"0,0"
"01/01/2026";"2000";"27,1";"28,6";"27,1";"70,0";"71,0";"61,0";"21,3";"21,5";"20,0";"941,9";"942,0";"941,4";"5,1";"40,0";"8,1";"1877,80";"0,0"
"01/01/2026";"2100";"26,4";"27,4";"26,2";"74,0";"74,0";"69,0";"21,3";"21,5";"20,9";"942,4";"942,4";"941,9";"3,2";"29,0";"8,5";"760,00";"0,0"
"01/01/2026";"2200";"24,8";"26,4";"24,8";"76,0";"76,0";"73,0";"20,4";"21,3";"20,3";"942,7";"942,7";"942,3";"2,5";"40,0";"7,0";"111,70";"0,0"
"01/01/2026";"2300";"23,7";"24,8";"23,7";"81,0";"81,0";"76,0";"20,2";"20,4";"20,2";"943,2";"943,2";"942,7";"1,8";"65,0";"5,0";"";"0,0"
"02/01/2026";"0000";"24,1";"24,2";"23,7";"79,0";"81,0";"79,0";"20,2";"20,3";"20,0";"943,4";"943,4";"943,0";"1,0";"104,0";"3,8";"";"0,0"
"02/01/2026";"0100";"23,7";"24,1";"23,5";"81,0";"84,0";"79,0";"20,3";"20,6";"20,0";"943,9";"943,9";"943,3";"1,4";"45,0";"2,6";"";"0,0"
"02/01/2026";"0200";"23,1";"23,9";"23,1";"86,0";"86,0";"81,0";"20,7";"20,7";"20,2";"943,7";"944,1";"943,7";"0,8";"60,0";"2,8";"";"0,0"
"02/01/2026";"0300";"21,5";"24,4";"21,2";"91,0";"91,0";"75,0";"19,9";"20,8";"18,6";"944,3";"944,6";"943,4";"4,9";"221,0";"9,7";"1,30";"5,6"
"02/01/2026";"0400";"21,8";"22,1";"21,4";"89,0";"93,0";"87,0";"19,9";"20,3";"19,7";"943,6";"944,3";"943,6";"2,7";"214,0";"9,7";"";"2,4"
"02/01/2026";"0500";"21,8";"22,1";"21,8";"92,0";"92,0";"89,0";"20,4";"20,5";"19,9";"943,3";"944,0";"943,3";"0,8";"90,0";"4,6";"";"2,0"
"02/01/2026";"0600";"21,5";"21,8";"21,3";"93,0";"93,0";"92,0";"20,3";"20,3";"20,1";"942,6";"943,2";"942,5";"0,4";"264,0";"2,8";"";"0,8"
"02/01/2026";"0700";"21,6";"21,6";"21,4";"92,0";"93,0";"92,0";"20,3";"20,4";"20,2";"942,3";"942,6";"942,2";"0,6";"192,0";"1,9";"";"0,2"
"02/01/2026";"0800";"21,3";"21,6";"21,2";"94,0";"94,0";"92,0";"20,2";"20,4";"20,1";"942,2";"942,3";"942,1";"1,2";"61,0";"2,6";"";"0,2"
"02/01/2026";"0900";"21,4";"21,4";"21,2";"94,0";"94,0";"94,0";"20,4";"20,4";"20,1";"942,7";"942,7";"942,1";"1,1";"165,0";"2,3";"19,30";"0,0"
"02/01/2026";"1000";"22,3";"22,3";"21,4";"92,0";"94,0";"92,0";"21,0";"21,1";"20,3";"943,0";"943,0";"942,7";"0,5";"107,0";"2,0";"229,30";"0,0"
"02/01/2026";"1100";"24,8";"24,8";"22,3";"80,0";"92,0";"79,0";"21,2";"21,6";"20,7";"943,0";"943,2";"942,9";"1,0";"15,0";"2,3";"1117,50";"0,0"
"02/01/2026";"1200";"27,4";"27,9";"24,6";"67,0";"80,0";"66,0";"20,7";"21,5";"20,0";"942,9";"943,1";"942,9";"0,8";"342,0";"2,3";"2122,50";"0,0"
"02/01/2026";"1300";"28,2";"28,2";"27,0";"62,0";"70,0";"58,0";"20,2";"21,4";"19,2";"942,8";"942,9";"942,8";"1,5";"333,0";"4,8";"2957,90";"0,2"
"02/01/2026";"1400";"29,8";"29,9";"28,2";"52,0";"64,0";"52,0";"18,9";"21,1";"18,3";"942,5";"942,8";"942,5";"3,0";"264,0";"6,0";"3866,40";"0,0"
"02/01/2026";"1500";"29,8";"30,5";"29,1";"59,0";"59,0";"52,0";"20,8";"21,1";"18,8";"941,9";"942,5";"941,9";"3,0";"239,0";"7,3";"3089,00";"0,0"
"02/01/2026";"1600";"29,4";"31,8";"29,4";"56,0";"59,0";"46,0";"19,7";"20,8";"18,2";"941,0";"941,9";"941,0";"3,7";"230,0";"7,9";"2729,70";"0,0"
"02/01/2026";"1700";"30,5";"30,5";"26,2";"53,0";"73,0";"52,0";"19,9";"22,0";"18,9";"940,0";"941,0";"940,0";"2,5";"312,0";"7,5";"1850,80";"0,0"
"02/01/2026";"1800";"30,3";"31,8";"30,3";"51,0";"53,0";"48,0";"19,1";"20,5";"18,5";"939,4";"940,0";"939,4";"3,5";"230,0";"8,0";"2485,50";"0,0"
"02/01/2026";"1900";"27,2";"30,9";"27,2";"64,0";"64,0";"48,0";"19,7";"21,0";"18,3";"939,2";"939,4";"938,9";"3,8";"349,0";"8,8";"1417,40";"0,0"
"02/01/2026";"2000";"24,2";"27,8";"24,0";"86,0";"86,0";"64,0";"21,7";"21,7";"19,9";"939,7";"939,7";"939,0";"1,6";"320,0";"8,8";"384,40";"4,4"
"02/01/2026";"2100";"23,8";"24,2";"23,3";"88,0";"89,0";"86,0";"21,7";"21,8";"21,1";"940,1";"940,1";"939,4";"0,8";"132,0";"5,8";"154,50";"3,0"
"02/01/2026";"2200";"24,0";"24,0";"23,7";"84,0";"88,0";"84,0";"21,1";"21,7";"21,1";"940,8";"940,9";"940,1";"2,4";"198,0";"4,7";"36,40";"0,0"
"02/01/2026";"2300";"23,3";"24,0";"23,3";"85,0";"87,0";"81,0";"20,7";"21,0";"20,3";"941,6";"941,6";"940,8";"1,4";"203,0";"4,8";"4,50";"0,0"
"03/01/2026";"0000";"22,9";"23,4";"22,7";"90,0";"90,0";"85,0";"21,1";"21,1";"20,6";"941,5";"941,6";"941,4";"1,1";"274,0";"2,8";"";"0,2"
"03/01/2026";"0100";"22,6";"23,1";"22,6";"89,0";"90,0";"87,0";"20,8";"21,1";"20,7";"942,0";"942,1";"941,5";"0,7";"5,0";"1,9";"0,30";"0,0"
"03/01/2026";"0200";"22,5";"22,7";"22,4";"92,0";"92,0";"89,0";"21,0";"21,0";"20,9";"942,1";"942,1";"941,9";"0,4";"351,0";"2,0";"";"0,0"
"03/01/2026";"0300";"22,1";"22,5";"22,0";"92,0";"92,0";"91,0";"20,7";"21,1";"20,6";"942,1";"942,2";"942,0";"1,2";"216,0";"1,8";"";"0,2"
"03/01/2026";"0400";"22,3";"22,4";"22,1";"92,0";"92,0";"92,0";"21,0";"21,1";"20,8";"941,7";"942,1";"941,7";"0,8";"201,0";"1,8";"";"0,0"
"03/01/2026";"0500";"22,2";"22,6";"22,2";"92,0";"92,0";"91,0";"20,8";"21,2";"20,8";"941,2";"941,8";"941,2";"0,4";"80,0";"1,5";"";"0,0"
"03/01/2026";"0600";"22,1";"22,2";"22,1";"92,0";"92,0";"92,0";"20,7";"20,9";"20,7";"941,0";"941,4";"941,0";"0,3";"205,0";"1,5";"";"0,0"
"03/01/2026";"0700";"21,8";"22,2";"21,6";"93,0";"93,0";"92,0";"20,6";"20,8";"20,4";"941,2";"941,2";"940,8";"0,4";"119,0";"2,2";"";"0,2"
"03/01/2026";"0800";"22,0";"22,0";"21,6";"93,0";"93,0";"93,0";"20,8";"20,8";"20,4";"941,8";"941,8";"941,2";"0,5";"49,0";"1,9";"";"0,0"
"03/01/2026";"0900";"21,9";"22,0";"21,7";"94,0";"94,0";"93,0";"20,8";"20,9";"20,5";"942,1";"942,1";"941,8";"0,7";"19,0";"2,3";"38,80";"0,0"
"03/01/2026";"1000";"23,0";"23,0";"21,8";"92,0";"94,0";"92,0";"21,6";"21,6";"20,8";"942,3";"942,3";"942,0";"1,0";"165,0";"1,5";"362,60";"0,0"
"03/01/2026";"1100";"24,8";"25,7";"23,0";"80,0";"92,0";"79,0";"21,1";"22,9";"21,0";"942,6";"942,6";"942,3";"1,2";"92,0";"2,5";"1100,40";"0,0"
"03/01/2026";"1200";"25,7";"26,6";"24,7";"74,0";"81,0";"71,0";"20,7";"22,0";"20,3";"942,9";"943,0";"942,6";"1,2";"226,0";"3,3";"1523,80";"0,0"
"03/01/2026";"1300";"28,3";"28,4";"25,7";"63,0";"75,0";"63,0";"20,5";"22,1";"20,0";"942,4";"942,9";"942,4";"1,0";"99,0";"3,8";"3045,50";"0,0"
"03/01/2026";"1400";"29,8";"29,9";"28,3";"56,0";"64,0";"56,0";"20,1";"21,2";"19,3";"942,1";"942,4";"942,1";"1,2";"158,0";"4,8";"3278,10";"0,0"
"03/01/2026";"1500";"29,3";"30,2";"28,6";"56,0";"61,0";"53,0";"19,5";"21,2";"19,1";"941,6";"942,2";"941,6";"2,2";"287,0";"4,7";"2118,60";"0,0"
"03/01/2026";"1600";"30,6";"30,6";"27,8";"54,0";"68,0";"53,0";"20,4";"22,6";"19,6";"941,2";"941,7";"941,2";"1,4";"296,0";"6,3";"2855,50";"0,0"
"03/01/2026";"1700";"30,5";"31,6";"30,3";"50,0";"56,0";"48,0";"18,8";"21,3";"18,3";"940,6";"941,2";"940,6";"1,3";"317,0";"5,1";"2031,10";"0,0"
"03/01/2026";"1800";"30,4";"30,6";"27,4";"52,0";"65,0";"49,0";"19,3";"21,4";"18,8";"940,4";"940,7";"940,4";"1,8";"302,0";"7,6";"1903,10";"0,0"
"03/01/2026";"1900";"31,1";"31,7";"29,6";"49,0";"56,0";"49,0";"19,2";"20,5";"18,8";"939,7";"940,4";"939,7";"2,6";"305,0";"7,5";"2654,40";"0,0"
"03/01/2026";"2000";"30,5";"32,1";"30,5";"45,0";"49,0";"41,0";"17,1";"19,1";"17,1";"939,5";"939,7";"939,3";"5,2";"224,0";"8,8";"1520,40";"0,0"
"03/01/2026";"2100";"29,7";"31,0";"29,7";"49,0";"49,0";"44,0";"17,8";"17,9";"16,9";"939,8";"939,8";"939,5";"4,4";"222,0";"8,8";"637,10";"0,0"
"03/01/2026";"2200";"27,3";"29,7";"27,3";"55,0";"57,0";"49,0";"17,6";"18,6";"17,6";"941,7";"941,7";"939,8";"5,0";"192,0";"7,4";"79,80";"0,0"
"03/01/2026";"2300";"24,7";"27,3";"24,5";"61,0";"64,0";"50,0";"16,6";"17,3";"15,5";"942,7";"942,8";"941,7";"1,7";"241,0";"9,4";"";"0,0"
"04/01/2026";"0000";"23,5";"24,7";"23,3";"71,0";"72,0";"61,0";"17,8";"18,3";"16,5";"942,9";"943,0";"942,7";"1,2";"332,0";"2,6";"";"0,0"
"04/01/2026";"0100";"21,5";"23,5";"21,5";"83,0";"83,0";"69,0";"18,4";"18,5";"17,5";"943,6";"943,6";"942,8";"0,5";"62,0";"1,8";"";"0,0"
"04/01/2026";"0200";"21,3";"21,5";"20,3";"85,0";"88,0";"83,0";"18,6";"18,7";"18,0";"944,0";"944,2";"943,6";"1,2";"70,0";"5,1";"";"0,0"
"04/01/2026";"0300";"21,1";"21,5";"21,0";"87,0";"87,0";"83,0";"18,8";"19,0";"18,4";"943,9";"944,1";"943,9";"0,3";"201,0";"2,0";"";"0,0"
"04/01/2026";"0400";"20,2";"21,2";"20,2";"89,0";"89,0";"87,0";"18,3";"19,2";"18,2";"943,9";"944,1";"943,8";"0,8";"216,0";"2,0";"";"0,0"
"04/01/2026";"0500";"19,9";"20,4";"19,7";"91,0";"91,0";"89,0";"18,3";"18,7";"18,1";"943,9";"944,1";"943,8";"0,7";"285,0";"2,7";"";"0,0"
"04/01/2026";"0600";"19,3";"19,9";"19,0";"92,0";"93,0";"90,0";"18,0";"18,3";"17,5";"943,5";"943,9";"943,5";"0,6";"267,0";"1,8";"";"0,0"
"04/01/2026";"0700";"19,1";"19,6";"19,0";"93,0";"93,0";"92,0";"18,0";"18,4";"17,6";"943,1";"943,5";"943,1";"0,4";"266,0";"1,6";"";"0,0"
"04/01/2026";"0800";"20,0";"20,0";"18,9";"93,0";"93,0";"92,0";"18,9";"18,9";"17,6";"944,2";"944,2";"943,1";"1,4";"224,0";"2,9";"";"0,0"
"04/01/2026";"0900";"20,6";"20,6";"20,0";"91,0";"93,0";"91,0";"19,1";"19,2";"18,6";"945,1";"945,1";"944,2";"1,1";"222,0";"3,3";"56,20";"0,0"
"04/01/2026";"1000";"21,6";"21,6";"20,5";"89,0";"91,0";"89,0";"19,7";"19,7";"18,7";"945,5";"945,5";"945,1";"0,7";"77,0";"2,4";"424,00";"0,0"
"04/01/2026";"1100";"23,8";"23,9";"21,5";"78,0";"89,0";"78,0";"19,7";"20,3";"19,2";"945,7";"945,8";"945,4";"1,2";"230,0";"3,2";"1365,80";"0,0"
"04/01/2026";"1200";"24,8";"25,3";"23,0";"70,0";"79,0";"69,0";"18,9";"19,9";"18,8";"946,1";"946,1";"945,7";"1,8";"209,0";"4,0";"1752,70";"0,0"
"04/01/2026";"1300";"26,2";"26,4";"24,7";"64,0";"72,0";"63,0";"18,8";"19,8";"18,1";"946,3";"946,4";"946,1";"1,3";"261,0";"3,7";"2450,30";"0,0"
"04/01/2026";"1400";"27,7";"28,9";"26,2";"51,0";"64,0";"48,0";"16,8";"18,8";"16,4";"946,1";"946,4";"946,0";"1,8";"200,0";"4,4";"3591,60";"0,0"
"04/01/2026";"1500";"28,9";"29,5";"27,7";"50,0";"53,0";"42,0";"17,4";"17,9";"14,8";"945,5";"946,1";"945,5";"1,2";"323,0";"5,3";"3837,60";"0,0"
"04/01/2026";"1600";"29,3";"30,4";"28,9";"41,0";"50,0";"37,0";"14,5";"16,9";"13,6";"944,8";"945,5";"944,8";"2,6";"339,0";"4,6";"3744,20";"0,0"
"04/01/2026";"1700";"28,2";"31,1";"27,4";"58,0";"59,0";"35,0";"19,1";"19,8";"13,5";"944,8";"945,0";"944,7";"5,8";"159,0";"11,1";"2902,10";"0,0"
"04/01/2026";"1800";"26,3";"29,1";"26,2";"63,0";"63,0";"55,0";"18,6";"20,0";"18,2";"944,9";"944,9";"944,7";"5,8";"165,0";"10,2";"1853,80";"0,0"
"04/01/2026";"1900";"25,3";"26,9";"25,2";"62,0";"63,0";"60,0";"17,4";"19,0";"17,3";"944,9";"945,0";"944,7";"5,6";"167,0";"10,2";"1576,40";"0,0"
"04/01/2026";"2000";"24,2";"25,7";"24,0";"64,0";"64,0";"60,0";"16,9";"17,8";"16,6";"945,4";"945,5";"944,9";"4,9";"175,0";"10,5";"1379,20";"0,0"
"04/01/2026";"2100";"23,4";"24,5";"23,4";"66,0";"66,0";"63,0";"16,7";"17,2";"16,5";"946,1";"946,1";"945,4";"4,3";"169,0";"8,9";"795,30";"0,0"
"04/01/2026";"2200";"22,1";"23,4";"22,1";"69,0";"70,0";"66,0";"16,2";"16,7";"16,1";"947,1";"947,2";"946,1";"2,5";"165,0";"9,6";"64,90";"0,0"
"04/01/2026";"2300";"21,5";"22,1";"21,5";"71,0";"71,0";"69,0";"16,0";"16,3";"15,9";"947,8";"947,8";"947,1";"4,5";"155,0";"7,3";"";"0,0"
"05/01/2026";"0000";"21,3";"21,5";"21,2";"71,0";"72,0";"71,0";"15,8";"16,1";"15,8";"948,7";"948,7";"947,8";"4,9";"153,0";"8,3";"";"0,0"
"05/01/2026";"0100";"21,0";"21,3";"21,0";"73,0";"73,0";"71,0";"15,9";"15,9";"15,8";"949,2";"949,2";"948,7";"4,8";"152,0";"8,3";"";"0,0"
"05/01/2026";"0200";"20,7";"21,0";"20,7";"74,0";"74,0";"72,0";"15,9";"16,0";"15,8";"949,2";"949,4";"949,2";"3,1";"152,0";"7,8";"";"0,0"
"05/01/2026";"0300";"20,4";"20,7";"20,4";"73,0";"74,0";"73,0";"15,4";"16,0";"15,4";"948,9";"949,3";"948,9";"5,1";"156,0";"7,5";"";"0,0"
"05/01/2026";"0400";"20,3";"20,4";"20,3";"74,0";"74,0";"73,0";"15,4";"15,5";"15,4";"948,7";"948,9";"948,7";"4,1";"164,0";"7,4";"";"0,0"
"05/01/2026";"0500";"20,2";"20,3";"20,2";"74,0";"75,0";"73,0";"15,4";"15,6";"15,4";"948,5";"948,7";"948,5";"3,8";"156,0";"6,4";"";"0,0"
"05/01/2026";"0600";"20,0";"20,2";"19,9";"76,0";"76,0";"74,0";"15,5";"15,5";"15,4";"948,5";"948,6";"948,4";"2,5";"151,0";"6,4";"";"0,0"
"05/01/2026";"0700";"19,7";"20,0";"19,7";"76,0";"76,0";"75,0";"15,4";"15,5";"15,3";"948,4";"948,5";"948,4";"2,7";"151,0";"4,6";"";"0,0"
"05/01/2026";"0800";"19,7";"19,8";"19,6";"78,0";"78,0";"76,0";"15,6";"15,6";"15,4";"948,7";"948,7";"948,4";"2,8";"155,0";"5,1";"";"0,0"
"05/01/2026";"0900";"19,7";"19,8";"19,6";"78,0";"79,0";"77,0";"15,9";"15,9";"15,5";"949,4";"949,4";"948,7";"0,8";"147,0";"4,9";"17,00";"0,0"
"05/01/2026";"1000";"20,3";"20,3";"19,7";"76,0";"79,0";"76,0";"15,9";"16,1";"15,6";"949,9";"949,9";"949,4";"1,3";"136,0";"2,7";"214,30";"0,0"
"05/01/2026";"1100";"21,3";"21,5";"20,3";"70,0";"76,0";"70,0";"15,7";"16,4";"15,7";"950,2";"950,2";"949,9";"2,6";"151,0";"4,6";"630,00";"0,0"
"05/01/2026";"1200";"22,4";"23,2";"21,2";"67,0";"72,0";"64,0";"15,8";"16,7";"15,5";"950,4";"950,4";"950,1";"1,7";"47,0";"4,8";"1458,10";"0,0"
"05/01/2026";"1300";"22,4";"22,5";"22,1";"68,0";"70,0";"65,0";"16,1";"16,6";"15,6";"950,5";"950,5";"950,4";"1,7";"18,0";"3,1";"645,90";"0,0"
"05/01/2026";"1400";"23,2";"23,4";"22,3";"66,0";"70,0";"65,0";"16,4";"16,9";"16,0";"950,2";"950,5";"950,2";"0,9";"92,0";"2,9";"820,40";"0,0"
"05/01/2026";"1500";"22,6";"23,3";"22,6";"67,0";"68,0";"64,0";"16,2";"16,8";"15,9";"950,0";"950,2";"950,0";"2,5";"161,0";"4,4";"649,90";"0,0"
"05/01/2026";"1600";"23,6";"23,7";"22,2";"65,0";"69,0";"64,0";"16,6";"17,2";"15,9";"949,6";"950,0";"949,6";"3,0";"129,0";"6,0";"1013,50";"0,0"
"05/01/2026";"1700";"24,2";"24,7";"23,3";"61,0";"66,0";"60,0";"16,2";"16,7";"15,6";"948,8";"949,6";"948,8";"3,8";"155,0";"7,8";"1600,20";"0,0"
"05/01/2026";"1800";"23,1";"24,4";"23,0";"65,0";"66,0";"59,0";"16,2";"16,5";"15,6";"948,6";"948,9";"948,5";"5,0";"162,0";"8,4";"938,60";"0,0"
"05/01/2026";"1900";"21,5";"23,1";"21,5";"67,0";"68,0";"64,0";"15,1";"16,2";"15,0";"948,9";"948,9";"948,5";"4,8";"157,0";"10,4";"633,80";"0,0"
"05/01/2026";"2000";"20,8";"21,5";"20,8";"68,0";"69,0";"67,0";"14,7";"15,3";"14,7";"948,9";"948,9";"948,6";"3,8";"145,0";"9,2";"308,00";"0,0"
"05/01/2026";"2100";"20,1";"20,8";"20,1";"69,0";"70,0";"68,0";"14,3";"14,9";"14,3";"949,7";"949,7";"948,9";"4,3";"149,0";"8,1";"234,70";"0,0"
"05/01/2026";"2200";"20,1";"20,1";"19,9";"69,0";"70,0";"69,0";"14,3";"14,4";"14,1";"950,5";"950,5";"949,7";"3,9";"146,0";"7,6";"54,50";"0,0"
"05/01/2026";"2300";"20,6";"20,6";"19,9";"66,0";"70,0";"66,0";"14,0";"14,3";"14,0";"950,9";"950,9";"950,4";"2,1";"116,0";"6,4";"";"0,0"
"06/01/2026";"0000";"19,4";"20,7";"19,4";"81,0";"81,0";"65,0";"16,1";"16,1";"13,9";"951,7";"951,7";"950,9";"2,8";"46,0";"6,3";"";"0,0"
"06/01/2026";"0100";"18,7";"19,4";"18,6";"85,0";"85,0";"81,0";"16,0";"16,1";"15,9";"952,3";"952,3";"951,6";"2,9";"57,0";"5,4";"";"0,0"
"06/01/2026";"0200";"18,5";"19,1";"18,4";"84,0";"86,0";"82,0";"15,8";"16,2";"15,7";"952,2";"952,3";"952,2";"3,1";"53,0";"5,2";"";"0,0"
"06/01/2026";"0300";"18,7";"18,7";"18,2";"83,0";"86,0";"83,0";"15,9";"16,0";"15,7";"951,7";"952,2";"951,6";"2,7";"51,0";"4,0";"";"0,0"
"06/01/2026";"0400";"18,6";"19,0";"18,6";"80,0";"83,0";"80,0";"15,1";"15,9";"15,1";"951,2";"951,7";"951,1";"4,2";"52,0";"6,4";"";"0,0"
"06/01/2026";"0500";"17,9";"18,6";"17,9";"80,0";"82,0";"79,0";"14,4";"15,2";"14,4";"951,0";"951,2";"950,9";"3,3";"55,0";"6,4";"";"0,0"
"06/01/2026";"0600";"18,1";"18,3";"17,9";"80,0";"81,0";"79,0";"14,6";"14,7";"14,4";"950,9";"951,0";"950,8";"3,6";"46,0";"7,2";"";"0,0"
"06/01/2026";"0700";"18,1";"18,1";"18,0";"80,0";"80,0";"80,0";"14,6";"14,6";"14,5";"950,8";"951,0";"950,8";"4,3";"51,0";"6,5";"";"0,0"
"06/01/2026";"0800";"18,1";"18,1";"18,0";"80,0";"81,0";"80,0";"14,6";"14,7";"14,5";"950,9";"950,9";"950,7";"3,0";"55,0";"6,5";"";"0,0"
"06/01/2026";"0900";"18,2";"18,2";"18,0";"79,0";"81,0";"79,0";"14,6";"14,8";"14,6";"951,3";"951,3";"950,9";"3,2";"64,0";"4,8";"22,20";"0,0"
"06/01/2026";"1000";"18,8";"18,8";"18,2";"76,0";"79,0";"76,0";"14,5";"14,6";"14,2";"951,7";"951,7";"951,3";"3,8";"58,0";"6,1";"176,60";"0,0"
"06/01/2026";"1100";"19,8";"19,8";"18,8";"72,0";"76,0";"72,0";"14,7";"14,9";"14,3";"952,1";"952,1";"951,7";"6,0";"46,0";"8,5";"640,00";"0,0"
"06/01/2026";"1200";"21,1";"21,1";"19,8";"70,0";"73,0";"68,0";"15,5";"15,5";"14,4";"952,5";"952,5";"952,1";"5,6";"37,0";"9,9";"1749,80";"0,0"
"06/01/2026";"1300";"22,1";"22,8";"20,8";"63,0";"70,0";"62,0";"14,8";"15,7";"14,4";"952,5";"952,6";"952,4";"6,6";"63,0";"10,3";"2682,90";"0,0"
"06/01/2026";"1400";"23,7";"23,8";"21,9";"59,0";"66,0";"59,0";"15,3";"15,9";"14,7";"951,8";"952,5";"951,8";"5,4";"34,0";"9,9";"3036,20";"0,0"
"06/01/2026";"1500";"25,0";"25,0";"23,2";"56,0";"62,0";"55,0";"15,7";"16,4";"14,4";"951,0";"951,8";"951,0";"5,0";"56,0";"10,1";"3885,20";"0,0"
"06/01/2026";"1600";"26,2";"26,2";"24,3";"53,0";"58,0";"52,0";"16,0";"16,5";"14,9";"950,3";"951,1";"950,3";"5,2";"29,0";"8,6";"3930,80";"0,0"
"06/01/2026";"1700";"27,1";"27,5";"25,9";"51,0";"56,0";"48,0";"16,1";"16,9";"14,9";"949,5";"950,3";"949,5";"4,2";"36,0";"8,5";"3687,10";"0,0"
"06/01/2026";"1800";"27,5";"27,7";"26,3";"51,0";"53,0";"48,0";"16,6";"16,8";"15,2";"948,9";"949,6";"948,9";"5,3";"24,0";"8,6";"3122,10";"0,0"
"06/01/2026";"1900";"27,5";"27,9";"26,8";"50,0";"53,0";"48,0";"16,3";"16,9";"15,4";"948,2";"948,9";"948,2";"5,2";"35,0";"10,0";"2498,50";"0,0"
"06/01/2026";"2000";"25,8";"27,6";"25,6";"56,0";"56,0";"50,0";"16,3";"16,7";"15,5";"948,2";"948,2";"948,1";"5,4";"28,0";"10,3";"1264,50";"0,0"
"06/01/2026";"2100";"24,7";"26,1";"24,6";"59,0";"60,0";"54,0";"16,1";"16,5";"15,9";"948,7";"948,7";"948,2";"6,4";"33,0";"10,3";"615,50";"0,0"
"06/01/2026";"2200";"23,7";"24,7";"23,6";"63,0";"63,0";"58,0";"16,1";"16,2";"15,9";"949,3";"949,4";"948,7";"4,8";"44,0";"10,0";"124,40";"0,0"
"06/01/2026";"2300";"22,7";"23,7";"22,6";"65,0";"66,0";"62,0";"15,9";"16,1";"15,7";"950,1";"950,1";"949,3";"4,9";"48,0";"8,6";"";"0,0"
"07/01/2026";"0000";"21,5";"22,7";"21,5";"70,0";"70,0";"65,0";"15,7";"15,9";"15,7";"950,7";"950,7";"950,1";"3,6";"63,0";"8,1";"";"0,0"
"07/01/2026";"0100";"21,0";"21,5";"20,5";"72,0";"75,0";"70,0";"15,8";"16,0";"15,7";"951,3";"951,3";"950,7";"2,8";"76,0";"5,2";"";"0,0"
"07/01/2026";"0200";"20,3";"21,0";"20,2";"76,0";"76,0";"72,0";"16,0";"16,1";"15,8";"951,4";"951,5";"951,3";"2,0";"40,0";"4,7";"";"0,0"
"07/01/2026";"0300";"19,7";"20,6";"19,7";"79,0";"80,0";"75,0";"16,0";"16,2";"15,8";"950,9";"951,4";"950,9";"1,7";"54,0";"3,7";"";"0,0"
"07/01/2026";"0400";"19,3";"19,7";"19,1";"81,0";"83,0";"79,0";"16,1";"16,2";"15,9";"950,2";"950,9";"950,2";"1,2";"85,0";"3,2";"";"0,0"
"07/01/2026";"0500";"18,9";"19,4";"18,6";"84,0";"85,0";"81,0";"16,2";"16,2";"15,8";"949,8";"950,2";"949,8";"0,9";"341,0";"2,4";"";"0,0"
"07/01/2026";"0600";"18,4";"18,9";"18,4";"87,0";"87,0";"84,0";"16,2";"16,4";"16,1";"949,6";"949,8";"949,6";"0,5";"357,0";"1,8";"";"0,0"
"07/01/2026";"0700";"18,0";"18,5";"18,0";"88,0";"88,0";"87,0";"16,0";"16,3";"15,9";"950,0";"950,0";"949,5";"0,5";"334,0";"1,6";"";"0,0"
"07/01/2026";"0800";"17,5";"18,0";"17,5";"91,0";"91,0";"88,0";"16,1";"16,2";"15,7";"950,2";"950,2";"949,9";"0,3";"65,0";"1,5";"";"0,0"
"07/01/2026";"0900";"17,7";"17,7";"17,4";"91,0";"92,0";"91,0";"16,3";"16,3";"16,0";"950,7";"950,7";"950,2";"0,3";"189,0";"1,2";"36,60";"0,0"
"07/01/2026";"1000";"19,1";"19,1";"17,7";"87,0";"92,0";"87,0";"16,8";"17,0";"16,2";"951,3";"951,3";"950,7";"0,5";"232,0";"1,2";"275,40";"0,0"
"07/01/2026";"1100";"21,1";"21,2";"19,1";"77,0";"87,0";"76,0";"16,9";"17,3";"16,7";"951,6";"951,6";"951,3";"0,6";"61,0";"2,1";"690,70";"0,0"
"07/01/2026";"1200";"21,2";"21,6";"20,3";"76,0";"79,0";"75,0";"16,8";"17,3";"16,3";"952,1";"952,1";"951,6";"1,2";"81,0";"2,8";"1042,30";"0,0"
"07/01/2026";"1300";"23,9";"23,9";"21,2";"70,0";"78,0";"68,0";"18,2";"18,2";"16,9";"951,7";"952,1";"951,7";"1,2";"46,0";"2,9";"1869,60";"0,0"
"07/01/2026";"1400";"26,5";"27,0";"23,9";"59,0";"71,0";"57,0";"17,8";"18,7";"17,1";"951,1";"951,7";"951,1";"1,6";"78,0";"3,6";"2983,70";"0,0"
"07/01/2026";"1500";"27,3";"28,1";"26,2";"50,0";"61,0";"50,0";"16,1";"18,4";"16,1";"950,6";"951,1";"950,6";"2,7";"11,0";"5,9";"2423,70";"0,0"
"07/01/2026";"1600";"27,7";"28,6";"27,3";"52,0";"53,0";"47,0";"17,0";"17,7";"16,0";"950,1";"950,6";"950,1";"2,3";"30,0";"5,1";"1811,80";"0,0"
"07/01/2026";"1700";"28,1";"28,1";"27,7";"51,0";"54,0";"49,0";"16,9";"17,7";"16,2";"949,6";"950,1";"949,6";"2,6";"5,0";"5,1";"1288,70";"0,0"
"07/01/2026";"1800";"28,3";"29,1";"28,0";"50,0";"51,0";"46,0";"17,1";"17,4";"16,2";"949,1";"949,6";"949,1";"1,8";"354,0";"4,1";"1768,00";"0,0"
"07/01/2026";"1900";"28,0";"28,5";"27,9";"52,0";"53,0";"49,0";"17,3";"17,5";"16,4";"948,4";"949,1";"948,4";"1,9";"17,0";"3,6";"910,80";"0,0"
"07/01/2026";"2000";"26,2";"28,4";"26,2";"59,0";"60,0";"50,0";"17,5";"18,2";"16,9";"948,4";"948,4";"948,3";"4,7";"40,0";"8,4";"722,20";"0,0"
"07/01/2026";"2100";"25,5";"26,2";"25,5";"62,0";"63,0";"58,0";"17,8";"18,1";"17,4";"948,6";"948,6";"948,4";"3,8";"39,0";"7,8";"326,40";"0,0"
"07/01/2026";"2200";"24,4";"25,5";"24,3";"64,0";"64,0";"61,0";"17,2";"17,7";"17,1";"949,2";"949,3";"948,5";"3,5";"42,0";"6,3";"67,60";"0,0"
"07/01/2026";"2300";"23,0";"24,4";"23,0";"72,0";"72,0";"64,0";"17,7";"17,8";"17,2";"949,7";"949,7";"949,2";"2,8";"49,0";"5,3";"";"0,0"
"08/01/2026";"0000";"22,5";"23,3";"22,4";"74,0";"74,0";"71,0";"17,7";"18,0";"17,5";"949,9";"950,0";"949,6";"1,4";"46,0";"3,9";"";"0,0"
"08/01/2026";"0100";"22,4";"23,0";"22,3";"76,0";"76,0";"73,0";"18,0";"18,3";"17,6";"950,6";"950,6";"949,8";"0,8";"17,0";"2,5";"";"0,0"
"08/01/2026";"0200";"21,3";"22,4";"21,0";"82,0";"83,0";"76,0";"18,2";"18,4";"17,8";"951,0";"951,1";"950,6";"0,6";"269,0";"2,9";"";"0,0"
"08/01/2026";"0300";"20,3";"21,3";"20,3";"87,0";"87,0";"82,0";"18,0";"18,3";"17,9";"950,9";"951,0";"950,8";"0,4";"273,0";"1,6";"";"0,0"
"08/01/2026";"0400";"";"";"";"";"";"";"";"";"";"";"";"";"";"";"";"";""
"08/01/2026";"0500";"20,1";"20,4";"19,8";"88,0";"90,0";"87,0";"18,1";"18,6";"17,9";"950,3";"950,7";"950,3";"0,5";"11,0";"1,9";"";"0,0"
"08/01/2026";"0600";"19,9";"20,1";"19,7";"89,0";"90,0";"88,0";"18,1";"18,2";"18,0";"949,9";"950,4";"949,9";"0,5";"267,0";"1,5";"";"0,0"
"08/01/2026";"0700";"19,5";"19,9";"19,3";"91,0";"91,0";"89,0";"18,0";"18,1";"17,6";"949,8";"949,9";"949,7";"0,6";"218,0";"1,2";"";"0,0"
"08/01/2026";"0800";"19,3";"19,6";"18,8";"91,0";"91,0";"90,0";"17,8";"18,1";"17,2";"950,0";"950,1";"949,7";"0,8";"140,0";"1,5";"";"0,0"
"08/01/2026";"0900";"19,6";"19,6";"19,0";"90,0";"91,0";"90,0";"18,0";"18,0";"17,3";"950,4";"950,4";"950,0";"1,1";"123,0";"1,8";"36,30";"0,0"
"08/01/2026";"1000";"20,9";"20,9";"19,1";"88,0";"91,0";"87,0";"18,7";"18,7";"17,4";"950,8";"950,8";"950,4";"0,4";"31,0";"1,9";"269,80";"0,0"
"08/01/2026";"1100";"24,6";"24,6";"20,9";"72,0";"88,0";"70,0";"19,1";"19,9";"18,0";"951,3";"951,4";"950,8";"1,3";"55,0";"2,6";"1307,30";"0,0"
"08/01/2026";"1200";"24,7";"25,3";"23,3";"69,0";"74,0";"66,0";"18,6";"19,5";"17,9";"951,3";"951,4";"951,2";"2,6";"56,0";"4,8";"1852,70";"0,0"
"08/01/2026";"1300";"27,0";"27,1";"24,4";"58,0";"70,0";"57,0";"18,2";"19,5";"17,6";"951,1";"951,4";"951,0";"3,1";"35,0";"6,6";"3081,20";"0,0"
"08/01/2026";"1400";"28,3";"28,4";"26,6";"57,0";"60,0";"54,0";"18,9";"19,0";"17,4";"950,6";"951,1";"950,6";"3,3";"48,0";"6,1";"3561,10";"0,0"
"08/01/2026";"1500";"29,5";"30,2";"28,3";"47,0";"58,0";"45,0";"17,0";"19,7";"16,2";"949,9";"950,6";"949,9";"2,3";"3,0";"8,4";"3841,20";"0,0"
"08/01/2026";"1600";"29,7";"30,3";"29,4";"49,0";"51,0";"44,0";"17,9";"18,5";"16,4";"949,5";"949,9";"949,5";"4,6";"27,0";"8,4";"3041,60";"0,0"
"08/01/2026";"1700";"29,8";"30,6";"28,9";"53,0";"54,0";"46,0";"19,3";"19,3";"17,3";"949,0";"949,5";"949,0";"4,4";"34,0";"7,0";"2078,00";"0,0"
"08/01/2026";"1800";"27,3";"30,2";"27,3";"59,0";"59,0";"49,0";"18,6";"19,1";"17,5";"948,3";"949,1";"948,3";"4,0";"30,0";"7,0";"983,80";"0,0"
"08/01/2026";"1900";"26,9";"27,3";"26,9";"60,0";"61,0";"59,0";"18,5";"18,8";"18,2";"948,3";"948,5";"948,1";"4,0";"31,0";"6,8";"471,30";"0,0"
"08/01/2026";"2000";"26,3";"26,9";"26,3";"64,0";"64,0";"60,0";"19,0";"19,0";"18,4";"949,0";"949,0";"948,3";"1,3";"41,0";"6,0";"231,20";"0,0"
"08/01/2026";"2100";"26,5";"26,8";"26,3";"65,0";"66,0";"62,0";"19,2";"19,5";"18,8";"949,3";"949,3";"949,0";"0,7";"58,0";"3,2";"312,70";"0,0"
"08/01/2026";"2200";"25,1";"26,6";"25,1";"70,0";"70,0";"62,0";"19,2";"19,3";"18,7";"949,0";"949,3";"949,0";"1,2";"113,0";"2,6";"153,60";"0,0"
"08/01/2026";"2300";"23,4";"25,1";"23,3";"79,0";"80,0";"70,0";"19,5";"19,8";"19,1";"949,4";"949,4";"949,0";"0,8";"262,0";"2,0";"";"0,0"
"09/01/2026";"0000";"23,6";"23,9";"22,6";"78,0";"82,0";"76,0";"19,6";"19,8";"19,2";"950,4";"950,4";"949,3";"1,2";"272,0";"2,1";"";"0,0"
"09/01/2026";"0100";"23,0";"23,7";"22,9";"78,0";"81,0";"77,0";"19,0";"19,6";"18,9";"951,1";"951,1";"950,4";"1,6";"211,0";"3,0";"";"0,0"
"09/01/2026";"0200";"22,7";"23,1";"22,5";"82,0";"82,0";"78,0";"19,4";"19,5";"18,9";"951,3";"951,4";"951,1";"1,2";"217,0";"2,3";"";"0,0"
"09/01/2026";"0300";"21,5";"22,8";"21,5";"87,0";"87,0";"82,0";"19,2";"19,5";"19,1";"950,6";"951,3";"950,6";"0,4";"347,0";"1,5";"";"0,0"
"09/01/2026";"0400";"21,4";"21,9";"21,3";"88,0";"88,0";"84,0";"19,3";"19,4";"19,0";"950,3";"950,6";"950,3";"0,5";"277,0";"1,7";"";"0,0"
"09/01/2026";"0500";"21,0";"21,5";"21,0";"90,0";"90,0";"88,0";"19,2";"19,5";"19,1";"950,3";"950,5";"950,3";"0,4";"109,0";"1,6";"";"0,0"
"09/01/2026";"0600";"21,4";"21,6";"21,0";"87,0";"90,0";"84,0";"19,1";"19,7";"18,8";"950,4";"950,5";"950,3";"0,4";"289,0";"1,7";"";"0,0"
"09/01/2026";"0700";"21,3";"21,6";"21,2";"87,0";"88,0";"86,0";"19,0";"19,2";"18,9";"950,5";"950,5";"950,4";"2,0";"225,0";"2,7";"";"0,0"
"09/01/2026";"0800";"20,9";"21,5";"20,8";"90,0";"90,0";"86,0";"19,1";"19,2";"18,8";"950,5";"950,6";"950,3";"0,6";"44,0";"2,7";"";"0,0"
"09/01/2026";"0900";"20,3";"20,9";"19,7";"92,0";"92,0";"89,0";"19,0";"19,1";"18,3";"950,7";"950,8";"950,4";"1,1";"53,0";"1,9";"48,90";"0,0"
"09/01/2026";"1000";"23,3";"23,8";"20,3";"79,0";"92,0";"78,0";"19,4";"20,2";"19,0";"951,1";"951,1";"950,7";"0,5";"314,0";"1,9";"619,90";"0,0"
"09/01/2026";"1100";"24,8";"25,0";"23,3";"74,0";"80,0";"73,0";"19,8";"20,2";"19,2";"951,3";"951,3";"951,1";"1,7";"20,0";"3,0";"1470,30";"0,0"
"09/01/2026";"1200";"27,4";"27,4";"24,8";"64,0";"74,0";"64,0";"20,0";"20,6";"19,3";"951,1";"951,3";"951,1";"3,5";"32,0";"6,5";"2317,20";"0,0"
"09/01/2026";"1300";"29,0";"29,0";"27,1";"57,0";"65,0";"53,0";"19,5";"20,1";"18,2";"950,8";"951,2";"950,8";"3,0";"44,0";"6,1";"3029,20";"0,0"
"09/01/2026";"1400";"30,6";"31,1";"28,8";"45,0";"57,0";"45,0";"17,5";"19,8";"17,3";"950,2";"950,8";"950,2";"2,0";"338,0";"6,2";"3528,80";"0,0"
"09/01/2026";"1500";"32,2";"32,2";"30,5";"38,0";"47,0";"34,0";"16,1";"18,5";"14,3";"949,8";"950,3";"949,8";"1,9";"47,0";"6,7";"3821,20";"0,0"
"09/01/2026";"1600";"32,5";"33,3";"31,6";"38,0";"41,0";"33,0";"16,3";"17,1";"14,6";"949,1";"949,8";"949,1";"2,0";"45,0";"6,2";"3685,60";"0,0"
"09/01/2026";"1700";"32,4";"34,1";"32,3";"35,0";"39,0";"33,0";"14,9";"17,2";"14,7";"948,5";"949,1";"948,4";"2,1";"79,0";"6,3";"3341,10";"0,0"
"09/01/2026";"1800";"34,3";"34,3";"32,3";"32,0";"38,0";"30,0";"15,0";"16,6";"13,9";"948,0";"948,5";"947,8";"2,5";"60,0";"4,9";"2160,70";"0,0"
"09/01/2026";"1900";"30,8";"34,3";"30,8";"47,0";"47,0";"28,0";"18,2";"18,2";"13,3";"948,0";"948,0";"947,4";"3,2";"201,0";"5,9";"852,10";"0,0"
"09/01/2026";"2000";"28,8";"30,8";"28,2";"49,0";"51,0";"45,0";"17,0";"18,4";"16,1";"948,1";"948,2";"947,9";"3,5";"170,0";"10,5";"283,20";"0,0"
"09/01/2026";"2100";"28,5";"28,8";"28,5";"52,0";"53,0";"48,0";"17,6";"18,0";"16,9";"948,2";"948,2";"948,0";"3,4";"159,0";"7,1";"267,80";"0,0"
"09/01/2026";"2200";"27,2";"28,5";"27,2";"56,0";"56,0";"52,0";"17,8";"17,8";"17,4";"948,9";"948,9";"948,2";"1,9";"118,0";"7,8";"87,50";"0,0"
"09/01/2026";"2300";"26,2";"27,3";"26,2";"63,0";"63,0";"56,0";"18,6";"18,7";"17,8";"949,0";"949,1";"948,9";"3,2";"164,0";"4,9";"";"0,0"
"10/01/2026";"0000";"25,2";"26,2";"25,0";"67,0";"67,0";"63,0";"18,7";"18,7";"18,5";"949,5";"949,5";"949,0";"1,8";"175,0";"4,9";"";"0,0"
"10/01/2026";"0100";"23,9";"25,2";"23,9";"73,0";"73,0";"67,0";"18,7";"18,9";"18,6";"950,1";"950,1";"949,5";"0,7";"329,0";"4,1";"";"0,0"
"10/01/2026";"0200";"22,9";"24,0";"22,9";"77,0";"77,0";"73,0";"18,7";"19,0";"18,6";"950,0";"950,2";"950,0";"0,8";"46,0";"1,6";"";"0,0"
"10/01/2026";"0300";"21,5";"23,0";"21,5";"84,0";"84,0";"77,0";"18,7";"19,1";"18,5";"949,9";"950,1";"949,9";"0,5";"52,0";"1,7";"";"0,0"
"10/01/2026";"0400";"20,4";"21,6";"20,3";"88,0";"88,0";"84,0";"18,3";"19,0";"17,9";"949,4";"949,9";"949,4";"0,8";"310,0";"1,2";"";"0,0"
"10/01/2026";"0500";"20,4";"21,1";"20,4";"89,0";"89,0";"87,0";"18,4";"19,0";"18,3";"949,0";"949,4";"949,0";"0,4";"356,0";"1,3";"";"0,0"
"10/01/2026";"0600";"20,2";"20,5";"19,9";"89,0";"91,0";"89,0";"18,4";"18,8";"18,3";"948,6";"949,0";"948,6";"0,2";"44,0";"1,0";"";"0,0"
"10/01/2026";"0700";"19,3";"20,2";"19,2";"91,0";"92,0";"89,0";"17,8";"18,9";"17,5";"948,9";"948,9";"948,6";"0,5";"77,0";"1,7";"";"0,0"
"10/01/2026";"0800";"19,2";"19,9";"19,0";"91,0";"92,0";"89,0";"17,7";"18,3";"17,4";"949,2";"949,2";"948,9";"0,5";"24,0";"1,7";"";"0,0"
"10/01/2026";"0900";"19,6";"19,6";"18,7";"92,0";"93,0";"91,0";"18,3";"18,3";"17,2";"949,8";"949,8";"949,2";"0,6";"316,0";"1,5";"49,30";"0,0"
"10/01/2026";"1000";"24,2";"24,2";"19,6";"77,0";"92,0";"77,0";"20,0";"20,2";"18,2";"950,2";"950,2";"949,8";"0,5";"69,0";"1,3";"575,70";"0,0"
"10/01/2026";"1100";"25,8";"25,8";"24,2";"70,0";"77,0";"69,0";"19,9";"20,3";"19,2";"950,2";"950,3";"950,2";"4,8";"39,0";"6,9";"1452,20";"0,0"
"10/01/2026";"1200";"27,6";"27,9";"25,7";"61,0";"70,0";"60,0";"19,3";"20,1";"19,1";"950,4";"950,5";"950,2";"3,2";"35,0";"6,8";"2316,20";"0,0"
"10/01/2026";"1300";"29,4";"29,6";"27,5";"53,0";"62,0";"52,0";"18,8";"19,9";"18,5";"949,6";"950,4";"949,6";"3,3";"41,0";"6,7";"2989,70";"0,0"
"10/01/2026";"1400";"31,2";"31,2";"29,2";"47,0";"54,0";"46,0";"18,7";"19,3";"18,0";"948,8";"949,6";"948,8";"3,4";"40,0";"6,2";"3539,80";"0,0"
"10/01/2026";"1500";"32,3";"32,6";"30,7";"40,0";"48,0";"39,0";"17,1";"19,1";"16,3";"947,8";"948,8";"947,8";"3,1";"27,0";"7,3";"3833,90";"0,0"
"10/01/2026";"1600";"34,4";"34,4";"32,2";"34,0";"41,0";"30,0";"16,3";"17,4";"13,8";"946,9";"947,9";"946,9";"2,4";"42,0";"7,3";"3901,40";"0,0"
"10/01/2026";"1700";"34,8";"35,0";"33,5";"29,0";"34,0";"26,0";"14,3";"15,8";"12,2";"946,2";"947,0";"946,2";"2,8";"51,0";"6,5";"3731,30";"0,0"
"10/01/2026";"1800";"35,4";"35,5";"34,2";"22,0";"29,0";"22,0";"10,8";"14,4";"10,6";"945,3";"946,3";"945,3";"3,2";"14,0";"6,6";"3246,90";"0,0"
"10/01/2026";"1900";"35,1";"35,7";"34,7";"21,0";"25,0";"19,0";"9,2";"12,0";"8,4";"944,6";"945,3";"944,6";"2,7";"9,0";"7,4";"2576,80";"0,0"
"10/01/2026";"2000";"34,3";"35,4";"34,3";"24,0";"24,0";"19,0";"11,0";"11,0";"7,9";"944,0";"944,6";"944,0";"3,3";"26,0";"6,4";"1781,30";"0,0"
"10/01/2026";"2100";"33,2";"34,6";"32,8";"28,0";"29,0";"21,0";"12,4";"12,5";"9,0";"944,2";"944,2";"944,0";"3,8";"24,0";"6,0";"719,50";"0,0"
"10/01/2026";"2200";"31,2";"33,2";"31,2";"36,0";"36,0";"28,0";"14,3";"14,3";"11,9";"945,1";"945,1";"944,2";"1,8";"61,0";"6,0";"82,90";"0,0"
"10/01/2026";"2300";"29,8";"31,3";"29,8";"47,0";"48,0";"33,0";"17,4";"17,6";"13,2";"945,8";"945,8";"945,1";"2,9";"157,0";"4,2";"";"0,0"
"11/01/2026";"0000";"27,9";"30,0";"27,8";"57,0";"58,0";"46,0";"18,6";"18,9";"17,1";"946,6";"946,6";"945,8";"1,3";"69,0";"4,4";"";"0,0"
"11/01/2026";"0100";"27,0";"27,9";"26,9";"57,0";"61,0";"54,0";"17,8";"18,9";"17,3";"947,5";"947,5";"946,6";"1,6";"63,0";"4,1";"";"0,0"
"11/01/2026";"0200";"26,4";"27,8";"26,0";"57,0";"62,0";"53,0";"17,2";"18,4";"17,2";"947,8";"947,8";"947,5";"2,5";"59,0";"4,5";"";"0,0"
"11/01/2026";"0300";"24,6";"26,4";"24,1";"66,0";"67,0";"57,0";"17,7";"18,0";"17,1";"947,3";"947,8";"947,3";"1,5";"232,0";"4,3";"";"0,0"
"11/01/2026";"0400";"22,1";"24,6";"22,1";"78,0";"78,0";"66,0";"18,1";"18,7";"17,8";"947,1";"947,3";"947,0";"0,8";"89,0";"2,5";"";"0,0"
"11/01/2026";"0500";"21,4";"22,4";"21,4";"84,0";"84,0";"78,0";"18,6";"19,0";"18,2";"946,8";"947,1";"946,8";"1,2";"46,0";"2,3";"";"0,0"
"11/01/2026";"0600";"21,0";"21,4";"20,7";"86,0";"87,0";"84,0";"18,5";"18,8";"18,1";"946,5";"946,8";"946,4";"0,4";"329,0";"2,5";"";"0,0"
"11/01/2026";"0700";"20,5";"21,1";"20,4";"87,0";"88,0";"85,0";"18,2";"18,8";"17,9";"946,9";"946,9";"946,5";"0,6";"259,0";"1,4";"";"0,0"
"11/01/2026";"0800";"19,4";"20,5";"19,4";"91,0";"91,0";"87,0";"17,8";"18,3";"17,6";"947,3";"947,3";"946,9";"0,5";"54,0";"1,6";"";"0,0"
"11/01/2026";"0900";"20,0";"20,0";"19,1";"91,0";"92,0";"90,0";"18,4";"18,4";"17,5";"948,0";"948,0";"947,3";"0,4";"290,0";"1,6";"46,60";"0,0"
"11/01/2026";"1000";"23,9";"23,9";"20,0";"79,0";"91,0";"78,0";"20,0";"20,0";"18,5";"948,5";"948,5";"948,0";"0,7";"28,0";"1,3";"602,00";"0,0"
"11/01/2026";"1100";"25,9";"26,1";"23,7";"63,0";"79,0";"61,0";"18,4";"20,2";"18,0";"948,8";"948,8";"948,5";"2,4";"43,0";"3,8";"1494,90";"0,0"
"11/01/2026";"1200";"28,7";"29,0";"25,9";"45,0";"64,0";"44,0";"15,4";"18,6";"15,3";"948,5";"948,8";"948,4";"3,9";"34,0";"6,3";"2371,00";"0,0"
"11/01/2026";"1300";"30,5";"30,5";"28,4";"38,0";"45,0";"38,0";"14,8";"16,0";"14,1";"948,3";"948,5";"948,3";"3,1";"33,0";"6,1";"3101,40";"0,0"
"11/01/2026";"1400";"31,8";"32,2";"30,4";"32,0";"39,0";"31,0";"13,1";"15,2";"12,7";"947,8";"948,3";"947,8";"1,8";"70,0";"6,3";"3601,00";"0,0"
"11/01/2026";"1500";"32,3";"33,1";"31,4";"33,0";"36,0";"31,0";"13,9";"15,5";"12,7";"947,1";"947,9";"947,1";"1,8";"62,0";"6,1";"3861,20";"0,0"
"11/01/2026";"1600";"33,8";"34,0";"32,3";"31,0";"34,0";"29,0";"14,3";"14,8";"12,8";"946,5";"947,1";"946,5";"3,1";"55,0";"6,0";"3858,80";"0,0"
"11/01/2026";"1700";"34,2";"34,6";"33,3";"26,0";"31,0";"26,0";"12,0";"14,0";"11,8";"945,8";"946,5";"945,8";"2,6";"343,0";"5,6";"3715,10";"0,0"
"11/01/2026";"1800";"35,3";"35,3";"34,0";"26,0";"29,0";"25,0";"13,1";"13,9";"11,6";"944,9";"945,8";"944,9";"2,6";"347,0";"5,5";"3250,00";"0,0"
"11/01/2026";"1900";"34,8";"35,7";"34,1";"25,0";"28,0";"24,0";"11,8";"13,7";"11,6";"944,4";"944,9";"944,4";"2,2";"346,0";"5,7";"2425,30";"0,0"
"11/01/2026";"2000";"35,3";"35,3";"34,5";"25,0";"27,0";"24,0";"12,0";"13,1";"11,6";"944,0";"944,4";"944,0";"1,3";"195,0";"5,5";"1688,10";"0,0"
"11/01/2026";"2100";"33,8";"35,3";"33,7";"29,0";"30,0";"24,0";"13,4";"13,8";"11,7";"944,0";"944,0";"943,9";"1,6";"359,0";"4,4";"791,40";"0,0"
"11/01/2026";"2200";"30,5";"33,8";"30,4";"43,0";"43,0";"26,0";"16,6";"16,6";"10,7";"944,6";"944,6";"944,0";"4,4";"153,0";"6,7";"139,30";"0,0"
"11/01/2026";"2300";"28,0";"30,5";"28,0";"54,0";"54,0";"43,0";"17,7";"17,8";"16,5";"945,3";"945,3";"944,6";"2,3";"156,0";"6,7";"";"0,0"
"12/01/2026";"0000";"26,7";"28,1";"26,4";"59,0";"60,0";"54,0";"18,2";"18,3";"17,6";"945,8";"945,8";"945,3";"0,7";"320,0";"4,6";"";"0,0"
"12/01/2026";"0100";"25,7";"26,8";"25,2";"61,0";"64,0";"58,0";"17,7";"18,3";"17,5";"946,4";"946,5";"945,8";"0,5";"200,0";"2,5";"";"0,0"
"12/01/2026";"0200";"23,4";"25,7";"23,4";"70,0";"70,0";"61,0";"17,7";"18,3";"17,3";"946,8";"946,9";"946,4";"0,5";"274,0";"2,0";"";"0,0"
"12/01/2026";"0300";"22,4";"23,4";"21,6";"74,0";"79,0";"71,0";"17,6";"18,3";"17,4";"946,5";"946,9";"946,5";"1,2";"305,0";"1,8";"";"0,0"
"12/01/2026";"0400";"20,9";"22,7";"20,9";"80,0";"80,0";"73,0";"17,2";"17,7";"17,2";"946,1";"946,5";"946,1";"0,8";"308,0";"1,8";"";"0,0"
"12/01/2026";"0500";"19,8";"20,9";"19,5";"85,0";"85,0";"80,0";"17,1";"17,4";"16,6";"945,9";"946,1";"945,8";"0,7";"238,0";"1,4";"";"0,0"
"12/01/2026";"0600";"19,0";"20,1";"18,7";"84,0";"86,0";"83,0";"16,3";"17,4";"16,2";"946,2";"946,2";"945,9";"0,4";"295,0";"1,3";"";"0,0"
"12/01/2026";"0700";"18,0";"19,2";"18,0";"88,0";"88,0";"84,0";"15,9";"17,0";"15,9";"946,5";"946,5";"946,2";"0,4";"280,0";"2,0";"";"0,0"
"12/01/2026";"0800";"17,6";"18,4";"17,6";"87,0";"90,0";"86,0";"15,4";"16,5";"15,4";"947,1";"947,2";"946,5";"0,4";"248,0";"1,2";"";"0,0"
"12/01/2026";"0900";"18,7";"18,7";"17,4";"87,0";"90,0";"87,0";"16,5";"16,5";"15,5";"947,8";"947,8";"947,1";"1,4";"248,0";"3,2";"40,00";"0,0"
"12/01/2026";"1000";"22,8";"23,4";"18,7";"73,0";"87,0";"72,0";"17,7";"18,7";"16,4";"948,3";"948,3";"947,8";"0,8";"15,0";"3,2";"599,20";"0,0"
"12/01/2026";"1100";"27,3";"27,4";"22,6";"53,0";"73,0";"53,0";"17,0";"18,2";"16,0";"948,6";"948,7";"948,3";"0,6";"134,0";"2,4";"1500,20";"0,0"
"12/01/2026";"1200";"29,1";"29,2";"27,1";"44,0";"54,0";"43,0";"15,6";"17,4";"15,2";"948,6";"948,6";"948,5";"3,7";"43,0";"5,4";"2387,90";"0,0"
"12/01/2026";"1300";"31,5";"31,5";"28,9";"38,0";"44,0";"36,0";"15,3";"16,1";"14,4";"948,6";"948,6";"948,5";"3,0";"42,0";"5,6";"3083,50";"0,0"
"12/01/2026";"1400";"32,4";"32,6";"30,8";"33,0";"38,0";"32,0";"14,0";"15,5";"13,1";"948,2";"948,6";"948,2";"2,1";"357,0";"6,1";"3561,30";"0,0"
"12/01/2026";"1500";"33,6";"34,3";"32,0";"27,0";"34,0";"26,0";"12,2";"14,8";"10,9";"947,6";"948,2";"947,5";"3,0";"27,0";"6,4";"3516,90";"0,0"
"12/01/2026";"1600";"34,0";"34,8";"32,6";"25,0";"29,0";"21,0";"11,0";"12,5";"8,3";"947,0";"947,6";"947,0";"1,5";"314,0";"6,4";"3431,80";"0,0"
"12/01/2026";"1700";"35,5";"35,6";"33,3";"24,0";"28,0";"23,0";"11,9";"13,0";"10,4";"946,4";"947,1";"946,4";"2,6";"306,0";"7,9";"3224,30";"0,0"
"12/01/2026";"1800";"33,5";"35,5";"33,5";"26,0";"26,0";"22,0";"11,2";"12,8";"10,2";"945,6";"946,4";"945,6";"1,9";"125,0";"7,9";"2558,00";"0,0"
"12/01/2026";"1900";"35,1";"35,6";"33,4";"22,0";"26,0";"21,0";"10,0";"11,8";"9,6";"944,7";"945,6";"944,7";"2,6";"74,0";"4,9";"2509,50";"0,0"
"12/01/2026";"2000";"35,0";"35,4";"33,9";"21,0";"26,0";"21,0";"9,5";"11,9";"8,9";"944,6";"944,7";"944,5";"1,4";"42,0";"4,9";"1451,00";"0,0"
"12/01/2026";"2100";"32,2";"35,3";"32,2";"29,0";"29,0";"21,0";"11,6";"12,9";"9,0";"944,7";"944,7";"944,4";"4,0";"150,0";"6,7";"642,70";"0,0"
"12/01/2026";"2200";"29,9";"32,2";"29,8";"37,0";"37,0";"29,0";"13,6";"13,6";"11,8";"945,1";"945,1";"944,7";"2,8";"151,0";"8,0";"49,80";"0,0"
"12/01/2026";"2300";"28,8";"30,0";"28,7";"39,0";"39,0";"37,0";"13,5";"13,9";"13,4";"946,3";"946,3";"945,1";"2,7";"164,0";"5,6";"";"0,0"
"13/01/2026";"0000";"27,4";"29,2";"27,4";"39,0";"42,0";"38,0";"12,2";"13,7";"12,2";"947,5";"947,5";"946,3";"4,1";"174,0";"5,6";"";"0,0"
"13/01/2026";"0100";"27,2";"27,9";"26,7";"41,0";"42,0";"38,0";"12,7";"12,9";"11,8";"948,2";"948,2";"947,5";"0,6";"254,0";"5,7";"";"0,0"
"13/01/2026";"0200";"24,5";"27,3";"24,5";"51,0";"51,0";"41,0";"13,6";"14,1";"12,6";"948,1";"948,3";"948,0";"2,0";"215,0";"3,1";"";"0,0"
"13/01/2026";"0300";"23,2";"25,1";"23,2";"60,0";"60,0";"49,0";"15,1";"15,4";"13,4";"948,0";"948,1";"947,8";"2,0";"228,0";"3,5";"";"0,0"
"13/01/2026";"0400";"23,0";"24,1";"23,0";"71,0";"71,0";"60,0";"17,5";"17,7";"15,2";"947,4";"948,0";"947,4";"2,3";"209,0";"3,8";"";"0,0"
"13/01/2026";"0500";"22,8";"23,6";"22,3";"73,0";"74,0";"69,0";"17,7";"17,8";"16,9";"947,1";"947,6";"947,1";"1,8";"204,0";"3,3";"";"0,0"
"13/01/2026";"0600";"22,3";"22,8";"21,4";"70,0";"76,0";"69,0";"16,5";"17,8";"16,4";"947,0";"947,2";"947,0";"0,8";"266,0";"2,3";"";"0,0"
"13/01/2026";"0700";"20,6";"22,3";"20,4";"79,0";"81,0";"70,0";"16,8";"17,3";"16,2";"947,1";"947,2";"947,0";"1,5";"32,0";"2,3";"";"0,0"
"13/01/2026";"0800";"19,8";"20,8";"19,6";"81,0";"81,0";"76,0";"16,5";"16,7";"16,3";"947,7";"947,7";"947,1";"1,2";"38,0";"2,5";"";"0,0"
"13/01/2026";"0900";"21,5";"21,5";"19,8";"75,0";"82,0";"75,0";"16,8";"17,0";"16,3";"948,8";"948,8";"947,7";"1,2";"242,0";"2,1";"75,00";"0,0"
"13/01/2026";"1000";"23,7";"23,7";"21,5";"76,0";"76,0";"69,0";"19,2";"19,2";"16,7";"950,6";"950,6";"948,8";"2,3";"246,0";"4,8";"455,80";"0,0"
"13/01/2026";"1100";"24,3";"24,6";"23,7";"71,0";"77,0";"71,0";"18,9";"19,9";"18,7";"951,1";"951,1";"950,6";"4,5";"235,0";"9,1";"522,30";"0,0"
"13/01/2026";"1200";"26,4";"26,4";"24,3";"59,0";"72,0";"59,0";"17,7";"19,1";"17,4";"951,3";"951,4";"951,1";"5,9";"235,0";"10,1";"2350,20";"0,0"
"13/01/2026";"1300";"27,0";"27,6";"25,8";"54,0";"61,0";"54,0";"17,0";"18,3";"17,0";"951,1";"951,4";"951,0";"3,8";"233,0";"9,1";"3270,50";"0,0"
"13/01/2026";"1400";"27,8";"28,0";"26,8";"50,0";"58,0";"48,0";"16,3";"18,0";"15,7";"950,6";"951,2";"950,6";"1,8";"195,0";"6,7";"2137,90";"0,0"
"13/01/2026";"1500";"28,7";"28,9";"27,7";"44,0";"50,0";"42,0";"15,3";"16,4";"14,7";"950,1";"950,7";"950,1";"1,3";"29,0";"3,6";"1839,40";"0,0"
"13/01/2026";"1600";"29,5";"30,1";"28,5";"37,0";"46,0";"34,0";"13,5";"16,1";"11,9";"949,5";"950,1";"949,5";"1,1";"10,0";"3,9";"2087,30";"0,0"
"13/01/2026";"1700";"32,6";"32,6";"29,6";"31,0";"38,0";"31,0";"13,3";"14,2";"12,7";"948,3";"949,5";"948,3";"0,9";"202,0";"4,0";"3642,70";"0,0"
"13/01/2026";"1800";"32,4";"33,4";"31,8";"33,0";"33,0";"30,0";"13,9";"14,3";"12,7";"946,8";"948,3";"946,8";"1,6";"242,0";"9,3";"2845,40";"0,0"
"13/01/2026";"1900";"32,3";"32,9";"32,2";"33,0";"35,0";"31,0";"14,0";"15,0";"13,4";"946,5";"946,8";"946,5";"1,6";"163,0";"3,3";"1448,20";"0,0"
"13/01/2026";"2000";"31,8";"32,4";"31,8";"34,0";"37,0";"33,0";"13,8";"15,3";"13,8";"946,3";"946,6";"946,2";"1,4";"101,0";"3,3";"901,90";"0,0"
"13/01/2026";"2100";"19,7";"32,0";"19,7";"90,0";"90,0";"33,0";"18,0";"18,5";"13,4";"947,7";"947,9";"946,3";"10,4";"29,0";"16,4";"163,80";"6,6"
"13/01/2026";"2200";"20,9";"22,2";"19,5";"89,0";"93,0";"88,0";"19,0";"20,8";"17,9";"951,3";"951,3";"947,7";"3,2";"226,0";"16,4";"2,20";"8,6"
"13/01/2026";"2300";"20,3";"21,3";"20,3";"92,0";"92,0";"88,0";"18,9";"19,5";"18,8";"952,3";"952,3";"951,3";"2,5";"108,0";"4,4";"";"8,2"
"14/01/2026";"0000";"20,2";"20,4";"20,2";"92,0";"92,0";"91,0";"18,8";"19,0";"18,8";"952,7";"952,8";"952,2";"1,5";"116,0";"4,1";"";"5,0"
"14/01/2026";"0100";"20,0";"20,2";"19,8";"91,0";"92,0";"90,0";"18,4";"18,8";"18,2";"952,0";"952,7";"952,0";"0,8";"187,0";"3,2";"";"1,2"
"14/01/2026";"0200";"19,9";"20,2";"19,9";"91,0";"91,0";"90,0";"18,3";"18,7";"18,2";"951,7";"952,0";"951,7";"2,1";"218,0";"2,8";"";"0,0"
"14/01/2026";"0300";"19,4";"20,0";"19,4";"92,0";"92,0";"90,0";"18,1";"18,5";"18,1";"951,4";"951,7";"951,2";"1,8";"60,0";"2,9";"";"0,0"
"14/01/2026";"0400";"19,6";"19,8";"19,4";"93,0";"93,0";"92,0";"18,3";"18,6";"18,2";"950,5";"951,4";"950,5";"0,6";"336,0";"2,5";"";"0,2"
"14/01/2026";"0500";"19,4";"19,8";"19,4";"93,0";"93,0";"93,0";"18,2";"18,7";"18,2";"950,0";"950,6";"949,9";"1,5";"91,0";"2,2";"";"0,0"
"14/01/2026";"0600";"19,6";"19,6";"19,1";"94,0";"94,0";"93,0";"18,6";"18,6";"18,0";"949,5";"950,0";"949,5";"1,2";"246,0";"2,2";"";"0,0"
"14/01/2026";"0700";"19,1";"19,8";"19,0";"94,0";"94,0";"93,0";"18,1";"18,8";"17,9";"949,3";"949,6";"949,3";"0,3";"182,0";"1,6";"";"0,0"
"14/01/2026";"0800";"19,1";"19,2";"19,0";"93,0";"94,0";"93,0";"18,0";"18,2";"18,0";"949,5";"949,5";"949,1";"0,8";"122,0";"3,4";"";"0,0"
"14/01/2026";"0900";"19,2";"19,4";"19,1";"93,0";"93,0";"93,0";"18,0";"18,1";"17,9";"950,4";"950,4";"949,5";"1,9";"72,0";"2,9";"23,00";"0,0"
"14/01/2026";"1000";"20,0";"20,1";"19,2";"91,0";"93,0";"91,0";"18,5";"18,5";"18,0";"951,1";"951,1";"950,4";"0,9";"69,0";"2,8";"165,80";"0,0"
"14/01/2026";"1100";"20,7";"20,8";"20,0";"87,0";"91,0";"87,0";"18,5";"18,9";"18,4";"951,4";"951,4";"951,1";"1,0";"358,0";"2,0";"424,40";"0,0"
"14/01/2026";"1200";"23,9";"23,9";"20,7";"72,0";"87,0";"71,0";"18,6";"19,4";"18,0";"951,5";"951,5";"951,3";"1,3";"76,0";"2,7";"2062,00";"0,0"
"14/01/2026";"1300";"25,6";"25,6";"23,5";"68,0";"72,0";"64,0";"19,1";"19,1";"17,8";"951,3";"951,6";"951,3";"1,6";"31,0";"4,9";"3057,60";"0,2"
"14/01/2026";"1400";"27,7";"27,7";"25,3";"58,0";"68,0";"56,0";"18,7";"19,7";"17,5";"950,7";"951,3";"950,7";"2,1";"38,0";"4,2";"3674,20";"0,0"
"14/01/2026";"1500";"28,5";"29,2";"27,4";"48,0";"59,0";"48,0";"16,3";"19,1";"16,3";"950,1";"950,7";"950,1";"2,2";"44,0";"5,7";"3894,20";"0,0"
"14/01/2026";"1600";"30,1";"30,3";"28,4";"46,0";"52,0";"45,0";"17,4";"18,5";"16,2";"949,1";"950,1";"949,1";"1,2";"353,0";"4,4";"3916,00";"0,0"
"14/01/2026";"1700";"30,8";"31,3";"29,8";"42,0";"50,0";"40,0";"16,4";"18,3";"15,7";"948,1";"949,1";"948,0";"2,0";"82,0";"4,5";"3687,60";"0,0"
"14/01/2026";"1800";"30,4";"31,6";"30,3";"43,0";"47,0";"40,0";"16,6";"17,9";"15,6";"947,2";"948,1";"947,2";"1,8";"17,0";"4,5";"1841,80";"0,0"
"14/01/2026";"1900";"28,2";"30,6";"28,1";"52,0";"52,0";"41,0";"17,5";"18,4";"16,1";"946,7";"947,2";"946,6";"2,7";"302,0";"6,6";"808,20";"0,0"
"14/01/2026";"2000";"26,4";"28,7";"26,4";"60,0";"60,0";"47,0";"18,0";"18,0";"15,9";"947,6";"947,6";"946,6";"3,4";"213,0";"6,1";"355,30";"0,0"
"14/01/2026";"2100";"20,9";"26,4";"20,9";"89,0";"89,0";"60,0";"19,0";"19,1";"18,1";"949,3";"949,3";"947,6";"3,5";"188,0";"10,2";"68,60";"5,8"
"14/01/2026";"2200";"20,8";"21,4";"20,7";"90,0";"90,0";"88,0";"19,0";"19,5";"18,7";"950,2";"950,2";"949,2";"1,6";"194,0";"7,4";"5,80";"7,2"
"14/01/2026";"2300";"20,0";"20,8";"19,9";"91,0";"92,0";"90,0";"18,5";"19,0";"18,3";"949,9";"950,4";"949,9";"0,8";"178,0";"4,6";"";"8,0"
"15/01/2026";"0000";"19,9";"20,2";"19,8";"91,0";"91,0";"89,0";"18,3";"18,6";"18,1";"950,3";"950,3";"949,8";"1,5";"143,0";"2,4";"";"1,4"
"15/01/2026";"0100";"19,9";"20,0";"19,8";"92,0";"92,0";"91,0";"18,5";"18,5";"18,3";"950,9";"950,9";"950,3";"0,3";"87,0";"2,9";"";"1,2"
"15/01/2026";"0200";"19,8";"20,0";"19,8";"93,0";"93,0";"92,0";"18,7";"18,9";"18,5";"950,8";"951,1";"950,7";"0,7";"200,0";"1,7";"";"0,2"
"15/01/2026";"0300";"19,9";"19,9";"19,8";"94,0";"94,0";"93,0";"18,9";"18,9";"18,7";"950,5";"950,8";"950,5";"0,8";"126,0";"1,4";"";"0,0"
"15/01/2026";"0400";"20,0";"20,2";"19,8";"94,0";"94,0";"94,0";"19,0";"19,2";"18,7";"949,6";"950,5";"949,6";"0,5";"327,0";"1,3";"";"0,0"
"15/01/2026";"0500";"20,4";"20,5";"20,0";"94,0";"94,0";"94,0";"19,4";"19,5";"19,0";"948,8";"949,6";"948,8";"1,5";"119,0";"2,3";"";"0,0"
"15/01/2026";"0600";"20,7";"20,8";"20,4";"94,0";"94,0";"94,0";"19,7";"19,7";"19,4";"948,6";"948,8";"948,6";"1,6";"78,0";"2,6";"";"0,0"
"15/01/2026";"0700";"20,6";"20,9";"20,6";"91,0";"94,0";"91,0";"19,1";"19,8";"19,1";"948,6";"948,7";"948,6";"1,6";"49,0";"2,9";"";"0,0"
"15/01/2026";"0800";"20,5";"20,9";"20,5";"89,0";"92,0";"89,0";"18,7";"19,3";"18,6";"948,7";"948,8";"948,6";"1,4";"52,0";"2,9";"";"0,0"
"15/01/2026";"0900";"20,3";"20,6";"20,2";"92,0";"92,0";"89,0";"19,0";"19,0";"18,7";"949,3";"949,3";"948,7";"1,0";"195,0";"2,1";"17,70";"0,0"
"15/01/2026";"1000";"21,6";"22,0";"20,3";"89,0";"92,0";"89,0";"19,6";"20,5";"19,0";"950,1";"950,1";"949,3";"0,5";"171,0";"1,6";"354,70";"0,0"
"15/01/2026";"1100";"22,8";"22,8";"21,5";"83,0";"89,0";"82,0";"19,7";"19,7";"19,1";"950,6";"950,6";"950,1";"0,4";"33,0";"2,0";"801,70";"0,0"
"15/01/2026";"1200";"23,4";"23,7";"22,6";"77,0";"83,0";"76,0";"19,1";"19,8";"18,9";"951,1";"951,1";"950,5";"1,3";"353,0";"2,2";"1153,90";"0,0"
"15/01/2026";"1300";"24,6";"25,2";"23,4";"70,0";"78,0";"70,0";"18,9";"20,1";"18,8";"951,2";"951,3";"951,1";"1,4";"49,0";"2,9";"1663,50";"0,0"
"15/01/2026";"1400";"27,8";"27,9";"24,6";"62,0";"74,0";"61,0";"19,9";"20,7";"19,1";"950,8";"951,2";"950,8";"1,9";"59,0";"4,2";"2720,00";"0,0"
"15/01/2026";"1500";"29,0";"29,4";"27,3";"54,0";"63,0";"53,0";"18,9";"20,4";"18,4";"950,2";"950,8";"950,2";"3,2";"59,0";"5,4";"3854,40";"0,0"
"15/01/2026";"1600";"29,4";"30,3";"28,4";"49,0";"56,0";"48,0";"17,6";"19,4";"17,4";"949,1";"950,2";"949,1";"2,2";"24,0";"5,3";"3089,60";"0,0"
"15/01/2026";"1700";"30,7";"30,7";"29,3";"43,0";"51,0";"43,0";"16,8";"18,7";"16,8";"947,8";"949,1";"947,8";"2,0";"27,0";"4,5";"2520,30";"0,0"
"15/01/2026";"1800";"30,2";"31,6";"30,2";"48,0";"48,0";"39,0";"17,9";"18,7";"15,7";"947,3";"947,8";"947,3";"1,9";"357,0";"6,0";"2546,70";"0,0"
"15/01/2026";"1900";"18,4";"30,2";"18,4";"93,0";"94,0";"46,0";"17,3";"18,3";"16,9";"950,4";"950,9";"947,3";"3,7";"296,0";"15,6";"119,10";"34,8"
"15/01/2026";"2000";"20,2";"20,9";"18,4";"94,0";"95,0";"93,0";"19,1";"19,9";"17,3";"951,0";"951,0";"949,8";"2,6";"129,0";"11,9";"13,70";"23,2"
"15/01/2026";"2100";"19,8";"20,2";"19,7";"94,0";"94,0";"93,0";"18,8";"19,1";"18,6";"951,1";"951,1";"951,0";"0,8";"126,0";"4,1";"10,20";"3,2"
"15/01/2026";"2200";"19,8";"20,0";"19,7";"94,0";"94,0";"94,0";"18,7";"19,0";"18,6";"951,6";"951,6";"951,1";"1,5";"114,0";"3,4";"7,90";"3,4"
"15/01/2026";"2300";"19,9";"20,0";"19,7";"94,0";"94,0";"94,0";"19,0";"19,0";"18,7";"951,5";"951,6";"951,5";"2,0";"91,0";"2,9";"";"0,8"
"16/01/2026";"0000";"20,2";"20,3";"19,9";"94,0";"94,0";"94,0";"19,1";"19,2";"18,9";"951,8";"951,8";"951,5";"0,5";"329,0";"2,9";"";"0,0"
"16/01/2026";"0100";"20,0";"20,2";"19,9";"93,0";"94,0";"93,0";"18,9";"19,1";"18,8";"952,1";"952,1";"951,8";"1,3";"65,0";"1,6";"";"0,0"
"16/01/2026";"0200";"20,1";"20,2";"19,9";"94,0";"94,0";"93,0";"19,0";"19,1";"18,9";"951,7";"952,1";"951,7";"0,4";"67,0";"1,6";"";"0,0"
"16/01/2026";"0300";"19,9";"20,2";"19,9";"94,0";"94,0";"94,0";"18,9";"19,1";"18,9";"951,1";"951,7";"951,1";"1,5";"154,0";"2,2";"";"0,0"
"16/01/2026";"0400";"20,0";"20,1";"19,9";"93,0";"94,0";"93,0";"18,9";"19,0";"18,8";"950,6";"951,1";"950,6";"1,1";"220,0";"2,8";"";"0,0"
"16/01/2026";"0500";"20,0";"20,1";"19,9";"93,0";"93,0";"93,0";"18,8";"19,0";"18,7";"950,0";"950,6";"950,0";"0,4";"105,0";"2,1";"";"0,0"
"16/01/2026";"0600";"19,7";"20,0";"19,7";"93,0";"93,0";"93,0";"18,6";"18,9";"18,6";"949,5";"950,0";"949,5";"0,9";"73,0";"1,2";"";"0,0"
"16/01/2026";"0700";"19,3";"19,7";"19,3";"94,0";"94,0";"93,0";"18,3";"18,6";"18,3";"949,3";"949,5";"949,3";"0,8";"177,0";"1,4";"";"0,0"
"16/01/2026";"0800";"19,2";"19,3";"19,0";"94,0";"94,0";"94,0";"18,2";"18,3";"18,1";"949,6";"949,6";"949,2";"0,3";"325,0";"1,9";"";"0,0"
"16/01/2026";"0900";"19,2";"19,3";"19,1";"95,0";"95,0";"94,0";"18,3";"18,4";"18,2";"950,0";"950,0";"949,6";"0,8";"100,0";"1,4";"34,00";"0,0"
"16/01/2026";"1000";"20,1";"20,1";"19,2";"94,0";"95,0";"94,0";"19,1";"19,1";"18,3";"950,4";"950,4";"950,0";"0,5";"86,0";"1,5";"200,10";"0,0"
"16/01/2026";"1100";"21,0";"21,0";"20,1";"91,0";"94,0";"91,0";"19,4";"19,4";"19,0";"950,8";"950,9";"950,4";"0,8";"96,0";"2,3";"343,50";"0,0"
"16/01/2026";"1200";"22,6";"22,6";"20,9";"83,0";"91,0";"83,0";"19,5";"19,9";"19,3";"950,9";"950,9";"950,7";"1,2";"41,0";"2,5";"976,90";"0,0"
"16/01/2026";"1300";"24,2";"24,2";"22,6";"75,0";"83,0";"75,0";"19,4";"20,1";"19,1";"951,0";"951,0";"950,8";"2,6";"47,0";"4,4";"1518,20";"0,0"
"16/01/2026";"1400";"26,0";"26,1";"24,1";"67,0";"76,0";"67,0";"19,4";"20,2";"19,3";"950,7";"951,0";"950,7";"1,0";"28,0";"4,4";"2247,00";"0,0"
"16/01/2026";"1500";"27,6";"27,8";"26,0";"63,0";"69,0";"59,0";"19,8";"20,2";"18,8";"950,1";"950,7";"950,1";"1,9";"28,0";"4,0";"3081,70";"0,0"
"16/01/2026";"1600";"27,8";"27,8";"27,0";"58,0";"64,0";"57,0";"18,7";"20,0";"18,4";"949,6";"950,1";"949,6";"1,6";"290,0";"4,6";"1719,90";"0,2"
"16/01/2026";"1700";"28,6";"28,6";"27,7";"56,0";"61,0";"52,0";"18,9";"19,8";"17,5";"948,4";"949,6";"948,4";"1,3";"269,0";"3,3";"1729,50";"0,0"
"16/01/2026";"1800";"29,9";"30,5";"28,3";"52,0";"57,0";"49,0";"19,1";"19,8";"17,9";"947,5";"948,4";"947,5";"1,4";"81,0";"3,5";"3181,30";"0,0"
"16/01/2026";"1900";"29,9";"30,2";"29,3";"50,0";"55,0";"50,0";"18,3";"19,5";"17,9";"947,0";"947,5";"946,9";"2,2";"358,0";"4,9";"1786,60";"0,0"
"16/01/2026";"2000";"27,5";"30,8";"27,5";"58,0";"60,0";"46,0";"18,4";"20,3";"17,2";"947,0";"947,0";"946,5";"4,3";"81,0";"7,8";"1935,60";"0,0"
"16/01/2026";"2100";"24,7";"27,5";"24,6";"68,0";"69,0";"58,0";"18,5";"18,5";"17,4";"947,4";"947,6";"947,0";"2,9";"132,0";"8,1";"439,00";"0,0"
"16/01/2026";"2200";"23,6";"24,7";"23,6";"74,0";"74,0";"68,0";"18,7";"18,8";"18,3";"947,6";"947,6";"947,4";"2,3";"139,0";"6,5";"50,70";"0,0"
"16/01/2026";"2300";"23,2";"23,9";"23,2";"74,0";"74,0";"72,0";"18,3";"18,8";"18,3";"949,0";"949,0";"947,6";"5,3";"226,0";"10,8";"";"0,0"
"17/01/2026";"0000";"20,9";"23,2";"20,9";"88,0";"88,0";"74,0";"18,8";"19,1";"18,1";"949,7";"949,7";"949,0";"5,2";"224,0";"10,8";"0,30";"0,2"
"17/01/2026";"0100";"21,3";"21,4";"20,8";"86,0";"88,0";"86,0";"18,8";"19,0";"18,7";"950,4";"950,5";"949,7";"1,8";"249,0";"8,3";"";"0,0"
"17/01/2026";"0200";"20,5";"21,4";"20,5";"90,0";"90,0";"85,0";"18,7";"18,9";"18,4";"950,1";"950,7";"950,1";"1,5";"192,0";"5,8";"";"0,8"
"17/01/2026";"0300";"20,3";"20,5";"20,3";"91,0";"91,0";"90,0";"18,7";"18,9";"18,7";"949,2";"950,1";"949,2";"1,2";"231,0";"2,9";"";"0,2"
"17/01/2026";"0400";"20,2";"20,4";"20,1";"92,0";"92,0";"91,0";"18,9";"19,0";"18,6";"948,3";"949,2";"948,3";"0,9";"334,0";"1,7";"";"0,0"
"17/01/2026";"0500";"20,3";"20,4";"20,1";"92,0";"92,0";"92,0";"18,9";"19,1";"18,8";"947,4";"948,3";"947,4";"0,8";"123,0";"1,4";"";"0,0"
"17/01/2026";"0600";"20,1";"20,4";"20,0";"93,0";"93,0";"92,0";"18,9";"19,0";"18,8";"947,1";"947,4";"947,0";"0,4";"262,0";"1,4";"";"0,0"
"17/01/2026";"0700";"19,9";"20,3";"19,9";"93,0";"93,0";"93,0";"18,8";"19,2";"18,7";"947,3";"947,4";"947,1";"1,1";"353,0";"1,7";"";"0,0"
"17/01/2026";"0800";"20,2";"20,2";"19,9";"94,0";"94,0";"93,0";"19,1";"19,2";"18,9";"947,0";"947,3";"947,0";"0,5";"132,0";"1,7";"";"0,0"
"17/01/2026";"0900";"20,1";"20,2";"20,0";"94,0";"94,0";"93,0";"19,0";"19,1";"18,9";"947,6";"947,6";"947,0";"0,9";"195,0";"1,7";"21,90";"0,0"
"17/01/2026";"1000";"21,1";"21,1";"20,1";"91,0";"94,0";"91,0";"19,6";"19,6";"19,1";"947,8";"947,8";"947,6";"0,7";"31,0";"1,4";"246,50";"0,0"
"17/01/2026";"1100";"21,9";"22,1";"20,9";"88,0";"91,0";"86,0";"19,8";"20,0";"19,4";"948,1";"948,2";"947,8";"1,0";"312,0";"1,7";"601,80";"0,2"
"17/01/2026";"1200";"24,8";"24,9";"21,9";"72,0";"88,0";"72,0";"19,3";"20,1";"19,1";"948,2";"948,2";"948,1";"0,5";"354,0";"2,0";"1727,90";"0,0"
"17/01/2026";"1300";"26,2";"26,9";"24,5";"65,0";"73,0";"65,0";"19,1";"20,2";"19,0";"948,0";"948,2";"947,9";"1,3";"105,0";"2,7";"2091,90";"0,0"
"17/01/2026";"1400";"26,8";"27,2";"26,2";"60,0";"66,0";"58,0";"18,4";"19,6";"17,4";"947,6";"948,0";"947,6";"1,5";"155,0";"2,4";"1702,70";"0,2"
"17/01/2026";"1500";"27,2";"27,4";"26,5";"57,0";"62,0";"57,0";"17,9";"19,1";"17,8";"947,1";"947,6";"947,1";"1,4";"184,0";"2,8";"1009,80";"0,0"
"17/01/2026";"1600";"28,5";"29,3";"27,1";"52,0";"59,0";"51,0";"17,9";"19,2";"17,4";"946,2";"947,1";"946,2";"1,8";"65,0";"2,8";"1966,10";"0,0"
"17/01/2026";"1700";"29,2";"29,6";"28,3";"49,0";"56,0";"47,0";"17,4";"18,7";"16,5";"945,5";"946,2";"945,5";"1,6";"52,0";"3,4";"2577,70";"0,0"
"17/01/2026";"1800";"29,8";"30,0";"28,9";"43,0";"51,0";"41,0";"15,9";"18,1";"15,1";"944,6";"945,5";"944,6";"2,2";"283,0";"4,2";"2006,70";"0,0"
"17/01/2026";"1900";"29,0";"29,8";"29,0";"47,0";"48,0";"42,0";"16,6";"17,0";"15,5";"943,9";"944,6";"943,9";"1,0";"5,0";"4,2";"981,70";"0,0"
"17/01/2026";"2000";"28,8";"29,1";"28,3";"51,0";"53,0";"44,0";"17,8";"18,0";"15,8";"943,9";"943,9";"943,5";"1,9";"257,0";"3,0";"435,10";"0,0"
"17/01/2026";"2100";"28,1";"28,9";"28,1";"54,0";"55,0";"47,0";"18,0";"18,3";"16,5";"944,1";"944,2";"943,9";"0,8";"255,0";"3,3";"351,20";"0,0"
"17/01/2026";"2200";"20,3";"28,1";"20,3";"93,0";"93,0";"54,0";"19,1";"19,5";"17,9";"945,4";"945,4";"944,1";"7,4";"91,0";"12,3";"18,10";"23,2"
"17/01/2026";"2300";"20,9";"20,9";"20,1";"91,0";"94,0";"91,0";"19,4";"19,5";"19,1";"946,0";"946,0";"945,4";"1,9";"111,0";"12,3";"0,60";"5,4"
"18/01/2026";"0000";"21,1";"21,1";"20,8";"90,0";"91,0";"90,0";"19,3";"19,5";"19,1";"946,8";"946,8";"946,0";"1,8";"148,0";"3,7";"";"0,2"
"18/01/2026";"0100";"20,9";"21,1";"20,9";"91,0";"91,0";"90,0";"19,5";"19,5";"19,3";"946,8";"947,0";"946,8";"1,7";"61,0";"3,5";"";"0,2"
"18/01/2026";"0200";"21,0";"21,1";"20,8";"92,0";"92,0";"91,0";"19,6";"19,8";"19,4";"946,6";"946,9";"946,5";"0,6";"46,0";"2,2";"";"0,0"
"18/01/2026";"0300";"21,0";"21,3";"20,9";"89,0";"92,0";"89,0";"19,2";"20,0";"19,2";"946,8";"946,9";"946,6";"0,8";"31,0";"1,8";"";"0,2"
"18/01/2026";"0400";"20,6";"21,2";"20,5";"92,0";"92,0";"89,0";"19,2";"19,5";"19,0";"945,9";"946,8";"945,9";"0,6";"201,0";"1,4";"";"1,8"
"18/01/2026";"0500";"20,5";"20,7";"20,5";"93,0";"93,0";"92,0";"19,4";"19,4";"19,1";"945,4";"946,0";"945,4";"0,3";"61,0";"2,0";"";"0,6"
"18/01/2026";"0600";"20,4";"20,7";"20,3";"94,0";"94,0";"93,0";"19,4";"19,6";"19,2";"944,4";"945,4";"944,4";"1,4";"99,0";"2,8";"";"0,6"
"18/01/2026";"0700";"20,3";"20,4";"20,2";"93,0";"94,0";"93,0";"19,2";"19,4";"19,2";"944,2";"944,4";"944,0";"1,2";"164,0";"2,3";"";"0,0"
"18/01/2026";"0800";"20,3";"20,4";"20,2";"92,0";"93,0";"91,0";"19,0";"19,1";"18,7";"944,4";"944,4";"944,1";"1,2";"258,0";"2,0";"";"0,2"
"18/01/2026";"0900";"20,0";"20,4";"20,0";"92,0";"92,0";"92,0";"18,8";"19,0";"18,8";"944,9";"944,9";"944,4";"1,0";"103,0";"1,9";"3,20";"0,2"
"18/01/2026";"1000";"20,2";"20,3";"20,0";"92,0";"93,0";"92,0";"18,9";"19,0";"18,7";"945,6";"945,6";"944,8";"1,2";"101,0";"2,3";"94,30";"0,0"
"18/01/2026";"1100";"21,0";"21,1";"20,2";"88,0";"92,0";"88,0";"18,9";"19,1";"18,8";"946,0";"946,1";"945,6";"1,1";"174,0";"1,8";"366,60";"0,0"
"18/01/2026";"1200";"22,4";"22,4";"21,0";"80,0";"88,0";"79,0";"18,7";"19,1";"18,0";"946,2";"946,2";"945,9";"0,7";"31,0";"2,5";"841,00";"0,0"
"18/01/2026";"1300";"24,4";"24,7";"22,3";"76,0";"80,0";"71,0";"19,9";"19,9";"18,1";"946,0";"946,2";"945,9";"1,8";"50,0";"4,1";"2270,70";"0,0"
"18/01/2026";"1400";"25,5";"26,3";"24,2";"63,0";"76,0";"63,0";"18,0";"20,4";"17,8";"945,7";"946,0";"945,7";"1,6";"39,0";"4,9";"2540,20";"0,0"
"18/01/2026";"1500";"26,3";"26,7";"25,3";"64,0";"67,0";"61,0";"18,9";"19,5";"17,8";"945,4";"945,7";"945,4";"2,5";"26,0";"5,9";"2055,60";"0,0"
"18/01/2026";"1600";"27,4";"27,4";"26,0";"60,0";"66,0";"59,0";"18,8";"19,8";"17,8";"944,6";"945,4";"944,6";"1,5";"3,0";"4,8";"2637,30";"0,2"
"18/01/2026";"1700";"28,2";"28,4";"27,0";"53,0";"60,0";"51,0";"17,7";"19,0";"17,0";"943,5";"944,5";"943,5";"2,5";"354,0";"7,1";"3189,40";"0,0"
"18/01/2026";"1800";"29,0";"29,5";"27,8";"53,0";"56,0";"49,0";"18,5";"19,0";"16,7";"942,5";"943,5";"942,5";"2,6";"11,0";"5,3";"3018,00";"0,0"
"18/01/2026";"1900";"27,7";"29,6";"27,6";"56,0";"57,0";"48,0";"18,1";"18,7";"16,8";"941,4";"942,5";"941,4";"3,6";"59,0";"6,0";"1708,50";"0,0"
"18/01/2026";"2000";"27,1";"28,0";"27,1";"59,0";"59,0";"54,0";"18,4";"18,8";"17,7";"941,3";"941,4";"941,1";"2,2";"17,0";"6,1";"541,70";"0,0"
"18/01/2026";"2100";"26,5";"27,3";"26,5";"61,0";"61,0";"57,0";"18,3";"18,6";"17,9";"941,3";"941,8";"941,2";"3,5";"339,0";"6,0";"120,90";"0,0"
"18/01/2026";"2200";"25,3";"26,5";"25,2";"68,0";"68,0";"61,0";"18,9";"19,1";"18,4";"942,3";"942,3";"941,2";"0,5";"228,0";"6,0";"2,40";"0,0"
"18/01/2026";"2300";"22,8";"25,3";"22,8";"84,0";"85,0";"68,0";"19,8";"20,3";"18,9";"942,9";"942,9";"942,1";"4,5";"164,0";"6,9";"";"0,2"
"19/01/2026";"0000";"22,0";"22,8";"22,0";"84,0";"85,0";"82,0";"19,3";"19,8";"19,2";"942,8";"943,1";"942,6";"0,8";"232,0";"7,0";"";"0,0"
"19/01/2026";"0100";"21,2";"22,4";"21,2";"89,0";"89,0";"83,0";"19,3";"19,5";"19,1";"942,5";"942,8";"942,1";"2,5";"152,0";"4,6";"";"0,0"
"19/01/2026";"0200";"21,8";"21,8";"21,1";"86,0";"89,0";"86,0";"19,3";"19,5";"19,2";"943,7";"943,7";"942,5";"1,0";"238,0";"4,6";"";"0,0"
"19/01/2026";"0300";"21,3";"21,8";"21,2";"90,0";"90,0";"86,0";"19,5";"19,6";"19,2";"942,7";"943,7";"942,7";"0,5";"164,0";"2,1";"";"0,0"
"19/01/2026";"0400";"21,4";"21,6";"21,0";"89,0";"90,0";"89,0";"19,5";"19,7";"19,2";"942,3";"942,8";"942,2";"0,9";"144,0";"2,1";"";"0,0"
"19/01/2026";"0500";"20,9";"21,6";"20,7";"90,0";"91,0";"87,0";"19,2";"19,5";"18,7";"942,1";"942,3";"942,0";"0,6";"21,0";"1,4";"";"0,0"
"19/01/2026";"0600";"21,1";"21,1";"20,7";"91,0";"92,0";"90,0";"19,6";"19,6";"19,2";"941,6";"942,1";"941,5";"0,4";"217,0";"1,6";"";"0,0"
"19/01/2026";"0700";"21,2";"21,3";"21,0";"90,0";"91,0";"90,0";"19,5";"19,8";"19,4";"941,2";"941,7";"941,2";"0,7";"306,0";"1,7";"";"0,0"
"19/01/2026";"0800";"21,0";"21,4";"20,8";"91,0";"91,0";"88,0";"19,4";"19,5";"19,1";"940,9";"941,3";"940,9";"0,4";"91,0";"1,8";"";"0,0"
"19/01/2026";"0900";"20,9";"21,0";"20,6";"91,0";"92,0";"91,0";"19,4";"19,5";"19,2";"941,1";"941,1";"940,7";"1,0";"209,0";"1,9";"9,90";"0,0"
"19/01/2026";"1000";"21,6";"21,6";"20,9";"89,0";"91,0";"89,0";"19,7";"19,8";"19,4";"942,0";"942,1";"941,1";"1,1";"262,0";"2,2";"187,60";"0,0"
"19/01/2026";"1100";"24,4";"24,4";"21,6";"73,0";"89,0";"71,0";"19,1";"20,7";"18,8";"942,3";"942,5";"942,0";"1,0";"262,0";"3,0";"1250,90";"0,0"
"19/01/2026";"1200";"26,2";"26,9";"24,3";"62,0";"74,0";"61,0";"18,4";"19,8";"18,2";"942,5";"942,5";"942,1";"0,7";"354,0";"2,3";"2024,90";"0,0"
"19/01/2026";"1300";"27,5";"27,6";"26,1";"56,0";"64,0";"55,0";"17,9";"19,7";"17,6";"942,5";"942,6";"942,5";"2,6";"284,0";"5,3";"2218,30";"0,0"
"19/01/2026";"1400";"27,8";"28,2";"27,2";"61,0";"65,0";"53,0";"19,6";"20,5";"17,3";"942,3";"942,5";"942,3";"3,2";"229,0";"5,4";"2172,80";"0,0"
"19/01/2026";"1500";"28,1";"28,7";"27,4";"60,0";"62,0";"54,0";"19,6";"20,1";"18,4";"942,1";"942,4";"942,0";"3,7";"220,0";"6,6";"2633,40";"0,0"
"19/01/2026";"1600";"28,3";"28,8";"27,8";"58,0";"61,0";"58,0";"19,4";"20,5";"19,0";"941,3";"942,1";"941,3";"3,4";"233,0";"7,1";"2384,00";"0,0"
"19/01/2026";"1700";"28,5";"29,0";"27,3";"57,0";"67,0";"56,0";"19,1";"20,9";"18,7";"940,4";"941,4";"940,4";"1,8";"333,0";"6,7";"2462,50";"0,0"
"19/01/2026";"1800";"21,6";"28,9";"21,1";"94,0";"94,0";"57,0";"20,5";"20,7";"18,5";"941,0";"941,2";"940,1";"2,3";"183,0";"11,6";"582,60";"20,8"
"19/01/2026";"1900";"23,6";"23,6";"21,4";"81,0";"94,0";"81,0";"20,2";"22,2";"20,2";"940,9";"941,3";"940,8";"5,6";"228,0";"10,8";"505,00";"8,8"
"19/01/2026";"2000";"22,6";"23,8";"22,6";"84,0";"84,0";"79,0";"19,7";"20,5";"19,7";"941,2";"941,2";"940,8";"3,8";"259,0";"11,8";"869,60";"0,0"
"19/01/2026";"2100";"21,9";"22,7";"21,9";"89,0";"89,0";"84,0";"20,0";"20,2";"19,6";"941,5";"941,5";"941,2";"4,3";"240,0";"7,9";"239,60";"1,0"
"19/01/2026";"2200";"20,8";"21,9";"20,7";"93,0";"93,0";"89,0";"19,6";"19,9";"19,4";"942,9";"942,9";"941,5";"3,8";"194,0";"9,2";"22,50";"7,4"
"19/01/2026";"2300";"21,2";"21,3";"20,8";"91,0";"93,0";"88,0";"19,6";"19,8";"19,2";"943,6";"943,6";"942,8";"1,8";"228,0";"6,8";"1,80";"0,4"
"20/01/2026";"0000";"20,3";"21,3";"20,3";"87,0";"91,0";"84,0";"18,1";"19,6";"18,1";"944,9";"944,9";"943,6";"1,7";"178,0";"4,0";"4,10";"0,2"
"20/01/2026";"0100";"19,8";"20,4";"19,4";"82,0";"91,0";"82,0";"16,7";"18,5";"16,7";"945,8";"945,9";"944,9";"3,9";"197,0";"11,6";"2,30";"1,0"
"20/01/2026";"0200";"19,8";"20,0";"19,6";"81,0";"82,0";"80,0";"16,3";"16,7";"16,3";"946,6";"946,8";"945,8";"2,5";"214,0";"6,4";"4,50";"0,0"
"20/01/2026";"0300";"19,5";"19,9";"19,2";"85,0";"87,0";"81,0";"16,8";"17,1";"16,3";"946,8";"946,9";"946,6";"1,9";"221,0";"4,3";"2,30";"0,0"
"20/01/2026";"0400";"19,4";"19,8";"19,1";"85,0";"87,0";"82,0";"16,8";"17,0";"16,5";"946,1";"946,8";"946,1";"1,2";"262,0";"3,1";"";"0,0"
"20/01/2026";"0500";"18,4";"19,6";"18,3";"92,0";"92,0";"82,0";"17,1";"17,2";"16,5";"945,8";"946,2";"945,8";"1,6";"230,0";"6,7";"0,90";"0,4"
"20/01/2026";"0600";"18,3";"18,5";"18,1";"93,0";"93,0";"92,0";"17,1";"17,3";"16,8";"945,9";"946,0";"945,7";"1,9";"248,0";"2,8";"";"0,0"
"20/01/2026";"0700";"17,7";"18,4";"17,7";"92,0";"93,0";"91,0";"16,4";"17,2";"16,4";"946,0";"946,0";"945,8";"1,1";"233,0";"2,8";"";"0,0"
"20/01/2026";"0800";"17,6";"17,8";"17,4";"93,0";"93,0";"92,0";"16,4";"16,6";"16,2";"946,4";"946,4";"946,0";"1,4";"218,0";"2,5";"";"0,2"
"20/01/2026";"0900";"17,7";"17,7";"17,4";"94,0";"94,0";"93,0";"16,7";"16,7";"16,3";"947,0";"947,0";"946,4";"0,2";"34,0";"2,0";"28,20";"0,0"
"20/01/2026";"1000";"18,5";"18,5";"17,7";"93,0";"94,0";"93,0";"17,2";"17,3";"16,6";"947,7";"947,8";"947,0";"1,0";"61,0";"1,7";"258,70";"0,0"
"20/01/2026";"1100";"19,5";"19,7";"18,5";"74,0";"93,0";"74,0";"14,7";"17,5";"14,7";"948,3";"948,3";"947,7";"0,6";"195,0";"1,8";"525,20";"0,0"
"20/01/2026";"1200";"20,2";"20,6";"19,4";"74,0";"76,0";"72,0";"15,5";"15,9";"14,6";"948,8";"948,8";"948,3";"1,7";"236,0";"3,4";"1078,40";"0,0"
"20/01/2026";"1300";"19,7";"20,2";"19,5";"81,0";"83,0";"74,0";"16,4";"17,0";"15,1";"949,2";"949,2";"948,8";"3,6";"218,0";"5,1";"1531,20";"0,0"
"20/01/2026";"1400";"19,6";"20,7";"19,6";"77,0";"82,0";"74,0";"15,6";"16,9";"15,4";"949,4";"949,4";"949,1";"3,4";"153,0";"5,3";"1470,80";"0,0"
"20/01/2026";"1500";"19,7";"20,6";"19,4";"78,0";"84,0";"77,0";"15,7";"17,0";"15,6";"949,2";"949,4";"949,2";"2,8";"154,0";"5,3";"827,30";"0,2"
"20/01/2026";"1600";"21,2";"21,2";"19,5";"74,0";"81,0";"73,0";"16,3";"16,8";"15,7";"948,8";"949,2";"948,7";"1,1";"210,0";"5,0";"846,10";"0,2"
"20/01/2026";"1700";"21,2";"21,5";"20,9";"74,0";"76,0";"71,0";"16,3";"16,8";"15,6";"948,3";"948,8";"948,3";"1,6";"159,0";"3,6";"908,20";"0,0"
"20/01/2026";"1800";"20,8";"21,8";"20,8";"72,0";"74,0";"68,0";"15,5";"16,4";"15,2";"948,0";"948,3";"948,0";"3,7";"158,0";"6,5";"815,10";"0,0"
"20/01/2026";"1900";"21,2";"21,3";"20,2";"70,0";"76,0";"70,0";"15,5";"16,1";"15,1";"947,7";"948,1";"947,5";"3,1";"159,0";"6,4";"636,70";"0,0"
"20/01/2026";"2000";"20,3";"21,3";"20,3";"71,0";"71,0";"68,0";"14,9";"15,8";"14,7";"948,0";"948,1";"947,7";"3,6";"133,0";"7,1";"725,70";"0,0"
"20/01/2026";"2100";"19,6";"20,3";"19,6";"72,0";"73,0";"70,0";"14,3";"15,2";"14,3";"948,3";"948,3";"948,0";"2,3";"102,0";"6,0";"336,10";"0,0"
"20/01/2026";"2200";"19,0";"19,6";"19,0";"73,0";"74,0";"72,0";"14,2";"14,5";"14,1";"949,0";"949,0";"948,3";"1,7";"118,0";"5,7";"60,90";"0,0"
"20/01/2026";"2300";"18,9";"19,1";"18,8";"72,0";"74,0";"71,0";"13,7";"14,2";"13,7";"949,6";"949,6";"949,0";"1,6";"143,0";"5,1";"";"0,0"
"21/01/2026";"0000";"18,6";"18,9";"18,6";"75,0";"75,0";"71,0";"14,1";"14,1";"13,5";"949,9";"949,9";"949,6";"1,6";"189,0";"4,5";"";"0,0"
"21/01/2026";"0100";"18,1";"18,7";"18,1";"77,0";"77,0";"74,0";"13,9";"14,3";"13,9";"950,1";"950,2";"950,0";"2,1";"175,0";"4,0";"";"0,0"
"21/01/2026";"0200";"18,1";"18,1";"18,0";"78,0";"78,0";"76,0";"14,1";"14,2";"13,9";"950,4";"950,4";"950,1";"2,0";"160,0";"4,2";"";"0,0"
"21/01/2026";"0300";"17,9";"18,1";"17,9";"78,0";"79,0";"77,0";"14,0";"14,2";"13,9";"950,1";"950,4";"950,1";"1,3";"84,0";"4,4";"";"0,0"
"21/01/2026";"0400";"18,0";"18,0";"17,8";"80,0";"81,0";"78,0";"14,4";"14,6";"14,0";"949,6";"950,1";"949,6";"1,1";"120,0";"2,5";"";"0,0"
"21/01/2026";"0500";"17,8";"18,0";"17,8";"81,0";"81,0";"78,0";"14,5";"14,5";"14,1";"949,0";"949,6";"949,0";"0,7";"137,0";"2,1";"";"0,0"
"21/01/2026";"0600";"17,7";"18,0";"17,7";"83,0";"83,0";"80,0";"14,7";"14,7";"14,3";"948,4";"949,0";"948,3";"0,8";"131,0";"1,9";"";"0,0"
"21/01/2026";"0700";"17,7";"17,8";"17,6";"82,0";"83,0";"81,0";"14,5";"14,8";"14,4";"948,2";"948,4";"948,2";"0,3";"156,0";"1,7";"";"0,0"
"21/01/2026";"0800";"17,5";"17,7";"17,4";"83,0";"86,0";"82,0";"14,6";"15,1";"14,5";"948,4";"948,4";"948,1";"1,0";"169,0";"1,4";"";"0,0"
"21/01/2026";"0900";"17,7";"17,7";"17,5";"84,0";"84,0";"82,0";"14,8";"14,8";"14,6";"948,8";"948,8";"948,4";"0,5";"126,0";"2,0";"12,50";"0,0"
"21/01/2026";"1000";"18,2";"18,2";"17,7";"81,0";"84,0";"81,0";"14,9";"15,1";"14,7";"949,6";"949,6";"948,8";"1,0";"136,0";"2,3";"168,20";"0,0"
"21/01/2026";"1100";"19,8";"19,8";"18,2";"73,0";"81,0";"73,0";"14,9";"15,3";"14,7";"949,9";"949,9";"949,6";"0,6";"88,0";"2,0";"629,40";"0,0"
"21/01/2026";"1200";"20,8";"20,8";"19,7";"67,0";"74,0";"67,0";"14,4";"15,3";"13,9";"950,1";"950,1";"949,9";"0,6";"332,0";"2,7";"1239,80";"0,0"
"21/01/2026";"1300";"20,9";"21,5";"20,3";"68,0";"70,0";"65,0";"14,7";"15,1";"14,1";"950,2";"950,2";"950,1";"1,3";"214,0";"3,4";"1070,50";"0,0"
"21/01/2026";"1400";"20,7";"21,3";"20,6";"69,0";"70,0";"66,0";"14,8";"15,3";"14,2";"950,2";"950,3";"950,2";"1,6";"154,0";"4,1";"742,90";"0,0"
"21/01/2026";"1500";"20,9";"21,3";"20,4";"73,0";"75,0";"69,0";"15,8";"15,9";"14,7";"949,8";"950,3";"949,8";"1,7";"145,0";"4,3";"1095,40";"0,0"
"21/01/2026";"1600";"21,3";"21,4";"20,7";"72,0";"73,0";"69,0";"16,0";"16,3";"15,2";"949,6";"949,8";"949,6";"1,1";"194,0";"4,3";"950,80";"0,0"
"21/01/2026";"1700";"21,0";"21,4";"20,9";"75,0";"75,0";"71,0";"16,4";"16,4";"15,6";"949,0";"949,6";"949,0";"2,3";"148,0";"4,4";"1170,80";"0,0"
"21/01/2026";"1800";"20,7";"21,0";"20,1";"77,0";"81,0";"73,0";"16,4";"17,0";"15,8";"948,8";"949,0";"948,8";"2,7";"176,0";"5,0";"1042,10";"0,0"
"21/01/2026";"1900";"21,4";"21,4";"20,3";"72,0";"79,0";"72,0";"16,1";"16,8";"16,0";"948,4";"948,8";"948,4";"1,7";"206,0";"5,6";"802,30";"0,0"
"21/01/2026";"2000";"19,7";"21,5";"19,7";"78,0";"78,0";"69,0";"15,7";"16,2";"15,2";"948,6";"948,6";"948,3";"2,8";"150,0";"5,2";"366,40";"0,0"
"21/01/2026";"2100";"18,7";"19,7";"18,4";"85,0";"87,0";"78,0";"16,1";"16,6";"15,7";"948,8";"948,9";"948,6";"2,8";"163,0";"6,3";"325,00";"0,0"
"21/01/2026";"2200";"18,8";"19,0";"18,7";"74,0";"85,0";"74,0";"14,1";"16,1";"14,0";"949,4";"949,4";"948,8";"2,1";"135,0";"6,9";"68,60";"0,0"
"21/01/2026";"2300";"18,8";"18,9";"18,7";"75,0";"77,0";"74,0";"14,2";"14,5";"14,0";"950,4";"950,4";"949,4";"0,9";"93,0";"4,6";"";"0,0"
"22/01/2026";"0000";"18,5";"18,8";"18,5";"77,0";"77,0";"74,0";"14,4";"14,6";"14,1";"950,6";"950,6";"950,4";"1,8";"171,0";"4,3";"";"0,0"
"22/01/2026";"0100";"18,3";"18,5";"18,3";"76,0";"77,0";"76,0";"14,0";"14,3";"14,0";"950,8";"950,9";"950,7";"2,3";"154,0";"5,5";"";"0,0"
"22/01/2026";"0200";"18,2";"18,4";"18,2";"76,0";"76,0";"74,0";"13,9";"14,0";"13,7";"950,4";"950,8";"950,4";"1,9";"154,0";"4,2";"";"0,0"
"22/01/2026";"0300";"18,0";"18,3";"18,0";"82,0";"82,0";"75,0";"14,8";"14,8";"13,7";"950,3";"950,7";"950,3";"1,0";"105,0";"2,9";"";"0,0"
"22/01/2026";"0400";"17,3";"18,0";"17,3";"92,0";"92,0";"82,0";"15,9";"16,0";"14,8";"949,6";"950,3";"949,6";"0,9";"72,0";"2,5";"";"0,0"
"22/01/2026";"0500";"16,9";"17,3";"16,8";"93,0";"93,0";"92,0";"15,8";"15,9";"15,7";"948,8";"949,6";"948,8";"1,2";"81,0";"2,0";"";"0,0"
"22/01/2026";"0600";"17,0";"17,0";"16,9";"94,0";"94,0";"93,0";"16,0";"16,0";"15,8";"948,7";"948,8";"948,6";"0,8";"98,0";"1,7";"";"0,0"
"22/01/2026";"0700";"17,1";"17,2";"17,0";"91,0";"94,0";"91,0";"15,7";"16,1";"15,7";"948,6";"948,8";"948,6";"1,2";"177,0";"1,9";"";"0,0"
"22/01/2026";"0800";"17,3";"17,3";"17,1";"91,0";"92,0";"91,0";"15,8";"15,9";"15,7";"948,7";"948,9";"948,5";"0,4";"220,0";"1,9";"";"0,0"
"22/01/2026";"0900";"17,1";"17,3";"17,0";"86,0";"91,0";"86,0";"14,8";"15,8";"14,7";"949,4";"949,4";"948,6";"0,9";"163,0";"2,3";"4,90";"0,0"
"22/01/2026";"1000";"17,9";"17,9";"17,0";"83,0";"86,0";"83,0";"15,0";"15,1";"14,6";"949,8";"949,8";"949,4";"1,2";"210,0";"2,5";"102,10";"0,0"
"22/01/2026";"1100";"19,3";"19,3";"17,9";"73,0";"83,0";"73,0";"14,4";"15,3";"14,2";"950,2";"950,2";"949,8";"0,5";"152,0";"2,1";"607,20";"0,0"
"22/01/2026";"1200";"19,6";"20,0";"19,2";"70,0";"74,0";"67,0";"13,9";"14,5";"13,3";"950,5";"950,5";"950,2";"1,0";"360,0";"1,8";"730,10";"0,0"
"22/01/2026";"1300";"19,0";"19,9";"18,5";"81,0";"85,0";"67,0";"15,6";"16,6";"13,3";"950,8";"951,0";"950,5";"0,9";"312,0";"3,3";"941,10";"0,2"
"22/01/2026";"1400";"20,5";"21,0";"18,8";"74,0";"82,0";"73,0";"15,7";"16,5";"15,1";"950,5";"950,8";"950,5";"0,9";"80,0";"2,2";"1428,10";"0,0"
"22/01/2026";"1500";"20,8";"21,6";"20,1";"72,0";"76,0";"70,0";"15,5";"16,7";"15,1";"949,9";"950,5";"949,9";"0,9";"43,0";"2,6";"1462,30";"0,0"
"22/01/2026";"1600";"20,8";"21,8";"20,8";"75,0";"75,0";"69,0";"16,2";"16,3";"15,3";"949,2";"949,9";"949,2";"1,0";"51,0";"2,9";"1175,20";"0,0"
"22/01/2026";"1700";"19,4";"20,8";"19,2";"87,0";"88,0";"75,0";"17,2";"17,4";"16,0";"948,9";"949,3";"948,8";"0,8";"33,0";"3,0";"513,60";"0,4"
"22/01/2026";"1800";"19,0";"19,4";"19,0";"90,0";"90,0";"87,0";"17,3";"17,6";"17,1";"948,8";"948,9";"948,8";"0,8";"315,0";"2,5";"286,90";"1,6"
"22/01/2026";"1900";"18,9";"19,3";"18,9";"91,0";"92,0";"90,0";"17,5";"17,8";"17,4";"948,7";"948,9";"948,7";"2,3";"204,0";"3,7";"260,30";"2,2"
"22/01/2026";"2000";"19,2";"19,3";"18,9";"90,0";"92,0";"89,0";"17,4";"17,8";"17,4";"948,5";"948,8";"948,5";"0,8";"229,0";"3,5";"338,30";"1,0"
"22/01/2026";"2100";"19,0";"19,5";"19,0";"91,0";"91,0";"90,0";"17,6";"17,9";"17,4";"949,2";"949,2";"948,4";"1,1";"208,0";"2,1";"202,80";"1,2"
"22/01/2026";"2200";"18,8";"19,1";"18,7";"93,0";"93,0";"91,0";"17,7";"17,9";"17,5";"949,6";"949,7";"949,2";"1,1";"343,0";"2,1";"11,90";"3,4"
"22/01/2026";"2300";"18,5";"18,9";"18,5";"93,0";"93,0";"93,0";"17,4";"17,8";"17,4";"950,0";"950,2";"949,6";"0,8";"97,0";"2,1";"";"1,0"
"23/01/2026";"0000";"18,2";"18,6";"18,2";"89,0";"93,0";"89,0";"16,4";"17,5";"16,4";"950,2";"950,3";"949,9";"1,7";"145,0";"3,1";"";"0,2"
"23/01/2026";"0100";"17,7";"18,2";"17,7";"90,0";"91,0";"89,0";"16,1";"16,5";"16,1";"950,4";"950,4";"950,2";"2,4";"164,0";"4,9";"1,30";"0,4"
"23/01/2026";"0200";"17,5";"17,7";"17,5";"90,0";"91,0";"90,0";"15,8";"16,1";"15,8";"949,9";"950,4";"949,9";"1,8";"200,0";"3,8";"0,10";"0,6"
"23/01/2026";"0300";"17,1";"17,6";"17,1";"93,0";"93,0";"90,0";"15,9";"16,0";"15,7";"949,4";"950,1";"949,4";"1,7";"212,0";"3,3";"";"0,0"
"23/01/2026";"0400";"17,2";"17,4";"17,1";"91,0";"93,0";"91,0";"15,7";"16,1";"15,7";"948,6";"949,5";"948,6";"0,5";"117,0";"2,7";"";"0,0"
"23/01/2026";"0500";"17,3";"17,5";"17,2";"91,0";"92,0";"90,0";"15,9";"16,1";"15,7";"948,4";"948,6";"948,4";"1,4";"228,0";"2,4";"";"0,0"
"23/01/2026";"0600";"17,2";"17,3";"17,1";"92,0";"92,0";"91,0";"15,8";"15,9";"15,7";"947,9";"948,4";"947,9";"1,4";"212,0";"3,3";"2,10";"0,0"
"23/01/2026";"0700";"17,4";"17,5";"17,2";"91,0";"92,0";"91,0";"15,9";"16,1";"15,8";"947,8";"948,0";"947,7";"1,7";"242,0";"3,0";"1,30";"0,0"
"23/01/2026";"0800";"16,9";"17,4";"16,9";"93,0";"93,0";"91,0";"15,8";"15,9";"15,7";"948,4";"948,4";"947,9";"1,1";"211,0";"3,5";"0,30";"0,0"
"23/01/2026";"0900";"17,0";"17,1";"16,9";"93,0";"93,0";"93,0";"15,9";"16,0";"15,8";"948,9";"948,9";"948,4";"1,4";"257,0";"2,3";"3,00";"0,4"
"23/01/2026";"1000";"17,2";"17,3";"16,9";"94,0";"94,0";"93,0";"16,1";"16,3";"15,9";"949,5";"949,5";"948,9";"1,6";"269,0";"2,6";"159,50";"0,6"
"23/01/2026";"1100";"17,7";"17,7";"17,2";"92,0";"94,0";"92,0";"16,3";"16,4";"16,0";"949,8";"949,9";"949,5";"2,2";"226,0";"3,5";"381,30";"0,0"
"23/01/2026";"1200";"18,9";"19,0";"17,7";"89,0";"92,0";"89,0";"17,0";"17,2";"16,3";"950,2";"950,2";"949,7";"2,8";"234,0";"4,2";"860,30";"0,0"
"23/01/2026";"1300";"19,2";"19,4";"18,7";"87,0";"89,0";"86,0";"16,9";"17,3";"16,6";"950,4";"950,4";"950,2";"1,9";"239,0";"4,2";"709,50";"0,0"
"23/01/2026";"1400";"21,5";"21,5";"19,1";"80,0";"88,0";"79,0";"18,0";"18,0";"17,0";"950,1";"950,5";"950,1";"1,0";"327,0";"3,3";"1786,50";"0,0"
"23/01/2026";"1500";"23,0";"23,0";"21,6";"72,0";"81,0";"70,0";"17,7";"18,3";"16,8";"949,5";"950,1";"949,5";"0,8";"320,0";"2,5";"1925,70";"0,0"
"23/01/2026";"1600";"22,4";"23,1";"22,0";"78,0";"78,0";"70,0";"18,3";"18,3";"16,8";"949,1";"949,5";"949,1";"0,8";"117,0";"3,2";"1365,00";"0,0"
"23/01/2026";"1700";"24,3";"24,4";"22,3";"71,0";"78,0";"68,0";"18,7";"18,7";"17,3";"948,3";"949,1";"948,3";"3,1";"30,0";"5,3";"2722,40";"0,0"
"23/01/2026";"1800";"24,8";"25,0";"23,6";"67,0";"72,0";"66,0";"18,2";"19,1";"17,2";"947,8";"948,3";"947,8";"3,7";"38,0";"5,8";"3345,10";"0,2"
"23/01/2026";"1900";"21,3";"25,0";"21,3";"87,0";"87,0";"66,0";"19,0";"19,3";"17,8";"947,9";"948,0";"947,7";"3,1";"81,0";"5,8";"1043,40";"2,6"
"23/01/2026";"2000";"21,1";"21,7";"21,1";"86,0";"90,0";"83,0";"18,7";"19,9";"18,4";"948,0";"948,0";"947,8";"2,9";"66,0";"4,9";"746,70";"0,2"
"23/01/2026";"2100";"20,5";"21,2";"20,4";"89,0";"90,0";"86,0";"18,7";"19,1";"18,4";"948,4";"948,4";"948,0";"1,2";"160,0";"3,8";"250,70";"0,2"
"23/01/2026";"2200";"20,4";"20,8";"20,4";"90,0";"90,0";"88,0";"18,8";"19,0";"18,5";"948,7";"948,7";"948,3";"1,0";"120,0";"2,5";"114,60";"0,0"
"23/01/2026";"2300";"20,2";"20,5";"20,1";"92,0";"92,0";"90,0";"18,8";"18,9";"18,7";"949,2";"949,2";"948,6";"1,1";"82,0";"2,7";"";"0,0"
"24/01/2026";"0000";"20,1";"20,3";"20,0";"90,0";"92,0";"90,0";"18,4";"18,8";"18,4";"949,6";"949,6";"949,2";"0,5";"63,0";"2,0";"";"0,0"
"24/01/2026";"0100";"19,4";"20,2";"19,4";"91,0";"91,0";"89,0";"17,9";"18,5";"17,9";"950,0";"950,0";"949,6";"2,7";"51,0";"3,7";"1,80";"0,0"
"24/01/2026";"0200";"19,2";"19,4";"19,0";"93,0";"93,0";"91,0";"18,0";"18,0";"17,7";"950,1";"950,1";"950,0";"0,7";"26,0";"3,7";"";"0,0"
"24/01/2026";"0300";"19,2";"19,3";"19,1";"92,0";"93,0";"92,0";"17,8";"18,0";"17,7";"949,8";"950,1";"949,8";"0,6";"188,0";"1,4";"";"0,0"
"24/01/2026";"0400";"18,8";"19,2";"18,8";"93,0";"93,0";"92,0";"17,7";"17,9";"17,6";"949,2";"949,8";"949,2";"1,0";"79,0";"1,5";"";"0,0"
"24/01/2026";"0500";"18,8";"19,1";"18,7";"93,0";"94,0";"93,0";"17,6";"18,0";"17,6";"948,8";"949,2";"948,8";"2,2";"50,0";"3,4";"";"0,0"
"24/01/2026";"0600";"18,8";"18,8";"18,6";"93,0";"93,0";"93,0";"17,6";"17,6";"17,4";"948,5";"948,8";"948,5";"1,0";"102,0";"3,4";"";"0,0"
"24/01/2026";"0700";"18,6";"18,8";"18,6";"93,0";"93,0";"92,0";"17,4";"17,6";"17,3";"948,1";"948,5";"948,1";"0,2";"305,0";"1,8";"";"0,0"
"24/01/2026";"0800";"18,9";"18,9";"18,6";"92,0";"93,0";"92,0";"17,6";"17,7";"17,4";"948,3";"948,3";"948,1";"1,0";"130,0";"1,8";"";"0,0"
"24/01/2026";"0900";"19,0";"19,0";"18,8";"92,0";"92,0";"92,0";"17,7";"17,7";"17,5";"949,4";"949,4";"948,3";"0,8";"229,0";"1,8";"19,80";"0,0"
"24/01/2026";"1000";"18,8";"19,1";"18,8";"93,0";"93,0";"92,0";"17,6";"17,8";"17,6";"949,9";"949,9";"949,4";"0,8";"119,0";"1,4";"64,00";"1,0"
"24/01/2026";"1100";"19,3";"19,3";"18,8";"92,0";"93,0";"92,0";"17,9";"18,1";"17,6";"950,6";"950,6";"949,9";"1,0";"140,0";"1,9";"439,90";"0,6"
"24/01/2026";"1200";"20,3";"20,6";"19,3";"86,0";"92,0";"86,0";"17,9";"18,9";"17,8";"950,8";"950,8";"950,5";"0,7";"100,0";"2,2";"938,30";"0,4"
"24/01/2026";"1300";"20,9";"21,4";"20,3";"86,0";"88,0";"85,0";"18,4";"19,0";"17,9";"950,7";"950,9";"950,7";"1,1";"234,0";"1,9";"1082,40";"0,6"
"24/01/2026";"1400";"21,3";"21,8";"20,9";"83,0";"88,0";"82,0";"18,4";"19,3";"18,4";"950,5";"950,8";"950,5";"1,5";"227,0";"3,0";"1334,20";"0,2"
"24/01/2026";"1500";"22,1";"22,3";"21,3";"82,0";"85,0";"81,0";"18,8";"19,4";"18,4";"950,4";"950,6";"950,3";"1,4";"231,0";"2,6";"1410,20";"0,0"
"24/01/2026";"1600";"22,5";"22,5";"21,5";"84,0";"87,0";"81,0";"19,7";"19,7";"18,7";"949,6";"950,4";"949,6";"1,2";"237,0";"2,6";"1276,80";"0,6"
"24/01/2026";"1700";"23,3";"23,6";"22,3";"75,0";"85,0";"75,0";"18,7";"20,2";"18,7";"948,9";"949,6";"948,9";"3,3";"151,0";"5,4";"1829,70";"0,2"
"24/01/2026";"1800";"23,9";"24,9";"23,3";"74,0";"78,0";"72,0";"18,9";"20,0";"18,5";"948,6";"948,9";"948,4";"1,5";"151,0";"5,4";"1627,70";"0,0"
"24/01/2026";"1900";"21,8";"24,3";"21,8";"87,0";"87,0";"70,0";"19,6";"19,7";"18,2";"948,1";"948,7";"948,1";"3,1";"225,0";"5,0";"974,50";"0,0"
"24/01/2026";"2000";"22,2";"22,6";"21,6";"84,0";"91,0";"84,0";"19,3";"20,7";"19,3";"948,4";"948,4";"948,1";"1,3";"257,0";"5,0";"745,80";"0,6"
"24/01/2026";"2100";"20,5";"22,2";"20,3";"94,0";"94,0";"84,0";"19,5";"19,9";"19,2";"949,1";"949,1";"948,5";"1,6";"42,0";"4,0";"29,40";"16,0"
"24/01/2026";"2200";"20,0";"20,6";"20,0";"94,0";"94,0";"93,0";"19,0";"19,5";"19,0";"950,1";"950,1";"949,1";"2,1";"2,0";"4,0";"13,20";"5,0"
"24/01/2026";"2300";"19,8";"20,1";"19,6";"94,0";"94,0";"94,0";"18,7";"19,0";"18,6";"950,6";"950,6";"950,1";"0,7";"282,0";"3,4";"";"2,8"
"25/01/2026";"0000";"19,9";"20,0";"19,7";"94,0";"94,0";"94,0";"18,9";"18,9";"18,7";"951,5";"951,5";"950,4";"0,7";"61,0";"2,2";"";"0,0"
"25/01/2026";"0100";"19,9";"20,0";"19,8";"94,0";"94,0";"94,0";"18,9";"18,9";"18,7";"951,9";"951,9";"951,4";"1,2";"5,0";"2,3";"";"0,2"
"25/01/2026";"0200";"19,7";"19,9";"19,7";"94,0";"94,0";"94,0";"18,7";"18,9";"18,7";"951,6";"951,9";"951,5";"0,9";"93,0";"2,3";"";"0,4"
"25/01/2026";"0300";"19,6";"19,8";"19,5";"94,0";"94,0";"94,0";"18,6";"18,8";"18,5";"951,2";"951,6";"951,2";"2,4";"52,0";"3,6";"";"0,0"
"25/01/2026";"0400";"19,5";"19,7";"19,5";"94,0";"94,0";"94,0";"18,5";"18,7";"18,5";"950,2";"951,2";"950,1";"0,5";"80,0";"4,6";"";"0,0"
"25/01/2026";"0500";"19,3";"19,6";"19,2";"94,0";"94,0";"94,0";"18,4";"18,6";"18,2";"950,0";"950,2";"950,0";"0,8";"358,0";"1,7";"";"0,0"
"25/01/2026";"0600";"19,5";"19,6";"19,2";"94,0";"94,0";"94,0";"18,6";"18,6";"18,3";"949,7";"950,2";"949,7";"1,7";"156,0";"2,3";"";"0,0"
"25/01/2026";"0700";"19,2";"19,5";"19,1";"94,0";"94,0";"94,0";"18,3";"18,6";"18,2";"949,9";"949,9";"949,5";"1,4";"316,0";"3,0";"";"0,0"
"25/01/2026";"0800";"19,1";"19,3";"19,1";"94,0";"94,0";"94,0";"18,2";"18,4";"18,2";"950,1";"950,1";"949,9";"1,0";"126,0";"2,2";"";"0,0"
"25/01/2026";"0900";"19,0";"19,3";"19,0";"94,0";"94,0";"94,0";"18,1";"18,4";"18,1";"950,6";"950,6";"950,1";"1,1";"171,0";"1,8";"10,80";"0,0"
"25/01/2026";"1000";"19,7";"19,7";"18,9";"94,0";"94,0";"94,0";"18,7";"18,7";"18,0";"951,0";"951,0";"950,6";"0,9";"51,0";"1,6";"157,80";"0,0"
"25/01/2026";"1100";"20,8";"21,0";"19,5";"87,0";"93,0";"87,0";"18,6";"19,0";"18,3";"952,0";"952,0";"951,0";"0,5";"325,0";"1,4";"607,20";"0,0"
"25/01/2026";"1200";"21,6";"21,7";"20,8";"81,0";"87,0";"81,0";"18,2";"19,1";"18,2";"952,4";"952,4";"952,0";"0,7";"338,0";"1,5";"720,50";"0,0"
"25/01/2026";"1300";"22,4";"22,5";"21,6";"79,0";"82,0";"79,0";"18,6";"18,9";"17,9";"952,6";"952,6";"952,4";"2,4";"17,0";"3,6";"1137,30";"0,0"
"25/01/2026";"1400";"23,8";"24,1";"22,4";"73,0";"80,0";"73,0";"18,7";"19,5";"18,1";"952,2";"952,6";"952,2";"1,9";"59,0";"4,1";"2134,40";"0,0"
"25/01/2026";"1500";"24,3";"24,4";"23,3";"71,0";"77,0";"71,0";"18,8";"19,6";"18,0";"951,7";"952,3";"951,7";"1,1";"28,0";"4,1";"1577,40";"0,0"
"25/01/2026";"1600";"26,3";"26,3";"24,2";"66,0";"73,0";"66,0";"19,4";"20,0";"18,5";"950,6";"951,7";"950,6";"1,3";"74,0";"3,5";"3359,50";"0,2"
"25/01/2026";"1700";"28,5";"28,6";"26,2";"60,0";"69,0";"59,0";"20,1";"21,0";"19,1";"949,2";"950,6";"949,2";"1,6";"73,0";"4,6";"3613,50";"0,0"
"25/01/2026";"1800";"28,6";"29,6";"28,1";"52,0";"60,0";"48,0";"17,9";"20,1";"17,1";"948,5";"949,2";"948,5";"1,3";"264,0";"4,6";"2568,80";"0,0"
"25/01/2026";"1900";"22,5";"28,7";"22,5";"75,0";"78,0";"51,0";"17,9";"19,7";"17,2";"948,5";"949,5";"948,4";"2,2";"283,0";"11,0";"250,40";"0,0"
"25/01/2026";"2000";"21,7";"22,5";"21,4";"83,0";"86,0";"73,0";"18,7";"19,4";"17,4";"950,4";"950,6";"948,4";"3,7";"142,0";"6,3";"100,40";"0,6"
"25/01/2026";"2100";"20,7";"21,7";"20,6";"90,0";"90,0";"82,0";"19,0";"19,0";"18,3";"950,8";"951,4";"950,2";"0,8";"73,0";"6,6";"99,20";"2,4"
"25/01/2026";"2200";"20,0";"21,0";"20,0";"87,0";"91,0";"84,0";"17,7";"19,4";"17,7";"952,4";"952,4";"950,8";"3,3";"47,0";"6,6";"84,40";"0,0"
"25/01/2026";"2300";"20,1";"20,3";"19,6";"85,0";"90,0";"84,0";"17,5";"18,2";"17,5";"952,1";"952,4";"951,3";"1,5";"10,0";"7,8";"";"0,6"
"26/01/2026";"0000";"19,3";"20,1";"18,9";"90,0";"90,0";"83,0";"17,5";"17,8";"16,9";"952,1";"952,2";"952,0";"2,9";"1,0";"5,9";"";"0,4"
"26/01/2026";"0100";"18,4";"19,4";"18,3";"92,0";"92,0";"89,0";"17,2";"17,5";"17,0";"952,7";"952,7";"952,1";"3,5";"62,0";"4,3";"";"0,0"
"26/01/2026";"0200";"18,7";"19,0";"18,4";"90,0";"93,0";"89,0";"17,1";"17,6";"16,7";"952,0";"952,8";"952,0";"1,8";"98,0";"5,3";"";"0,0"
"26/01/2026";"0300";"18,0";"18,9";"17,8";"93,0";"93,0";"89,0";"16,8";"17,1";"16,5";"951,3";"952,0";"951,2";"0,8";"132,0";"2,8";"";"0,0"
"26/01/2026";"0400";"17,4";"18,1";"17,4";"93,0";"94,0";"93,0";"16,3";"16,9";"16,3";"950,7";"951,4";"950,7";"0,8";"306,0";"1,7";"";"0,0"
"26/01/2026";"0500";"17,4";"17,5";"17,2";"94,0";"94,0";"93,0";"16,5";"16,6";"16,2";"950,2";"950,6";"950,1";"0,6";"99,0";"1,2";"";"0,0"
"26/01/2026";"0600";"16,9";"17,6";"16,7";"95,0";"95,0";"94,0";"16,1";"16,7";"15,9";"950,2";"950,3";"950,1";"0,6";"166,0";"1,5";"";"0,0"
"26/01/2026";"0700";"16,9";"17,1";"16,5";"95,0";"95,0";"95,0";"16,1";"16,3";"15,6";"950,4";"950,6";"950,2";"0,5";"224,0";"2,3";"";"0,0"
"26/01/2026";"0800";"16,4";"16,9";"16,3";"95,0";"95,0";"95,0";"15,6";"16,0";"15,5";"950,9";"950,9";"950,4";"0,8";"207,0";"1,1";"";"0,0"
"26/01/2026";"0900";"16,5";"16,5";"16,1";"95,0";"95,0";"95,0";"15,7";"15,7";"15,3";"951,4";"951,4";"950,9";"0,7";"108,0";"1,2";"15,50";"0,0"
"26/01/2026";"1000";"19,3";"19,3";"16,5";"94,0";"95,0";"94,0";"18,3";"18,3";"15,8";"951,9";"951,9";"951,4";"0,7";"177,0";"1,5";"461,80";"0,0"
"26/01/2026";"1100";"21,2";"21,4";"18,8";"80,0";"94,0";"80,0";"17,6";"18,5";"16,9";"952,5";"952,5";"951,9";"1,1";"105,0";"2,3";"1256,40";"0,0"
"26/01/2026";"1200";"22,6";"23,0";"20,8";"75,0";"80,0";"73,0";"17,8";"18,4";"16,9";"952,8";"952,8";"952,4";"1,5";"13,0";"3,9";"2276,90";"0,0"
"26/01/2026";"1300";"24,3";"24,3";"22,5";"71,0";"75,0";"70,0";"18,7";"18,9";"17,4";"952,6";"952,8";"952,6";"1,1";"11,0";"3,5";"2776,50";"0,0"
"26/01/2026";"1400";"25,8";"26,6";"23,9";"65,0";"72,0";"64,0";"18,6";"20,2";"17,8";"952,2";"952,7";"952,1";"2,2";"14,0";"4,1";"3368,60";"0,0"
"26/01/2026";"1500";"27,0";"27,4";"25,6";"62,0";"67,0";"62,0";"19,2";"20,2";"18,5";"951,6";"952,2";"951,6";"2,1";"36,0";"6,1";"3629,90";"0,0"
"26/01/2026";"1600";"29,2";"29,2";"26,9";"52,0";"67,0";"49,0";"18,4";"20,7";"17,3";"950,9";"951,6";"950,9";"1,7";"105,0";"5,0";"3753,70";"0,0"
"26/01/2026";"1700";"30,1";"30,4";"28,9";"47,0";"53,0";"46,0";"17,6";"18,7";"17,1";"950,3";"950,9";"950,3";"2,6";"325,0";"4,3";"3629,60";"0,0"
"26/01/2026";"1800";"30,9";"31,4";"29,8";"42,0";"50,0";"41,0";"16,4";"18,6";"16,4";"949,3";"950,3";"949,3";"1,5";"243,0";"4,1";"3235,70";"0,0"
"26/01/2026";"1900";"30,4";"31,3";"29,9";"45,0";"48,0";"42,0";"17,1";"18,1";"16,5";"948,8";"949,3";"948,8";"1,7";"267,0";"3,6";"2024,60";"0,0"
"26/01/2026";"2000";"20,2";"30,9";"20,2";"83,0";"83,0";"43,0";"17,2";"19,1";"15,4";"949,4";"949,5";"948,7";"10,2";"137,0";"21,2";"1397,80";"3,2"
"26/01/2026";"2100";"21,8";"23,2";"19,1";"85,0";"92,0";"73,0";"19,1";"21,6";"16,4";"949,5";"950,2";"949,2";"5,2";"163,0";"21,2";"233,90";"28,0"
"26/01/2026";"2200";"22,7";"22,8";"21,7";"82,0";"89,0";"82,0";"19,4";"20,4";"19,1";"951,3";"951,3";"949,5";"2,9";"113,0";"8,3";"66,70";"0,0"
"26/01/2026";"2300";"20,0";"22,8";"19,8";"89,0";"89,0";"76,0";"18,1";"19,2";"17,3";"952,1";"952,1";"951,3";"3,4";"44,0";"7,8";"10,00";"3,2"
"27/01/2026";"0000";"20,1";"20,1";"19,6";"87,0";"91,0";"87,0";"17,9";"18,3";"17,8";"952,5";"952,7";"952,0";"1,7";"85,0";"7,3";"0,80";"0,6"
"27/01/2026";"0100";"19,7";"20,1";"19,5";"91,0";"91,0";"87,0";"18,1";"18,3";"17,8";"952,7";"952,8";"952,4";"1,2";"270,0";"2,7";"";"0,0"
"27/01/2026";"0200";"19,0";"19,7";"18,9";"93,0";"93,0";"91,0";"17,8";"18,3";"17,8";"951,8";"952,7";"951,8";"0,6";"213,0";"2,3";"";"0,0"
"27/01/2026";"0300";"18,6";"19,2";"18,4";"94,0";"94,0";"93,0";"17,6";"18,0";"17,4";"951,5";"951,9";"951,5";"0,7";"218,0";"2,0";"";"0,2"
"27/01/2026";"0400";"18,2";"18,7";"18,1";"95,0";"95,0";"94,0";"17,3";"17,8";"17,3";"950,9";"951,5";"950,9";"0,9";"344,0";"1,8";"";"0,0"
"27/01/2026";"0500";"17,7";"18,2";"17,7";"95,0";"95,0";"95,0";"16,9";"17,3";"16,9";"950,4";"950,9";"950,4";"0,7";"196,0";"1,5";"";"0,0"
"27/01/2026";"0600";"17,2";"18,1";"17,1";"95,0";"95,0";"95,0";"16,4";"17,3";"16,3";"950,1";"950,4";"950,0";"0,4";"156,0";"1,3";"";"0,0"
"27/01/2026";"0700";"17,3";"17,7";"17,2";"95,0";"95,0";"95,0";"16,5";"17,0";"16,4";"950,3";"950,3";"950,0";"0,3";"352,0";"1,4";"";"0,0"
"27/01/2026";"0800";"16,8";"17,4";"16,8";"95,0";"95,0";"95,0";"16,0";"16,6";"16,0";"950,7";"950,7";"950,3";"0,7";"236,0";"1,3";"";"0,0"
"27/01/2026";"0900";"17,4";"17,5";"16,8";"96,0";"96,0";"95,0";"16,6";"16,8";"16,1";"951,5";"951,5";"950,7";"0,9";"238,0";"1,8";"9,40";"0,0"
"27/01/2026";"1000";"18,5";"18,5";"17,4";"95,0";"96,0";"95,0";"17,8";"17,8";"16,7";"952,1";"952,1";"951,4";"1,5";"158,0";"3,5";"215,80";"0,0"
"27/01/2026";"1100";"19,1";"19,2";"18,4";"95,0";"95,0";"95,0";"18,3";"18,4";"17,7";"952,4";"952,5";"952,1";"1,0";"171,0";"2,1";"480,30";"0,0"
"27/01/2026";"1200";"20,6";"20,6";"19,1";"88,0";"95,0";"88,0";"18,6";"19,1";"18,3";"952,6";"952,6";"952,4";"0,7";"37,0";"2,1";"835,80";"0,0"
"27/01/2026";"1300";"23,0";"23,0";"20,6";"79,0";"88,0";"78,0";"19,1";"19,4";"18,2";"952,5";"952,6";"952,5";"1,2";"287,0";"4,3";"1929,80";"0,0"
"27/01/2026";"1400";"24,6";"25,2";"23,0";"72,0";"79,0";"69,0";"19,3";"19,8";"18,2";"952,1";"952,5";"952,1";"1,2";"216,0";"4,4";"2668,60";"0,0"
"27/01/2026";"1500";"26,5";"26,5";"24,2";"68,0";"73,0";"65,0";"20,1";"20,1";"18,3";"951,3";"952,1";"951,3";"0,8";"349,0";"4,0";"2874,10";"0,0"
"27/01/2026";"1600";"27,7";"28,2";"26,0";"59,0";"68,0";"58,0";"18,9";"20,5";"18,4";"950,5";"951,3";"950,5";"1,7";"199,0";"4,3";"3305,50";"0,0"
"27/01/2026";"1700";"29,7";"29,9";"27,7";"49,0";"59,0";"48,0";"17,9";"20,0";"17,4";"949,7";"950,5";"949,7";"2,4";"248,0";"5,1";"3298,10";"0,0"
"27/01/2026";"1800";"30,4";"30,5";"29,0";"49,0";"57,0";"47,0";"18,4";"20,0";"17,9";"948,6";"949,7";"948,5";"1,1";"283,0";"7,9";"2982,70";"0,0"
"27/01/2026";"1900";"29,6";"30,8";"28,2";"47,0";"53,0";"46,0";"17,1";"19,3";"16,7";"947,9";"948,6";"947,9";"2,8";"336,0";"7,0";"2763,00";"0,0"
"27/01/2026";"2000";"28,0";"29,5";"28,0";"55,0";"55,0";"47,0";"18,2";"18,2";"16,8";"948,4";"948,4";"947,8";"2,1";"130,0";"4,4";"1175,20";"0,0"
"27/01/2026";"2100";"25,0";"28,0";"25,0";"69,0";"70,0";"55,0";"19,1";"19,6";"17,9";"949,1";"949,1";"948,4";"3,7";"118,0";"7,8";"155,70";"0,0"
"27/01/2026";"2200";"21,0";"25,0";"21,0";"84,0";"84,0";"66,0";"18,2";"19,0";"17,6";"950,4";"950,6";"949,1";"2,4";"352,0";"7,2";"7,90";"0,0"
"27/01/2026";"2300";"20,8";"21,0";"20,4";"88,0";"89,0";"84,0";"18,7";"18,8";"18,2";"950,7";"950,9";"950,2";"0,7";"125,0";"5,5";"";"0,0"
"28/01/2026";"0000";"20,6";"20,9";"20,4";"88,0";"90,0";"87,0";"18,5";"19,0";"18,3";"950,8";"950,9";"950,5";"0,9";"193,0";"2,8";"";"0,2"
"28/01/2026";"0100";"20,2";"20,7";"19,9";"91,0";"91,0";"88,0";"18,7";"18,9";"18,4";"950,8";"950,9";"950,7";"0,4";"56,0";"2,0";"";"0,0"
"28/01/2026";"0200";"19,7";"20,2";"19,6";"91,0";"92,0";"91,0";"18,2";"18,7";"18,1";"950,7";"950,8";"950,5";"0,5";"321,0";"2,2";"";"0,0"
"28/01/2026";"0300";"19,5";"19,7";"19,2";"93,0";"93,0";"91,0";"18,3";"18,3";"17,9";"950,1";"950,7";"950,0";"0,8";"301,0";"1,9";"";"0,0"
"28/01/2026";"0400";"19,0";"19,5";"18,7";"94,0";"94,0";"92,0";"18,0";"18,3";"17,5";"949,8";"950,1";"949,8";"0,5";"322,0";"1,3";"";"0,0"
"28/01/2026";"0500";"18,6";"19,1";"18,6";"94,0";"94,0";"93,0";"17,6";"18,0";"17,5";"949,6";"949,8";"949,6";"0,6";"193,0";"1,1";"";"0,0"
"28/01/2026";"0600";"18,3";"18,9";"18,0";"94,0";"94,0";"94,0";"17,4";"17,9";"17,0";"949,4";"949,6";"949,3";"1,3";"117,0";"1,9";"";"0,0"
"28/01/2026";"0700";"18,0";"18,7";"18,0";"94,0";"94,0";"94,0";"17,0";"17,8";"17,0";"949,5";"949,5";"949,3";"1,6";"212,0";"2,0";"";"0,0"
"28/01/2026";"0800";"18,0";"18,2";"17,8";"94,0";"94,0";"94,0";"17,1";"17,3";"16,8";"950,0";"950,0";"949,5";"0,7";"300,0";"2,0";"";"0,0"
"28/01/2026";"0900";"18,4";"18,5";"17,8";"94,0";"95,0";"94,0";"17,4";"17,6";"16,9";"950,8";"950,8";"950,0";"0,6";"310,0";"1,7";"12,80";"0,0"
"28/01/2026";"1000";"19,3";"19,3";"18,4";"93,0";"94,0";"93,0";"18,1";"18,1";"17,5";"951,1";"951,1";"950,8";"0,8";"143,0";"1,5";"132,90";"0,0"
"28/01/2026";"1100";"21,0";"21,1";"19,3";"86,0";"93,0";"86,0";"18,5";"18,9";"18,1";"951,3";"951,3";"951,1";"0,7";"341,0";"1,6";"708,10";"0,0"
"28/01/2026";"1200";"23,1";"23,4";"20,8";"78,0";"87,0";"77,0";"19,0";"19,6";"18,3";"951,6";"951,7";"951,3";"0,9";"353,0";"2,1";"1309,70";"0,0"
"28/01/2026";"1300";"24,9";"24,9";"22,8";"73,0";"79,0";"72,0";"19,8";"20,1";"18,7";"951,4";"951,7";"951,4";"1,6";"68,0";"3,5";"2899,70";"0,0"
"28/01/2026";"1400";"27,9";"27,9";"24,8";"60,0";"73,0";"59,0";"19,4";"20,5";"18,4";"950,5";"951,4";"950,5";"1,8";"43,0";"4,8";"3261,00";"0,0"
"28/01/2026";"1500";"28,1";"28,6";"27,6";"57,0";"61,0";"53,0";"18,8";"19,8";"17,9";"950,1";"950,5";"950,1";"2,6";"212,0";"4,8";"2121,20";"0,0"
"28/01/2026";"1600";"29,7";"30,2";"28,0";"50,0";"59,0";"49,0";"18,1";"19,9";"17,6";"949,3";"950,1";"949,3";"1,6";"319,0";"4,6";"2991,00";"0,0"
"28/01/2026";"1700";"29,2";"30,8";"28,6";"56,0";"58,0";"48,0";"19,4";"20,0";"18,0";"948,3";"949,4";"948,3";"2,7";"292,0";"5,9";"1616,60";"0,0"
"28/01/2026";"1800";"29,5";"30,4";"28,3";"50,0";"58,0";"49,0";"18,0";"20,0";"17,9";"948,3";"948,6";"947,6";"2,3";"306,0";"5,5";"1930,30";"0,0"
"28/01/2026";"1900";"24,3";"29,6";"24,3";"66,0";"66,0";"48,0";"17,4";"18,7";"16,9";"947,4";"948,3";"947,3";"3,7";"218,0";"9,2";"594,20";"0,0"
"28/01/2026";"2000";"23,8";"24,6";"23,8";"69,0";"70,0";"66,0";"17,7";"18,2";"17,4";"948,4";"948,7";"947,4";"4,0";"158,0";"7,7";"55,70";"0,0"
"28/01/2026";"2100";"22,9";"23,8";"22,9";"72,0";"73,0";"69,0";"17,7";"17,9";"17,6";"949,2";"949,2";"948,4";"2,7";"163,0";"8,5";"62,00";"0,0"
"28/01/2026";"2200";"22,1";"23,0";"21,9";"81,0";"81,0";"71,0";"18,7";"18,7";"17,4";"949,5";"949,6";"949,1";"3,5";"48,0";"5,6";"22,70";"0,0"
"28/01/2026";"2300";"21,8";"22,5";"21,8";"84,0";"84,0";"80,0";"18,9";"19,1";"18,8";"949,8";"950,2";"949,5";"2,0";"121,0";"5,5";"";"0,0"
"29/01/2026";"0000";"21,4";"21,8";"21,0";"83,0";"86,0";"83,0";"18,3";"19,0";"18,3";"950,4";"950,4";"949,8";"1,3";"117,0";"3,0";"";"0,0"
"29/01/2026";"0100";"21,0";"21,4";"20,5";"85,0";"87,0";"83,0";"18,4";"18,7";"18,2";"951,5";"951,6";"950,4";"0,8";"191,0";"2,8";"";"0,0"
"29/01/2026";"0200";"19,9";"21,0";"19,9";"90,0";"90,0";"85,0";"18,2";"18,7";"18,0";"951,5";"951,7";"951,5";"0,7";"344,0";"1,8";"";"0,0"
"29/01/2026";"0300";"19,3";"20,0";"19,3";"91,0";"91,0";"90,0";"17,9";"18,3";"17,8";"950,4";"951,5";"950,3";"1,0";"138,0";"2,3";"";"0,0"
"29/01/2026";"0400";"18,4";"19,4";"18,4";"93,0";"93,0";"91,0";"17,3";"18,2";"17,3";"949,5";"950,4";"949,5";"1,4";"27,0";"2,6";"";"0,0"
"29/01/2026";"0500";"18,7";"19,3";"18,4";"93,0";"94,0";"93,0";"17,4";"18,2";"17,3";"948,6";"949,5";"948,6";"0,8";"3,0";"2,9";"";"0,0"
"29/01/2026";"0600";"18,4";"19,0";"18,4";"93,0";"93,0";"93,0";"17,2";"17,8";"17,2";"948,8";"948,8";"948,4";"0,9";"236,0";"1,9";"";"0,0"
"29/01/2026";"0700";"18,0";"18,5";"18,0";"94,0";"94,0";"93,0";"17,0";"17,4";"17,0";"949,0";"949,1";"948,8";"0,9";"51,0";"1,5";"";"0,0"
"29/01/2026";"0800";"19,1";"19,1";"17,9";"94,0";"94,0";"94,0";"18,2";"18,2";"16,9";"949,4";"949,4";"949,0";"1,3";"73,0";"2,4";"";"0,0"
"29/01/2026";"0900";"18,9";"19,2";"18,9";"95,0";"95,0";"94,0";"18,1";"18,3";"18,1";"950,0";"950,0";"949,3";"1,5";"147,0";"2,4";"10,50";"0,0"
"29/01/2026";"1000";"19,4";"19,4";"18,8";"94,0";"95,0";"94,0";"18,3";"18,4";"17,9";"950,2";"950,3";"950,0";"1,1";"189,0";"2,5";"207,60";"0,0"
"29/01/2026";"1100";"22,2";"22,2";"19,3";"82,0";"94,0";"82,0";"18,9";"19,3";"17,9";"950,2";"950,4";"950,2";"0,3";"57,0";"2,1";"933,10";"0,0"
"29/01/2026";"1200";"24,5";"24,5";"22,0";"71,0";"82,0";"71,0";"18,8";"19,3";"18,0";"950,4";"950,4";"950,2";"0,7";"13,0";"2,5";"2165,80";"0,0"
"29/01/2026";"1300";"26,2";"26,2";"23,9";"64,0";"72,0";"63,0";"18,9";"19,5";"18,0";"950,2";"950,4";"950,2";"1,2";"2,0";"4,4";"2950,80";"0,0"
"29/01/2026";"1400";"27,3";"27,9";"26,1";"55,0";"65,0";"55,0";"17,5";"19,4";"17,5";"949,9";"950,2";"949,9";"1,2";"18,0";"3,3";"2878,90";"0,0"
"29/01/2026";"1500";"29,2";"29,9";"27,3";"46,0";"57,0";"45,0";"16,5";"18,9";"16,5";"949,1";"949,9";"949,1";"2,1";"249,0";"5,4";"3289,20";"0,0"
"29/01/2026";"1600";"29,3";"29,9";"29,1";"50,0";"51,0";"46,0";"17,7";"18,1";"16,6";"948,5";"949,1";"948,5";"2,1";"212,0";"5,4";"2309,60";"0,0"
"29/01/2026";"1700";"29,7";"31,1";"29,0";"49,0";"52,0";"43,0";"17,9";"18,6";"16,7";"947,4";"948,5";"947,4";"3,2";"235,0";"5,6";"2304,30";"0,0"
"29/01/2026";"1800";"30,9";"31,1";"29,6";"45,0";"50,0";"43,0";"17,5";"18,4";"16,7";"946,5";"947,4";"946,5";"3,4";"235,0";"5,6";"2209,80";"0,0"
"29/01/2026";"1900";"31,6";"31,6";"30,0";"42,0";"47,0";"40,0";"17,1";"18,1";"16,1";"945,3";"946,5";"945,3";"2,1";"264,0";"5,6";"2666,80";"0,0"
"29/01/2026";"2000";"25,0";"31,6";"25,0";"68,0";"70,0";"41,0";"18,7";"19,4";"16,5";"945,5";"945,5";"944,8";"2,8";"54,0";"7,4";"915,70";"0,0"
"29/01/2026";"2100";"24,4";"25,1";"24,3";"71,0";"73,0";"62,0";"18,7";"19,4";"17,2";"945,4";"945,7";"945,3";"2,9";"76,0";"6,0";"268,60";"0,0"
"29/01/2026";"2200";"21,9";"24,5";"21,9";"86,0";"86,0";"69,0";"19,4";"19,5";"18,3";"946,6";"946,6";"945,4";"2,2";"74,0";"4,6";"19,90";"0,0"
"29/01/2026";"2300";"22,0";"22,2";"21,7";"87,0";"87,0";"85,0";"19,7";"19,8";"19,2";"947,4";"947,4";"946,4";"2,0";"78,0";"3,1";"";"0,6"
"30/01/2026";"0000";"21,9";"22,1";"21,3";"84,0";"87,0";"81,0";"19,0";"19,7";"18,3";"948,1";"948,1";"947,4";"1,5";"35,0";"5,4";"0,30";"0,0"
"30/01/2026";"0100";"21,1";"21,9";"21,1";"80,0";"84,0";"76,0";"17,4";"18,9";"17,3";"948,5";"948,5";"948,1";"1,2";"156,0";"4,5";"0,90";"0,0"
"30/01/2026";"0200";"20,6";"21,3";"20,6";"82,0";"82,0";"78,0";"17,5";"17,8";"17,1";"948,3";"948,6";"948,3";"1,7";"225,0";"3,1";"";"0,0"
"30/01/2026";"0300";"20,2";"20,6";"20,2";"89,0";"89,0";"82,0";"18,3";"18,4";"17,5";"947,7";"948,4";"947,7";"0,6";"92,0";"2,3";"";"0,0"
"30/01/2026";"0400";"20,1";"20,4";"20,0";"90,0";"90,0";"89,0";"18,4";"18,7";"18,3";"947,5";"947,8";"947,5";"2,6";"231,0";"3,7";"";"1,8"
"30/01/2026";"0500";"20,1";"20,3";"19,9";"93,0";"93,0";"90,0";"18,9";"19,0";"18,3";"947,4";"947,6";"947,4";"2,6";"225,0";"4,8";"";"3,2"
"30/01/2026";"0600";"19,1";"20,2";"19,1";"92,0";"93,0";"89,0";"17,7";"19,0";"17,6";"946,2";"947,4";"946,2";"2,0";"109,0";"4,7";"";"4,8"
"30/01/2026";"0700";"19,5";"19,5";"19,1";"92,0";"93,0";"92,0";"18,3";"18,3";"17,7";"946,0";"946,2";"946,0";"1,3";"358,0";"2,8";"";"1,0"
"30/01/2026";"0800";"19,2";"19,6";"19,2";"94,0";"94,0";"92,0";"18,2";"18,3";"17,9";"945,8";"946,0";"945,8";"3,0";"85,0";"3,6";"";"2,2"
"30/01/2026";"0900";"19,3";"19,4";"19,2";"93,0";"94,0";"93,0";"18,1";"18,3";"18,1";"945,7";"945,9";"945,6";"1,0";"24,0";"4,1";"3,50";"0,8"
"30/01/2026";"1000";"19,9";"20,0";"19,2";"92,0";"93,0";"91,0";"18,5";"18,7";"18,1";"946,0";"946,1";"945,5";"3,1";"37,0";"6,1";"190,10";"0,2"
"30/01/2026";"1100";"20,3";"20,3";"19,8";"91,0";"92,0";"91,0";"18,8";"18,9";"18,4";"946,2";"946,2";"946,0";"2,0";"42,0";"6,1";"323,10";"0,0"
"30/01/2026";"1200";"21,7";"21,7";"20,2";"88,0";"91,0";"87,0";"19,5";"19,5";"18,8";"946,0";"946,3";"946,0";"1,5";"42,0";"3,8";"707,20";"0,0"
"30/01/2026";"1300";"23,5";"24,0";"21,7";"75,0";"88,0";"74,0";"18,9";"20,6";"18,5";"945,9";"946,2";"945,8";"2,2";"42,0";"4,2";"2428,10";"0,0"
"30/01/2026";"1400";"25,3";"25,3";"23,5";"69,0";"76,0";"67,0";"19,3";"19,3";"17,9";"945,8";"946,1";"945,8";"1,3";"85,0";"4,2";"1917,10";"0,0"
"30/01/2026";"1500";"25,5";"26,1";"24,8";"65,0";"69,0";"62,0";"18,4";"19,5";"17,9";"945,0";"945,8";"945,0";"1,7";"33,0";"3,4";"1627,90";"0,0"
"30/01/2026";"1600";"24,9";"26,1";"24,8";"70,0";"70,0";"61,0";"19,0";"19,3";"17,7";"944,7";"945,0";"944,6";"2,1";"277,0";"3,6";"1045,90";"0,2"
"30/01/2026";"1700";"23,8";"24,9";"22,7";"80,0";"87,0";"68,0";"20,1";"20,7";"18,7";"944,1";"944,7";"944,1";"1,9";"227,0";"5,9";"929,80";"0,2"
"30/01/2026";"1800";"26,1";"26,1";"23,8";"67,0";"81,0";"65,0";"19,4";"20,5";"18,9";"943,1";"944,1";"943,1";"0,9";"67,0";"3,1";"1820,40";"0,0"
"30/01/2026";"1900";"25,6";"27,1";"25,6";"68,0";"68,0";"62,0";"19,3";"20,1";"18,5";"942,6";"943,1";"942,6";"1,8";"358,0";"3,4";"1494,30";"0,0"
"30/01/2026";"2000";"20,3";"25,6";"20,2";"92,0";"92,0";"68,0";"19,0";"19,9";"18,8";"942,8";"943,3";"942,6";"1,3";"26,0";"6,3";"106,80";"20,0"
"30/01/2026";"2100";"21,5";"21,6";"20,4";"90,0";"92,0";"88,0";"19,7";"19,7";"19,1";"943,1";"943,1";"942,6";"0,7";"24,0";"3,0";"258,70";"0,4"
"30/01/2026";"2200";"21,4";"21,6";"21,2";"91,0";"91,0";"90,0";"19,8";"19,9";"19,6";"943,3";"943,3";"943,0";"1,8";"46,0";"2,9";"64,40";"0,0"
"30/01/2026";"2300";"21,2";"21,5";"21,2";"91,0";"91,0";"89,0";"19,6";"19,8";"19,5";"944,1";"944,1";"943,3";"1,4";"154,0";"2,9";"";"0,0"
"31/01/2026";"0000";"20,4";"21,3";"20,3";"91,0";"92,0";"90,0";"18,8";"19,9";"18,7";"944,5";"944,6";"943,9";"4,0";"207,0";"7,1";"0,20";"2,8"
"31/01/2026";"0100";"19,9";"20,5";"19,9";"93,0";"93,0";"91,0";"18,7";"19,1";"18,7";"944,8";"944,9";"944,5";"1,6";"155,0";"6,7";"";"1,2"
"31/01/2026";"0200";"19,7";"19,9";"19,6";"92,0";"93,0";"92,0";"18,3";"18,7";"18,3";"944,5";"944,9";"944,4";"0,5";"298,0";"2,6";"";"0,0"
"31/01/2026";"0300";"19,1";"19,7";"19,1";"93,0";"93,0";"92,0";"18,0";"18,3";"17,9";"943,9";"944,5";"943,9";"0,9";"211,0";"1,4";"";"0,0"
"31/01/2026";"0400";"19,2";"19,2";"18,9";"94,0";"94,0";"93,0";"18,2";"18,2";"17,8";"943,4";"943,9";"943,4";"0,4";"315,0";"1,9";"";"0,0"
"31/01/2026";"0500";"18,7";"19,2";"18,5";"94,0";"94,0";"94,0";"17,7";"18,2";"17,6";"943,0";"943,4";"943,0";"0,6";"351,0";"1,9";"";"0,0"
"31/01/2026";"0600";"17,9";"18,7";"17,9";"95,0";"95,0";"94,0";"17,0";"17,7";"17,0";"942,4";"943,0";"942,4";"0,8";"285,0";"1,5";"";"0,0"
"31/01/2026";"0700";"18,0";"18,3";"17,8";"95,0";"95,0";"95,0";"17,2";"17,5";"16,9";"942,6";"942,6";"942,2";"1,4";"198,0";"1,7";"";"0,0"
"31/01/2026";"0800";"18,7";"18,7";"17,7";"95,0";"95,0";"95,0";"17,9";"17,9";"16,9";"943,4";"943,4";"942,6";"0,7";"204,0";"1,8";"";"0,0"
"31/01/2026";"0900";"18,5";"18,9";"18,4";"95,0";"95,0";"95,0";"17,7";"18,1";"17,6";"943,6";"943,6";"943,4";"0,4";"209,0";"2,6";"12,40";"0,0"
"31/01/2026";"1000";"20,6";"20,7";"18,5";"93,0";"95,0";"93,0";"19,3";"19,6";"17,7";"944,0";"944,0";"943,5";"0,8";"134,0";"1,7";"380,20";"0,0"
"31/01/2026";"1100";"22,6";"22,6";"20,0";"83,0";"93,0";"83,0";"19,5";"19,6";"18,3";"944,3";"944,3";"943,9";"1,1";"152,0";"2,7";"1376,80";"0,0"
"31/01/2026";"1200";"23,6";"24,3";"22,3";"74,0";"83,0";"72,0";"18,8";"20,1";"18,5";"944,5";"944,5";"944,2";"1,2";"230,0";"3,5";"2224,20";"0,0"
"31/01/2026";"1300";"25,1";"25,4";"23,6";"70,0";"77,0";"68,0";"19,2";"20,4";"18,3";"944,5";"944,6";"944,4";"1,9";"264,0";"4,2";"2628,50";"0,0"
"31/01/2026";"1400";"27,0";"27,0";"24,9";"60,0";"72,0";"59,0";"18,6";"20,1";"18,0";"944,1";"944,5";"944,1";"1,4";"180,0";"5,3";"3252,80";"0,0"
"31/01/2026";"1500";"27,8";"27,9";"26,8";"57,0";"64,0";"55,0";"18,6";"19,7";"17,9";"943,6";"944,1";"943,6";"1,1";"296,0";"4,4";"2988,10";"0,0"
"31/01/2026";"1600";"28,1";"28,2";"24,8";"64,0";"72,0";"56,0";"20,6";"20,8";"18,1";"943,3";"943,7";"943,3";"3,3";"354,0";"7,5";"2058,30";"0,4"
"31/01/2026";"1700";"28,4";"28,9";"26,9";"57,0";"65,0";"54,0";"19,1";"21,1";"18,2";"942,7";"943,4";"942,6";"1,8";"349,0";"7,2";"2234,40";"0,0"
"31/01/2026";"1800";"27,3";"29,1";"27,2";"58,0";"63,0";"51,0";"18,4";"19,8";"18,0";"942,1";"942,7";"942,0";"2,9";"260,0";"7,1";"1491,70";"0,2"
"31/01/2026";"1900";"29,8";"30,3";"26,9";"45,0";"68,0";"44,0";"16,7";"20,8";"16,4";"941,4";"942,1";"941,3";"4,3";"241,0";"7,2";"2704,90";"0,0"
"31/01/2026";"2000";"28,5";"30,1";"28,4";"48,0";"49,0";"42,0";"16,5";"17,4";"15,6";"941,2";"941,4";"941,2";"3,6";"226,0";"7,8";"1421,10";"0,2"
"31/01/2026";"2100";"28,4";"29,2";"28,4";"49,0";"50,0";"45,0";"16,6";"17,2";"15,9";"941,3";"941,4";"941,1";"2,9";"226,0";"6,8";"756,80";"0,0"
"31/01/2026";"2200";"25,0";"28,4";"25,0";"64,0";"66,0";"49,0";"17,8";"18,2";"16,5";"941,9";"941,9";"941,3";"1,6";"216,0";"5,5";"120,70";"0,0"
"31/01/2026";"2300";"22,0";"25,0";"22,0";"84,0";"84,0";"64,0";"19,2";"19,5";"17,7";"942,4";"942,4";"941,9";"0,4";"17,0";"2,1";"";"0,0"
"01/02/2026";"0000";"21,5";"22,5";"21,1";"85,0";"87,0";"83,0";"18,9";"19,7";"18,4";"943,4";"943,4";"942,4";"0,5";"299,0";"2,6";"";"0,0"
"01/02/2026";"0100";"20,3";"21,7";"20,3";"88,0";"89,0";"84,0";"18,3";"19,0";"18,3";"944,0";"944,0";"943,4";"0,7";"243,0";"1,3";"";"0,0"
"01/02/2026";"0200";"19,9";"20,5";"19,9";"90,0";"91,0";"88,0";"18,2";"18,9";"18,2";"943,7";"944,0";"943,6";"0,5";"289,0";"2,0";"";"0,0"
"01/02/2026";"0300";"19,6";"19,9";"19,0";"92,0";"93,0";"90,0";"18,3";"18,4";"17,7";"943,5";"943,7";"943,4";"0,8";"230,0";"1,8";"";"0,0"
"01/02/2026";"0400";"19,5";"19,9";"19,0";"91,0";"92,0";"91,0";"17,9";"18,6";"17,4";"942,9";"943,5";"942,9";"1,0";"33,0";"2,0";"";"0,0"
"01/02/2026";"0500";"18,9";"19,5";"18,6";"93,0";"93,0";"90,0";"17,7";"17,9";"17,2";"942,8";"943,0";"942,7";"1,1";"170,0";"2,0";"";"0,0"
"01/02/2026";"0600";"18,5";"19,1";"18,3";"93,0";"93,0";"92,0";"17,3";"17,8";"16,9";"942,5";"942,9";"942,5";"0,5";"289,0";"2,1";"";"0,0"
"01/02/2026";"0700";"18,5";"18,9";"18,1";"92,0";"93,0";"92,0";"17,2";"17,8";"16,9";"942,3";"942,6";"942,3";"0,7";"261,0";"1,7";"";"0,0"
"01/02/2026";"0800";"18,3";"18,7";"18,2";"92,0";"93,0";"92,0";"17,0";"17,4";"16,9";"942,5";"942,5";"942,1";"0,7";"344,0";"2,5";"";"0,0"
"01/02/2026";"0900";"18,4";"18,5";"17,8";"93,0";"93,0";"92,0";"17,2";"17,4";"16,6";"942,8";"942,8";"942,3";"0,4";"270,0";"4,7";"12,40";"0,0"
"01/02/2026";"1000";"21,4";"21,6";"18,3";"84,0";"93,0";"83,0";"18,6";"19,3";"17,1";"943,5";"943,5";"942,8";"0,7";"248,0";"1,5";"410,80";"0,0"
"01/02/2026";"1100";"24,9";"25,0";"21,4";"73,0";"84,0";"73,0";"19,7";"19,9";"18,3";"943,8";"943,9";"943,5";"0,8";"62,0";"1,8";"1279,70";"0,0"
"01/02/2026";"1200";"27,1";"27,2";"24,5";"62,0";"73,0";"61,0";"19,1";"20,3";"18,6";"943,7";"944,1";"943,7";"2,4";"69,0";"3,5";"1930,30";"0,0"
"01/02/2026";"1300";"28,4";"28,8";"27,1";"57,0";"63,0";"55,0";"19,1";"20,1";"18,1";"943,7";"944,1";"943,7";"2,6";"353,0";"5,5";"1891,20";"0,0"
"01/02/2026";"1400";"30,0";"30,0";"27,9";"51,0";"59,0";"51,0";"18,8";"19,5";"18,1";"943,6";"943,9";"943,6";"3,6";"319,0";"7,6";"2252,50";"0,0"
"01/02/2026";"1500";"30,6";"30,7";"26,7";"49,0";"69,0";"49,0";"18,7";"20,9";"17,8";"942,5";"943,6";"942,5";"2,5";"302,0";"7,7";"2871,40";"0,6"
"01/02/2026";"1600";"32,0";"32,0";"30,2";"43,0";"51,0";"41,0";"18,0";"18,9";"16,7";"941,4";"942,5";"941,4";"3,8";"333,0";"8,5";"3597,00";"0,0"
"01/02/2026";"1700";"31,5";"32,0";"29,8";"45,0";"53,0";"41,0";"17,9";"19,6";"16,7";"940,8";"941,5";"940,8";"5,2";"324,0";"9,5";"2575,60";"0,0"
"01/02/2026";"1800";"30,8";"31,7";"30,7";"47,0";"48,0";"44,0";"18,2";"18,9";"17,5";"940,6";"940,9";"940,5";"3,0";"299,0";"8,7";"1782,30";"0,0"
"01/02/2026";"1900";"28,4";"31,1";"28,4";"64,0";"64,0";"46,0";"21,0";"21,1";"17,8";"940,3";"940,6";"940,2";"4,1";"151,0";"5,9";"1278,80";"0,0"
"01/02/2026";"2000";"23,2";"28,8";"23,2";"78,0";"78,0";"63,0";"19,1";"21,2";"19,1";"942,2";"942,2";"940,3";"5,4";"118,0";"9,5";"418,40";"1,4"
"01/02/2026";"2100";"19,6";"23,1";"19,0";"95,0";"95,0";"78,0";"18,8";"19,2";"17,3";"944,5";"947,0";"942,2";"3,4";"158,0";"11,6";"13,20";"68,6"
"01/02/2026";"2200";"19,8";"20,0";"19,5";"95,0";"95,0";"95,0";"19,0";"19,2";"18,7";"944,6";"944,8";"944,3";"1,0";"301,0";"5,1";"11,50";"0,0"
"01/02/2026";"2300";"19,5";"20,0";"19,4";"95,0";"95,0";"95,0";"18,7";"19,2";"18,6";"944,0";"944,6";"943,9";"1,2";"316,0";"2,4";"";"0,0"
"02/02/2026";"0000";"19,2";"19,6";"19,1";"95,0";"95,0";"95,0";"18,4";"18,8";"18,3";"943,9";"944,1";"943,7";"1,8";"49,0";"2,7";"";"0,0"
"02/02/2026";"0100";"18,8";"19,4";"18,8";"94,0";"95,0";"94,0";"17,9";"18,5";"17,9";"944,2";"944,2";"943,7";"1,3";"151,0";"3,1";"";"0,0"
"02/02/2026";"0200";"18,6";"19,1";"18,5";"94,0";"94,0";"94,0";"17,6";"18,1";"17,5";"944,5";"944,7";"944,2";"1,2";"9,0";"2,3";"";"0,0"
"02/02/2026";"0300";"19,2";"19,2";"18,6";"93,0";"94,0";"93,0";"18,0";"18,2";"17,6";"944,5";"944,8";"944,5";"0,8";"293,0";"2,7";"";"0,0"
"02/02/2026";"0400";"19,2";"19,2";"18,7";"94,0";"94,0";"93,0";"18,1";"18,1";"17,6";"943,7";"944,5";"943,5";"0,5";"298,0";"1,9";"";"0,0"
"02/02/2026";"0500";"18,7";"19,3";"18,5";"93,0";"94,0";"92,0";"17,5";"18,2";"17,3";"943,7";"943,7";"943,5";"0,6";"232,0";"1,6";"";"0,0"
"02/02/2026";"0600";"18,4";"18,8";"18,3";"94,0";"94,0";"93,0";"17,4";"17,7";"17,2";"943,7";"943,9";"943,6";"0,6";"104,0";"1,8";"";"0,0"
"02/02/2026";"0700";"18,8";"18,9";"18,4";"93,0";"94,0";"92,0";"17,5";"17,7";"17,3";"943,9";"944,0";"943,7";"0,9";"258,0";"2,8";"";"0,2"
"02/02/2026";"0800";"18,9";"19,0";"18,8";"93,0";"93,0";"92,0";"17,6";"17,8";"17,5";"944,1";"944,1";"943,7";"0,8";"299,0";"1,7";"";"0,0"
"02/02/2026";"0900";"18,8";"18,9";"18,6";"93,0";"93,0";"93,0";"17,7";"17,7";"17,5";"944,7";"944,7";"944,1";"0,4";"233,0";"1,7";"6,30";"0,0"
"02/02/2026";"1000";"20,1";"20,1";"18,8";"89,0";"93,0";"89,0";"18,2";"18,5";"17,7";"944,9";"944,9";"944,7";"0,5";"249,0";"2,0";"220,40";"0,0"
"02/02/2026";"1100";"22,1";"22,2";"20,0";"82,0";"89,0";"81,0";"18,8";"19,2";"18,1";"945,2";"945,2";"944,9";"0,3";"18,0";"1,6";"868,00";"0,0"
"02/02/2026";"1200";"23,5";"23,5";"21,9";"77,0";"83,0";"77,0";"19,3";"19,5";"18,6";"945,5";"945,5";"945,2";"0,8";"16,0";"1,6";"1115,60";"0,0"
"02/02/2026";"1300";"25,0";"25,2";"23,3";"71,0";"77,0";"70,0";"19,4";"19,7";"18,0";"945,4";"945,6";"945,4";"0,8";"279,0";"2,0";"1762,30";"0,0"
"02/02/2026";"1400";"25,5";"25,9";"25,1";"71,0";"72,0";"67,0";"19,7";"20,3";"19,0";"945,3";"945,5";"945,3";"2,2";"38,0";"3,8";"2082,00";"0,0"
"02/02/2026";"1500";"27,1";"27,1";"25,4";"65,0";"72,0";"62,0";"19,9";"20,2";"18,9";"944,9";"945,4";"944,9";"1,0";"140,0";"3,8";"1892,70";"0,0"
"02/02/2026";"1600";"27,5";"27,8";"26,9";"63,0";"65,0";"61,0";"19,8";"20,4";"18,9";"944,1";"944,9";"944,1";"2,3";"49,0";"3,8";"1726,10";"0,0"
"02/02/2026";"1700";"27,9";"28,9";"27,4";"60,0";"64,0";"57,0";"19,4";"20,6";"19,0";"943,5";"944,2";"943,5";"1,8";"82,0";"4,1";"2405,70";"0,0"
"02/02/2026";"1800";"24,0";"28,1";"24,0";"84,0";"84,0";"59,0";"21,1";"21,1";"19,0";"943,6";"943,7";"943,3";"4,1";"261,0";"6,9";"363,10";"0,4"
"02/02/2026";"1900";"23,5";"24,0";"23,1";"83,0";"87,0";"83,0";"20,5";"21,4";"20,3";"943,5";"943,9";"943,5";"1,9";"229,0";"6,9";"585,70";"2,2"
"02/02/2026";"2000";"23,5";"23,8";"23,4";"85,0";"86,0";"83,0";"20,8";"21,0";"20,5";"943,4";"943,5";"943,1";"0,9";"261,0";"4,2";"627,80";"0,0"
"02/02/2026";"2100";"23,2";"24,0";"23,2";"86,0";"86,0";"83,0";"20,8";"21,3";"20,6";"944,0";"944,0";"943,4";"2,9";"240,0";"4,5";"292,60";"0,0"
"02/02/2026";"2200";"22,9";"23,2";"22,9";"85,0";"88,0";"84,0";"20,2";"20,9";"20,2";"944,5";"944,5";"944,0";"0,4";"344,0";"4,5";"69,90";"0,0"
"02/02/2026";"2300";"22,5";"22,9";"22,4";"89,0";"89,0";"85,0";"20,6";"20,6";"20,2";"945,0";"945,0";"944,5";"0,7";"255,0";"2,1";"";"0,0"
"03/02/2026";"0000";"22,6";"23,1";"22,5";"87,0";"89,0";"85,0";"20,3";"20,8";"20,3";"945,3";"945,3";"945,0";"0,7";"260,0";"1,9";"";"0,0"
"03/02/2026";"0100";"21,5";"22,6";"21,5";"92,0";"92,0";"87,0";"20,1";"20,5";"20,1";"945,3";"945,5";"945,3";"0,4";"147,0";"1,8";"";"0,0"
"03/02/2026";"0200";"21,4";"21,5";"21,0";"94,0";"94,0";"92,0";"20,3";"20,3";"19,8";"945,6";"945,6";"945,3";"1,5";"79,0";"2,0";"";"0,0"
"03/02/2026";"0300";"21,1";"21,4";"20,8";"94,0";"94,0";"94,0";"20,1";"20,3";"19,8";"945,3";"945,8";"945,3";"1,7";"80,0";"2,4";"";"0,0"
"03/02/2026";"0400";"20,9";"21,2";"20,7";"94,0";"94,0";"94,0";"19,9";"20,3";"19,7";"944,9";"945,3";"944,9";"1,1";"40,0";"2,9";"";"0,0"
"03/02/2026";"0500";"21,4";"21,6";"20,9";"92,0";"94,0";"92,0";"20,1";"20,6";"20,1";"944,6";"944,9";"944,5";"2,2";"41,0";"4,0";"";"0,0"
"03/02/2026";"0600";"21,1";"21,4";"21,0";"93,0";"93,0";"92,0";"19,9";"20,2";"19,8";"944,3";"944,6";"944,2";"2,0";"38,0";"4,6";"";"0,0"
"03/02/2026";"0700";"20,4";"21,2";"20,4";"93,0";"93,0";"91,0";"19,2";"19,9";"19,1";"944,1";"944,5";"944,1";"1,5";"64,0";"4,7";"";"0,0"
"03/02/2026";"0800";"20,3";"20,4";"20,2";"93,0";"93,0";"93,0";"19,2";"19,3";"19,1";"944,5";"944,5";"944,1";"0,7";"135,0";"2,8";"";"0,0"
"03/02/2026";"0900";"20,5";"20,5";"20,2";"94,0";"94,0";"93,0";"19,5";"19,5";"19,1";"944,8";"944,8";"944,5";"0,5";"291,0";"1,4";"14,20";"0,0"
"03/02/2026";"1000";"21,1";"21,1";"20,3";"92,0";"94,0";"92,0";"19,8";"19,8";"19,3";"945,2";"945,3";"944,8";"1,5";"92,0";"2,4";"173,90";"0,0"
"03/02/2026";"1100";"21,8";"21,9";"21,1";"89,0";"92,0";"89,0";"19,9";"20,0";"19,7";"945,6";"945,6";"944,9";"1,8";"54,0";"2,9";"488,20";"0,0"
"03/02/2026";"1200";"23,6";"24,0";"21,8";"78,0";"89,0";"77,0";"19,6";"20,6";"19,4";"946,0";"946,0";"945,6";"3,5";"42,0";"5,9";"1206,60";"0,0"
"03/02/2026";"1300";"23,4";"23,7";"23,3";"81,0";"81,0";"77,0";"19,9";"19,9";"19,3";"946,0";"946,0";"945,9";"1,6";"13,0";"5,4";"712,50";"0,0"
"03/02/2026";"1400";"24,6";"25,0";"23,4";"75,0";"82,0";"75,0";"20,0";"20,7";"19,8";"945,5";"946,0";"945,5";"2,0";"40,0";"2,9";"1312,30";"0,4"
"03/02/2026";"1500";"26,5";"26,7";"24,6";"70,0";"77,0";"67,0";"20,6";"21,0";"19,6";"945,2";"945,6";"945,2";"1,9";"60,0";"3,5";"1906,70";"0,0"
"03/02/2026";"1600";"26,1";"26,7";"25,5";"68,0";"78,0";"67,0";"19,8";"21,6";"19,8";"944,6";"945,2";"944,6";"1,5";"72,0";"4,4";"1153,40";"0,0"
"03/02/2026";"1700";"26,8";"27,3";"26,1";"71,0";"73,0";"68,0";"21,0";"21,6";"20,1";"943,9";"944,6";"943,9";"1,5";"69,0";"3,7";"1357,90";"0,0"
"03/02/2026";"1800";"22,7";"26,8";"22,7";"87,0";"87,0";"70,0";"20,3";"21,8";"19,9";"944,0";"944,0";"943,7";"3,9";"253,0";"7,2";"380,10";"0,4"
"03/02/2026";"1900";"24,8";"24,8";"22,6";"81,0";"87,0";"81,0";"21,4";"21,7";"19,8";"943,1";"944,0";"943,1";"1,0";"321,0";"6,5";"1289,10";"0,0"
"03/02/2026";"2000";"26,3";"26,5";"24,7";"72,0";"83,0";"70,0";"20,8";"22,4";"20,1";"942,8";"943,2";"942,7";"1,1";"229,0";"2,9";"1232,50";"0,0"
"03/02/2026";"2100";"24,9";"26,4";"24,9";"78,0";"78,0";"70,0";"20,9";"20,9";"20,2";"943,4";"943,4";"942,8";"1,6";"224,0";"2,1";"299,90";"0,0"
"03/02/2026";"2200";"24,0";"24,9";"23,9";"86,0";"86,0";"78,0";"21,4";"21,4";"20,6";"943,7";"943,7";"943,4";"0,6";"26,0";"2,1";"31,40";"0,0"
"03/02/2026";"2300";"23,4";"24,0";"23,4";"90,0";"90,0";"85,0";"21,6";"21,6";"21,0";"944,1";"944,1";"943,7";"1,5";"134,0";"2,2";"";"0,0"
"04/02/2026";"0000";"23,2";"23,5";"23,2";"91,0";"91,0";"89,0";"21,6";"21,7";"21,4";"944,9";"944,9";"944,1";"0,4";"278,0";"2,2";"";"0,2"
"04/02/2026";"0100";"23,0";"23,3";"22,9";"92,0";"93,0";"91,0";"21,7";"21,8";"21,5";"944,8";"945,0";"944,8";"1,2";"108,0";"2,2";"";"0,0"
"04/02/2026";"0200";"22,6";"23,0";"22,6";"93,0";"93,0";"92,0";"21,5";"21,7";"21,4";"945,0";"945,1";"944,8";"1,0";"122,0";"1,7";"";"0,0"
"04/02/2026";"0300";"22,6";"22,8";"22,6";"93,0";"93,0";"93,0";"21,4";"21,6";"21,4";"944,7";"945,0";"944,7";"0,6";"216,0";"1,4";"";"0,0"
"04/02/2026";"0400";"22,5";"22,6";"22,3";"93,0";"93,0";"93,0";"21,3";"21,5";"21,2";"944,3";"944,7";"944,3";"0,5";"125,0";"1,9";"";"0,0"
"04/02/2026";"0500";"21,7";"22,5";"21,7";"94,0";"94,0";"93,0";"20,7";"21,3";"20,7";"943,3";"944,3";"943,3";"0,6";"154,0";"1,6";"";"0,0"
"04/02/2026";"0600";"21,9";"22,0";"21,7";"94,0";"94,0";"94,0";"20,9";"21,1";"20,7";"943,5";"943,6";"943,2";"0,2";"97,0";"1,6";"";"0,0"
"04/02/2026";"0700";"21,9";"21,9";"21,5";"95,0";"95,0";"94,0";"21,0";"21,0";"20,6";"943,1";"943,5";"943,0";"1,1";"330,0";"2,4";"";"0,0"
"04/02/2026";"0800";"21,7";"21,9";"21,5";"95,0";"95,0";"95,0";"20,8";"21,0";"20,6";"943,4";"943,4";"943,0";"0,8";"288,0";"1,9";"";"0,0"
"04/02/2026";"0900";"22,0";"22,0";"21,5";"95,0";"95,0";"95,0";"21,1";"21,1";"20,6";"943,6";"943,6";"943,2";"0,6";"28,0";"1,8";"9,90";"0,0"
"04/02/2026";"1000";"22,6";"22,8";"21,9";"94,0";"95,0";"94,0";"21,6";"21,9";"21,0";"944,1";"944,1";"943,6";"0,6";"203,0";"1,8";"213,60";"0,0"
"04/02/2026";"1100";"23,6";"24,5";"22,6";"87,0";"94,0";"86,0";"21,3";"22,3";"21,1";"944,6";"944,6";"944,0";"1,1";"110,0";"2,2";"779,80";"0,0"
"04/02/2026";"1200";"24,6";"24,6";"23,5";"80,0";"88,0";"80,0";"21,0";"21,7";"21,0";"944,6";"944,7";"944,6";"2,1";"224,0";"3,1";"794,10";"0,0"
"04/02/2026";"1300";"26,1";"26,1";"24,6";"72,0";"82,0";"72,0";"20,6";"21,5";"20,1";"944,9";"945,0";"944,6";"3,9";"222,0";"6,7";"1326,60";"0,0"
"04/02/2026";"1400";"27,7";"28,2";"25,8";"61,0";"73,0";"60,0";"19,6";"20,9";"19,3";"944,6";"944,9";"944,6";"2,4";"233,0";"5,9";"3136,10";"0,0"
"04/02/2026";"1500";"28,2";"28,3";"26,7";"61,0";"72,0";"60,0";"20,1";"21,2";"19,6";"944,4";"944,7";"944,4";"1,7";"207,0";"4,9";"1754,70";"0,6"
"04/02/2026";"1600";"28,2";"28,7";"26,2";"61,0";"75,0";"59,0";"20,0";"21,7";"19,6";"944,1";"944,5";"944,0";"2,1";"14,0";"6,3";"1975,30";"0,2"
"04/02/2026";"1700";"27,8";"28,3";"25,4";"65,0";"79,0";"60,0";"20,5";"22,0";"19,6";"943,8";"944,2";"943,8";"1,1";"86,0";"6,3";"1802,60";"0,8"
"04/02/2026";"1800";"28,9";"29,9";"27,7";"62,0";"67,0";"56,0";"20,8";"21,7";"19,9";"943,0";"943,8";"943,0";"2,3";"52,0";"4,1";"2332,30";"0,0"
"04/02/2026";"1900";"28,9";"30,3";"28,8";"57,0";"64,0";"54,0";"19,6";"21,4";"19,3";"942,8";"943,0";"942,7";"2,6";"222,0";"6,5";"1509,90";"0,0"
"04/02/2026";"2000";"26,7";"30,5";"26,7";"67,0";"68,0";"50,0";"20,2";"20,6";"18,6";"943,3";"943,3";"942,7";"3,4";"334,0";"6,4";"1040,10";"0,0"
"04/02/2026";"2100";"23,4";"26,7";"23,0";"85,0";"85,0";"67,0";"20,6";"20,6";"19,8";"943,6";"944,2";"943,3";"0,9";"189,0";"6,9";"187,80";"3,0"
"04/02/2026";"2200";"22,9";"23,8";"22,7";"87,0";"87,0";"81,0";"20,6";"20,7";"20,1";"944,5";"944,5";"943,6";"2,3";"174,0";"4,1";"123,30";"0,0"
"04/02/2026";"2300";"22,7";"23,1";"22,4";"88,0";"90,0";"86,0";"20,6";"20,8";"20,3";"945,3";"945,3";"944,5";"0,6";"179,0";"4,0";"";"0,0"
"05/02/2026";"0000";"22,3";"22,8";"22,2";"89,0";"89,0";"84,0";"20,4";"20,6";"19,8";"946,1";"946,1";"945,3";"1,0";"331,0";"2,3";"1,80";"0,0"
"05/02/2026";"0100";"22,1";"22,8";"22,1";"89,0";"89,0";"86,0";"20,3";"20,6";"20,0";"947,1";"947,1";"946,1";"1,3";"220,0";"2,2";"1,10";"0,0"
"05/02/2026";"0200";"21,8";"22,2";"21,6";"92,0";"92,0";"89,0";"20,5";"20,5";"20,1";"947,0";"947,4";"947,0";"1,2";"28,0";"2,2";"";"1,8"
"05/02/2026";"0300";"21,7";"21,9";"21,6";"93,0";"93,0";"92,0";"20,5";"20,7";"20,3";"946,4";"947,0";"946,4";"1,7";"76,0";"2,2";"";"0,2"
"05/02/2026";"0400";"21,8";"21,9";"21,7";"94,0";"94,0";"93,0";"20,8";"20,9";"20,5";"946,0";"946,4";"946,0";"0,7";"339,0";"2,3";"";"0,0"
"05/02/2026";"0500";"21,5";"21,8";"21,5";"94,0";"94,0";"94,0";"20,6";"20,7";"20,4";"945,7";"946,0";"945,7";"0,7";"125,0";"1,9";"";"0,0"
"05/02/2026";"0600";"21,6";"21,6";"21,4";"94,0";"94,0";"94,0";"20,6";"20,6";"20,5";"945,6";"945,7";"945,5";"0,5";"278,0";"1,2";"";"0,0"
"05/02/2026";"0700";"21,6";"21,6";"21,3";"94,0";"94,0";"94,0";"20,7";"20,7";"20,3";"945,5";"945,6";"945,4";"0,5";"26,0";"1,2";"";"0,0"
"05/02/2026";"0800";"21,4";"21,6";"21,3";"95,0";"95,0";"94,0";"20,5";"20,7";"20,4";"945,3";"945,5";"945,2";"0,9";"60,0";"1,7";"";"0,0"
"05/02/2026";"0900";"21,3";"21,4";"21,2";"95,0";"95,0";"95,0";"20,4";"20,5";"20,3";"945,8";"945,8";"945,1";"0,5";"276,0";"1,8";"4,80";"0,0"
"05/02/2026";"1000";"21,8";"21,8";"21,3";"95,0";"95,0";"95,0";"20,9";"20,9";"20,4";"946,7";"946,7";"945,8";"0,6";"338,0";"1,5";"107,00";"0,0"
"05/02/2026";"1100";"23,1";"23,1";"21,8";"86,0";"95,0";"86,0";"20,7";"21,3";"20,7";"946,9";"947,0";"946,7";"1,1";"271,0";"2,1";"610,10";"0,0"
"05/02/2026";"1200";"25,0";"25,0";"23,1";"79,0";"86,0";"77,0";"21,1";"21,1";"20,2";"946,7";"946,9";"946,6";"2,6";"226,0";"4,5";"1734,90";"0,0"
"05/02/2026";"1300";"25,9";"26,0";"24,6";"72,0";"79,0";"72,0";"20,5";"21,2";"20,1";"946,8";"946,8";"946,7";"3,0";"208,0";"5,0";"2172,90";"0,0"
"05/02/2026";"1400";"27,3";"27,3";"25,6";"65,0";"73,0";"65,0";"20,2";"21,0";"19,8";"946,7";"946,9";"946,7";"2,2";"239,0";"5,6";"2422,70";"0,0"
"05/02/2026";"1500";"28,0";"28,9";"27,3";"61,0";"66,0";"58,0";"19,9";"20,7";"19,2";"946,1";"946,7";"946,1";"4,0";"218,0";"7,5";"3218,50";"0,0"
"05/02/2026";"1600";"28,4";"28,5";"27,8";"57,0";"62,0";"56,0";"19,1";"20,1";"18,6";"945,4";"946,1";"945,4";"3,1";"260,0";"7,5";"1531,30";"0,0"
"05/02/2026";"1700";"25,1";"28,4";"24,9";"85,0";"87,0";"56,0";"22,4";"22,7";"18,6";"945,0";"945,4";"945,0";"2,1";"353,0";"5,3";"981,70";"0,2"
"05/02/2026";"1800";"21,3";"25,3";"20,9";"91,0";"91,0";"82,0";"19,7";"22,4";"18,9";"945,2";"945,5";"945,0";"2,4";"82,0";"7,7";"285,10";"12,8"
"05/02/2026";"1900";"22,2";"22,4";"21,3";"88,0";"91,0";"85,0";"20,1";"20,2";"19,7";"944,7";"945,2";"944,7";"0,8";"357,0";"4,0";"207,70";"0,4"
"05/02/2026";"2000";"23,7";"23,7";"22,2";"83,0";"88,0";"82,0";"20,7";"20,8";"20,0";"944,8";"944,8";"944,6";"0,4";"43,0";"2,8";"535,10";"0,2"
"05/02/2026";"2100";"22,8";"23,8";"22,8";"89,0";"89,0";"82,0";"20,8";"21,0";"20,4";"945,0";"945,0";"944,8";"1,4";"55,0";"3,1";"368,30";"0,0"
"05/02/2026";"2200";"22,8";"22,8";"22,6";"89,0";"90,0";"89,0";"20,9";"21,0";"20,8";"945,9";"945,9";"945,0";"0,2";"151,0";"1,8";"33,40";"0,0"
"05/02/2026";"2300";"22,7";"22,8";"22,5";"91,0";"92,0";"89,0";"21,2";"21,2";"20,8";"946,7";"946,7";"945,9";"1,3";"167,0";"3,5";"1,20";"0,0"
"06/02/2026";"0000";"22,1";"22,8";"22,1";"87,0";"91,0";"86,0";"19,9";"21,2";"19,9";"947,1";"947,2";"946,7";"1,6";"140,0";"3,8";"2,40";"0,0"
"06/02/2026";"0100";"21,7";"22,1";"21,7";"89,0";"89,0";"87,0";"19,8";"20,1";"19,8";"947,7";"947,8";"947,1";"2,1";"221,0";"3,1";"1,00";"0,0"
"06/02/2026";"0200";"21,6";"21,8";"21,5";"92,0";"92,0";"89,0";"20,2";"20,3";"19,9";"947,8";"947,9";"947,7";"1,4";"213,0";"2,8";"";"0,0"
"06/02/2026";"0300";"21,9";"21,9";"21,6";"89,0";"92,0";"89,0";"20,0";"20,2";"19,9";"947,6";"947,9";"947,5";"1,8";"229,0";"2,9";"0,10";"0,0"
"06/02/2026";"0400";"21,7";"22,0";"21,6";"90,0";"91,0";"87,0";"20,0";"20,2";"19,7";"947,3";"947,6";"947,3";"0,6";"9,0";"2,9";"";"0,0"
"06/02/2026";"0500";"21,1";"21,8";"21,1";"92,0";"92,0";"89,0";"19,6";"20,0";"19,6";"946,7";"947,3";"946,7";"0,7";"157,0";"1,5";"";"0,0"
"06/02/2026";"0600";"21,1";"21,2";"20,9";"93,0";"93,0";"92,0";"20,0";"20,0";"19,5";"946,3";"946,7";"946,3";"1,2";"211,0";"1,6";"";"0,0"
"06/02/2026";"0700";"20,7";"21,3";"20,7";"93,0";"93,0";"92,0";"19,5";"20,1";"19,5";"946,1";"946,3";"946,0";"0,3";"339,0";"1,9";"";"0,0"
"06/02/2026";"0800";"20,4";"20,7";"20,2";"94,0";"94,0";"93,0";"19,4";"19,6";"19,1";"946,2";"946,2";"946,1";"0,2";"290,0";"1,3";"";"0,0"
"06/02/2026";"0900";"20,7";"20,7";"20,3";"93,0";"94,0";"93,0";"19,6";"19,6";"19,3";"946,3";"946,3";"946,1";"0,3";"55,0";"1,4";"5,60";"0,0"
"06/02/2026";"1000";"22,4";"22,4";"20,4";"86,0";"93,0";"86,0";"20,0";"20,2";"19,3";"946,6";"946,7";"946,2";"0,4";"232,0";"2,0";"470,60";"0,0"
"06/02/2026";"1100";"23,0";"24,0";"22,4";"82,0";"86,0";"79,0";"19,7";"20,7";"19,4";"947,3";"947,3";"946,6";"1,4";"35,0";"2,6";"1363,00";"0,0"
"06/02/2026";"1200";"25,0";"25,0";"23,0";"74,0";"83,0";"74,0";"20,1";"20,8";"19,6";"947,5";"947,6";"947,3";"1,2";"2,0";"3,7";"2090,50";"0,0"
"06/02/2026";"1300";"25,3";"25,8";"24,6";"70,0";"74,0";"68,0";"19,5";"20,5";"18,9";"947,6";"947,6";"947,4";"1,3";"50,0";"3,3";"1897,60";"0,0"
"06/02/2026";"1400";"26,5";"27,0";"25,3";"65,0";"71,0";"65,0";"19,3";"20,5";"19,2";"947,6";"947,7";"947,5";"2,3";"342,0";"4,3";"2057,00";"0,0"
"06/02/2026";"1500";"28,8";"28,8";"26,3";"59,0";"68,0";"59,0";"20,0";"21,2";"19,2";"947,0";"947,6";"947,0";"0,9";"40,0";"4,3";"2362,40";"0,2"
"06/02/2026";"1600";"29,4";"29,7";"27,9";"56,0";"61,0";"56,0";"19,8";"20,7";"18,8";"946,1";"947,0";"946,1";"1,6";"17,0";"4,9";"2767,80";"0,0"
"06/02/2026";"1700";"29,4";"30,4";"28,5";"56,0";"59,0";"53,0";"19,6";"20,5";"18,8";"945,3";"946,1";"945,3";"1,5";"340,0";"4,0";"2208,80";"0,0"
"06/02/2026";"1800";"29,7";"30,8";"28,8";"57,0";"60,0";"50,0";"20,3";"21,2";"18,8";"944,4";"945,3";"944,4";"3,6";"32,0";"6,1";"2915,50";"0,0"
"06/02/2026";"1900";"26,2";"30,1";"26,2";"70,0";"70,0";"55,0";"20,3";"20,9";"19,6";"944,7";"944,7";"944,1";"2,3";"348,0";"6,8";"1210,80";"0,0"
"06/02/2026";"2000";"23,0";"26,2";"23,0";"83,0";"84,0";"69,0";"20,0";"21,1";"19,7";"945,4";"945,4";"944,7";"4,0";"168,0";"8,4";"138,90";"0,0"
"06/02/2026";"2100";"22,9";"23,1";"22,7";"89,0";"89,0";"83,0";"20,9";"20,9";"20,1";"945,6";"945,8";"945,4";"1,3";"182,0";"8,4";"126,70";"1,0"
"06/02/2026";"2200";"22,9";"23,1";"22,8";"87,0";"89,0";"87,0";"20,7";"20,9";"20,7";"946,3";"946,3";"945,6";"1,7";"156,0";"4,2";"46,80";"0,0"
"06/02/2026";"2300";"22,8";"23,0";"22,7";"89,0";"89,0";"86,0";"20,9";"20,9";"20,4";"947,0";"947,0";"946,3";"1,2";"33,0";"3,2";"2,60";"0,0"
"07/02/2026";"0000";"22,5";"22,8";"22,5";"91,0";"91,0";"89,0";"20,9";"21,0";"20,8";"947,5";"947,5";"947,0";"0,9";"51,0";"1,9";"";"0,0"
"07/02/2026";"0100";"22,5";"22,5";"22,4";"92,0";"92,0";"91,0";"21,2";"21,2";"20,9";"947,4";"947,7";"947,4";"1,4";"120,0";"2,9";"";"0,0"
"07/02/2026";"0200";"22,3";"22,6";"22,3";"92,0";"92,0";"92,0";"20,9";"21,2";"20,8";"947,3";"947,6";"947,3";"0,5";"154,0";"2,9";"";"0,0"
"07/02/2026";"0300";"22,4";"22,5";"21,9";"92,0";"93,0";"92,0";"21,1";"21,3";"20,6";"947,1";"947,3";"947,0";"1,3";"30,0";"2,9";"";"0,0"
"07/02/2026";"0400";"21,9";"22,4";"21,9";"93,0";"93,0";"91,0";"20,7";"21,1";"20,6";"946,3";"947,1";"946,3";"1,0";"58,0";"2,3";"";"0,0"
"07/02/2026";"0500";"22,0";"22,0";"21,7";"93,0";"93,0";"93,0";"20,8";"20,8";"20,5";"945,9";"946,3";"945,8";"0,5";"87,0";"2,1";"";"0,0"
"07/02/2026";"0600";"22,0";"22,1";"21,9";"93,0";"93,0";"92,0";"20,7";"20,8";"20,6";"945,7";"945,9";"945,7";"1,3";"73,0";"2,1";"";"0,0"
"07/02/2026";"0700";"22,1";"22,1";"21,9";"92,0";"93,0";"92,0";"20,8";"20,8";"20,7";"945,7";"945,7";"945,6";"1,4";"57,0";"2,8";"";"0,0"
"07/02/2026";"0800";"22,2";"22,3";"22,0";"91,0";"92,0";"91,0";"20,6";"21,0";"20,6";"946,0";"946,0";"945,7";"2,4";"43,0";"3,7";"";"0,0"
"07/02/2026";"0900";"22,1";"22,3";"22,0";"91,0";"91,0";"91,0";"20,6";"20,7";"20,5";"946,7";"946,7";"946,0";"1,1";"57,0";"4,1";"6,20";"0,0"
"07/02/2026";"1000";"22,7";"22,7";"22,0";"90,0";"91,0";"90,0";"20,9";"20,9";"20,5";"947,4";"947,4";"946,7";"0,9";"74,0";"1,7";"187,40";"0,0"
"07/02/2026";"1100";"23,4";"23,4";"22,6";"86,0";"90,0";"86,0";"20,9";"21,0";"20,6";"948,0";"948,0";"947,4";"1,0";"90,0";"2,3";"416,70";"0,0"
"07/02/2026";"1200";"25,0";"25,5";"23,4";"75,0";"86,0";"74,0";"20,2";"21,3";"20,2";"948,3";"948,4";"948,0";"1,2";"358,0";"2,1";"1563,70";"0,0"
"07/02/2026";"1300";"26,4";"26,7";"24,9";"72,0";"76,0";"71,0";"20,9";"21,5";"20,0";"948,1";"948,3";"948,1";"0,9";"102,0";"2,9";"1747,70";"0,0"
"07/02/2026";"1400";"28,3";"28,7";"26,1";"65,0";"73,0";"63,0";"21,1";"21,5";"20,3";"947,7";"948,1";"947,7";"1,2";"57,0";"5,0";"2979,40";"0,2"
"07/02/2026";"1500";"28,7";"29,2";"27,9";"59,0";"68,0";"57,0";"19,9";"22,0";"19,5";"946,7";"947,7";"946,7";"2,3";"313,0";"5,9";"2398,00";"0,0"
"07/02/2026";"1600";"30,3";"30,9";"28,7";"53,0";"60,0";"52,0";"19,5";"21,0";"19,4";"945,7";"946,7";"945,7";"2,5";"307,0";"5,5";"3378,60";"0,0"
"07/02/2026";"1700";"29,4";"31,2";"29,4";"57,0";"59,0";"52,0";"20,1";"21,1";"19,2";"945,0";"945,7";"944,7";"2,7";"214,0";"5,1";"2342,50";"0,0"
"07/02/2026";"1800";"22,0";"29,4";"20,6";"91,0";"92,0";"57,0";"20,5";"22,3";"18,8";"945,5";"946,6";"944,5";"1,4";"140,0";"13,6";"133,60";"16,8"
"07/02/2026";"1900";"23,0";"23,1";"21,9";"87,0";"91,0";"86,0";"20,8";"21,0";"20,2";"945,5";"945,9";"945,4";"1,3";"354,0";"3,1";"426,70";"0,0"
"07/02/2026";"2000";"22,7";"23,3";"22,7";"91,0";"91,0";"87,0";"21,3";"21,3";"20,5";"946,2";"946,3";"945,5";"2,4";"213,0";"4,1";"153,60";"2,4"
"07/02/2026";"2100";"22,9";"22,9";"22,6";"92,0";"92,0";"91,0";"21,5";"21,6";"21,3";"946,5";"946,5";"946,2";"1,2";"225,0";"4,3";"65,80";"3,6"
"07/02/2026";"2200";"22,5";"23,0";"22,5";"92,0";"93,0";"92,0";"21,1";"21,7";"21,1";"946,7";"946,7";"946,4";"1,1";"87,0";"1,9";"15,30";"0,6"
"07/02/2026";"2300";"22,4";"22,6";"22,4";"92,0";"92,0";"92,0";"21,1";"21,2";"21,1";"947,6";"947,6";"946,7";"0,4";"123,0";"1,9";"";"1,2"
"08/02/2026";"0000";"22,2";"22,5";"22,1";"93,0";"93,0";"92,0";"21,0";"21,2";"21,0";"947,9";"947,9";"947,6";"2,2";"80,0";"3,0";"0,70";"1,4"
"08/02/2026";"0100";"22,2";"22,2";"22,1";"93,0";"93,0";"93,0";"21,0";"21,1";"21,0";"948,6";"948,6";"947,9";"0,7";"148,0";"2,3";"";"0,0"
"08/02/2026";"0200";"22,2";"22,4";"22,2";"93,0";"93,0";"93,0";"21,0";"21,2";"21,0";"948,7";"948,8";"948,6";"0,7";"345,0";"1,3";"";"1,4"
"08/02/2026";"0300";"21,5";"22,3";"21,5";"94,0";"94,0";"93,0";"20,4";"21,1";"20,4";"948,3";"948,9";"948,3";"2,3";"196,0";"7,3";"0,60";"7,8"
"08/02/2026";"0400";"21,3";"21,5";"21,2";"91,0";"94,0";"91,0";"19,7";"20,4";"19,7";"947,8";"948,3";"947,8";"0,7";"241,0";"3,4";"";"0,2"
"08/02/2026";"0500";"21,0";"21,4";"20,9";"90,0";"92,0";"90,0";"19,2";"19,9";"19,2";"947,7";"947,9";"947,6";"1,0";"181,0";"3,6";"0,80";"0,2"
"08/02/2026";"0600";"19,8";"21,0";"19,8";"86,0";"92,0";"86,0";"17,5";"19,3";"17,5";"948,1";"948,1";"947,6";"2,4";"248,0";"5,3";"0,80";"2,0"
"08/02/2026";"0700";"18,7";"19,8";"18,7";"91,0";"91,0";"85,0";"17,2";"17,4";"16,9";"947,9";"948,2";"947,8";"0,8";"165,0";"5,3";"";"2,6"
"08/02/2026";"0800";"18,8";"19,0";"18,7";"91,0";"91,0";"91,0";"17,3";"17,5";"17,2";"948,1";"948,1";"947,9";"1,2";"330,0";"2,5";"0,10";"0,0"
"08/02/2026";"0900";"18,9";"18,9";"18,8";"91,0";"92,0";"90,0";"17,4";"17,5";"17,2";"948,3";"948,3";"948,1";"0,6";"171,0";"2,1";"0,50";"0,0"
"08/02/2026";"1000";"19,2";"19,3";"18,9";"92,0";"92,0";"90,0";"17,9";"17,9";"17,4";"948,6";"948,6";"948,3";"0,3";"26,0";"1,5";"90,50";"0,0"
"08/02/2026";"1100";"19,7";"19,8";"19,2";"91,0";"92,0";"91,0";"18,2";"18,3";"17,9";"948,9";"949,1";"948,5";"1,1";"10,0";"2,0";"285,40";"0,0"
"08/02/2026";"1200";"21,5";"21,5";"19,7";"80,0";"91,0";"79,0";"17,9";"18,9";"17,6";"948,7";"949,0";"948,5";"3,0";"50,0";"4,3";"1227,10";"0,0"
"08/02/2026";"1300";"22,9";"23,0";"21,5";"72,0";"80,0";"70,0";"17,5";"18,8";"17,2";"948,6";"948,8";"948,6";"2,0";"70,0";"4,7";"1769,70";"0,0"
"08/02/2026";"1400";"24,3";"25,0";"22,6";"65,0";"73,0";"64,0";"17,2";"18,5";"17,0";"948,5";"948,6";"948,3";"2,0";"6,0";"3,6";"1930,70";"0,0"
"08/02/2026";"1500";"24,8";"25,5";"24,1";"65,0";"67,0";"62,0";"17,8";"18,6";"16,9";"947,9";"948,5";"947,9";"1,6";"17,0";"3,8";"1862,20";"0,0"
"08/02/2026";"1600";"25,7";"26,1";"24,8";"59,0";"66,0";"58,0";"17,0";"18,7";"16,9";"947,3";"947,9";"947,3";"1,4";"34,0";"3,7";"1737,90";"0,0"
"08/02/2026";"1700";"27,3";"27,3";"25,7";"57,0";"61,0";"55,0";"17,9";"18,1";"16,6";"946,4";"947,3";"946,4";"0,9";"29,0";"3,0";"2595,90";"0,2"
"08/02/2026";"1800";"27,4";"27,7";"26,9";"57,0";"60,0";"55,0";"18,2";"19,1";"17,2";"945,8";"946,4";"945,8";"1,4";"80,0";"3,7";"2203,00";"0,0"
"08/02/2026";"1900";"27,0";"27,7";"27,0";"60,0";"61,0";"54,0";"18,4";"18,9";"17,1";"945,7";"945,8";"945,6";"1,5";"347,0";"3,1";"1202,90";"0,0"
"08/02/2026";"2000";"25,0";"27,3";"25,0";"69,0";"70,0";"56,0";"19,0";"19,4";"17,8";"945,9";"946,0";"945,7";"3,9";"166,0";"8,6";"318,50";"0,0"
"08/02/2026";"2100";"22,1";"25,0";"21,8";"81,0";"85,0";"69,0";"18,7";"19,7";"18,6";"947,0";"947,0";"945,9";"1,3";"75,0";"9,1";"65,50";"5,4"
"08/02/2026";"2200";"21,6";"22,2";"21,6";"85,0";"87,0";"81,0";"19,0";"19,7";"18,7";"948,0";"948,0";"947,0";"1,4";"230,0";"2,9";"9,30";"0,6"
"08/02/2026";"2300";"21,1";"21,6";"21,0";"87,0";"89,0";"85,0";"18,8";"19,5";"18,8";"948,8";"948,8";"948,0";"1,8";"147,0";"3,1";"";"0,6"
"09/02/2026";"0000";"21,2";"21,3";"20,9";"91,0";"91,0";"87,0";"19,7";"19,7";"18,8";"949,4";"949,4";"948,8";"0,5";"229,0";"3,1";"";"0,2"
"09/02/2026";"0100";"21,1";"21,3";"21,1";"92,0";"92,0";"90,0";"19,7";"19,9";"19,6";"949,8";"949,8";"949,4";"0,3";"58,0";"1,7";"";"0,4"
"09/02/2026";"0200";"20,9";"21,2";"20,9";"93,0";"93,0";"92,0";"19,8";"20,0";"19,7";"949,3";"949,8";"949,3";"0,3";"304,0";"1,3";"";"0,2"
"09/02/2026";"0300";"20,8";"21,0";"20,8";"90,0";"93,0";"90,0";"19,2";"19,9";"19,2";"948,8";"949,3";"948,8";"0,5";"16,0";"1,6";"";"0,0"
"09/02/2026";"0400";"20,6";"20,8";"20,4";"94,0";"94,0";"90,0";"19,5";"19,5";"19,0";"948,2";"948,8";"948,2";"0,5";"29,0";"1,7";"";"0,0"
"09/02/2026";"0500";"20,3";"20,6";"20,2";"94,0";"94,0";"94,0";"19,3";"19,5";"19,2";"947,9";"948,2";"947,8";"1,0";"165,0";"1,8";"";"0,0"
"09/02/2026";"0600";"20,1";"20,4";"20,1";"93,0";"94,0";"93,0";"19,0";"19,3";"18,9";"947,7";"948,0";"947,6";"0,5";"184,0";"1,8";"";"0,0"
"09/02/2026";"0700";"19,9";"20,2";"19,9";"94,0";"94,0";"93,0";"18,8";"19,1";"18,8";"947,0";"947,7";"947,0";"1,7";"55,0";"2,4";"";"0,0"
"09/02/2026";"0800";"20,2";"20,2";"19,8";"94,0";"94,0";"94,0";"19,2";"19,2";"18,8";"947,5";"947,5";"946,9";"1,2";"111,0";"2,4";"";"0,0"
"09/02/2026";"0900";"20,3";"20,4";"20,2";"93,0";"94,0";"93,0";"19,2";"19,3";"19,1";"947,6";"947,7";"947,5";"0,7";"5,0";"1,5";"";"0,0"
"09/02/2026";"1000";"20,7";"20,7";"20,2";"92,0";"94,0";"92,0";"19,3";"19,5";"19,1";"948,2";"948,2";"947,6";"0,7";"345,0";"1,3";"75,10";"0,0"
"09/02/2026";"1100";"20,8";"20,9";"20,6";"91,0";"92,0";"91,0";"19,3";"19,4";"19,2";"948,7";"948,7";"948,2";"1,1";"87,0";"1,9";"228,90";"0,4"
"09/02/2026";"1200";"21,1";"21,2";"20,8";"92,0";"92,0";"91,0";"19,7";"19,8";"19,2";"949,3";"949,3";"948,7";"1,2";"47,0";"2,0";"280,40";"0,6"
"09/02/2026";"1300";"21,3";"21,4";"21,0";"90,0";"92,0";"90,0";"19,5";"19,7";"19,4";"949,5";"949,5";"949,3";"1,4";"27,0";"2,5";"472,20";"1,6"
"09/02/2026";"1400";"22,3";"22,4";"21,3";"85,0";"90,0";"85,0";"19,7";"20,2";"19,4";"949,5";"949,6";"949,4";"1,0";"25,0";"2,7";"932,00";"0,6"
"09/02/2026";"1500";"23,4";"23,6";"22,2";"79,0";"86,0";"78,0";"19,5";"20,1";"19,1";"948,9";"949,5";"948,9";"0,7";"42,0";"2,5";"1382,70";"0,0"
"09/02/2026";"1600";"22,7";"23,6";"22,7";"84,0";"84,0";"79,0";"19,8";"20,0";"19,3";"948,5";"948,9";"948,5";"1,2";"15,0";"2,0";"737,80";"0,6"
"09/02/2026";"1700";"22,0";"22,7";"22,0";"88,0";"89,0";"83,0";"20,0";"20,2";"19,4";"947,9";"948,5";"947,9";"1,3";"56,0";"2,3";"498,30";"2,8"
"09/02/2026";"1800";"22,4";"22,5";"21,9";"88,0";"90,0";"87,0";"20,3";"20,7";"19,8";"947,5";"947,9";"947,5";"2,1";"29,0";"4,8";"962,60";"1,0"
"09/02/2026";"1900";"21,6";"22,5";"21,6";"91,0";"92,0";"87,0";"20,1";"20,6";"19,6";"947,4";"947,6";"947,4";"2,2";"23,0";"5,0";"448,50";"1,0"
"09/02/2026";"2000";"21,5";"21,9";"21,4";"91,0";"91,0";"89,0";"19,9";"20,2";"19,5";"947,5";"947,5";"947,3";"1,5";"47,0";"4,6";"400,50";"0,8"
"09/02/2026";"2100";"20,3";"21,5";"20,3";"93,0";"93,0";"91,0";"19,1";"20,0";"19,1";"948,2";"948,3";"947,5";"2,3";"207,0";"6,5";"90,80";"5,8"
"09/02/2026";"2200";"19,9";"20,3";"19,8";"90,0";"93,0";"90,0";"18,3";"19,0";"18,1";"948,8";"948,8";"947,9";"2,0";"230,0";"6,5";"8,30";"6,4"
"09/02/2026";"2300";"19,5";"20,0";"19,5";"93,0";"93,0";"90,0";"18,3";"18,3";"18,1";"949,6";"949,6";"948,8";"1,5";"303,0";"4,6";"";"5,4"
"10/02/2026";"0000";"19,5";"19,7";"19,3";"93,0";"93,0";"92,0";"18,3";"18,5";"18,1";"949,7";"949,7";"949,3";"0,9";"344,0";"3,3";"";"3,6"
"10/02/2026";"0100";"19,5";"19,7";"19,4";"93,0";"93,0";"93,0";"18,4";"18,6";"18,3";"950,2";"950,2";"949,7";"1,2";"234,0";"2,0";"";"1,8"
"10/02/2026";"0200";"19,0";"19,5";"18,9";"93,0";"93,0";"93,0";"17,8";"18,4";"17,7";"950,3";"950,4";"950,2";"0,7";"310,0";"2,2";"";"2,6"
"10/02/2026";"0300";"19,2";"19,2";"18,9";"94,0";"94,0";"93,0";"18,2";"18,2";"17,7";"949,9";"950,2";"949,9";"0,2";"278,0";"1,1";"";"2,2"
"10/02/2026";"0400";"19,0";"19,2";"19,0";"94,0";"94,0";"94,0";"18,1";"18,2";"18,0";"949,2";"949,9";"949,2";"0,8";"341,0";"1,1";"";"0,4"
"10/02/2026";"0500";"19,3";"19,3";"19,0";"94,0";"94,0";"94,0";"18,2";"18,3";"18,0";"948,6";"949,2";"948,6";"1,0";"76,0";"1,5";"";"0,0"
"10/02/2026";"0600";"19,5";"19,5";"19,3";"94,0";"94,0";"94,0";"18,5";"18,5";"18,2";"948,1";"948,6";"948,1";"0,6";"237,0";"1,5";"";"0,2"
"10/02/2026";"0700";"19,6";"19,6";"19,4";"94,0";"94,0";"94,0";"18,6";"18,6";"18,4";"948,2";"948,3";"948,1";"0,7";"93,0";"1,3";"";"0,4"
"10/02/2026";"0800";"19,6";"19,7";"19,5";"94,0";"94,0";"94,0";"18,7";"18,8";"18,5";"948,6";"948,6";"948,2";"0,7";"220,0";"1,4";"0,30";"1,0"
"10/02/2026";"0900";"19,7";"19,8";"19,6";"95,0";"95,0";"94,0";"18,8";"18,8";"18,7";"948,9";"948,9";"948,6";"1,1";"160,0";"2,1";"2,50";"0,6"
"10/02/2026";"1000";"20,0";"20,0";"19,7";"94,0";"95,0";"94,0";"19,0";"19,0";"18,8";"949,4";"949,4";"948,9";"0,9";"172,0";"2,4";"132,20";"0,4"
"10/02/2026";"1100";"20,6";"20,7";"20,0";"92,0";"94,0";"92,0";"19,3";"19,4";"19,0";"949,9";"949,9";"949,4";"0,6";"270,0";"1,8";"344,10";"0,0"
"10/02/2026";"1200";"21,5";"21,5";"20,6";"87,0";"92,0";"87,0";"19,3";"19,8";"19,3";"950,1";"950,1";"949,9";"1,2";"95,0";"1,9";"573,90";"0,0"
"10/02/2026";"1300";"23,2";"23,4";"21,5";"77,0";"87,0";"77,0";"19,1";"20,1";"19,1";"950,1";"950,2";"950,1";"2,5";"46,0";"3,9";"1813,10";"0,0"
"10/02/2026";"1400";"24,1";"24,7";"22,7";"74,0";"81,0";"73,0";"19,0";"20,5";"18,9";"949,7";"950,1";"949,7";"4,1";"43,0";"5,6";"1873,00";"0,0"
"10/02/2026";"1500";"24,0";"24,1";"23,3";"75,0";"81,0";"74,0";"19,3";"20,4";"18,9";"949,1";"949,7";"949,1";"4,0";"41,0";"6,5";"1610,20";"0,0"
"10/02/2026";"1600";"23,7";"24,2";"23,1";"73,0";"81,0";"72,0";"18,5";"19,9";"18,5";"948,7";"949,2";"948,7";"4,7";"54,0";"7,2";"1585,40";"0,0"
"10/02/2026";"1700";"23,4";"24,5";"23,4";"77,0";"77,0";"70,0";"19,0";"19,5";"18,2";"947,9";"948,7";"947,9";"4,3";"43,0";"6,8";"1311,40";"0,0"
"10/02/2026";"1800";"25,9";"25,9";"23,3";"67,0";"79,0";"67,0";"19,3";"20,0";"18,8";"947,3";"947,9";"947,3";"3,7";"54,0";"6,5";"2118,50";"0,2"
"10/02/2026";"1900";"25,4";"26,0";"24,9";"68,0";"69,0";"65,0";"19,0";"19,7";"18,2";"946,4";"947,3";"946,4";"5,1";"46,0";"8,1";"1928,00";"0,0"
"10/02/2026";"2000";"25,4";"25,6";"25,0";"67,0";"70,0";"67,0";"18,8";"19,4";"18,7";"946,4";"946,4";"946,3";"4,3";"48,0";"7,5";"1137,30";"0,0"
"10/02/2026";"2100";"24,3";"25,7";"24,3";"69,0";"69,0";"65,0";"18,2";"19,1";"18,2";"946,5";"946,5";"946,3";"4,1";"49,0";"6,8";"703,50";"0,0"
"10/02/2026";"2200";"23,2";"24,3";"23,2";"73,0";"73,0";"69,0";"18,1";"18,5";"18,1";"946,7";"946,7";"946,5";"3,3";"52,0";"6,2";"70,50";"0,0"
"10/02/2026";"2300";"22,5";"23,2";"22,4";"82,0";"83,0";"73,0";"19,3";"19,5";"18,1";"947,6";"947,6";"946,7";"3,1";"55,0";"5,7";"0,20";"0,0"
"11/02/2026";"0000";"21,7";"22,5";"21,7";"86,0";"86,0";"82,0";"19,2";"19,4";"19,1";"948,3";"948,3";"947,6";"2,5";"56,0";"5,7";"";"0,0"
"11/02/2026";"0100";"22,1";"22,1";"21,7";"81,0";"86,0";"81,0";"18,8";"19,2";"18,8";"948,7";"948,7";"948,3";"3,4";"41,0";"5,6";"";"0,0"
"11/02/2026";"0200";"21,8";"22,2";"21,8";"82,0";"82,0";"79,0";"18,6";"18,8";"18,5";"949,0";"949,0";"948,6";"3,1";"37,0";"5,8";"";"0,0"
"11/02/2026";"0300";"21,0";"21,8";"20,9";"88,0";"89,0";"82,0";"19,1";"19,1";"18,6";"949,1";"949,1";"949,0";"1,0";"52,0";"4,6";"";"0,2"
"11/02/2026";"0400";"20,6";"21,1";"20,6";"91,0";"92,0";"88,0";"19,2";"19,4";"19,0";"948,5";"949,1";"948,5";"0,5";"55,0";"2,1";"";"2,4"
"11/02/2026";"0500";"20,4";"20,7";"20,4";"93,0";"93,0";"91,0";"19,2";"19,3";"19,2";"947,5";"948,5";"947,5";"0,9";"123,0";"2,6";"0,20";"0,8"
"11/02/2026";"0600";"20,4";"20,6";"20,4";"93,0";"93,0";"93,0";"19,3";"19,4";"19,2";"946,9";"947,5";"946,9";"0,6";"90,0";"1,8";"";"0,2"
"11/02/2026";"0700";"20,4";"20,4";"20,3";"94,0";"94,0";"93,0";"19,4";"19,4";"19,2";"947,1";"947,2";"946,6";"2,0";"249,0";"2,9";"";"0,0"
"11/02/2026";"0800";"20,4";"20,6";"20,4";"93,0";"94,0";"93,0";"19,3";"19,5";"19,3";"947,6";"947,7";"947,1";"1,2";"159,0";"2,9";"";"0,0"
"11/02/2026";"0900";"20,3";"20,5";"20,3";"94,0";"94,0";"93,0";"19,3";"19,4";"19,3";"948,0";"948,1";"947,6";"1,1";"127,0";"2,4";"0,90";"1,0"
"11/02/2026";"1000";"20,6";"20,6";"20,3";"94,0";"94,0";"94,0";"19,6";"19,6";"19,3";"949,2";"949,3";"948,0";"0,8";"263,0";"2,5";"53,80";"0,8"
"11/02/2026";"1100";"21,5";"21,5";"20,6";"92,0";"94,0";"92,0";"20,3";"20,3";"19,6";"949,6";"949,6";"949,1";"0,5";"240,0";"2,5";"286,80";"0,6"
"11/02/2026";"1200";"22,9";"22,9";"21,5";"85,0";"92,0";"85,0";"20,3";"20,5";"19,9";"950,1";"950,1";"949,6";"0,5";"54,0";"2,7";"609,50";"0,2"
"11/02/2026";"1300";"25,0";"25,4";"22,9";"68,0";"86,0";"68,0";"18,7";"21,1";"18,7";"949,9";"950,1";"949,9";"1,0";"41,0";"2,6";"1565,80";"0,0"
"11/02/2026";"1400";"24,9";"25,2";"24,7";"71,0";"71,0";"66,0";"19,2";"19,6";"18,1";"949,8";"949,9";"949,7";"0,9";"303,0";"2,6";"1100,10";"0,0"
"11/02/2026";"1500";"25,4";"25,8";"24,7";"67,0";"72,0";"60,0";"18,8";"19,6";"17,3";"949,5";"949,8";"949,5";"0,9";"160,0";"2,1";"880,20";"0,0"
"11/02/2026";"1600";"26,2";"26,5";"25,3";"64,0";"71,0";"61,0";"18,8";"19,8";"18,1";"949,0";"949,5";"949,0";"1,1";"291,0";"2,5";"1049,10";"0,0"
"11/02/2026";"1700";"26,4";"26,5";"26,1";"61,0";"65,0";"58,0";"18,2";"19,0";"17,4";"948,6";"949,0";"948,6";"2,0";"278,0";"4,8";"1092,20";"0,0"
"11/02/2026";"1800";"26,8";"27,0";"26,4";"62,0";"63,0";"60,0";"18,9";"19,0";"18,1";"948,4";"948,6";"948,4";"1,8";"214,0";"3,8";"1180,50";"0,0"
"11/02/2026";"1900";"26,9";"27,1";"26,7";"59,0";"63,0";"57,0";"18,3";"19,1";"17,6";"948,4";"948,5";"948,4";"1,5";"257,0";"3,5";"1043,10";"0,0"
"11/02/2026";"2000";"27,0";"27,0";"26,8";"60,0";"63,0";"58,0";"18,7";"19,1";"18,0";"948,2";"948,4";"948,2";"0,7";"234,0";"3,0";"719,10";"0,0"
"11/02/2026";"2100";"26,2";"27,1";"26,2";"67,0";"67,0";"59,0";"19,5";"19,5";"18,1";"948,3";"948,3";"948,2";"1,2";"225,0";"1,9";"517,40";"0,0"
"11/02/2026";"2200";"24,6";"26,2";"24,6";"80,0";"80,0";"66,0";"21,0";"21,1";"19,5";"948,9";"948,9";"948,3";"0,5";"308,0";"2,0";"69,20";"0,0"
"11/02/2026";"2300";"22,7";"24,6";"22,7";"89,0";"89,0";"78,0";"20,8";"21,0";"20,5";"949,5";"949,5";"948,9";"0,3";"333,0";"1,3";"";"0,0"
"12/02/2026";"0000";"22,1";"22,7";"22,1";"91,0";"92,0";"89,0";"20,6";"21,1";"20,6";"949,8";"949,8";"949,5";"0,8";"329,0";"1,2";"";"0,0"
"12/02/2026";"0100";"22,4";"22,8";"22,1";"90,0";"92,0";"90,0";"20,8";"21,3";"20,6";"950,5";"950,5";"949,8";"0,4";"303,0";"1,7";"";"0,0"
"12/02/2026";"0200";"22,2";"22,4";"22,0";"91,0";"92,0";"90,0";"20,7";"21,1";"20,6";"950,5";"950,5";"950,4";"0,5";"262,0";"1,0";"";"0,0"
"12/02/2026";"0300";"21,5";"22,2";"21,5";"93,0";"93,0";"91,0";"20,3";"20,8";"20,3";"950,2";"950,5";"950,2";"0,4";"88,0";"1,7";"";"0,0"
"12/02/2026";"0400";"21,4";"21,7";"21,3";"93,0";"93,0";"93,0";"20,3";"20,5";"20,1";"949,8";"950,2";"949,8";"0,9";"227,0";"1,6";"";"0,0"
"12/02/2026";"0500";"21,0";"21,5";"21,0";"93,0";"93,0";"93,0";"19,9";"20,3";"19,9";"949,4";"949,8";"949,4";"0,4";"20,0";"1,1";"";"0,0"
"12/02/2026";"0600";"20,9";"21,1";"20,9";"94,0";"94,0";"93,0";"19,9";"20,1";"19,8";"949,3";"949,5";"949,3";"0,6";"245,0";"1,4";"";"0,0"
"12/02/2026";"0700";"20,8";"21,0";"20,6";"94,0";"94,0";"94,0";"19,8";"20,0";"19,6";"949,4";"949,4";"949,2";"0,6";"239,0";"1,7";"";"0,0"
"12/02/2026";"0800";"21,1";"21,1";"20,7";"92,0";"94,0";"92,0";"19,8";"20,0";"19,6";"949,7";"949,7";"949,3";"0,6";"317,0";"2,0";"";"0,0"
"12/02/2026";"0900";"21,0";"21,1";"20,8";"93,0";"93,0";"92,0";"19,9";"19,9";"19,5";"950,3";"950,3";"949,7";"0,6";"228,0";"1,3";"0,60";"0,0"
"12/02/2026";"1000";"21,8";"21,8";"21,1";"91,0";"93,0";"91,0";"20,3";"20,3";"19,8";"951,0";"951,0";"950,3";"0,4";"230,0";"1,0";"104,70";"0,0"
"12/02/2026";"1100";"23,1";"23,1";"21,8";"84,0";"91,0";"84,0";"20,3";"20,5";"20,1";"951,5";"951,5";"951,0";"0,2";"234,0";"1,3";"409,10";"0,0"
"12/02/2026";"1200";"24,4";"24,4";"23,1";"76,0";"84,0";"74,0";"20,0";"20,7";"19,5";"951,7";"951,7";"951,5";"0,9";"107,0";"2,2";"843,90";"0,0"
"12/02/2026";"1300";"25,5";"25,5";"24,4";"71,0";"77,0";"70,0";"19,8";"20,5";"19,4";"951,6";"951,7";"951,6";"1,6";"52,0";"3,7";"1272,50";"0,0"
"12/02/2026";"1400";"27,1";"27,1";"25,5";"65,0";"72,0";"65,0";"20,0";"21,1";"19,6";"951,1";"951,6";"951,1";"2,2";"26,0";"4,3";"2100,20";"0,0"
"12/02/2026";"1500";"28,2";"28,2";"27,0";"62,0";"67,0";"57,0";"20,2";"20,7";"18,6";"950,7";"951,1";"950,7";"1,4";"17,0";"5,0";"2361,20";"0,0"
"12/02/2026";"1600";"29,4";"30,0";"27,9";"55,0";"63,0";"52,0";"19,3";"20,4";"18,5";"949,8";"950,7";"949,8";"2,0";"50,0";"4,6";"2679,90";"0,0"
"12/02/2026";"1700";"30,8";"31,1";"29,3";"50,0";"57,0";"48,0";"19,4";"20,5";"17,9";"948,8";"949,8";"948,8";"2,9";"76,0";"5,6";"3051,00";"0,0"
"12/02/2026";"1800";"31,9";"31,9";"30,5";"48,0";"52,0";"46,0";"19,5";"19,6";"18,4";"948,0";"948,8";"948,0";"2,3";"102,0";"5,6";"3186,60";"0,0"
"12/02/2026";"1900";"31,0";"31,9";"30,7";"47,0";"50,0";"44,0";"18,3";"19,1";"17,5";"947,9";"948,1";"947,8";"2,5";"5,0";"5,2";"1515,70";"0,0"
"12/02/2026";"2000";"29,2";"31,7";"29,2";"55,0";"55,0";"44,0";"19,1";"19,3";"17,7";"948,1";"948,2";"947,9";"2,6";"325,0";"9,0";"1183,40";"0,0"
"12/02/2026";"2100";"26,1";"29,1";"25,8";"68,0";"69,0";"55,0";"19,8";"20,2";"19,4";"948,4";"948,4";"948,1";"2,5";"243,0";"9,1";"231,10";"0,0"
"12/02/2026";"2200";"25,8";"26,5";"25,8";"68,0";"70,0";"66,0";"19,4";"20,3";"19,2";"949,3";"949,4";"948,3";"1,7";"240,0";"4,0";"48,70";"0,0"
"12/02/2026";"2300";"23,9";"25,8";"23,8";"77,0";"77,0";"68,0";"19,6";"19,8";"19,2";"949,9";"949,9";"949,3";"1,6";"226,0";"3,4";"";"0,0"
"13/02/2026";"0000";"23,2";"24,0";"22,7";"83,0";"84,0";"77,0";"20,2";"20,3";"19,6";"950,7";"950,7";"949,9";"1,3";"107,0";"2,2";"";"0,0"
"13/02/2026";"0100";"22,6";"23,3";"22,4";"89,0";"89,0";"83,0";"20,6";"20,7";"20,1";"951,6";"951,6";"950,7";"1,5";"106,0";"2,7";"";"0,0"
"13/02/2026";"0200";"22,0";"22,6";"22,0";"89,0";"89,0";"88,0";"20,0";"20,6";"20,0";"951,7";"951,7";"951,6";"0,9";"243,0";"1,9";"";"0,0"
"13/02/2026";"0300";"21,5";"22,0";"21,4";"92,0";"92,0";"89,0";"20,2";"20,3";"19,9";"951,5";"951,7";"951,5";"0,2";"277,0";"1,5";"";"0,0"
"13/02/2026";"0400";"21,5";"21,7";"21,2";"93,0";"93,0";"92,0";"20,3";"20,3";"19,9";"951,5";"951,6";"951,5";"1,2";"208,0";"1,9";"";"0,0"
"13/02/2026";"0500";"21,3";"22,0";"21,2";"92,0";"93,0";"91,0";"20,0";"20,8";"19,8";"951,1";"951,5";"951,1";"0,4";"133,0";"1,9";"";"0,0"
"13/02/2026";"0600";"21,2";"21,3";"20,8";"93,0";"93,0";"92,0";"20,0";"20,2";"19,6";"951,0";"951,2";"950,9";"0,7";"294,0";"1,4";"";"0,0"
"13/02/2026";"0700";"20,4";"21,2";"20,4";"93,0";"93,0";"93,0";"19,3";"20,0";"19,3";"950,9";"951,0";"950,8";"0,6";"339,0";"1,6";"";"0,0"
"13/02/2026";"0800";"20,3";"20,5";"20,2";"94,0";"94,0";"93,0";"19,3";"19,5";"19,2";"951,1";"951,1";"950,9";"0,4";"220,0";"1,1";"";"0,0"
"13/02/2026";"0900";"19,8";"20,4";"19,8";"94,0";"94,0";"94,0";"18,8";"19,4";"18,8";"951,6";"951,6";"951,1";"0,5";"53,0";"1,5";"3,70";"0,0"
"13/02/2026";"1000";"22,3";"22,3";"19,8";"91,0";"94,0";"91,0";"20,9";"20,9";"18,8";"952,3";"952,3";"951,6";"0,3";"289,0";"1,5";"398,50";"0,0"
"13/02/2026";"1100";"25,0";"25,3";"22,3";"77,0";"91,0";"77,0";"20,7";"22,2";"20,2";"952,5";"952,5";"952,3";"1,7";"65,0";"3,0";"1261,10";"0,0"
"13/02/2026";"1200";"26,6";"26,8";"25,0";"67,0";"78,0";"67,0";"20,1";"21,2";"20,1";"952,4";"952,5";"952,4";"4,5";"34,0";"6,8";"2110,20";"0,0"
"13/02/2026";"1300";"28,5";"28,5";"26,3";"61,0";"69,0";"60,0";"20,2";"20,8";"19,4";"952,3";"952,4";"952,3";"3,6";"44,0";"6,8";"2863,10";"0,0"
"13/02/2026";"1400";"29,4";"29,7";"28,1";"55,0";"61,0";"53,0";"19,4";"20,5";"18,8";"951,6";"952,3";"951,6";"2,2";"50,0";"5,6";"2955,50";"0,0"
"13/02/2026";"1500";"30,7";"30,9";"29,5";"50,0";"55,0";"48,0";"19,3";"19,7";"18,1";"950,7";"951,6";"950,7";"1,7";"26,0";"5,6";"3055,20";"0,0"
"13/02/2026";"1600";"32,2";"32,2";"30,7";"46,0";"53,0";"41,0";"19,2";"20,1";"16,4";"949,8";"950,7";"949,8";"2,9";"44,0";"5,5";"3168,00";"0,0"
"13/02/2026";"1700";"32,7";"33,0";"31,9";"42,0";"49,0";"41,0";"18,2";"20,2";"17,1";"948,9";"949,8";"948,9";"2,2";"89,0";"5,0";"3194,00";"0,0"
"13/02/2026";"1800";"33,3";"33,5";"32,5";"41,0";"45,0";"39,0";"18,2";"19,4";"17,2";"948,0";"948,9";"948,0";"1,6";"351,0";"4,5";"3254,70";"0,0"
"13/02/2026";"1900";"33,7";"34,0";"33,0";"40,0";"44,0";"38,0";"18,1";"19,4";"16,9";"947,3";"948,0";"947,3";"2,5";"46,0";"5,0";"2740,70";"0,0"
"13/02/2026";"2000";"31,3";"33,8";"31,2";"52,0";"53,0";"38,0";"20,3";"20,5";"17,3";"947,1";"947,3";"947,0";"5,0";"154,0";"7,4";"1329,90";"0,0"
"13/02/2026";"2100";"30,2";"31,3";"30,2";"52,0";"53,0";"50,0";"19,3";"20,4";"19,2";"947,4";"947,4";"947,1";"2,7";"143,0";"7,2";"829,10";"0,0"
"13/02/2026";"2200";"27,9";"30,2";"27,9";"60,0";"60,0";"52,0";"19,5";"19,8";"19,0";"948,0";"948,0";"947,4";"2,9";"134,0";"7,0";"152,50";"0,0"
"13/02/2026";"2300";"27,2";"27,9";"27,2";"64,0";"64,0";"60,0";"19,7";"20,0";"19,5";"948,9";"948,9";"947,9";"1,8";"166,0";"5,0";"";"0,0"
"14/02/2026";"0000";"26,4";"27,2";"26,4";"66,0";"67,0";"63,0";"19,6";"19,8";"19,6";"949,8";"949,8";"948,9";"2,3";"149,0";"4,7";"";"0,0"
"14/02/2026";"0100";"25,6";"26,4";"25,6";"69,0";"71,0";"66,0";"19,5";"20,1";"19,5";"950,7";"950,7";"949,8";"1,1";"160,0";"4,0";"";"0,0"
"14/02/2026";"0200";"22,9";"25,5";"22,9";"84,0";"84,0";"69,0";"20,0";"20,4";"19,5";"950,8";"950,9";"950,7";"0,8";"326,0";"1,9";"";"0,0"
"14/02/2026";"0300";"22,5";"23,3";"22,4";"85,0";"87,0";"83,0";"19,9";"20,5";"19,8";"950,6";"951,0";"950,6";"0,3";"254,0";"1,7";"";"0,0"
"14/02/2026";"0400";"21,6";"22,5";"21,5";"90,0";"90,0";"85,0";"19,8";"20,2";"19,7";"950,3";"950,6";"950,3";"0,5";"7,0";"1,3";"";"0,0"
"14/02/2026";"0500";"21,9";"22,4";"21,4";"87,0";"90,0";"86,0";"19,7";"20,2";"19,4";"950,0";"950,3";"950,0";"1,0";"158,0";"2,0";"";"0,0"
"14/02/2026";"0600";"20,9";"22,1";"20,9";"90,0";"90,0";"86,0";"19,2";"19,8";"18,9";"949,9";"950,1";"949,8";"0,7";"7,0";"1,7";"";"0,0"
"14/02/2026";"0700";"20,8";"21,3";"20,6";"91,0";"91,0";"89,0";"19,3";"19,6";"19,0";"950,1";"950,1";"949,8";"1,3";"173,0";"2,0";"";"0,0"
"14/02/2026";"0800";"20,7";"21,3";"20,4";"89,0";"91,0";"89,0";"18,9";"19,5";"18,6";"950,4";"950,4";"950,0";"1,4";"226,0";"2,1";"";"0,0"
"14/02/2026";"0900";"20,8";"21,0";"20,3";"89,0";"90,0";"88,0";"18,8";"19,3";"18,6";"951,3";"951,3";"950,4";"1,0";"229,0";"3,5";"5,00";"0,0"
"14/02/2026";"1000";"22,3";"22,3";"20,7";"86,0";"89,0";"85,0";"19,9";"20,0";"18,7";"952,0";"952,0";"951,3";"1,6";"228,0";"2,7";"269,00";"0,0"
"14/02/2026";"1100";"24,1";"24,1";"22,3";"82,0";"87,0";"82,0";"20,8";"20,9";"20,0";"952,2";"952,3";"952,0";"2,2";"232,0";"3,5";"920,20";"0,0"
"14/02/2026";"1200";"25,7";"25,9";"24,1";"74,0";"82,0";"73,0";"20,6";"20,9";"20,1";"952,3";"952,3";"952,2";"2,0";"207,0";"3,3";"1786,50";"0,0"
"14/02/2026";"1300";"27,1";"27,8";"25,4";"66,0";"74,0";"63,0";"20,1";"21,0";"19,5";"952,5";"952,5";"952,2";"0,7";"175,0";"3,2";"2115,40";"0,0"
"14/02/2026";"1400";"28,5";"29,1";"27,1";"59,0";"66,0";"58,0";"19,7";"20,9";"19,3";"951,8";"952,5";"951,8";"1,9";"261,0";"3,5";"2821,10";"0,0"
"14/02/2026";"1500";"28,8";"29,1";"28,3";"59,0";"61,0";"54,0";"19,9";"20,5";"18,7";"950,9";"951,8";"950,8";"2,6";"345,0";"4,4";"1842,20";"0,0"
"14/02/2026";"1600";"29,8";"30,2";"28,5";"55,0";"60,0";"52,0";"19,9";"20,6";"19,1";"950,1";"950,9";"950,1";"1,6";"356,0";"4,4";"2509,30";"0,0"
"14/02/2026";"1700";"31,1";"31,6";"29,6";"48,0";"56,0";"47,0";"18,9";"20,6";"18,4";"949,2";"950,1";"949,2";"1,9";"252,0";"3,8";"2816,90";"0,0"
"14/02/2026";"1800";"31,6";"32,1";"30,1";"46,0";"52,0";"43,0";"18,5";"20,1";"17,5";"948,6";"949,2";"948,6";"1,7";"280,0";"4,2";"2697,10";"0,0"
"14/02/2026";"1900";"31,0";"32,1";"30,2";"48,0";"52,0";"46,0";"18,8";"20,1";"18,0";"948,2";"948,6";"948,2";"3,4";"160,0";"6,1";"1568,00";"0,0"
"14/02/2026";"2000";"30,9";"31,6";"30,4";"49,0";"52,0";"47,0";"19,0";"19,8";"18,4";"948,1";"948,3";"948,1";"3,1";"150,0";"7,9";"1610,90";"0,0"
"14/02/2026";"2100";"29,4";"30,9";"29,4";"52,0";"53,0";"48,0";"18,5";"19,3";"18,3";"948,2";"948,2";"948,0";"2,7";"157,0";"5,9";"809,70";"0,0"
"14/02/2026";"2200";"27,2";"29,4";"27,1";"58,0";"58,0";"52,0";"18,1";"18,7";"18,1";"948,7";"948,7";"948,2";"2,5";"178,0";"6,7";"81,40";"0,0"
"14/02/2026";"2300";"24,9";"27,2";"24,9";"67,0";"68,0";"58,0";"18,4";"18,8";"18,2";"949,2";"949,2";"948,7";"4,6";"160,0";"8,7";"";"0,0"
"15/02/2026";"0000";"23,8";"25,0";"23,8";"69,0";"69,0";"67,0";"17,9";"18,4";"17,8";"949,8";"949,8";"949,2";"2,0";"159,0";"8,7";"";"0,0"
"15/02/2026";"0100";"23,0";"23,9";"22,8";"75,0";"75,0";"69,0";"18,2";"18,2";"17,6";"950,6";"950,6";"949,9";"4,3";"210,0";"6,3";"";"0,0"
"15/02/2026";"0200";"22,2";"23,2";"22,1";"78,0";"79,0";"74,0";"18,2";"18,3";"18,1";"950,7";"950,7";"950,5";"2,8";"222,0";"6,3";"";"0,0"
"15/02/2026";"0300";"21,3";"22,4";"21,1";"83,0";"84,0";"78,0";"18,4";"18,5";"18,1";"950,7";"950,8";"950,7";"2,4";"219,0";"5,0";"";"0,0"
"15/02/2026";"0400";"20,7";"21,3";"20,6";"87,0";"87,0";"83,0";"18,4";"18,4";"18,1";"950,3";"950,7";"950,3";"0,7";"344,0";"4,2";"";"0,0"
"15/02/2026";"0500";"20,0";"20,9";"20,0";"88,0";"88,0";"85,0";"17,9";"18,4";"17,9";"950,1";"950,3";"950,0";"1,6";"219,0";"2,8";"";"0,0"
"15/02/2026";"0600";"20,5";"20,5";"19,8";"89,0";"89,0";"87,0";"18,6";"18,6";"17,8";"950,2";"950,2";"950,1";"0,6";"183,0";"2,8";"";"0,0"
"15/02/2026";"0700";"20,0";"20,7";"20,0";"89,0";"89,0";"87,0";"18,1";"18,8";"18,1";"950,1";"950,2";"950,1";"0,3";"24,0";"1,8";"";"0,0"
"15/02/2026";"0800";"19,0";"20,0";"19,0";"92,0";"92,0";"89,0";"17,6";"18,2";"17,4";"950,5";"950,5";"949,9";"0,7";"228,0";"1,9";"";"0,0"
"15/02/2026";"0900";"18,5";"19,2";"18,5";"92,0";"93,0";"91,0";"17,2";"17,8";"17,2";"951,0";"951,0";"950,4";"0,5";"323,0";"1,2";"1,70";"0,0"
"15/02/2026";"1000";"20,1";"20,2";"18,3";"88,0";"93,0";"88,0";"18,0";"18,3";"17,0";"951,5";"951,5";"951,0";"0,7";"107,0";"1,5";"209,80";"0,0"
"15/02/2026";"1100";"23,1";"23,7";"19,9";"76,0";"89,0";"75,0";"18,5";"19,7";"17,9";"951,7";"951,8";"951,4";"0,6";"260,0";"1,7";"1151,50";"0,0"
"15/02/2026";"1200";"24,7";"25,2";"23,0";"71,0";"77,0";"68,0";"19,2";"19,7";"18,2";"951,7";"951,7";"951,5";"1,8";"2,0";"3,3";"2117,00";"0,0"
"15/02/2026";"1300";"26,2";"26,7";"24,7";"67,0";"71,0";"65,0";"19,6";"20,4";"18,9";"951,7";"951,7";"951,6";"2,1";"27,0";"5,0";"2961,70";"0,0"
"15/02/2026";"1400";"28,1";"28,4";"26,2";"59,0";"68,0";"57,0";"19,3";"20,3";"18,2";"951,1";"951,6";"951,1";"2,4";"56,0";"4,9";"3199,80";"0,0"
"15/02/2026";"1500";"29,5";"29,7";"28,0";"40,0";"59,0";"40,0";"14,5";"19,7";"14,5";"950,3";"951,1";"950,3";"2,2";"60,0";"4,9";"3125,20";"0,0"
"15/02/2026";"1600";"31,1";"31,9";"29,5";"25,0";"43,0";"25,0";"8,5";"15,9";"8,5";"949,6";"950,3";"949,6";"1,2";"93,0";"4,4";"3242,80";"0,0"
"15/02/2026";"1700";"32,0";"33,1";"31,1";"31,0";"31,0";"15,0";"12,7";"12,7";"3,2";"949,2";"949,6";"949,2";"2,5";"14,0";"5,6";"3408,70";"0,0"
"15/02/2026";"1800";"32,5";"33,2";"31,6";"29,0";"33,0";"27,0";"12,1";"14,0";"11,7";"948,7";"949,2";"948,7";"2,0";"279,0";"4,3";"3217,90";"0,0"
"15/02/2026";"1900";"32,8";"33,1";"32,3";"28,0";"31,0";"27,0";"12,0";"13,5";"11,3";"948,1";"948,7";"948,1";"0,9";"13,0";"4,1";"2638,80";"0,0"
"15/02/2026";"2000";"32,0";"33,3";"31,9";"33,0";"35,0";"26,0";"13,6";"14,6";"11,3";"948,0";"948,1";"947,9";"2,1";"244,0";"3,9";"1230,90";"0,0"
"15/02/2026";"2100";"31,9";"32,5";"31,8";"38,0";"39,0";"32,0";"15,8";"16,0";"12,9";"948,3";"948,3";"948,0";"1,2";"277,0";"3,9";"617,10";"0,0"
"15/02/2026";"2200";"27,2";"31,9";"27,2";"65,0";"65,0";"38,0";"20,1";"20,3";"15,5";"948,8";"948,8";"948,3";"4,2";"163,0";"7,5";"98,60";"0,0"
"15/02/2026";"2300";"24,9";"27,2";"24,9";"70,0";"70,0";"65,0";"19,1";"20,1";"19,0";"949,2";"949,2";"948,8";"5,7";"156,0";"9,9";"";"0,0"
"16/02/2026";"0000";"23,4";"24,9";"23,4";"73,0";"73,0";"70,0";"18,4";"19,0";"18,3";"950,3";"950,3";"949,2";"3,7";"126,0";"9,9";"";"0,0"
"16/02/2026";"0100";"23,1";"23,6";"22,9";"74,0";"75,0";"73,0";"18,1";"18,5";"18,1";"950,8";"950,8";"950,3";"2,5";"184,0";"7,3";"";"0,0"
"16/02/2026";"0200";"22,5";"23,1";"22,5";"76,0";"76,0";"74,0";"17,9";"18,2";"17,9";"950,9";"951,0";"950,8";"1,7";"189,0";"5,8";"";"0,0"
"16/02/2026";"0300";"21,8";"22,8";"21,8";"79,0";"79,0";"74,0";"18,1";"18,2";"17,9";"950,9";"951,2";"950,9";"1,3";"231,0";"3,7";"";"0,0"
"16/02/2026";"0400";"21,7";"22,1";"21,4";"82,0";"83,0";"79,0";"18,5";"18,5";"18,0";"950,5";"950,9";"950,5";"0,3";"237,0";"2,6";"";"0,0"
"16/02/2026";"0500";"21,8";"21,9";"21,6";"80,0";"82,0";"79,0";"18,3";"18,5";"18,1";"950,3";"950,6";"950,2";"0,8";"267,0";"1,6";"";"0,0"
"16/02/2026";"0600";"21,3";"21,9";"21,3";"84,0";"85,0";"80,0";"18,6";"18,8";"18,3";"950,1";"950,3";"950,0";"0,9";"343,0";"2,0";"";"0,0"
"16/02/2026";"0700";"21,4";"21,8";"21,3";"85,0";"85,0";"82,0";"18,8";"18,9";"18,5";"949,9";"950,1";"949,8";"0,4";"99,0";"2,0";"";"0,0"
"16/02/2026";"0800";"21,4";"21,6";"21,3";"86,0";"86,0";"84,0";"18,9";"19,0";"18,7";"950,1";"950,1";"949,8";"0,2";"65,0";"1,4";"";"0,0"
"16/02/2026";"0900";"21,1";"21,4";"21,0";"88,0";"88,0";"85,0";"19,0";"19,0";"18,5";"950,5";"950,5";"950,1";"0,2";"139,0";"1,5";"1,40";"0,0"
"16/02/2026";"1000";"22,5";"22,5";"21,0";"81,0";"88,0";"81,0";"19,0";"19,5";"18,5";"951,2";"951,2";"950,5";"0,9";"160,0";"2,8";"298,60";"0,0"
"16/02/2026";"1100";"24,3";"24,4";"22,5";"77,0";"81,0";"75,0";"20,0";"20,2";"18,6";"951,4";"951,4";"951,2";"1,6";"59,0";"3,6";"1152,10";"0,0"
"16/02/2026";"1200";"26,2";"26,6";"24,1";"67,0";"78,0";"67,0";"19,6";"20,9";"19,6";"951,5";"951,5";"951,3";"3,8";"55,0";"7,3";"2088,60";"0,0"
"16/02/2026";"1300";"27,6";"27,9";"25,7";"63,0";"71,0";"62,0";"19,9";"20,7";"19,4";"951,3";"951,5";"951,3";"3,6";"37,0";"7,0";"2931,10";"0,0"
"16/02/2026";"1400";"28,9";"29,2";"27,2";"57,0";"64,0";"56,0";"19,5";"20,3";"19,0";"950,8";"951,3";"950,8";"2,3";"58,0";"6,1";"3098,20";"0,0"
"16/02/2026";"1500";"29,8";"30,4";"28,7";"51,0";"60,0";"51,0";"18,6";"20,5";"18,6";"950,2";"950,8";"950,2";"1,4";"25,0";"4,6";"3083,50";"0,0"
"16/02/2026";"1600";"31,9";"32,4";"29,8";"42,0";"53,0";"41,0";"17,4";"20,2";"16,7";"949,4";"950,2";"949,4";"1,8";"198,0";"4,4";"3162,70";"0,0"
"16/02/2026";"1700";"33,0";"33,6";"31,7";"32,0";"43,0";"28,0";"14,3";"17,7";"12,2";"948,5";"949,4";"948,5";"2,3";"137,0";"4,4";"3307,00";"0,0"
"16/02/2026";"1800";"33,6";"33,7";"32,7";"33,0";"37,0";"29,0";"15,0";"16,4";"12,8";"947,9";"948,5";"947,9";"1,7";"293,0";"5,0";"3274,10";"0,0"
"16/02/2026";"1900";"33,5";"34,1";"33,0";"32,0";"35,0";"30,0";"14,6";"15,9";"13,7";"947,4";"947,9";"947,4";"1,7";"105,0";"4,8";"2624,40";"0,0"
"16/02/2026";"2000";"31,5";"33,8";"30,5";"45,0";"46,0";"28,0";"18,1";"18,2";"12,7";"947,3";"947,5";"947,3";"2,5";"186,0";"5,4";"699,70";"0,0"
"16/02/2026";"2100";"30,1";"31,7";"30,1";"48,0";"52,0";"44,0";"18,0";"19,3";"17,8";"947,7";"947,7";"947,2";"2,7";"135,0";"6,5";"707,70";"0,0"
"16/02/2026";"2200";"28,0";"30,1";"27,9";"59,0";"59,0";"48,0";"19,1";"19,1";"18,0";"948,4";"948,4";"947,7";"1,1";"151,0";"5,2";"55,70";"0,0"
"16/02/2026";"2300";"26,5";"27,9";"26,3";"67,0";"69,0";"59,0";"20,0";"20,1";"19,1";"948,8";"948,8";"948,4";"0,8";"136,0";"2,7";"";"0,0"
"17/02/2026";"0000";"25,5";"26,5";"25,0";"63,0";"71,0";"57,0";"18,0";"19,9";"17,3";"949,7";"949,7";"948,8";"2,6";"148,0";"4,8";"";"0,0"
"17/02/2026";"0100";"22,9";"25,7";"22,9";"78,0";"78,0";"62,0";"19,0";"19,0";"17,8";"950,3";"950,3";"949,6";"0,8";"22,0";"4,4";"";"0,0"
"17/02/2026";"0200";"23,3";"24,0";"22,3";"75,0";"79,0";"72,0";"18,7";"19,3";"18,2";"950,5";"950,6";"950,3";"0,8";"204,0";"2,0";"";"0,0"
"17/02/2026";"0300";"21,1";"24,0";"21,0";"85,0";"85,0";"70,0";"18,4";"19,3";"18,1";"949,8";"950,5";"949,8";"0,5";"316,0";"2,8";"";"0,0"
"17/02/2026";"0400";"20,9";"21,9";"20,6";"87,0";"87,0";"82,0";"18,7";"18,9";"18,2";"949,2";"949,8";"949,2";"0,6";"159,0";"1,5";"";"0,0"
"17/02/2026";"0500";"20,4";"21,3";"20,4";"88,0";"89,0";"85,0";"18,4";"19,0";"18,2";"948,9";"949,2";"948,9";"0,5";"301,0";"1,6";"";"0,0"
"17/02/2026";"0600";"20,0";"20,5";"19,7";"91,0";"91,0";"88,0";"18,5";"18,7";"18,0";"948,6";"948,9";"948,6";"0,5";"272,0";"1,4";"";"0,0"
"17/02/2026";"0700";"19,7";"20,1";"19,5";"91,0";"91,0";"90,0";"18,1";"18,5";"17,9";"948,7";"948,8";"948,6";"0,7";"299,0";"1,6";"";"0,0"
"17/02/2026";"0800";"19,3";"19,7";"19,0";"91,0";"91,0";"91,0";"17,8";"18,2";"17,5";"949,0";"949,0";"948,7";"0,4";"285,0";"1,8";"";"0,0"
"17/02/2026";"0900";"19,2";"19,8";"18,7";"92,0";"93,0";"90,0";"17,9";"18,3";"17,2";"949,3";"949,3";"949,0";"0,7";"35,0";"1,5";"2,00";"0,0"
"17/02/2026";"1000";"22,6";"22,6";"18,8";"83,0";"93,0";"83,0";"19,5";"20,0";"17,5";"950,0";"950,0";"949,2";"1,6";"145,0";"2,5";"447,50";"0,0"
"17/02/2026";"1100";"24,9";"24,9";"22,6";"75,0";"83,0";"74,0";"20,1";"20,8";"19,4";"950,1";"950,1";"950,0";"2,0";"78,0";"4,0";"1314,20";"0,0"
"17/02/2026";"1200";"27,2";"27,4";"24,6";"64,0";"75,0";"64,0";"19,8";"20,5";"19,6";"950,2";"950,3";"950,1";"2,3";"72,0";"4,0";"2029,30";"0,0"
"17/02/2026";"1300";"29,0";"29,3";"26,7";"54,0";"64,0";"54,0";"18,8";"20,3";"18,7";"950,2";"950,3";"950,1";"1,3";"57,0";"4,3";"2876,90";"0,0"
"17/02/2026";"1400";"31,1";"31,1";"28,5";"49,0";"56,0";"49,0";"19,1";"19,7";"18,4";"949,3";"950,2";"949,3";"1,4";"70,0";"3,6";"3084,70";"0,0"
"17/02/2026";"1500";"32,2";"32,2";"30,6";"42,0";"50,0";"41,0";"17,6";"19,4";"17,2";"948,8";"949,3";"948,8";"0,6";"67,0";"3,6";"2609,60";"0,0"
"17/02/2026";"1600";"33,2";"33,3";"31,9";"35,0";"44,0";"35,0";"15,8";"18,4";"15,2";"947,9";"948,8";"947,9";"3,0";"212,0";"5,5";"3026,40";"0,0"
"17/02/2026";"1700";"33,4";"34,6";"33,2";"32,0";"35,0";"27,0";"14,6";"15,9";"12,2";"947,0";"947,9";"946,9";"2,4";"207,0";"6,1";"3271,40";"0,0"
"17/02/2026";"1800";"34,6";"34,7";"33,0";"29,0";"33,0";"27,0";"14,2";"15,0";"12,6";"945,9";"947,0";"945,9";"3,5";"210,0";"6,2";"2978,80";"0,0"
"17/02/2026";"1900";"33,3";"34,7";"33,3";"35,0";"35,0";"27,0";"15,6";"15,6";"13,3";"945,6";"945,9";"945,4";"3,0";"213,0";"6,8";"2490,80";"0,0"
"17/02/2026";"2000";"32,5";"33,8";"32,5";"39,0";"40,0";"32,0";"16,6";"17,3";"14,5";"945,4";"945,6";"945,3";"3,4";"231,0";"7,0";"1378,80";"0,0"
"17/02/2026";"2100";"27,7";"32,5";"27,7";"48,0";"49,0";"38,0";"15,8";"17,7";"15,3";"946,1";"946,1";"945,4";"3,5";"220,0";"8,2";"505,40";"0,0"
"17/02/2026";"2200";"26,6";"27,7";"26,3";"56,0";"57,0";"48,0";"17,0";"17,1";"15,7";"946,4";"946,4";"946,0";"1,1";"227,0";"5,6";"22,40";"0,0"
"17/02/2026";"2300";"25,5";"26,7";"24,9";"63,0";"67,0";"55,0";"18,0";"18,5";"17,0";"947,4";"947,4";"946,4";"2,9";"233,0";"4,2";"";"0,0"
"18/02/2026";"0000";"26,0";"26,2";"24,6";"61,0";"70,0";"60,0";"17,8";"19,0";"17,8";"947,8";"947,9";"947,4";"1,2";"254,0";"4,2";"";"0,0"
"18/02/2026";"0100";"25,5";"26,3";"25,4";"65,0";"65,0";"60,0";"18,5";"18,5";"17,8";"948,7";"948,7";"947,8";"3,4";"232,0";"6,3";"";"0,0"
"18/02/2026";"0200";"23,1";"25,7";"23,1";"76,0";"76,0";"64,0";"18,7";"19,4";"18,4";"948,4";"948,9";"948,4";"4,8";"239,0";"10,2";"1,00";"0,0"
"18/02/2026";"0300";"21,9";"23,1";"21,7";"88,0";"88,0";"75,0";"19,7";"19,7";"18,4";"948,5";"948,5";"948,2";"0,6";"210,0";"8,1";"";"0,0"
"18/02/2026";"0400";"21,0";"21,9";"21,0";"90,0";"91,0";"86,0";"19,2";"20,2";"19,1";"948,0";"948,5";"948,0";"0,8";"335,0";"2,0";"";"0,0"
"18/02/2026";"0500";"21,0";"21,5";"20,8";"91,0";"92,0";"90,0";"19,5";"20,1";"19,2";"947,4";"948,0";"947,4";"0,6";"293,0";"1,4";"";"0,0"
"18/02/2026";"0600";"20,6";"21,3";"20,5";"93,0";"93,0";"91,0";"19,4";"19,9";"19,3";"946,8";"947,4";"946,8";"1,4";"195,0";"2,3";"";"0,0"
"18/02/2026";"0700";"20,3";"21,0";"20,3";"92,0";"93,0";"92,0";"19,1";"19,7";"19,0";"946,4";"946,8";"946,4";"0,8";"5,0";"1,9";"";"0,0"
"18/02/2026";"0800";"20,1";"20,3";"19,8";"93,0";"93,0";"92,0";"19,0";"19,2";"18,6";"946,6";"946,7";"946,4";"0,6";"165,0";"2,4";"";"0,0"
"18/02/2026";"0900";"19,6";"20,1";"19,6";"93,0";"93,0";"92,0";"18,4";"18,9";"18,4";"946,9";"946,9";"946,5";"0,8";"184,0";"1,7";"1,60";"0,0"
"18/02/2026";"1000";"22,0";"23,3";"19,6";"85,0";"93,0";"83,0";"19,2";"20,5";"18,5";"947,3";"947,3";"946,9";"0,7";"360,0";"1,7";"297,80";"0,0"
"18/02/2026";"1100";"24,5";"24,6";"21,9";"76,0";"85,0";"75,0";"19,9";"21,0";"19,3";"947,5";"947,5";"947,3";"1,1";"51,0";"2,7";"1109,20";"0,0"
"18/02/2026";"1200";"25,6";"26,2";"24,5";"67,0";"76,0";"67,0";"19,0";"20,2";"19,0";"947,4";"947,5";"947,3";"0,9";"51,0";"2,7";"1546,50";"0,0"
"18/02/2026";"1300";"28,8";"28,8";"25,6";"53,0";"68,0";"53,0";"18,4";"19,8";"18,0";"947,3";"947,4";"947,3";"1,3";"50,0";"2,8";"2984,50";"0,0"
"18/02/2026";"1400";"30,1";"30,3";"28,3";"52,0";"55,0";"50,0";"19,1";"19,7";"17,5";"947,1";"947,3";"947,1";"1,6";"206,0";"3,6";"3318,70";"0,0"
"18/02/2026";"1500";"30,9";"31,3";"29,9";"49,0";"54,0";"48,0";"18,8";"20,0";"18,8";"946,4";"947,1";"946,4";"2,8";"211,0";"4,9";"3171,10";"0,0"
"18/02/2026";"1600";"32,1";"32,5";"30,8";"48,0";"53,0";"45,0";"19,8";"20,7";"18,6";"945,5";"946,4";"945,5";"3,1";"221,0";"5,9";"3475,90";"0,0"
"18/02/2026";"1700";"31,8";"32,6";"30,8";"48,0";"51,0";"46,0";"19,5";"20,0";"18,6";"944,2";"945,5";"944,2";"3,5";"224,0";"6,9";"2854,40";"0,0"
"18/02/2026";"1800";"30,1";"32,7";"30,1";"45,0";"50,0";"44,0";"16,9";"20,4";"16,9";"944,2";"944,5";"944,0";"2,9";"256,0";"9,5";"3008,30";"0,0"
"18/02/2026";"1900";"21,9";"30,3";"19,2";"94,0";"94,0";"45,0";"20,9";"20,9";"17,0";"944,7";"946,1";"944,1";"5,2";"152,0";"18,9";"155,60";"16,6"
"18/02/2026";"2000";"22,4";"22,4";"21,5";"91,0";"94,0";"91,0";"20,9";"21,2";"20,5";"944,9";"944,9";"944,4";"1,9";"19,0";"8,6";"261,00";"0,6"
"18/02/2026";"2100";"22,7";"22,9";"22,4";"88,0";"91,0";"86,0";"20,6";"21,1";"20,3";"945,2";"945,3";"944,9";"1,8";"82,0";"4,2";"351,70";"0,2"
"18/02/2026";"2200";"21,9";"22,7";"21,9";"86,0";"89,0";"84,0";"19,5";"20,6";"19,4";"945,1";"945,2";"944,9";"1,1";"58,0";"4,6";"51,50";"0,0"
"18/02/2026";"2300";"21,9";"21,9";"21,5";"88,0";"89,0";"86,0";"19,7";"19,9";"19,3";"945,8";"945,8";"945,1";"0,6";"183,0";"1,9";"";"0,0"
"19/02/2026";"0000";"21,7";"22,1";"21,6";"91,0";"91,0";"87,0";"20,1";"20,1";"19,7";"946,2";"946,2";"945,7";"1,0";"74,0";"1,8";"";"0,0"
"19/02/2026";"0100";"21,5";"22,0";"21,3";"89,0";"91,0";"89,0";"19,5";"20,3";"19,5";"946,7";"946,7";"946,2";"0,5";"194,0";"2,0";"";"0,0"
"19/02/2026";"0200";"20,8";"21,5";"20,8";"90,0";"91,0";"89,0";"19,1";"19,6";"19,1";"947,1";"947,2";"946,7";"1,2";"76,0";"2,1";"";"0,0"
"19/02/2026";"0300";"20,4";"20,8";"20,2";"92,0";"92,0";"90,0";"19,1";"19,3";"18,8";"946,5";"947,1";"946,5";"1,0";"53,0";"2,0";"";"0,0"
"19/02/2026";"0400";"20,7";"20,9";"20,4";"92,0";"92,0";"92,0";"19,4";"19,6";"19,1";"945,9";"946,5";"945,9";"0,7";"225,0";"1,6";"";"0,0"
"19/02/2026";"0500";"20,6";"20,7";"20,2";"92,0";"93,0";"92,0";"19,2";"19,4";"18,9";"945,0";"945,9";"945,0";"0,7";"204,0";"1,5";"";"0,0"
"19/02/2026";"0600";"20,2";"20,7";"20,2";"93,0";"93,0";"92,0";"19,0";"19,4";"18,9";"944,7";"945,0";"944,7";"0,6";"114,0";"1,5";"";"0,0"
"19/02/2026";"0700";"20,1";"20,6";"20,1";"93,0";"93,0";"92,0";"18,9";"19,4";"18,9";"944,6";"944,7";"944,6";"0,4";"14,0";"1,3";"";"0,0"
"19/02/2026";"0800";"20,3";"20,5";"20,1";"92,0";"93,0";"92,0";"19,0";"19,2";"18,9";"944,8";"944,8";"944,5";"1,3";"183,0";"1,6";"";"0,0"
"19/02/2026";"0900";"20,2";"20,5";"20,2";"92,0";"93,0";"92,0";"18,9";"19,2";"18,9";"945,3";"945,3";"944,8";"1,4";"288,0";"2,5";"";"0,0"
"19/02/2026";"1000";"21,2";"21,2";"20,1";"91,0";"92,0";"90,0";"19,6";"19,6";"18,7";"945,8";"945,8";"945,3";"0,5";"296,0";"2,6";"151,80";"0,0"
"19/02/2026";"1100";"23,6";"23,6";"21,2";"79,0";"91,0";"79,0";"19,8";"20,3";"18,9";"946,1";"946,1";"945,8";"1,0";"169,0";"2,3";"1094,80";"0,0"
"19/02/2026";"1200";"24,4";"24,9";"23,5";"73,0";"80,0";"70,0";"19,2";"20,4";"18,7";"946,4";"946,4";"946,0";"0,9";"343,0";"2,6";"1858,50";"0,0"
"19/02/2026";"1300";"26,0";"26,6";"24,4";"69,0";"74,0";"66,0";"19,9";"20,3";"19,1";"946,5";"946,5";"946,4";"1,5";"250,0";"3,6";"2482,50";"0,0"
"19/02/2026";"1400";"27,6";"27,8";"25,7";"60,0";"70,0";"59,0";"19,1";"20,4";"19,1";"946,0";"946,5";"946,0";"1,2";"2,0";"3,4";"2970,50";"0,2"
"19/02/2026";"1500";"28,7";"29,2";"27,4";"55,0";"63,0";"54,0";"18,8";"20,5";"18,7";"945,4";"946,0";"945,4";"1,5";"221,0";"4,3";"3765,30";"0,0"
"19/02/2026";"1600";"29,1";"30,4";"28,7";"54,0";"60,0";"49,0";"18,8";"20,2";"18,1";"944,6";"945,4";"944,6";"2,3";"201,0";"4,5";"3609,10";"0,0"
"19/02/2026";"1700";"31,1";"31,4";"29,1";"44,0";"55,0";"44,0";"17,3";"19,8";"17,2";"943,7";"944,6";"943,7";"1,8";"224,0";"5,8";"3203,20";"0,0"
"19/02/2026";"1800";"31,3";"31,9";"30,7";"37,0";"46,0";"36,0";"14,8";"18,0";"14,8";"943,3";"943,7";"943,3";"2,7";"243,0";"5,7";"2757,60";"0,0"
"19/02/2026";"1900";"31,8";"32,0";"30,7";"39,0";"44,0";"37,0";"15,9";"17,8";"15,4";"943,0";"943,3";"942,9";"3,1";"210,0";"6,2";"2109,80";"0,0"
"19/02/2026";"2000";"28,7";"31,8";"28,3";"57,0";"60,0";"38,0";"19,4";"20,3";"14,8";"943,0";"943,2";"942,8";"6,0";"154,0";"10,3";"1080,20";"0,0"
"19/02/2026";"2100";"26,8";"28,7";"26,8";"63,0";"63,0";"57,0";"19,2";"19,7";"19,1";"943,7";"943,7";"942,9";"5,2";"157,0";"9,6";"596,70";"0,0"
"19/02/2026";"2200";"25,4";"26,8";"25,4";"69,0";"69,0";"63,0";"19,3";"19,5";"19,2";"944,6";"944,6";"943,7";"1,8";"140,0";"8,7";"52,10";"0,0"
"19/02/2026";"2300";"24,5";"25,4";"24,4";"74,0";"75,0";"69,0";"19,6";"19,6";"19,3";"945,9";"945,9";"944,6";"1,6";"163,0";"4,7";"";"0,0"
"20/02/2026";"0000";"24,0";"24,5";"24,0";"77,0";"77,0";"74,0";"19,7";"19,8";"19,6";"946,7";"946,7";"945,9";"1,3";"143,0";"4,3";"";"0,0"
"20/02/2026";"0100";"23,9";"24,1";"23,7";"78,0";"79,0";"77,0";"19,7";"19,9";"19,7";"947,1";"947,1";"946,7";"2,0";"160,0";"3,1";"";"0,0"
"20/02/2026";"0200";"23,3";"23,9";"23,3";"81,0";"81,0";"77,0";"19,8";"19,8";"19,7";"947,3";"947,3";"947,0";"1,3";"172,0";"3,7";"";"0,0"
"20/02/2026";"0300";"23,1";"23,4";"23,1";"82,0";"82,0";"81,0";"19,8";"20,0";"19,8";"946,9";"947,3";"946,9";"0,8";"183,0";"3,1";"";"0,0"
"20/02/2026";"0400";"22,5";"23,2";"22,5";"83,0";"83,0";"81,0";"19,5";"19,8";"19,4";"946,5";"946,9";"946,4";"0,7";"149,0";"2,8";"";"0,0"
"20/02/2026";"0500";"22,2";"22,5";"22,2";"85,0";"85,0";"83,0";"19,6";"19,7";"19,5";"946,1";"946,5";"946,1";"1,0";"133,0";"2,1";"";"0,0"
"20/02/2026";"0600";"21,6";"22,2";"21,6";"88,0";"88,0";"85,0";"19,6";"19,8";"19,3";"945,7";"946,1";"945,7";"0,6";"38,0";"2,1";"";"0,0"
"20/02/2026";"0700";"21,8";"21,8";"21,4";"89,0";"90,0";"88,0";"19,9";"19,9";"19,5";"945,9";"946,0";"945,7";"0,6";"58,0";"1,3";"";"0,0"
"20/02/2026";"0800";"21,4";"21,8";"21,2";"91,0";"91,0";"89,0";"19,8";"19,9";"19,5";"945,5";"945,9";"945,5";"1,0";"122,0";"1,5";"";"0,0"
"20/02/2026";"0900";"21,6";"21,6";"21,3";"92,0";"92,0";"91,0";"20,2";"20,2";"19,8";"945,5";"945,6";"945,4";"2,0";"50,0";"2,8";"2,60";"0,0"
"20/02/2026";"1000";"23,1";"23,4";"21,6";"84,0";"92,0";"84,0";"20,3";"21,1";"20,2";"945,7";"945,8";"945,4";"1,3";"101,0";"3,2";"307,70";"0,0"
"20/02/2026";"1100";"24,4";"24,5";"23,0";"77,0";"85,0";"77,0";"20,1";"21,0";"19,9";"945,9";"945,9";"945,6";"3,4";"55,0";"5,4";"1074,10";"0,0"
"20/02/2026";"1200";"25,1";"26,0";"24,3";"72,0";"78,0";"71,0";"19,8";"20,8";"19,5";"946,1";"946,1";"945,8";"1,8";"24,0";"5,1";"1348,00";"0,0"
"20/02/2026";"1300";"27,7";"27,9";"25,2";"65,0";"73,0";"63,0";"20,4";"21,0";"19,5";"945,9";"946,2";"945,9";"1,9";"94,0";"4,7";"2373,80";"0,0"
"20/02/2026";"1400";"29,3";"29,3";"27,4";"61,0";"66,0";"59,0";"20,9";"20,9";"19,7";"945,0";"945,9";"945,0";"1,6";"131,0";"3,6";"3107,40";"0,0"
"20/02/2026";"1500";"29,8";"30,4";"28,9";"57,0";"61,0";"54,0";"20,4";"21,1";"19,3";"944,2";"945,0";"944,2";"1,4";"44,0";"4,9";"3427,90";"0,0"
"20/02/2026";"1600";"30,3";"30,7";"29,3";"54,0";"60,0";"53,0";"19,9";"21,4";"19,3";"943,7";"944,2";"943,6";"2,8";"220,0";"5,1";"2309,70";"0,0"
"20/02/2026";"1700";"31,5";"32,1";"29,9";"50,0";"56,0";"46,0";"19,8";"20,7";"18,6";"943,0";"943,7";"943,0";"4,0";"238,0";"6,6";"2541,00";"0,0"
"20/02/2026";"1800";"31,8";"32,3";"31,0";"47,0";"52,0";"44,0";"18,9";"20,3";"18,3";"942,2";"943,0";"942,1";"3,2";"226,0";"7,4";"2903,30";"0,0"
"20/02/2026";"1900";"29,2";"32,4";"27,9";"46,0";"54,0";"42,0";"16,4";"19,7";"16,4";"941,8";"942,5";"941,8";"1,7";"53,0";"9,0";"1700,00";"0,0"
"20/02/2026";"2000";"29,6";"30,9";"29,2";"49,0";"51,0";"44,0";"17,9";"18,7";"16,3";"941,4";"941,8";"941,4";"2,7";"66,0";"5,1";"1355,00";"0,0"
"20/02/2026";"2100";"27,7";"29,7";"27,7";"65,0";"65,0";"48,0";"20,5";"21,0";"16,9";"942,3";"942,3";"941,3";"3,9";"133,0";"9,1";"460,20";"0,0"
"20/02/2026";"2200";"25,3";"27,7";"25,3";"71,0";"71,0";"64,0";"19,8";"20,5";"19,8";"943,3";"943,3";"942,3";"2,6";"105,0";"7,3";"63,30";"0,0"
"20/02/2026";"2300";"24,2";"25,4";"24,2";"76,0";"76,0";"71,0";"19,8";"19,8";"19,7";"945,0";"945,0";"943,3";"1,8";"122,0";"6,3";"";"0,0"
"21/02/2026";"0000";"24,5";"24,6";"24,0";"74,0";"78,0";"73,0";"19,4";"20,1";"19,3";"946,3";"946,3";"945,0";"1,5";"26,0";"4,0";"";"0,0"
"21/02/2026";"0100";"23,4";"24,5";"23,3";"79,0";"80,0";"74,0";"19,5";"19,6";"19,2";"946,8";"946,8";"946,4";"1,9";"65,0";"4,5";"";"0,0"
"21/02/2026";"0200";"22,1";"23,5";"22,1";"84,0";"84,0";"78,0";"19,3";"19,6";"19,1";"946,2";"946,8";"946,2";"2,5";"57,0";"4,4";"";"0,0"
"21/02/2026";"0300";"21,8";"22,4";"21,8";"85,0";"86,0";"84,0";"19,3";"19,6";"19,3";"946,0";"946,3";"945,9";"1,9";"130,0";"4,5";"";"0,0"
"21/02/2026";"0400";"21,7";"21,9";"21,6";"86,0";"87,0";"85,0";"19,3";"19,4";"19,2";"945,9";"946,0";"945,7";"0,9";"178,0";"2,9";"";"0,0"
"21/02/2026";"0500";"21,9";"21,9";"21,1";"85,0";"89,0";"85,0";"19,3";"19,7";"19,0";"946,0";"946,0";"945,8";"1,9";"139,0";"4,1";"";"0,0"
"21/02/2026";"0600";"21,9";"22,0";"21,7";"86,0";"87,0";"84,0";"19,5";"19,5";"19,1";"945,6";"946,0";"945,6";"0,3";"232,0";"3,1";"";"0,0"
"21/02/2026";"0700";"21,7";"22,2";"21,2";"89,0";"89,0";"84,0";"19,8";"19,8";"19,1";"945,4";"945,8";"945,4";"2,1";"31,0";"3,0";"";"0,0"
"21/02/2026";"0800";"20,6";"21,7";"20,6";"91,0";"91,0";"88,0";"19,2";"19,8";"19,0";"945,1";"945,4";"945,1";"1,9";"65,0";"3,9";"";"0,0"
"21/02/2026";"0900";"20,5";"20,8";"20,4";"92,0";"92,0";"91,0";"19,2";"19,5";"19,1";"945,4";"945,5";"945,1";"1,3";"164,0";"3,1";"3,20";"0,0"
"21/02/2026";"1000";"21,7";"21,7";"20,5";"87,0";"93,0";"87,0";"19,5";"20,1";"19,2";"946,0";"946,0";"945,4";"1,5";"156,0";"3,5";"270,60";"0,0"
"21/02/2026";"1100";"24,4";"24,6";"21,7";"73,0";"88,0";"73,0";"19,3";"20,0";"18,8";"946,5";"946,5";"946,0";"0,5";"263,0";"2,9";"1167,80";"0,0"
"21/02/2026";"1200";"25,4";"25,9";"23,9";"69,0";"75,0";"69,0";"19,3";"20,4";"18,9";"947,0";"947,0";"946,5";"1,6";"41,0";"3,2";"1777,40";"0,0"
"21/02/2026";"1300";"26,4";"27,0";"25,1";"65,0";"71,0";"65,0";"19,3";"20,3";"19,0";"947,1";"947,2";"947,0";"1,3";"33,0";"3,5";"2472,70";"0,0"
"21/02/2026";"1400";"28,5";"29,1";"26,3";"61,0";"68,0";"59,0";"20,2";"20,8";"19,7";"946,7";"947,2";"946,7";"0,8";"105,0";"3,2";"3058,10";"0,0"
"21/02/2026";"1500";"29,6";"29,6";"28,5";"54,0";"62,0";"53,0";"19,2";"20,8";"18,4";"946,1";"946,7";"946,1";"1,2";"15,0";"3,9";"2988,30";"0,0"
"21/02/2026";"1600";"30,9";"31,0";"29,5";"44,0";"56,0";"43,0";"17,1";"20,4";"17,1";"945,6";"946,1";"945,5";"1,5";"143,0";"4,5";"2925,80";"0,0"
"21/02/2026";"1700";"30,6";"32,1";"30,1";"52,0";"52,0";"43,0";"19,5";"19,9";"17,0";"945,2";"945,6";"945,1";"2,9";"166,0";"5,0";"2044,70";"0,0"
"21/02/2026";"1800";"30,3";"30,9";"29,8";"53,0";"55,0";"50,0";"19,6";"20,0";"18,7";"944,3";"945,2";"944,3";"3,3";"173,0";"5,5";"1449,40";"0,0"
"21/02/2026";"1900";"26,5";"30,5";"26,3";"62,0";"62,0";"52,0";"18,6";"19,9";"17,7";"944,7";"944,7";"944,2";"1,1";"125,0";"9,2";"552,90";"0,0"
"21/02/2026";"2000";"26,9";"27,6";"26,4";"66,0";"67,0";"60,0";"19,9";"20,3";"18,0";"944,7";"944,8";"944,2";"2,5";"233,0";"4,7";"311,20";"0,0"
"21/02/2026";"2100";"26,3";"27,0";"26,3";"65,0";"68,0";"64,0";"19,3";"20,4";"19,2";"944,7";"944,8";"944,5";"3,4";"195,0";"6,7";"333,00";"0,0"
"21/02/2026";"2200";"24,9";"26,3";"24,9";"70,0";"70,0";"65,0";"19,0";"19,4";"19,0";"945,5";"945,5";"944,7";"3,1";"150,0";"6,1";"81,10";"0,0"
"21/02/2026";"2300";"24,0";"24,9";"24,0";"75,0";"75,0";"70,0";"19,2";"19,2";"19,0";"946,7";"946,7";"945,5";"1,3";"117,0";"5,4";"";"0,0"
"22/02/2026";"0000";"23,9";"24,0";"23,7";"77,0";"77,0";"75,0";"19,6";"19,6";"19,2";"947,5";"947,5";"946,7";"2,2";"164,0";"5,2";"";"0,0"
"22/02/2026";"0100";"21,9";"23,9";"21,9";"88,0";"88,0";"76,0";"20,0";"20,0";"19,3";"948,2";"948,2";"947,5";"4,5";"160,0";"7,5";"0,40";"0,0"
"22/02/2026";"0200";"21,7";"22,0";"21,7";"89,0";"89,0";"88,0";"19,8";"20,0";"19,7";"948,2";"948,3";"948,0";"1,9";"164,0";"7,8";"";"0,0"
"22/02/2026";"0300";"21,6";"22,0";"21,6";"87,0";"89,0";"86,0";"19,3";"19,8";"19,2";"948,0";"948,3";"948,0";"2,8";"146,0";"4,9";"";"0,0"
"22/02/2026";"0400";"21,4";"21,6";"21,4";"86,0";"87,0";"86,0";"19,0";"19,3";"18,9";"948,2";"948,2";"948,0";"1,0";"208,0";"4,9";"";"0,0"
"22/02/2026";"0500";"21,1";"21,5";"21,1";"86,0";"86,0";"84,0";"18,6";"19,0";"18,5";"947,6";"948,2";"947,6";"1,1";"135,0";"3,7";"";"0,0"
"22/02/2026";"0600";"20,6";"21,1";"20,5";"88,0";"88,0";"86,0";"18,4";"18,6";"18,3";"947,1";"947,7";"947,1";"0,3";"73,0";"3,0";"";"0,0"
"22/02/2026";"0700";"20,1";"20,6";"20,1";"89,0";"90,0";"87,0";"18,3";"18,5";"18,1";"946,8";"947,1";"946,8";"0,9";"295,0";"2,0";"";"0,0"
"22/02/2026";"0800";"19,7";"20,3";"19,6";"91,0";"91,0";"89,0";"18,2";"18,5";"18,0";"946,8";"946,9";"946,7";"0,5";"229,0";"1,5";"";"0,0"
"22/02/2026";"0900";"20,1";"20,1";"19,4";"91,0";"93,0";"91,0";"18,7";"18,7";"18,0";"947,1";"947,1";"946,7";"0,5";"258,0";"1,4";"";"0,0"
"22/02/2026";"1000";"20,9";"20,9";"20,1";"90,0";"91,0";"90,0";"19,1";"19,1";"18,6";"948,0";"948,0";"947,1";"0,9";"152,0";"2,7";"96,30";"0,0"
"22/02/2026";"1100";"23,0";"23,0";"20,9";"82,0";"90,0";"81,0";"19,8";"19,9";"19,1";"948,2";"948,2";"948,0";"0,6";"177,0";"2,2";"626,00";"0,0"
"22/02/2026";"1200";"24,7";"24,9";"23,0";"71,0";"82,0";"71,0";"19,0";"20,8";"19,0";"948,3";"948,4";"948,2";"1,1";"257,0";"2,5";"1422,30";"0,0"
"22/02/2026";"1300";"25,9";"27,3";"24,6";"64,0";"72,0";"61,0";"18,6";"19,7";"18,4";"948,5";"948,5";"948,3";"1,7";"310,0";"4,1";"2612,90";"0,0"
"22/02/2026";"1400";"27,4";"27,4";"25,8";"60,0";"67,0";"59,0";"18,8";"19,8";"18,3";"947,8";"948,5";"947,8";"1,6";"311,0";"4,1";"2627,00";"0,0"
"22/02/2026";"1500";"28,3";"28,5";"27,0";"55,0";"60,0";"53,0";"18,5";"19,4";"17,6";"947,3";"947,8";"947,3";"2,2";"259,0";"4,3";"2193,40";"0,0"
"22/02/2026";"1600";"29,9";"30,3";"28,2";"49,0";"56,0";"49,0";"18,1";"19,8";"17,5";"946,4";"947,3";"946,4";"1,9";"328,0";"4,8";"2944,50";"0,0"
"22/02/2026";"1700";"29,8";"30,9";"28,8";"51,0";"54,0";"47,0";"18,4";"18,8";"17,5";"945,5";"946,4";"945,5";"2,2";"208,0";"6,4";"2169,30";"0,0"
"22/02/2026";"1800";"26,6";"30,8";"26,6";"66,0";"67,0";"47,0";"19,7";"20,2";"17,4";"945,3";"945,5";"945,1";"4,7";"148,0";"11,3";"1839,70";"0,0"
"22/02/2026";"1900";"26,9";"27,0";"26,1";"69,0";"70,0";"65,0";"20,6";"20,6";"19,5";"944,5";"945,3";"944,4";"2,8";"132,0";"8,2";"928,80";"0,0"
"22/02/2026";"2000";"26,7";"27,9";"26,6";"65,0";"69,0";"62,0";"19,5";"20,9";"19,5";"944,7";"944,9";"944,4";"3,9";"134,0";"7,1";"873,90";"0,0"
"22/02/2026";"2100";"26,0";"26,7";"26,0";"67,0";"67,0";"63,0";"19,3";"19,8";"19,1";"945,3";"945,3";"944,6";"2,7";"149,0";"7,4";"287,00";"0,0"
"22/02/2026";"2200";"23,1";"26,0";"23,1";"83,0";"83,0";"67,0";"20,2";"20,2";"19,1";"945,7";"945,7";"945,1";"3,4";"11,0";"5,8";"20,60";"0,0"
"22/02/2026";"2300";"22,5";"23,1";"22,4";"85,0";"85,0";"83,0";"19,8";"20,4";"19,7";"946,4";"946,4";"945,6";"2,3";"76,0";"6,2";"";"0,0"
"23/02/2026";"0000";"22,5";"22,5";"22,4";"86,0";"86,0";"85,0";"20,1";"20,1";"19,8";"946,9";"946,9";"946,4";"1,0";"159,0";"3,2";"";"0,0"
"23/02/2026";"0100";"21,9";"22,6";"21,9";"88,0";"88,0";"86,0";"19,9";"20,4";"19,8";"947,4";"947,5";"946,9";"1,7";"170,0";"3,9";"";"0,0"
"23/02/2026";"0200";"21,7";"21,9";"21,7";"91,0";"91,0";"88,0";"20,1";"20,1";"19,9";"947,7";"947,7";"947,4";"1,2";"116,0";"3,2";"";"0,4"
"23/02/2026";"0300";"21,4";"21,7";"21,2";"93,0";"93,0";"91,0";"20,2";"20,3";"19,9";"947,3";"947,7";"947,3";"0,9";"131,0";"2,3";"";"1,2"
"23/02/2026";"0400";"21,4";"21,4";"21,3";"92,0";"93,0";"92,0";"20,1";"20,2";"20,0";"946,7";"947,3";"946,7";"0,9";"229,0";"2,6";"";"0,4"
"23/02/2026";"0500";"21,3";"21,5";"21,2";"92,0";"93,0";"92,0";"20,0";"20,2";"20,0";"946,1";"946,7";"946,1";"0,9";"215,0";"2,2";"";"0,6"
"23/02/2026";"0600";"21,0";"21,3";"20,9";"92,0";"92,0";"91,0";"19,6";"20,0";"19,6";"945,9";"946,1";"945,9";"1,6";"157,0";"3,9";"";"1,4"
"23/02/2026";"0700";"21,0";"21,0";"20,9";"92,0";"92,0";"92,0";"19,6";"19,6";"19,5";"945,6";"945,9";"945,5";"0,4";"210,0";"3,9";"";"0,2"
"23/02/2026";"0800";"21,1";"21,1";"20,9";"92,0";"93,0";"92,0";"19,8";"19,8";"19,6";"945,4";"945,6";"945,4";"0,6";"238,0";"1,8";"";"0,0"
"23/02/2026";"0900";"20,8";"21,2";"20,8";"93,0";"93,0";"92,0";"19,6";"19,8";"19,6";"945,4";"945,4";"945,3";"0,7";"8,0";"1,3";"";"0,2"
"23/02/2026";"1000";"21,4";"21,7";"20,8";"92,0";"93,0";"92,0";"20,1";"20,4";"19,6";"945,8";"945,8";"945,3";"0,8";"354,0";"2,2";"144,00";"0,0"
"23/02/2026";"1100";"23,1";"23,2";"21,4";"85,0";"92,0";"85,0";"20,5";"20,7";"20,1";"946,4";"946,4";"945,8";"0,8";"101,0";"2,3";"612,60";"0,0"
"23/02/2026";"1200";"25,7";"25,7";"23,1";"75,0";"85,0";"75,0";"20,9";"21,5";"19,8";"946,5";"946,6";"946,4";"1,0";"47,0";"3,1";"1650,10";"0,0"
"23/02/2026";"1300";"25,8";"26,0";"24,4";"70,0";"80,0";"69,0";"19,9";"21,3";"19,5";"946,4";"946,5";"946,4";"2,3";"40,0";"4,5";"1965,60";"0,0"
"23/02/2026";"1400";"27,5";"27,5";"25,7";"66,0";"73,0";"63,0";"20,6";"20,7";"19,3";"946,0";"946,4";"946,0";"1,6";"2,0";"3,9";"1994,30";"0,0"
"23/02/2026";"1500";"27,8";"28,3";"26,9";"61,0";"66,0";"60,0";"19,5";"20,6";"19,1";"945,4";"946,0";"945,4";"1,5";"344,0";"4,0";"2320,60";"0,0"
"23/02/2026";"1600";"28,2";"28,4";"27,4";"61,0";"64,0";"59,0";"19,9";"20,7";"19,1";"944,6";"945,5";"944,6";"1,7";"187,0";"4,0";"1871,40";"0,0"
"23/02/2026";"1700";"27,9";"29,5";"27,9";"63,0";"63,0";"55,0";"20,0";"20,9";"19,5";"943,7";"944,6";"943,7";"1,8";"241,0";"5,3";"2235,50";"0,0"
"23/02/2026";"1800";"23,7";"27,9";"23,6";"87,0";"87,0";"63,0";"21,4";"22,0";"19,4";"943,5";"943,7";"943,4";"2,8";"254,0";"7,1";"197,50";"2,2"
"23/02/2026";"1900";"24,7";"24,7";"23,6";"80,0";"87,0";"79,0";"21,1";"21,4";"20,7";"943,4";"943,5";"943,1";"1,9";"163,0";"5,3";"583,70";"0,4"
"23/02/2026";"2000";"25,2";"25,5";"24,6";"74,0";"80,0";"73,0";"20,3";"21,1";"20,1";"943,4";"943,4";"943,2";"1,6";"164,0";"3,6";"587,40";"0,0"
"23/02/2026";"2100";"24,3";"25,2";"24,3";"74,0";"76,0";"72,0";"19,3";"20,5";"19,3";"943,8";"943,9";"943,4";"2,6";"131,0";"4,3";"208,10";"0,0"
"23/02/2026";"2200";"23,2";"24,3";"23,2";"80,0";"80,0";"73,0";"19,5";"19,5";"19,0";"944,4";"944,4";"943,8";"2,0";"154,0";"4,5";"9,00";"0,0"
"23/02/2026";"2300";"22,6";"23,4";"22,5";"85,0";"85,0";"77,0";"20,0";"20,0";"19,0";"945,0";"945,0";"944,4";"1,5";"35,0";"4,5";"";"0,0"
"24/02/2026";"0000";"21,9";"22,6";"21,9";"92,0";"92,0";"86,0";"20,5";"20,7";"19,8";"945,6";"945,6";"945,0";"0,5";"42,0";"3,5";"";"1,6"
"24/02/2026";"0100";"21,4";"21,9";"21,4";"93,0";"93,0";"92,0";"20,3";"20,5";"20,2";"945,8";"945,9";"945,6";"1,5";"54,0";"4,1";"";"1,8"
"24/02/2026";"0200";"21,3";"21,5";"21,3";"93,0";"94,0";"93,0";"20,1";"20,5";"20,1";"944,9";"945,8";"944,9";"1,0";"57,0";"2,4";"";"0,2"
"24/02/2026";"0300";"21,2";"21,5";"21,2";"93,0";"93,0";"93,0";"20,0";"20,2";"20,0";"944,8";"944,9";"944,8";"1,9";"58,0";"2,5";"0,30";"0,0"
"24/02/2026";"0400";"21,0";"21,2";"21,0";"93,0";"94,0";"93,0";"19,9";"20,2";"19,8";"944,7";"944,9";"944,7";"2,0";"62,0";"3,1";"";"0,0"
"24/02/2026";"0500";"20,9";"21,1";"20,9";"93,0";"93,0";"93,0";"19,7";"20,0";"19,7";"944,0";"944,7";"944,0";"1,1";"58,0";"3,1";"";"0,0"
"24/02/2026";"0600";"21,0";"21,0";"20,8";"93,0";"94,0";"93,0";"19,9";"19,9";"19,7";"943,5";"944,0";"943,5";"1,0";"137,0";"1,8";"";"0,0"
"24/02/2026";"0700";"21,1";"21,2";"21,0";"92,0";"93,0";"91,0";"19,7";"19,9";"19,5";"943,1";"943,6";"943,1";"0,4";"309,0";"2,6";"";"0,2"
"24/02/2026";"0800";"20,9";"21,1";"20,9";"92,0";"93,0";"92,0";"19,7";"19,8";"19,7";"943,1";"943,1";"943,0";"0,7";"185,0";"1,5";"";"0,0"
"24/02/2026";"0900";"20,8";"20,9";"20,7";"92,0";"93,0";"92,0";"19,4";"19,6";"19,4";"943,3";"943,3";"943,1";"0,4";"145,0";"1,3";"";"0,0"
"24/02/2026";"1000";"21,3";"21,3";"20,8";"92,0";"92,0";"92,0";"19,9";"19,9";"19,4";"943,9";"943,9";"943,3";"0,4";"144,0";"0,9";"81,40";"0,0"
"24/02/2026";"1100";"22,0";"22,0";"21,2";"89,0";"92,0";"89,0";"20,1";"20,4";"19,6";"944,4";"944,4";"943,8";"0,6";"87,0";"2,3";"250,30";"0,0"
"24/02/2026";"1200";"23,1";"23,1";"22,0";"87,0";"89,0";"87,0";"20,7";"20,8";"19,9";"944,5";"944,5";"944,2";"0,8";"74,0";"2,1";"602,40";"0,0"
"24/02/2026";"1300";"24,2";"24,3";"23,0";"78,0";"87,0";"77,0";"20,2";"20,9";"19,8";"944,4";"944,5";"944,4";"2,7";"24,0";"4,3";"1444,90";"0,0"
"24/02/2026";"1400";"26,5";"26,5";"24,2";"71,0";"80,0";"69,0";"20,8";"20,9";"19,8";"943,8";"944,4";"943,8";"2,0";"15,0";"4,5";"2906,80";"0,0"
"24/02/2026";"1500";"27,5";"27,5";"26,0";"66,0";"71,0";"63,0";"20,7";"21,0";"19,2";"943,3";"943,8";"943,3";"2,5";"62,0";"5,4";"3622,80";"0,2"
"24/02/2026";"1600";"29,6";"29,6";"26,9";"58,0";"67,0";"57,0";"20,4";"20,9";"19,4";"942,3";"943,3";"942,3";"1,6";"123,0";"4,2";"3387,00";"0,0"
"24/02/2026";"1700";"30,0";"30,2";"28,9";"53,0";"59,0";"51,0";"19,2";"20,5";"18,9";"941,1";"942,3";"941,1";"1,4";"94,0";"4,1";"3642,90";"0,0"
"24/02/2026";"1800";"29,5";"31,1";"29,4";"53,0";"54,0";"48,0";"18,8";"20,1";"18,3";"940,4";"941,1";"940,4";"1,9";"284,0";"4,4";"2096,30";"0,0"
"24/02/2026";"1900";"27,1";"29,6";"27,1";"64,0";"64,0";"53,0";"19,7";"21,2";"18,9";"940,4";"940,4";"940,1";"3,5";"132,0";"6,5";"718,90";"0,0"
"24/02/2026";"2000";"26,3";"27,1";"26,3";"69,0";"69,0";"64,0";"20,2";"20,5";"19,7";"940,3";"940,5";"940,1";"3,2";"159,0";"6,5";"504,40";"0,0"
"24/02/2026";"2100";"25,4";"26,4";"25,4";"71,0";"72,0";"68,0";"19,7";"20,2";"19,7";"940,4";"940,5";"940,1";"2,0";"131,0";"5,3";"190,40";"0,0"
"24/02/2026";"2200";"24,6";"25,4";"24,6";"73,0";"73,0";"70,0";"19,3";"19,8";"19,3";"941,0";"941,1";"940,4";"2,6";"187,0";"5,3";"6,40";"0,0"
"24/02/2026";"2300";"24,2";"24,6";"24,2";"74,0";"75,0";"72,0";"19,3";"19,4";"19,2";"942,1";"942,1";"941,0";"2,1";"156,0";"5,5";"";"0,0"
"25/02/2026";"0000";"22,6";"24,3";"22,6";"91,0";"91,0";"74,0";"21,0";"21,0";"19,3";"942,5";"942,6";"942,0";"3,4";"51,0";"6,9";"";"0,0"
"25/02/2026";"0100";"22,1";"22,6";"22,1";"90,0";"91,0";"90,0";"20,4";"21,1";"20,4";"942,8";"942,9";"942,6";"2,0";"35,0";"3,8";"";"0,0"
"25/02/2026";"0200";"21,9";"22,1";"21,8";"93,0";"93,0";"90,0";"20,7";"20,7";"20,3";"942,9";"942,9";"942,7";"0,9";"117,0";"3,3";"";"0,0"
"25/02/2026";"0300";"22,1";"22,2";"21,9";"93,0";"93,0";"93,0";"20,8";"21,0";"20,7";"942,0";"942,9";"942,0";"0,5";"104,0";"1,4";"";"0,0"
"25/02/2026";"0400";"22,2";"22,2";"22,1";"92,0";"93,0";"92,0";"20,9";"20,9";"20,7";"941,5";"942,0";"941,4";"0,5";"325,0";"1,1";"";"0,0"
"25/02/2026";"0500";"22,1";"22,2";"22,0";"92,0";"92,0";"92,0";"20,8";"20,9";"20,6";"940,9";"941,5";"940,9";"1,1";"110,0";"1,5";"";"0,0"
"25/02/2026";"0600";"21,9";"22,2";"21,9";"92,0";"92,0";"92,0";"20,6";"20,9";"20,6";"940,4";"940,9";"940,3";"1,0";"96,0";"1,5";"";"0,0"
"25/02/2026";"0700";"21,6";"22,0";"21,6";"93,0";"93,0";"92,0";"20,5";"20,7";"20,3";"940,5";"940,5";"940,3";"0,7";"234,0";"1,4";"";"0,0"
"25/02/2026";"0800";"21,8";"22,0";"21,4";"93,0";"94,0";"93,0";"20,7";"20,9";"20,3";"941,1";"941,1";"940,4";"0,7";"73,0";"1,8";"";"0,0"
"25/02/2026";"0900";"21,4";"21,9";"21,3";"93,0";"93,0";"93,0";"20,3";"20,7";"20,2";"941,6";"941,6";"941,1";"1,2";"181,0";"2,0";"";"0,0"
"25/02/2026";"1000";"22,9";"22,9";"21,4";"92,0";"94,0";"92,0";"21,6";"21,6";"20,4";"941,8";"941,9";"941,6";"1,2";"134,0";"2,1";"171,60";"0,0"
"25/02/2026";"1100";"23,8";"23,8";"22,7";"83,0";"92,0";"83,0";"20,7";"22,0";"20,3";"942,0";"942,1";"941,8";"1,2";"126,0";"2,4";"624,30";"0,0"
"25/02/2026";"1200";"25,3";"26,3";"23,8";"73,0";"83,0";"71,0";"20,0";"21,4";"20,0";"942,2";"942,2";"942,0";"1,2";"64,0";"2,3";"1232,30";"0,0"
"25/02/2026";"1300";"26,7";"27,0";"24,8";"69,0";"78,0";"66,0";"20,5";"21,2";"19,8";"942,0";"942,3";"942,0";"1,7";"19,0";"4,2";"2084,90";"0,0"
"25/02/2026";"1400";"28,3";"29,3";"26,2";"61,0";"69,0";"59,0";"20,0";"21,5";"19,6";"941,3";"942,0";"941,3";"1,5";"285,0";"3,3";"3486,70";"0,0"
"25/02/2026";"1500";"28,7";"29,2";"27,7";"61,0";"64,0";"59,0";"20,5";"21,5";"19,8";"940,4";"941,3";"940,4";"1,4";"31,0";"3,5";"2756,00";"0,0"
"25/02/2026";"1600";"29,9";"29,9";"28,5";"57,0";"62,0";"56,0";"20,3";"21,1";"19,8";"939,4";"940,4";"939,4";"1,1";"353,0";"4,0";"2043,90";"0,0"
"25/02/2026";"1700";"29,7";"30,4";"29,4";"58,0";"59,0";"54,0";"20,7";"20,9";"19,8";"938,6";"939,4";"938,6";"2,8";"223,0";"4,4";"1387,50";"0,0"
"25/02/2026";"1800";"28,8";"29,7";"28,5";"62,0";"62,0";"58,0";"20,9";"21,1";"19,6";"937,9";"938,6";"937,9";"1,4";"149,0";"5,7";"742,10";"0,0"
"25/02/2026";"1900";"27,6";"29,0";"27,6";"67,0";"70,0";"62,0";"20,9";"22,4";"20,8";"937,4";"937,9";"937,4";"3,3";"257,0";"5,3";"328,10";"0,0"
"25/02/2026";"2000";"27,3";"27,6";"26,9";"69,0";"70,0";"66,0";"21,1";"21,3";"20,4";"937,3";"937,6";"937,1";"1,8";"253,0";"5,3";"320,90";"0,0"
"25/02/2026";"2100";"26,7";"28,1";"26,6";"70,0";"70,0";"64,0";"20,8";"21,1";"20,6";"937,7";"937,7";"937,1";"2,6";"226,0";"3,7";"433,30";"0,0"
"25/02/2026";"2200";"24,2";"26,7";"24,2";"81,0";"81,0";"70,0";"20,8";"21,4";"20,8";"938,5";"938,5";"937,7";"4,9";"198,0";"7,4";"19,80";"0,0"
"25/02/2026";"2300";"24,2";"24,5";"24,1";"83,0";"84,0";"81,0";"21,2";"21,3";"20,9";"938,8";"938,8";"938,3";"3,0";"155,0";"7,1";"";"0,0"
"26/02/2026";"0000";"23,8";"24,5";"23,7";"89,0";"89,0";"83,0";"21,8";"21,8";"21,2";"939,7";"939,7";"938,8";"1,8";"318,0";"5,6";"";"0,8"
"26/02/2026";"0100";"23,7";"23,9";"23,5";"90,0";"91,0";"88,0";"21,8";"22,0";"21,7";"940,4";"940,4";"939,7";"0,7";"244,0";"2,4";"";"0,4"
"26/02/2026";"0200";"22,1";"23,6";"22,0";"94,0";"94,0";"90,0";"21,1";"21,8";"20,9";"939,9";"940,4";"939,9";"3,4";"215,0";"5,5";"0,80";"16,8"
"26/02/2026";"0300";"21,7";"22,1";"21,5";"95,0";"95,0";"94,0";"20,8";"21,1";"20,5";"939,7";"940,1";"939,7";"1,6";"232,0";"5,9";"0,10";"14,8"
"26/02/2026";"0400";"21,7";"21,7";"21,5";"95,0";"95,0";"95,0";"20,8";"20,8";"20,6";"939,2";"939,7";"939,2";"1,6";"241,0";"3,4";"0,10";"3,6"
"26/02/2026";"0500";"21,8";"21,8";"21,7";"94,0";"95,0";"94,0";"20,8";"20,9";"20,7";"938,8";"939,2";"938,8";"1,9";"239,0";"3,0";"";"1,8"
"26/02/2026";"0600";"21,3";"21,9";"21,3";"94,0";"94,0";"93,0";"20,2";"20,9";"20,2";"938,7";"938,9";"938,6";"2,3";"242,0";"5,9";"0,70";"3,8"
"26/02/2026";"0700";"21,3";"21,3";"21,1";"94,0";"94,0";"94,0";"20,4";"20,4";"20,1";"938,6";"938,7";"938,5";"0,7";"293,0";"3,8";"0,20";"4,6"
"26/02/2026";"0800";"21,4";"21,5";"21,3";"94,0";"94,0";"94,0";"20,4";"20,5";"20,4";"938,8";"938,8";"938,5";"1,2";"219,0";"1,7";"";"0,0"
"26/02/2026";"0900";"21,4";"21,5";"21,3";"94,0";"94,0";"94,0";"20,4";"20,5";"20,3";"939,3";"939,3";"938,8";"0,5";"205,0";"2,0";"";"0,4"
"26/02/2026";"1000";"21,5";"21,5";"21,3";"94,0";"94,0";"94,0";"20,6";"20,6";"20,4";"939,9";"939,9";"939,3";"0,8";"228,0";"1,6";"53,60";"1,2"
"26/02/2026";"1100";"22,1";"22,1";"21,5";"93,0";"94,0";"93,0";"20,9";"20,9";"20,5";"940,3";"940,3";"939,9";"0,8";"247,0";"1,5";"278,20";"0,6"
"26/02/2026";"1200";"22,9";"22,9";"22,1";"88,0";"93,0";"88,0";"20,9";"21,2";"20,8";"940,8";"940,8";"940,3";"1,4";"256,0";"2,5";"529,40";"0,0"
"26/02/2026";"1300";"24,1";"24,3";"22,9";"82,0";"89,0";"80,0";"20,9";"21,3";"20,6";"940,7";"940,9";"940,7";"1,1";"255,0";"2,8";"1134,10";"0,0"
"26/02/2026";"1400";"25,7";"25,9";"24,1";"73,0";"83,0";"73,0";"20,5";"21,4";"20,5";"940,4";"940,7";"940,4";"1,8";"248,0";"3,5";"1995,40";"0,0"
"26/02/2026";"1500";"27,0";"27,4";"25,7";"66,0";"74,0";"64,0";"20,2";"21,6";"19,9";"939,8";"940,4";"939,8";"2,7";"229,0";"4,8";"3109,80";"0,0"
"26/02/2026";"1600";"28,4";"28,7";"27,0";"59,0";"67,0";"59,0";"19,7";"21,1";"19,0";"939,2";"939,8";"939,2";"3,1";"219,0";"5,5";"2911,00";"0,2"
"26/02/2026";"1700";"25,9";"29,2";"23,6";"81,0";"87,0";"59,0";"22,4";"22,8";"19,6";"938,8";"939,2";"938,7";"3,7";"220,0";"9,5";"1796,00";"1,6"
"26/02/2026";"1800";"26,3";"27,5";"25,9";"73,0";"83,0";"70,0";"21,0";"22,8";"20,5";"938,8";"938,9";"938,8";"4,4";"240,0";"8,5";"1940,60";"0,0"
"26/02/2026";"1900";"25,2";"26,3";"25,1";"78,0";"78,0";"71,0";"21,0";"21,0";"20,4";"938,9";"938,9";"938,7";"4,4";"244,0";"9,6";"872,10";"0,0"
"26/02/2026";"2000";"22,9";"25,8";"22,9";"84,0";"84,0";"73,0";"20,1";"21,1";"20,1";"939,8";"939,8";"938,9";"4,2";"174,0";"8,9";"576,60";"0,0"
"26/02/2026";"2100";"23,5";"23,6";"22,3";"86,0";"89,0";"84,0";"21,1";"21,2";"20,0";"940,3";"940,3";"939,8";"2,1";"227,0";"7,3";"277,80";"0,4"
"26/02/2026";"2200";"22,7";"23,6";"22,7";"85,0";"87,0";"78,0";"20,1";"21,1";"19,4";"941,3";"941,4";"940,3";"1,8";"237,0";"5,4";"55,90";"0,0"
"26/02/2026";"2300";"22,6";"23,0";"22,6";"84,0";"86,0";"79,0";"19,7";"20,2";"19,1";"942,0";"942,0";"941,3";"1,8";"243,0";"4,3";"4,90";"0,0"
"27/02/2026";"0000";"22,2";"22,7";"22,0";"88,0";"88,0";"84,0";"20,0";"20,0";"19,6";"942,6";"942,6";"942,0";"2,2";"228,0";"4,1";"";"0,0"
"27/02/2026";"0100";"21,7";"22,2";"21,6";"91,0";"91,0";"87,0";"20,2";"20,2";"19,8";"943,1";"943,1";"942,6";"0,9";"196,0";"4,1";"";"0,2"
"27/02/2026";"0200";"21,5";"21,7";"21,4";"91,0";"93,0";"91,0";"20,0";"20,4";"19,9";"943,1";"943,2";"943,0";"1,3";"236,0";"3,7";"";"0,4"
"27/02/2026";"0300";"21,1";"21,5";"21,1";"91,0";"92,0";"91,0";"19,6";"20,0";"19,5";"942,9";"943,1";"942,9";"0,7";"243,0";"2,4";"";"0,0"
"27/02/2026";"0400";"21,2";"21,3";"21,0";"92,0";"92,0";"91,0";"19,7";"19,9";"19,6";"942,3";"942,9";"942,3";"1,3";"238,0";"2,1";"";"0,0"
"27/02/2026";"0500";"21,2";"21,3";"21,0";"92,0";"92,0";"91,0";"19,8";"19,8";"19,5";"942,1";"942,4";"942,1";"0,5";"260,0";"2,0";"";"0,0"
"27/02/2026";"0600";"21,2";"21,3";"21,1";"91,0";"92,0";"91,0";"19,6";"19,8";"19,5";"941,9";"942,2";"941,9";"1,7";"233,0";"2,5";"0,70";"0,0"
"27/02/2026";"0700";"20,4";"21,3";"20,4";"92,0";"92,0";"90,0";"19,1";"19,6";"19,0";"942,0";"942,0";"941,9";"0,6";"258,0";"3,6";"0,30";"0,6"
"27/02/2026";"0800";"20,7";"20,7";"20,4";"93,0";"93,0";"92,0";"19,6";"19,6";"19,1";"942,2";"942,3";"942,0";"1,1";"254,0";"2,1";"";"0,0"
"27/02/2026";"0900";"20,7";"20,7";"20,5";"94,0";"94,0";"93,0";"19,6";"19,6";"19,4";"942,9";"942,9";"942,2";"0,5";"242,0";"2,2";"0,30";"0,6"
"27/02/2026";"1000";"20,9";"20,9";"20,7";"93,0";"94,0";"93,0";"19,7";"19,8";"19,5";"943,6";"943,6";"942,9";"1,6";"239,0";"2,4";"81,40";"0,2"
"27/02/2026";"1100";"22,6";"23,1";"20,9";"84,0";"93,0";"84,0";"19,8";"20,9";"19,7";"944,1";"944,1";"943,6";"1,3";"219,0";"3,0";"805,70";"0,0"
"27/02/2026";"1200";"22,6";"22,8";"22,3";"84,0";"85,0";"80,0";"19,8";"20,0";"19,0";"944,6";"944,7";"944,1";"1,4";"225,0";"4,4";"805,30";"0,0"
"27/02/2026";"1300";"22,8";"22,9";"22,1";"82,0";"85,0";"81,0";"19,7";"20,1";"19,3";"945,0";"945,0";"944,6";"2,8";"247,0";"5,5";"1039,20";"0,0"
"27/02/2026";"1400";"21,7";"22,8";"21,6";"88,0";"88,0";"82,0";"19,7";"20,0";"19,1";"945,4";"945,4";"945,0";"3,4";"251,0";"6,5";"1053,00";"0,0"
"27/02/2026";"1500";"23,0";"23,0";"21,2";"81,0";"88,0";"81,0";"19,6";"19,8";"18,5";"945,2";"945,5";"945,2";"2,1";"261,0";"6,5";"1040,00";"0,2"
"27/02/2026";"1600";"23,9";"23,9";"22,9";"68,0";"81,0";"66,0";"17,6";"19,4";"17,0";"945,0";"945,2";"945,0";"2,7";"207,0";"5,8";"1058,20";"0,0"
"27/02/2026";"1700";"22,4";"23,9";"22,3";"76,0";"76,0";"67,0";"18,0";"18,1";"16,9";"945,0";"945,0";"944,9";"2,6";"243,0";"6,3";"557,60";"0,0"
"27/02/2026";"1800";"23,1";"23,2";"22,3";"70,0";"77,0";"65,0";"17,3";"18,3";"16,4";"944,6";"945,0";"944,6";"1,9";"223,0";"4,7";"529,20";"0,0"
"27/02/2026";"1900";"23,0";"23,1";"22,8";"67,0";"73,0";"66,0";"16,6";"17,7";"16,4";"944,5";"944,6";"944,4";"2,7";"185,0";"5,5";"369,50";"0,0"
"27/02/2026";"2000";"22,3";"23,0";"22,3";"68,0";"70,0";"67,0";"16,1";"16,9";"16,0";"944,5";"944,5";"944,4";"3,2";"170,0";"6,7";"303,20";"0,0"
"27/02/2026";"2100";"21,7";"22,4";"21,7";"72,0";"72,0";"68,0";"16,4";"16,6";"16,2";"944,9";"944,9";"944,5";"2,6";"168,0";"6,2";"186,90";"0,0"
"27/02/2026";"2200";"21,3";"21,8";"21,2";"74,0";"76,0";"71,0";"16,6";"17,0";"16,3";"945,7";"945,7";"944,9";"1,1";"200,0";"4,5";"29,60";"0,0"
"27/02/2026";"2300";"21,1";"21,3";"20,9";"73,0";"77,0";"73,0";"16,1";"16,8";"16,1";"946,3";"946,3";"945,7";"1,5";"195,0";"3,1";"";"0,0"
"28/02/2026";"0000";"20,8";"21,1";"20,7";"73,0";"76,0";"71,0";"15,8";"16,4";"15,6";"947,1";"947,1";"946,3";"1,9";"183,0";"3,4";"";"0,0"
"28/02/2026";"0100";"20,7";"20,8";"20,5";"73,0";"75,0";"72,0";"15,7";"15,9";"15,6";"947,3";"947,4";"947,1";"1,5";"176,0";"2,9";"";"0,0"
"28/02/2026";"0200";"20,4";"20,7";"20,4";"77,0";"79,0";"73,0";"16,3";"16,7";"15,6";"947,3";"947,4";"947,3";"0,7";"242,0";"3,3";"";"0,0"
"28/02/2026";"0300";"20,0";"20,4";"20,0";"79,0";"83,0";"75,0";"16,3";"17,2";"16,0";"947,0";"947,3";"947,0";"1,4";"158,0";"2,0";"";"0,0"
"28/02/2026";"0400";"19,9";"20,0";"19,8";"80,0";"81,0";"77,0";"16,4";"16,5";"15,9";"946,2";"947,0";"946,2";"1,2";"248,0";"2,3";"";"0,0"
"28/02/2026";"0500";"19,3";"19,9";"19,3";"88,0";"88,0";"80,0";"17,1";"17,2";"16,4";"945,6";"946,2";"945,6";"0,3";"17,0";"2,3";"";"0,0"
"28/02/2026";"0600";"18,0";"19,3";"17,8";"91,0";"91,0";"86,0";"16,4";"17,1";"15,9";"945,2";"945,6";"945,2";"0,4";"344,0";"2,3";"";"0,0"
"28/02/2026";"0700";"16,9";"18,0";"16,9";"92,0";"92,0";"91,0";"15,7";"16,5";"15,6";"945,2";"945,3";"945,1";"0,3";"13,0";"1,4";"";"0,0"
"28/02/2026";"0800";"16,7";"17,0";"16,4";"94,0";"94,0";"92,0";"15,6";"15,8";"15,4";"945,4";"945,4";"945,2";"0,8";"292,0";"1,3";"";"0,0"
"28/02/2026";"0900";"16,0";"16,7";"15,9";"94,0";"94,0";"93,0";"15,1";"15,6";"14,9";"945,6";"945,6";"945,4";"0,5";"301,0";"1,3";"";"0,0"
"28/02/2026";"1000";"17,7";"17,7";"15,8";"92,0";"94,0";"92,0";"16,3";"16,5";"14,9";"946,1";"946,1";"945,6";"0,6";"255,0";"1,3";"280,80";"0,0"
"28/02/2026";"1100";"20,3";"20,3";"17,7";"79,0";"92,0";"79,0";"16,5";"17,1";"16,1";"946,4";"946,4";"946,0";"1,1";"235,0";"2,4";"1085,50";"0,0"
"28/02/2026";"1200";"21,4";"21,6";"20,2";"72,0";"79,0";"70,0";"16,1";"16,5";"15,7";"946,8";"946,8";"946,3";"1,8";"253,0";"3,6";"1901,80";"0,0"
"28/02/2026";"1300";"21,7";"22,0";"21,4";"70,0";"75,0";"69,0";"16,1";"17,0";"15,8";"947,1";"947,1";"946,8";"2,3";"263,0";"4,5";"1729,80";"0,0"
"28/02/2026";"1400";"22,8";"23,5";"21,7";"66,0";"72,0";"63,0";"16,0";"17,2";"15,8";"947,0";"947,2";"947,0";"2,5";"220,0";"6,0";"2527,00";"0,0"
"28/02/2026";"1500";"24,3";"24,4";"22,5";"57,0";"69,0";"57,0";"15,4";"16,7";"14,8";"946,4";"947,0";"946,4";"1,8";"190,0";"4,0";"2134,70";"0,0"
"28/02/2026";"1600";"24,5";"24,6";"23,7";"56,0";"60,0";"55,0";"15,1";"16,0";"14,5";"945,8";"946,4";"945,8";"2,0";"283,0";"5,0";"1933,50";"0,0"
"28/02/2026";"1700";"24,1";"25,7";"23,9";"61,0";"62,0";"49,0";"16,1";"16,3";"14,0";"945,5";"945,8";"945,4";"2,3";"231,0";"5,3";"1534,90";"0,0"
"28/02/2026";"1800";"25,3";"25,4";"24,0";"50,0";"61,0";"50,0";"14,2";"16,4";"14,2";"945,0";"945,5";"945,0";"2,0";"203,0";"4,3";"1128,90";"0,0"
"28/02/2026";"1900";"24,6";"26,0";"24,5";"58,0";"58,0";"46,0";"15,6";"15,7";"13,4";"944,9";"945,0";"944,8";"2,3";"160,0";"5,3";"1034,60";"0,0"
"28/02/2026";"2000";"24,0";"24,9";"24,0";"60,0";"61,0";"56,0";"15,7";"16,5";"15,2";"945,1";"945,2";"944,8";"4,1";"153,0";"6,8";"770,70";"0,0"
"28/02/2026";"2100";"22,7";"24,1";"22,7";"64,0";"65,0";"59,0";"15,6";"15,9";"15,1";"945,6";"945,6";"945,1";"2,3";"149,0";"7,4";"489,70";"0,0"
"28/02/2026";"2200";"21,2";"22,7";"21,1";"70,0";"70,0";"64,0";"15,4";"15,7";"15,4";"946,0";"946,0";"945,6";"2,1";"154,0";"4,8";"48,40";"0,0"
"28/02/2026";"2300";"20,3";"21,2";"20,3";"75,0";"75,0";"70,0";"15,8";"15,8";"15,3";"946,6";"946,6";"946,0";"1,5";"197,0";"5,8";"";"0,0"
"01/03/2026";"0000";"20,5";"20,6";"20,0";"73,0";"76,0";"73,0";"15,6";"16,1";"15,6";"947,4";"947,4";"946,6";"1,3";"278,0";"4,5";"";"0,0"
"01/03/2026";"0100";"20,0";"20,5";"20,0";"76,0";"76,0";"73,0";"15,6";"15,9";"15,4";"947,8";"947,8";"947,4";"1,0";"73,0";"3,6";"";"0,0"
"01/03/2026";"0200";"19,4";"20,1";"19,3";"78,0";"79,0";"75,0";"15,4";"15,8";"15,4";"947,9";"948,0";"947,8";"2,4";"185,0";"4,1";"";"0,0"
"01/03/2026";"0300";"17,8";"19,4";"17,8";"85,0";"86,0";"78,0";"15,4";"15,6";"15,3";"947,7";"948,1";"947,7";"2,1";"224,0";"4,3";"";"0,0"
"01/03/2026";"0400";"17,9";"18,1";"17,5";"86,0";"87,0";"85,0";"15,4";"15,7";"15,3";"947,4";"947,7";"947,4";"0,9";"256,0";"2,5";"";"0,0"
"01/03/2026";"0500";"17,1";"17,9";"16,5";"92,0";"92,0";"86,0";"15,8";"15,8";"15,0";"947,0";"947,4";"946,9";"0,7";"285,0";"1,4";"";"0,0"
"01/03/2026";"0600";"16,7";"17,2";"16,4";"92,0";"92,0";"90,0";"15,4";"15,8";"15,0";"946,7";"947,0";"946,7";"0,3";"59,0";"1,5";"";"0,0"
"01/03/2026";"0700";"16,2";"16,9";"16,2";"93,0";"93,0";"92,0";"15,0";"15,7";"15,0";"946,6";"946,8";"946,5";"0,6";"215,0";"1,3";"";"0,0"
"01/03/2026";"0800";"15,9";"16,3";"15,8";"94,0";"94,0";"93,0";"14,9";"15,2";"14,8";"946,6";"946,6";"946,5";"0,2";"252,0";"0,9";"";"0,0"
"01/03/2026";"0900";"16,6";"16,6";"15,7";"93,0";"94,0";"93,0";"15,5";"15,6";"14,7";"946,8";"946,8";"946,6";"0,7";"165,0";"1,5";"";"0,0"
"01/03/2026";"1000";"17,2";"17,2";"16,6";"91,0";"93,0";"91,0";"15,7";"15,9";"15,4";"947,3";"947,3";"946,8";"0,9";"130,0";"1,5";"103,60";"0,0"
"01/03/2026";"1100";"20,1";"20,1";"17,2";"79,0";"91,0";"78,0";"16,3";"17,1";"15,8";"947,6";"947,6";"947,3";"1,3";"172,0";"2,4";"1035,70";"0,0"
"01/03/2026";"1200";"22,1";"22,4";"20,0";"65,0";"79,0";"64,0";"15,1";"16,2";"14,7";"948,0";"948,0";"947,6";"1,9";"157,0";"4,4";"2077,60";"0,0"
"01/03/2026";"1300";"22,9";"23,5";"21,7";"59,0";"65,0";"55,0";"14,4";"15,3";"13,4";"948,0";"948,0";"947,9";"2,4";"185,0";"5,0";"2446,50";"0,0"
"01/03/2026";"1400";"25,0";"25,0";"22,2";"49,0";"59,0";"44,0";"13,6";"14,2";"11,4";"947,5";"948,0";"947,5";"1,9";"192,0";"5,4";"3267,80";"0,0"
"01/03/2026";"1500";"23,8";"25,0";"23,1";"52,0";"56,0";"47,0";"13,5";"14,7";"11,8";"947,1";"947,6";"947,1";"2,1";"237,0";"6,0";"1758,00";"0,0"
"01/03/2026";"1600";"24,2";"24,9";"23,8";"50,0";"53,0";"48,0";"13,1";"13,9";"12,7";"946,4";"947,1";"946,4";"2,1";"213,0";"5,0";"2185,10";"0,0"
"01/03/2026";"1700";"25,4";"25,5";"24,2";"46,0";"53,0";"43,0";"13,0";"14,4";"11,9";"945,6";"946,4";"945,6";"1,9";"166,0";"4,0";"2209,70";"0,0"
"01/03/2026";"1800";"25,3";"26,3";"24,8";"51,0";"52,0";"41,0";"14,5";"14,6";"11,9";"945,1";"945,6";"945,1";"2,3";"161,0";"5,0";"1377,90";"0,0"
"01/03/2026";"1900";"27,2";"27,4";"25,0";"42,0";"51,0";"41,0";"13,3";"14,3";"12,6";"944,9";"945,1";"944,9";"2,0";"179,0";"5,3";"1193,90";"0,0"
"01/03/2026";"2000";"24,0";"27,2";"24,0";"59,0";"59,0";"41,0";"15,6";"15,6";"12,3";"945,5";"945,5";"944,9";"3,6";"148,0";"8,0";"825,20";"0,0"
"01/03/2026";"2100";"22,1";"24,0";"22,1";"66,0";"66,0";"59,0";"15,4";"15,9";"15,1";"945,8";"945,8";"945,4";"4,5";"179,0";"7,8";"421,30";"0,0"
"01/03/2026";"2200";"20,4";"22,1";"20,4";"74,0";"74,0";"66,0";"15,5";"15,7";"15,4";"946,3";"946,3";"945,8";"1,8";"152,0";"7,4";"32,10";"0,0"
"01/03/2026";"2300";"19,6";"20,4";"19,6";"74,0";"76,0";"73,0";"14,9";"15,5";"14,8";"946,9";"947,0";"946,3";"2,1";"228,0";"5,9";"";"0,0"
"02/03/2026";"0000";"19,2";"19,7";"18,9";"76,0";"77,0";"73,0";"14,8";"15,0";"14,6";"947,6";"947,6";"946,9";"2,6";"176,0";"4,6";"";"0,0"
"02/03/2026";"0100";"18,9";"19,3";"18,8";"79,0";"79,0";"75,0";"15,1";"15,1";"14,8";"947,8";"947,8";"947,5";"1,4";"188,0";"4,3";"";"0,0"
"02/03/2026";"0200";"18,7";"19,0";"18,6";"79,0";"79,0";"78,0";"15,0";"15,2";"14,9";"947,9";"947,9";"947,8";"1,1";"154,0";"3,1";"";"0,0"
"02/03/2026";"0300";"18,6";"18,9";"18,6";"80,0";"80,0";"77,0";"15,0";"15,1";"14,8";"947,5";"947,9";"947,4";"1,7";"205,0";"3,0";"";"0,0"
"02/03/2026";"0400";"18,5";"18,7";"18,5";"80,0";"81,0";"79,0";"15,0";"15,3";"14,9";"946,9";"947,5";"946,9";"1,1";"179,0";"3,1";"";"0,0"
"02/03/2026";"0500";"18,4";"18,5";"18,1";"83,0";"84,0";"80,0";"15,4";"15,5";"15,0";"946,5";"946,9";"946,5";"1,4";"226,0";"2,5";"";"0,0"
"02/03/2026";"0600";"18,4";"18,6";"18,3";"83,0";"84,0";"80,0";"15,4";"15,5";"15,1";"946,3";"946,5";"946,3";"1,7";"225,0";"2,5";"";"0,0"
"02/03/2026";"0700";"18,5";"18,6";"18,4";"83,0";"83,0";"81,0";"15,5";"15,6";"15,2";"946,0";"946,3";"946,0";"1,0";"215,0";"2,3";"";"0,0"
"02/03/2026";"0800";"18,4";"18,7";"18,4";"84,0";"85,0";"81,0";"15,7";"16,0";"15,3";"946,3";"946,3";"945,9";"0,5";"160,0";"1,4";"";"0,0"
"02/03/2026";"0900";"17,6";"18,4";"17,6";"90,0";"91,0";"84,0";"16,0";"16,4";"15,4";"946,5";"946,6";"946,3";"0,4";"39,0";"1,0";"";"0,0"
"02/03/2026";"1000";"19,5";"19,5";"17,3";"83,0";"91,0";"83,0";"16,5";"17,1";"15,8";"947,0";"947,0";"946,5";"0,5";"179,0";"1,3";"243,70";"0,0"
"02/03/2026";"1100";"20,7";"20,7";"19,3";"75,0";"83,0";"73,0";"16,1";"16,5";"15,2";"947,6";"947,6";"947,0";"1,1";"176,0";"2,8";"1099,60";"0,0"
"02/03/2026";"1200";"21,6";"21,7";"20,7";"67,0";"75,0";"66,0";"15,1";"16,3";"14,9";"947,9";"947,9";"947,6";"1,1";"74,0";"3,5";"2039,30";"0,0"
"02/03/2026";"1300";"22,5";"23,0";"21,6";"61,0";"68,0";"61,0";"14,6";"15,9";"14,4";"947,9";"948,0";"947,9";"1,5";"351,0";"3,1";"2187,20";"0,0"
"02/03/2026";"1400";"23,2";"24,5";"22,4";"62,0";"64,0";"58,0";"15,5";"16,3";"14,4";"947,8";"948,0";"947,8";"1,3";"125,0";"4,0";"2359,70";"0,0"
"02/03/2026";"1500";"24,9";"25,1";"23,0";"56,0";"63,0";"55,0";"15,5";"16,0";"14,8";"947,2";"947,8";"947,2";"1,8";"351,0";"3,9";"2250,60";"0,0"
"02/03/2026";"1600";"24,9";"25,5";"24,1";"58,0";"60,0";"55,0";"15,9";"16,6";"15,1";"946,6";"947,2";"946,6";"1,2";"291,0";"4,9";"1603,20";"0,0"
"02/03/2026";"1700";"25,4";"26,4";"24,8";"56,0";"59,0";"52,0";"15,9";"16,5";"15,3";"946,1";"946,6";"946,1";"1,6";"202,0";"3,4";"2185,80";"0,0"
"02/03/2026";"1800";"24,4";"26,1";"24,3";"59,0";"61,0";"52,0";"16,0";"16,4";"15,2";"945,8";"946,1";"945,8";"2,6";"181,0";"6,3";"1275,00";"0,0"
"02/03/2026";"1900";"25,1";"25,2";"24,3";"57,0";"61,0";"56,0";"16,1";"16,5";"15,6";"945,6";"945,8";"945,6";"1,4";"180,0";"4,6";"744,20";"0,0"
"02/03/2026";"2000";"24,6";"25,5";"24,5";"60,0";"61,0";"53,0";"16,2";"16,4";"15,0";"945,5";"945,6";"945,5";"2,4";"169,0";"4,5";"616,80";"0,0"
"02/03/2026";"2100";"23,4";"24,6";"23,4";"64,0";"64,0";"59,0";"16,2";"16,6";"15,9";"945,8";"945,8";"945,5";"2,6";"145,0";"5,7";"220,00";"0,0"
"02/03/2026";"2200";"21,8";"23,4";"21,8";"71,0";"71,0";"64,0";"16,3";"16,4";"16,1";"946,3";"946,3";"945,8";"2,7";"143,0";"5,8";"21,30";"0,0"
"02/03/2026";"2300";"20,3";"21,8";"20,3";"77,0";"77,0";"71,0";"16,1";"16,3";"16,1";"946,8";"946,8";"946,3";"4,4";"148,0";"7,8";"";"0,0"
"03/03/2026";"0000";"20,3";"20,3";"20,2";"76,0";"77,0";"75,0";"15,8";"16,1";"15,8";"947,5";"947,5";"946,8";"2,4";"146,0";"8,5";"";"0,0"
"03/03/2026";"0100";"19,7";"20,3";"19,7";"80,0";"81,0";"75,0";"16,2";"16,3";"15,8";"947,7";"947,7";"947,5";"2,7";"158,0";"5,0";"";"0,0"
"03/03/2026";"0200";"19,7";"19,8";"19,6";"80,0";"81,0";"79,0";"16,2";"16,2";"16,1";"947,7";"947,8";"947,6";"4,0";"161,0";"6,1";"";"0,0"
"03/03/2026";"0300";"19,6";"19,7";"19,6";"79,0";"80,0";"78,0";"15,8";"16,1";"15,7";"947,4";"947,7";"947,4";"2,3";"146,0";"6,1";"";"0,0"
"03/03/2026";"0400";"19,6";"19,6";"19,5";"78,0";"79,0";"78,0";"15,6";"15,8";"15,6";"947,2";"947,5";"947,2";"1,4";"157,0";"4,1";"";"0,0"
"03/03/2026";"0500";"19,4";"19,7";"19,4";"80,0";"80,0";"77,0";"15,8";"15,8";"15,5";"946,6";"947,2";"946,6";"1,1";"170,0";"2,6";"";"0,0"
"03/03/2026";"0600";"19,5";"19,5";"19,3";"82,0";"82,0";"80,0";"16,4";"16,4";"15,9";"946,1";"946,6";"946,0";"0,5";"41,0";"1,9";"";"0,0"
"03/03/2026";"0700";"19,3";"19,5";"19,3";"83,0";"85,0";"82,0";"16,4";"16,8";"16,3";"946,2";"946,2";"946,0";"1,0";"171,0";"1,5";"";"0,0"
"03/03/2026";"0800";"19,4";"19,5";"19,3";"86,0";"86,0";"83,0";"16,9";"16,9";"16,3";"946,4";"946,5";"946,1";"1,2";"219,0";"1,6";"";"0,0"
"03/03/2026";"0900";"19,3";"19,5";"19,3";"88,0";"88,0";"86,0";"17,2";"17,3";"17,0";"946,7";"946,8";"946,4";"0,7";"44,0";"1,4";"0,10";"0,0"
"03/03/2026";"1000";"19,5";"19,6";"19,3";"85,0";"88,0";"85,0";"16,9";"17,3";"16,9";"947,5";"947,6";"946,7";"1,9";"163,0";"2,8";"60,50";"0,0"
"03/03/2026";"1100";"20,0";"20,0";"19,5";"82,0";"85,0";"81,0";"16,8";"17,0";"16,7";"948,3";"948,3";"947,5";"1,7";"154,0";"2,8";"248,60";"0,0"
"03/03/2026";"1200";"21,4";"21,4";"20,0";"76,0";"82,0";"76,0";"17,0";"17,3";"16,6";"948,7";"948,7";"948,3";"0,2";"14,0";"2,4";"641,00";"0,0"
"03/03/2026";"1300";"22,1";"22,1";"21,3";"72,0";"76,0";"72,0";"16,7";"17,2";"16,6";"948,7";"948,8";"948,7";"1,0";"358,0";"2,1";"1057,80";"0,0"
"03/03/2026";"1400";"23,3";"23,8";"22,1";"69,0";"72,0";"66,0";"17,3";"17,8";"16,5";"948,5";"948,8";"948,5";"1,5";"16,0";"3,0";"1552,40";"0,0"
"03/03/2026";"1500";"24,1";"24,1";"23,1";"66,0";"70,0";"66,0";"17,4";"17,9";"16,8";"948,0";"948,5";"948,0";"1,4";"265,0";"2,7";"1450,90";"0,0"
"03/03/2026";"1600";"24,5";"25,4";"24,1";"63,0";"67,0";"62,0";"17,1";"18,0";"17,0";"947,5";"948,0";"947,5";"1,7";"262,0";"3,5";"2192,50";"0,0"
"03/03/2026";"1700";"25,2";"25,3";"24,4";"61,0";"65,0";"61,0";"17,2";"17,6";"16,9";"947,0";"947,5";"947,0";"1,5";"240,0";"3,9";"1288,80";"0,0"
"03/03/2026";"1800";"26,4";"26,5";"25,1";"57,0";"62,0";"56,0";"17,3";"17,9";"16,7";"946,1";"947,0";"946,1";"1,3";"210,0";"3,2";"1969,00";"0,0"
"03/03/2026";"1900";"26,1";"26,5";"25,4";"58,0";"62,0";"57,0";"17,1";"17,8";"16,9";"945,7";"946,1";"945,7";"2,2";"326,0";"3,2";"855,80";"0,0"
"03/03/2026";"2000";"25,8";"27,1";"25,6";"59,0";"61,0";"55,0";"17,2";"18,0";"16,7";"945,6";"945,7";"945,5";"1,0";"308,0";"3,5";"705,90";"0,0"
"03/03/2026";"2100";"25,5";"27,3";"25,5";"60,0";"62,0";"55,0";"17,3";"18,0";"16,6";"945,7";"945,7";"945,4";"0,9";"187,0";"2,0";"427,60";"0,0"
"03/03/2026";"2200";"22,3";"25,5";"22,3";"73,0";"73,0";"60,0";"17,2";"17,9";"17,2";"946,2";"946,3";"945,7";"3,4";"162,0";"8,4";"18,50";"0,0"
"03/03/2026";"2300";"21,0";"22,3";"20,9";"79,0";"79,0";"73,0";"17,2";"17,2";"17,1";"946,9";"946,9";"946,2";"2,5";"139,0";"7,8";"";"0,0"
"04/03/2026";"0000";"20,7";"21,1";"20,7";"78,0";"79,0";"78,0";"16,7";"17,2";"16,7";"947,6";"947,6";"946,9";"2,7";"153,0";"6,4";"";"0,0"
"04/03/2026";"0100";"20,6";"21,1";"20,5";"79,0";"79,0";"76,0";"16,8";"16,8";"16,6";"948,4";"948,4";"947,6";"2,7";"204,0";"5,7";"";"0,0"
"04/03/2026";"0200";"19,8";"20,7";"19,3";"83,0";"83,0";"79,0";"16,8";"16,9";"16,4";"948,7";"948,7";"948,4";"2,6";"213,0";"6,5";"";"0,0"
"04/03/2026";"0300";"20,5";"20,5";"19,8";"79,0";"83,0";"79,0";"16,9";"16,9";"16,7";"948,6";"948,8";"948,6";"1,5";"201,0";"4,3";"";"0,0"
"04/03/2026";"0400";"20,0";"20,6";"19,9";"83,0";"83,0";"79,0";"17,0";"17,1";"16,8";"948,5";"948,7";"948,4";"1,0";"243,0";"3,1";"";"0,0"
"04/03/2026";"0500";"19,6";"20,3";"19,5";"85,0";"85,0";"81,0";"16,9";"17,2";"16,7";"947,7";"948,5";"947,7";"1,2";"203,0";"1,8";"";"0,0"
"04/03/2026";"0600";"18,1";"19,6";"17,8";"91,0";"91,0";"85,0";"16,6";"17,0";"16,3";"947,2";"947,7";"947,0";"0,9";"235,0";"1,7";"";"0,0"
"04/03/2026";"0700";"18,6";"18,8";"18,1";"90,0";"92,0";"90,0";"17,0";"17,2";"16,8";"947,0";"947,2";"946,9";"0,6";"359,0";"2,0";"";"0,0"
"04/03/2026";"0800";"18,5";"18,8";"18,3";"91,0";"91,0";"90,0";"17,0";"17,2";"16,7";"946,9";"947,0";"946,9";"0,5";"59,0";"1,7";"";"0,0"
"04/03/2026";"0900";"18,5";"18,6";"18,0";"90,0";"92,0";"90,0";"16,9";"17,0";"16,5";"947,5";"947,5";"946,9";"0,8";"270,0";"1,7";"";"0,0"
"04/03/2026";"1000";"19,0";"19,1";"18,3";"88,0";"92,0";"88,0";"17,1";"17,4";"16,8";"947,9";"947,9";"947,5";"0,4";"88,0";"2,2";"97,40";"0,0"
"04/03/2026";"1100";"20,7";"20,7";"19,0";"82,0";"88,0";"82,0";"17,6";"17,7";"17,0";"948,6";"948,6";"947,9";"0,6";"135,0";"1,6";"486,60";"0,0"
"04/03/2026";"1200";"21,8";"21,9";"20,5";"76,0";"82,0";"76,0";"17,5";"18,0";"17,3";"948,9";"949,0";"948,6";"0,6";"39,0";"1,9";"908,90";"0,0"
"04/03/2026";"1300";"23,3";"24,2";"21,8";"70,0";"77,0";"67,0";"17,4";"18,6";"17,2";"948,8";"948,9";"948,7";"1,4";"31,0";"3,6";"1980,00";"0,0"
"04/03/2026";"1400";"25,1";"26,0";"23,2";"64,0";"72,0";"61,0";"17,8";"19,0";"17,4";"948,4";"948,8";"948,4";"3,1";"35,0";"5,2";"2845,10";"0,0"
"04/03/2026";"1500";"26,4";"26,7";"24,9";"58,0";"65,0";"56,0";"17,6";"18,7";"16,5";"947,7";"948,4";"947,7";"1,2";"26,0";"5,2";"3142,30";"0,0"
"04/03/2026";"1600";"27,6";"28,3";"26,2";"56,0";"59,0";"52,0";"18,1";"18,4";"16,8";"947,1";"947,7";"947,1";"2,3";"175,0";"4,4";"2886,10";"0,0"
"04/03/2026";"1700";"28,2";"28,3";"26,9";"54,0";"59,0";"54,0";"18,0";"18,8";"17,2";"946,5";"947,1";"946,5";"2,1";"245,0";"4,9";"2561,60";"0,0"
"04/03/2026";"1800";"28,5";"29,1";"27,5";"53,0";"55,0";"49,0";"17,9";"18,7";"16,1";"946,3";"946,5";"946,3";"2,1";"228,0";"5,4";"2402,00";"0,0"
"04/03/2026";"1900";"28,2";"28,5";"27,2";"48,0";"54,0";"48,0";"16,2";"17,8";"16,1";"946,0";"946,3";"946,0";"1,4";"179,0";"5,8";"1099,50";"0,0"
"04/03/2026";"2000";"26,6";"29,0";"26,6";"57,0";"58,0";"47,0";"17,5";"17,5";"15,9";"946,2";"946,2";"945,9";"4,7";"175,0";"7,9";"1025,60";"0,0"
"04/03/2026";"2100";"24,1";"26,6";"24,1";"65,0";"66,0";"57,0";"17,2";"17,8";"17,2";"946,6";"946,6";"946,2";"4,5";"153,0";"8,1";"224,40";"0,0"
"04/03/2026";"2200";"22,9";"24,1";"22,9";"70,0";"70,0";"65,0";"17,2";"17,3";"17,1";"947,0";"947,0";"946,6";"3,8";"153,0";"8,0";"26,70";"0,0"
"04/03/2026";"2300";"22,2";"22,9";"22,2";"74,0";"74,0";"70,0";"17,2";"17,3";"17,1";"947,6";"947,6";"947,0";"2,8";"171,0";"7,5";"";"0,0"
"05/03/2026";"0000";"21,5";"22,2";"21,4";"77,0";"77,0";"73,0";"17,3";"17,3";"17,1";"948,1";"948,2";"947,6";"2,9";"168,0";"6,4";"";"0,0"
"05/03/2026";"0100";"21,4";"21,6";"21,4";"78,0";"78,0";"77,0";"17,4";"17,4";"17,3";"948,3";"948,4";"948,1";"3,3";"151,0";"5,5";"";"0,0"
"05/03/2026";"0200";"20,8";"21,4";"20,8";"81,0";"81,0";"78,0";"17,4";"17,5";"17,3";"948,3";"948,4";"948,2";"2,5";"121,0";"5,1";"";"0,0"
"05/03/2026";"0300";"20,7";"21,0";"20,6";"82,0";"82,0";"81,0";"17,4";"17,6";"17,3";"948,6";"948,6";"948,3";"1,2";"134,0";"3,4";"";"0,0"
"05/03/2026";"0400";"20,6";"20,8";"20,2";"83,0";"84,0";"82,0";"17,5";"17,7";"17,3";"948,4";"948,7";"948,4";"0,9";"138,0";"3,3";"";"0,0"
"05/03/2026";"0500";"20,5";"20,6";"20,0";"85,0";"87,0";"83,0";"17,8";"18,0";"17,4";"948,3";"948,4";"948,3";"0,4";"345,0";"2,5";"";"0,0"
"05/03/2026";"0600";"19,3";"20,5";"19,3";"90,0";"90,0";"85,0";"17,6";"17,9";"17,5";"947,9";"948,3";"947,9";"0,2";"163,0";"1,6";"";"0,0"
"05/03/2026";"0700";"19,7";"19,7";"19,2";"91,0";"91,0";"89,0";"18,1";"18,1";"17,5";"948,0";"948,1";"947,9";"0,4";"62,0";"1,2";"";"0,0"
"05/03/2026";"0800";"19,9";"20,3";"19,7";"89,0";"91,0";"88,0";"18,1";"18,5";"17,8";"948,1";"948,1";"947,9";"1,8";"75,0";"3,3";"";"0,0"
"05/03/2026";"0900";"19,8";"20,1";"19,8";"89,0";"90,0";"89,0";"18,0";"18,3";"18,0";"948,5";"948,5";"948,1";"0,7";"116,0";"2,6";"";"0,0"
"05/03/2026";"1000";"20,0";"20,0";"19,6";"90,0";"91,0";"89,0";"18,3";"18,4";"17,9";"948,8";"948,8";"948,5";"1,6";"76,0";"2,3";"150,00";"0,0"
"05/03/2026";"1100";"22,2";"22,6";"20,0";"79,0";"90,0";"79,0";"18,5";"19,4";"18,3";"949,2";"949,2";"948,8";"1,9";"67,0";"3,0";"859,10";"0,0"
"05/03/2026";"1200";"23,5";"23,6";"21,9";"72,0";"81,0";"72,0";"18,3";"18,9";"18,0";"949,4";"949,4";"949,1";"2,0";"44,0";"4,3";"1156,90";"0,0"
"05/03/2026";"1300";"25,5";"25,7";"23,4";"65,0";"74,0";"64,0";"18,4";"19,1";"17,5";"949,4";"949,5";"949,3";"2,4";"41,0";"6,3";"2311,20";"0,0"
"05/03/2026";"1400";"26,8";"27,0";"24,7";"61,0";"67,0";"60,0";"18,5";"19,2";"17,5";"949,1";"949,4";"949,1";"2,2";"45,0";"5,4";"3276,60";"0,0"
"05/03/2026";"1500";"27,9";"28,1";"26,3";"57,0";"62,0";"55,0";"18,4";"19,6";"18,0";"948,4";"949,2";"948,4";"1,4";"128,0";"6,5";"3385,60";"0,0"
"05/03/2026";"1600";"29,0";"29,7";"27,7";"54,0";"59,0";"53,0";"18,6";"19,6";"17,9";"947,8";"948,4";"947,8";"2,2";"42,0";"5,0";"3465,60";"0,0"
"05/03/2026";"1700";"30,2";"30,6";"28,8";"53,0";"55,0";"49,0";"19,6";"19,6";"18,1";"946,9";"947,8";"946,9";"2,3";"57,0";"5,0";"3180,10";"0,0"
"05/03/2026";"1800";"29,6";"31,2";"29,4";"50,0";"54,0";"46,0";"18,1";"19,3";"17,5";"946,3";"946,9";"946,3";"1,4";"7,0";"4,4";"2090,40";"0,0"
"05/03/2026";"1900";"27,5";"29,7";"27,5";"63,0";"63,0";"50,0";"19,7";"20,0";"18,0";"946,0";"946,3";"946,0";"5,7";"163,0";"8,9";"531,80";"0,0"
"05/03/2026";"2000";"26,4";"27,5";"26,3";"66,0";"66,0";"63,0";"19,4";"19,9";"19,3";"946,1";"946,2";"946,0";"5,3";"149,0";"11,0";"301,50";"0,0"
"05/03/2026";"2100";"24,3";"26,4";"24,3";"71,0";"71,0";"65,0";"18,8";"19,4";"18,7";"946,6";"946,7";"946,1";"5,6";"152,0";"11,7";"255,30";"0,0"
"05/03/2026";"2200";"23,7";"24,3";"23,7";"73,0";"74,0";"71,0";"18,6";"18,9";"18,5";"947,1";"947,1";"946,4";"2,9";"150,0";"11,7";"16,40";"0,0"
"05/03/2026";"2300";"21,9";"23,8";"21,8";"86,0";"86,0";"73,0";"19,3";"19,4";"18,6";"948,1";"948,1";"947,1";"2,4";"121,0";"7,8";"";"0,0"
"06/03/2026";"0000";"22,2";"22,2";"21,9";"86,0";"86,0";"84,0";"19,7";"19,7";"19,3";"949,5";"949,5";"948,1";"1,5";"151,0";"4,6";"2,20";"0,2"
"06/03/2026";"0100";"21,4";"22,2";"21,4";"91,0";"91,0";"86,0";"19,8";"19,9";"19,6";"949,8";"949,8";"949,4";"1,9";"86,0";"4,2";"";"0,8"
"06/03/2026";"0200";"21,3";"21,3";"20,9";"93,0";"94,0";"91,0";"20,0";"20,1";"19,6";"949,8";"949,9";"949,7";"3,7";"191,0";"5,5";"";"11,2"
"06/03/2026";"0300";"21,5";"21,5";"21,2";"91,0";"93,0";"91,0";"19,9";"20,1";"19,9";"949,9";"949,9";"949,6";"1,7";"164,0";"5,4";"0,60";"0,2"
"06/03/2026";"0400";"21,4";"21,6";"21,4";"91,0";"91,0";"90,0";"19,9";"20,0";"19,8";"949,4";"949,9";"949,4";"1,4";"91,0";"4,4";"0,70";"0,0"
"06/03/2026";"0500";"21,3";"21,5";"21,3";"93,0";"93,0";"91,0";"20,1";"20,1";"19,9";"948,9";"949,4";"948,9";"0,4";"260,0";"2,1";"";"0,8"
"06/03/2026";"0600";"21,3";"21,5";"21,3";"93,0";"93,0";"93,0";"20,2";"20,3";"20,1";"948,5";"948,9";"948,5";"1,4";"335,0";"2,3";"";"1,8"
"06/03/2026";"0700";"21,2";"21,3";"21,1";"94,0";"94,0";"93,0";"20,1";"20,2";"20,0";"948,5";"948,5";"948,4";"0,9";"304,0";"2,3";"";"2,4"
"06/03/2026";"0800";"21,0";"21,2";"20,9";"94,0";"94,0";"93,0";"19,9";"20,1";"19,9";"948,7";"948,7";"948,4";"1,8";"55,0";"2,4";"";"2,2"
"06/03/2026";"0900";"21,1";"21,2";"20,9";"94,0";"94,0";"94,0";"20,2";"20,2";"19,9";"949,1";"949,1";"948,7";"1,3";"340,0";"2,4";"0,70";"1,2"
"06/03/2026";"1000";"21,4";"21,6";"21,0";"93,0";"94,0";"93,0";"20,3";"20,4";"20,0";"949,8";"949,8";"948,9";"1,1";"291,0";"2,3";"81,20";"0,4"
"06/03/2026";"1100";"21,3";"21,5";"21,2";"94,0";"94,0";"93,0";"20,2";"20,4";"20,1";"950,3";"950,4";"949,8";"1,0";"122,0";"2,0";"99,30";"4,6"
"06/03/2026";"1200";"22,1";"22,1";"21,3";"91,0";"94,0";"91,0";"20,6";"20,6";"20,2";"950,4";"950,6";"950,3";"0,5";"175,0";"1,6";"347,30";"0,2"
"06/03/2026";"1300";"22,2";"22,3";"22,0";"89,0";"91,0";"89,0";"20,3";"20,8";"20,2";"950,3";"950,5";"950,3";"1,0";"47,0";"1,9";"294,80";"0,0"
"06/03/2026";"1400";"23,5";"23,9";"22,2";"83,0";"89,0";"83,0";"20,5";"21,6";"20,3";"949,7";"950,3";"949,7";"2,2";"32,0";"3,7";"1169,90";"0,0"
"06/03/2026";"1500";"24,6";"24,7";"23,4";"79,0";"84,0";"78,0";"20,7";"21,0";"20,4";"949,3";"949,7";"949,3";"1,5";"83,0";"3,8";"1407,60";"0,0"
"06/03/2026";"1600";"25,7";"25,7";"24,6";"73,0";"80,0";"73,0";"20,4";"21,3";"20,3";"948,4";"949,3";"948,4";"1,4";"91,0";"3,4";"1767,80";"0,0"
"06/03/2026";"1700";"27,1";"27,3";"25,6";"68,0";"76,0";"67,0";"20,6";"21,8";"20,3";"947,3";"948,4";"947,3";"0,9";"80,0";"3,2";"1964,80";"0,0"
"06/03/2026";"1800";"26,9";"27,4";"26,8";"68,0";"70,0";"66,0";"20,4";"21,2";"20,2";"946,7";"947,3";"946,7";"1,2";"160,0";"3,4";"1064,90";"0,0"
"06/03/2026";"1900";"26,8";"26,9";"26,4";"71,0";"74,0";"66,0";"21,2";"21,5";"19,9";"946,1";"946,7";"946,1";"1,9";"165,0";"3,2";"646,80";"0,0"
"06/03/2026";"2000";"26,0";"26,8";"26,0";"73,0";"73,0";"68,0";"20,7";"21,3";"20,3";"946,4";"946,4";"945,9";"1,6";"198,0";"3,2";"378,90";"0,0"
"06/03/2026";"2100";"24,1";"26,0";"24,1";"81,0";"81,0";"73,0";"20,6";"21,5";"20,5";"946,8";"946,9";"946,4";"3,5";"243,0";"6,3";"39,50";"0,0"
"06/03/2026";"2200";"22,8";"24,1";"22,8";"84,0";"85,0";"81,0";"19,9";"20,6";"19,7";"946,9";"947,0";"946,6";"2,6";"267,0";"6,8";"2,60";"0,0"
"06/03/2026";"2300";"22,1";"22,8";"22,0";"89,0";"89,0";"83,0";"20,2";"20,2";"19,8";"947,4";"947,4";"946,9";"1,5";"222,0";"3,9";"";"0,0"
"07/03/2026";"0000";"22,0";"22,4";"21,6";"90,0";"91,0";"88,0";"20,3";"20,4";"19,9";"947,8";"947,8";"947,3";"1,4";"259,0";"2,6";"";"0,0"
"07/03/2026";"0100";"21,5";"22,1";"21,5";"92,0";"92,0";"90,0";"20,1";"20,4";"20,1";"947,9";"948,0";"947,8";"1,2";"106,0";"2,4";"";"0,0"
"07/03/2026";"0200";"21,3";"21,6";"21,3";"93,0";"93,0";"92,0";"20,1";"20,4";"19,9";"948,1";"948,1";"947,9";"0,5";"84,0";"2,8";"";"0,0"
"07/03/2026";"0300";"21,4";"21,4";"21,0";"93,0";"93,0";"93,0";"20,3";"20,3";"19,8";"948,4";"948,4";"948,1";"0,6";"146,0";"1,9";"";"0,0"
"07/03/2026";"0400";"21,7";"21,8";"21,4";"92,0";"93,0";"92,0";"20,4";"20,7";"20,2";"948,1";"948,5";"948,1";"0,6";"261,0";"1,6";"";"0,0"
"07/03/2026";"0500";"21,8";"21,9";"21,6";"92,0";"93,0";"92,0";"20,5";"20,6";"20,3";"947,3";"948,1";"947,3";"0,8";"16,0";"1,6";"";"0,0"
"07/03/2026";"0600";"21,8";"22,0";"21,7";"92,0";"93,0";"92,0";"20,5";"20,7";"20,3";"946,9";"947,3";"946,8";"0,7";"31,0";"1,6";"";"0,0"
"07/03/2026";"0700";"21,7";"22,1";"21,7";"92,0";"92,0";"92,0";"20,4";"20,8";"20,4";"946,9";"947,0";"946,7";"1,2";"321,0";"1,7";"";"0,0"
"07/03/2026";"0800";"22,0";"22,1";"21,7";"92,0";"92,0";"92,0";"20,7";"20,7";"20,3";"946,4";"947,1";"946,4";"2,6";"125,0";"3,9";"";"0,0"
"07/03/2026";"0900";"21,8";"22,0";"21,8";"92,0";"92,0";"91,0";"20,5";"20,7";"20,3";"947,0";"947,1";"946,3";"1,1";"218,0";"3,9";"";"0,0"
"07/03/2026";"1000";"21,9";"22,2";"21,8";"91,0";"92,0";"91,0";"20,4";"20,6";"20,4";"948,2";"948,2";"947,0";"0,8";"316,0";"2,4";"30,00";"0,4"
"07/03/2026";"1100";"22,0";"22,0";"21,9";"93,0";"93,0";"91,0";"20,8";"20,8";"20,4";"948,2";"948,4";"948,1";"1,3";"144,0";"1,8";"93,20";"0,6"
"07/03/2026";"1200";"22,7";"22,7";"21,9";"91,0";"93,0";"91,0";"21,1";"21,1";"20,7";"948,2";"948,4";"948,1";"0,2";"34,0";"1,9";"370,20";"0,2"
"07/03/2026";"1300";"24,2";"24,4";"22,7";"83,0";"91,0";"83,0";"21,2";"21,9";"20,9";"948,0";"948,2";"947,9";"2,9";"52,0";"4,8";"1094,50";"0,0"
"07/03/2026";"1400";"26,9";"27,1";"24,2";"71,0";"85,0";"71,0";"21,2";"22,1";"20,6";"947,5";"948,1";"947,5";"2,2";"67,0";"4,8";"2262,00";"0,0"
"07/03/2026";"1500";"26,4";"26,9";"26,1";"73,0";"74,0";"70,0";"21,2";"21,5";"20,4";"946,6";"947,5";"946,6";"2,0";"45,0";"4,4";"1551,20";"0,0"
"07/03/2026";"1600";"26,2";"26,5";"26,1";"75,0";"75,0";"72,0";"21,3";"21,6";"20,9";"945,9";"946,6";"945,8";"1,5";"130,0";"3,3";"698,60";"0,0"
"07/03/2026";"1700";"26,0";"26,4";"25,9";"78,0";"78,0";"74,0";"21,8";"21,9";"21,3";"945,7";"945,8";"945,4";"2,4";"237,0";"3,3";"640,70";"0,0"
"07/03/2026";"1800";"25,3";"25,9";"25,3";"81,0";"81,0";"75,0";"21,8";"21,8";"21,0";"945,4";"946,0";"945,4";"2,4";"237,0";"4,5";"199,10";"0,0"
"07/03/2026";"1900";"23,1";"25,3";"22,8";"83,0";"86,0";"81,0";"20,1";"22,1";"19,8";"944,9";"945,5";"944,9";"3,0";"206,0";"8,1";"382,20";"0,0"
"07/03/2026";"2000";"23,5";"23,7";"23,1";"83,0";"84,0";"80,0";"20,4";"20,5";"20,1";"944,7";"945,1";"944,7";"0,7";"255,0";"4,6";"270,50";"0,0"
"07/03/2026";"2100";"23,4";"23,6";"23,4";"82,0";"85,0";"81,0";"20,2";"20,8";"20,1";"945,6";"945,6";"944,7";"1,7";"227,0";"3,0";"70,20";"0,0"
"07/03/2026";"2200";"22,6";"23,4";"22,6";"87,0";"87,0";"82,0";"20,4";"20,6";"20,2";"946,1";"946,1";"945,6";"1,2";"236,0";"4,4";"3,90";"0,0"
"07/03/2026";"2300";"22,5";"23,2";"22,4";"82,0";"87,0";"79,0";"19,3";"20,4";"19,2";"946,6";"946,7";"946,0";"1,5";"218,0";"3,7";"";"0,0"
"08/03/2026";"0000";"22,1";"22,8";"22,1";"84,0";"84,0";"81,0";"19,3";"19,4";"19,2";"947,7";"947,7";"946,6";"1,7";"223,0";"4,3";"";"0,0"
"08/03/2026";"0100";"21,9";"22,4";"21,6";"83,0";"84,0";"81,0";"18,8";"19,2";"18,6";"947,6";"947,8";"947,6";"1,8";"201,0";"5,3";"";"0,0"
"08/03/2026";"0200";"21,6";"21,9";"21,0";"86,0";"88,0";"83,0";"19,1";"19,2";"18,7";"947,0";"947,6";"947,0";"1,0";"303,0";"2,7";"";"0,0"
"08/03/2026";"0300";"20,8";"21,6";"20,8";"89,0";"89,0";"86,0";"18,9";"19,3";"18,8";"946,7";"947,0";"946,5";"0,9";"296,0";"2,0";"";"0,0"
"08/03/2026";"0400";"20,7";"20,8";"20,7";"92,0";"92,0";"89,0";"19,4";"19,4";"19,0";"946,2";"946,8";"946,2";"1,2";"63,0";"2,3";"";"0,0"
"08/03/2026";"0500";"20,5";"20,7";"20,5";"92,0";"93,0";"92,0";"19,1";"19,4";"19,1";"945,1";"946,2";"945,1";"1,4";"73,0";"3,6";"";"0,0"
"08/03/2026";"0600";"20,3";"20,5";"20,2";"93,0";"93,0";"92,0";"19,1";"19,2";"18,9";"944,7";"945,1";"944,6";"1,5";"250,0";"2,6";"";"0,0"
"08/03/2026";"0700";"20,0";"20,5";"19,8";"93,0";"93,0";"92,0";"18,8";"19,2";"18,6";"944,5";"944,8";"944,4";"1,1";"250,0";"2,9";"";"0,0"
"08/03/2026";"0800";"19,5";"20,0";"19,5";"93,0";"94,0";"92,0";"18,4";"18,8";"18,4";"945,0";"945,0";"944,5";"0,8";"250,0";"2,5";"";"0,0"
"08/03/2026";"0900";"19,0";"19,5";"19,0";"94,0";"94,0";"93,0";"18,0";"18,5";"18,0";"945,5";"945,5";"945,0";"1,2";"300,0";"1,7";"";"0,0"
"08/03/2026";"1000";"20,6";"20,8";"19,0";"92,0";"94,0";"92,0";"19,3";"19,5";"18,0";"946,4";"946,4";"945,5";"1,2";"217,0";"2,8";"248,20";"0,0"
"08/03/2026";"1100";"23,1";"23,4";"20,6";"84,0";"92,0";"83,0";"20,2";"20,6";"19,2";"947,3";"947,3";"946,4";"0,5";"125,0";"2,5";"894,30";"0,0"
"08/03/2026";"1200";"24,5";"24,9";"22,5";"71,0";"83,0";"70,0";"18,9";"20,0";"18,7";"947,6";"947,6";"947,2";"2,2";"228,0";"4,2";"1821,30";"0,0"
"08/03/2026";"1300";"26,7";"26,8";"24,5";"59,0";"72,0";"58,0";"18,1";"19,4";"17,9";"947,5";"947,6";"947,4";"1,4";"239,0";"4,2";"2510,10";"0,0"
"08/03/2026";"1400";"28,3";"28,4";"26,7";"52,0";"60,0";"52,0";"17,7";"18,8";"17,5";"947,3";"947,7";"947,3";"2,5";"214,0";"4,8";"3210,40";"0,0"
"08/03/2026";"1500";"29,0";"29,3";"28,2";"52,0";"57,0";"49,0";"18,1";"19,4";"17,1";"946,6";"947,3";"946,6";"3,6";"257,0";"6,7";"3585,70";"0,0"
"08/03/2026";"1600";"29,8";"30,0";"28,8";"52,0";"55,0";"49,0";"18,9";"19,5";"17,4";"946,0";"946,6";"946,0";"3,3";"226,0";"7,6";"3695,10";"0,0"
"08/03/2026";"1700";"30,2";"30,8";"29,2";"49,0";"55,0";"49,0";"18,4";"20,0";"18,3";"945,3";"946,0";"945,3";"3,8";"242,0";"7,0";"3412,60";"0,0"
"08/03/2026";"1800";"30,5";"31,4";"30,1";"50,0";"52,0";"48,0";"19,0";"19,9";"18,2";"944,7";"945,3";"944,7";"2,5";"227,0";"7,4";"2471,60";"0,0"
"08/03/2026";"1900";"27,8";"30,5";"27,8";"60,0";"60,0";"47,0";"19,2";"19,3";"17,9";"945,0";"945,0";"944,3";"3,8";"182,0";"6,9";"596,50";"0,0"
"08/03/2026";"2000";"24,7";"27,8";"24,6";"79,0";"79,0";"60,0";"20,7";"20,7";"19,2";"945,4";"945,5";"944,9";"3,0";"213,0";"7,6";"166,90";"0,0"
"08/03/2026";"2100";"24,2";"25,3";"24,2";"79,0";"81,0";"76,0";"20,3";"21,2";"20,3";"945,6";"945,7";"945,3";"2,0";"240,0";"4,7";"168,00";"0,0"
"08/03/2026";"2200";"23,4";"24,2";"22,9";"84,0";"86,0";"79,0";"20,6";"20,6";"20,0";"946,3";"946,3";"945,6";"2,6";"234,0";"4,2";"14,20";"0,0"
"08/03/2026";"2300";"23,0";"23,6";"22,9";"87,0";"87,0";"83,0";"20,8";"20,8";"20,5";"947,4";"947,4";"946,3";"1,9";"214,0";"4,7";"";"0,0"
"09/03/2026";"0000";"22,9";"23,4";"22,8";"88,0";"89,0";"86,0";"20,9";"21,1";"20,6";"948,2";"948,3";"947,4";"1,2";"205,0";"2,7";"";"0,0"
"09/03/2026";"0100";"22,1";"23,0";"22,1";"89,0";"90,0";"88,0";"20,2";"21,2";"20,2";"948,4";"948,4";"948,2";"0,9";"176,0";"1,9";"";"0,0"
"09/03/2026";"0200";"22,9";"22,9";"21,9";"85,0";"91,0";"85,0";"20,2";"20,7";"20,2";"949,1";"949,1";"948,4";"1,8";"173,0";"2,6";"";"0,0"
"09/03/2026";"0300";"22,4";"22,9";"22,4";"84,0";"85,0";"84,0";"19,6";"20,2";"19,6";"949,0";"949,1";"949,0";"1,7";"174,0";"3,2";"";"0,0"
"09/03/2026";"0400";"21,1";"22,4";"21,1";"90,0";"90,0";"84,0";"19,4";"19,8";"19,3";"948,6";"949,1";"948,6";"0,4";"178,0";"3,2";"";"0,0"
"09/03/2026";"0500";"21,5";"21,7";"20,9";"90,0";"91,0";"87,0";"19,7";"19,8";"19,1";"948,4";"948,6";"948,3";"0,9";"287,0";"2,2";"";"0,0"
"09/03/2026";"0600";"21,8";"21,8";"21,4";"86,0";"90,0";"86,0";"19,3";"19,8";"19,3";"948,1";"948,4";"948,0";"2,2";"192,0";"3,1";"";"0,0"
"09/03/2026";"0700";"21,5";"21,8";"21,4";"90,0";"90,0";"86,0";"19,8";"19,8";"19,3";"948,0";"948,2";"947,9";"0,2";"208,0";"3,1";"";"0,0"
"09/03/2026";"0800";"21,1";"21,5";"21,1";"90,0";"90,0";"89,0";"19,3";"19,8";"19,3";"948,0";"948,1";"947,9";"1,5";"231,0";"2,8";"";"0,0"
"09/03/2026";"0900";"20,7";"21,1";"20,6";"92,0";"92,0";"90,0";"19,4";"19,4";"19,1";"948,2";"948,2";"947,8";"1,2";"152,0";"2,2";"";"0,0"
"09/03/2026";"1000";"21,8";"21,8";"20,7";"89,0";"92,0";"89,0";"20,0";"20,1";"19,4";"949,3";"949,4";"948,2";"1,2";"224,0";"2,0";"160,10";"0,0"
"09/03/2026";"1100";"23,0";"23,0";"21,8";"79,0";"89,0";"79,0";"19,2";"20,1";"19,1";"950,3";"950,3";"949,3";"2,0";"181,0";"3,8";"666,80";"0,0"
"09/03/2026";"1200";"23,9";"24,0";"22,9";"76,0";"80,0";"75,0";"19,3";"19,7";"19,0";"951,1";"951,1";"950,3";"1,7";"196,0";"4,4";"937,00";"0,0"
"09/03/2026";"1300";"24,7";"25,2";"23,9";"68,0";"76,0";"68,0";"18,5";"19,8";"18,3";"951,4";"951,5";"951,0";"2,3";"212,0";"4,6";"1522,80";"0,0"
"09/03/2026";"1400";"25,6";"25,6";"24,7";"68,0";"70,0";"67,0";"19,3";"19,3";"18,4";"951,0";"951,5";"951,0";"1,4";"193,0";"3,7";"1117,30";"0,0"
"09/03/2026";"1500";"26,6";"26,8";"25,6";"68,0";"68,0";"61,0";"20,1";"20,2";"18,5";"950,4";"951,0";"950,4";"2,2";"224,0";"4,9";"2267,50";"0,0"
"09/03/2026";"1600";"25,4";"26,7";"25,4";"70,0";"71,0";"66,0";"19,7";"20,3";"19,3";"950,1";"950,4";"950,1";"3,2";"232,0";"5,1";"1207,80";"0,0"
"09/03/2026";"1700";"24,9";"25,7";"24,9";"75,0";"75,0";"69,0";"20,3";"20,5";"19,6";"949,6";"950,1";"949,6";"3,5";"252,0";"6,4";"1132,30";"0,0"
"09/03/2026";"1800";"23,7";"25,7";"23,6";"76,0";"77,0";"72,0";"19,2";"20,7";"19,0";"949,7";"949,7";"949,6";"3,2";"160,0";"7,0";"1073,30";"0,0"
"09/03/2026";"1900";"24,1";"24,2";"23,3";"74,0";"78,0";"74,0";"19,2";"19,5";"18,9";"949,3";"949,6";"949,3";"3,0";"188,0";"5,9";"505,00";"0,0"
"09/03/2026";"2000";"23,9";"24,2";"23,6";"73,0";"76,0";"72,0";"18,8";"19,3";"18,7";"949,3";"949,4";"949,2";"2,6";"208,0";"6,8";"551,90";"0,0"
"09/03/2026";"2100";"23,2";"24,1";"23,2";"75,0";"75,0";"72,0";"18,6";"19,0";"18,5";"949,6";"949,6";"949,3";"1,9";"180,0";"4,7";"214,50";"0,0"
"09/03/2026";"2200";"22,0";"23,2";"22,0";"79,0";"80,0";"75,0";"18,3";"18,6";"18,1";"950,0";"950,1";"949,5";"2,4";"161,0";"4,6";"7,80";"0,0"
"09/03/2026";"2300";"21,6";"22,0";"21,6";"79,0";"80,0";"78,0";"17,8";"18,3";"17,8";"950,7";"950,7";"950,0";"3,0";"153,0";"5,4";"";"0,0"
"10/03/2026";"0000";"21,3";"21,6";"21,3";"79,0";"79,0";"78,0";"17,5";"17,8";"17,5";"951,2";"951,2";"950,7";"3,2";"164,0";"5,6";"";"0,0"
"10/03/2026";"0100";"21,2";"21,5";"21,2";"78,0";"79,0";"77,0";"17,3";"17,5";"17,3";"951,6";"951,6";"951,2";"2,6";"143,0";"5,8";"";"0,0"
"10/03/2026";"0200";"21,0";"21,2";"21,0";"80,0";"81,0";"78,0";"17,5";"17,6";"17,3";"951,7";"951,8";"951,5";"1,4";"90,0";"4,2";"";"0,0"
"10/03/2026";"0300";"20,7";"21,0";"20,7";"85,0";"85,0";"80,0";"18,1";"18,2";"17,5";"951,6";"951,7";"951,6";"1,4";"65,0";"2,5";"";"0,0"
"10/03/2026";"0400";"20,4";"20,7";"20,3";"92,0";"92,0";"85,0";"19,0";"19,0";"18,2";"950,9";"951,6";"950,9";"1,8";"59,0";"2,7";"";"0,0"
"10/03/2026";"0500";"20,6";"20,6";"20,4";"92,0";"92,0";"92,0";"19,2";"19,2";"19,0";"950,2";"950,9";"950,2";"1,6";"68,0";"3,5";"";"0,0"
"10/03/2026";"0600";"20,6";"20,8";"20,6";"90,0";"92,0";"90,0";"19,0";"19,2";"19,0";"949,5";"950,3";"949,4";"1,3";"123,0";"3,4";"";"0,0"
"10/03/2026";"0700";"20,2";"20,6";"20,1";"86,0";"90,0";"86,0";"17,8";"19,0";"17,8";"949,4";"949,5";"949,3";"1,1";"137,0";"2,8";"";"0,0"
"10/03/2026";"0800";"20,3";"20,4";"20,0";"87,0";"89,0";"86,0";"18,0";"18,3";"17,8";"949,9";"949,9";"949,4";"0,6";"242,0";"2,1";"";"0,0"
"10/03/2026";"0900";"20,1";"20,3";"20,0";"89,0";"90,0";"87,0";"18,3";"18,6";"18,1";"950,5";"950,5";"949,9";"1,0";"189,0";"1,8";"";"0,0"
"10/03/2026";"1000";"20,2";"20,4";"20,0";"90,0";"90,0";"89,0";"18,5";"18,7";"18,2";"951,1";"951,2";"950,5";"0,6";"2,0";"1,8";"31,00";"0,0"
"10/03/2026";"1100";"21,0";"21,0";"20,2";"85,0";"90,0";"85,0";"18,5";"18,7";"18,2";"951,8";"951,8";"951,1";"1,1";"101,0";"1,9";"217,00";"0,0"
"10/03/2026";"1200";"21,8";"21,9";"21,0";"83,0";"86,0";"82,0";"18,7";"19,0";"18,4";"952,1";"952,1";"951,8";"1,2";"106,0";"2,1";"652,30";"0,0"
"10/03/2026";"1300";"21,3";"22,0";"21,3";"86,0";"86,0";"82,0";"18,8";"19,1";"18,6";"952,4";"952,4";"952,1";"1,8";"34,0";"4,3";"361,50";"0,2"
"10/03/2026";"1400";"22,2";"22,7";"21,2";"82,0";"89,0";"81,0";"18,9";"20,1";"18,9";"952,1";"952,4";"952,1";"3,9";"56,0";"5,7";"1250,10";"0,0"
"10/03/2026";"1500";"22,8";"22,8";"22,0";"84,0";"87,0";"82,0";"19,9";"20,3";"19,1";"951,5";"952,1";"951,5";"3,0";"44,0";"5,7";"1284,50";"0,2"
"10/03/2026";"1600";"23,7";"23,7";"22,7";"80,0";"84,0";"78,0";"20,0";"20,2";"19,1";"950,5";"951,5";"950,5";"2,8";"26,0";"4,9";"1481,40";"0,0"
"10/03/2026";"1700";"23,5";"23,8";"23,1";"79,0";"85,0";"77,0";"19,7";"20,6";"19,1";"950,0";"950,5";"950,0";"2,2";"22,0";"4,7";"1211,90";"0,0"
"10/03/2026";"1800";"23,6";"24,1";"23,5";"80,0";"81,0";"76,0";"20,0";"20,5";"19,4";"949,5";"950,0";"949,5";"2,4";"24,0";"3,9";"962,80";"0,0"
"10/03/2026";"1900";"22,9";"23,7";"22,9";"83,0";"84,0";"79,0";"19,9";"20,4";"19,8";"949,2";"949,5";"949,2";"1,4";"16,0";"3,7";"487,70";"0,6"
"10/03/2026";"2000";"22,4";"22,9";"22,2";"90,0";"90,0";"83,0";"20,7";"20,8";"19,8";"949,0";"949,2";"948,9";"1,7";"6,0";"3,3";"308,50";"1,6"
"10/03/2026";"2100";"22,4";"22,5";"22,3";"89,0";"91,0";"89,0";"20,4";"20,8";"20,4";"949,0";"949,2";"949,0";"0,2";"161,0";"3,3";"186,80";"0,0"
"10/03/2026";"2200";"20,6";"22,4";"20,6";"88,0";"91,0";"84,0";"18,6";"20,6";"18,5";"949,5";"949,5";"949,0";"5,1";"159,0";"7,7";"15,90";"0,0"
"10/03/2026";"2300";"20,2";"20,6";"20,2";"89,0";"90,0";"88,0";"18,3";"18,6";"18,3";"949,9";"949,9";"949,5";"2,3";"155,0";"7,6";"2,20";"0,0"
"11/03/2026";"0000";"20,0";"20,2";"20,0";"89,0";"90,0";"89,0";"18,1";"18,3";"18,1";"950,3";"950,3";"949,9";"2,4";"162,0";"4,5";"";"0,2"
"11/03/2026";"0100";"19,9";"20,1";"19,9";"90,0";"90,0";"89,0";"18,2";"18,3";"18,1";"950,4";"950,4";"950,3";"1,9";"174,0";"5,3";"";"0,4"
"11/03/2026";"0200";"19,6";"19,9";"19,6";"92,0";"92,0";"90,0";"18,3";"18,3";"18,1";"950,2";"950,5";"950,2";"1,7";"172,0";"4,2";"";"2,4"
"11/03/2026";"0300";"19,9";"20,0";"19,6";"92,0";"92,0";"92,0";"18,6";"18,6";"18,3";"950,1";"950,3";"950,1";"0,6";"333,0";"3,1";"";"0,2"
"11/03/2026";"0400";"19,9";"20,0";"19,9";"92,0";"92,0";"92,0";"18,6";"18,7";"18,5";"949,5";"950,1";"949,5";"0,3";"181,0";"1,5";"";"0,2"
"11/03/2026";"0500";"19,8";"20,0";"19,8";"93,0";"93,0";"92,0";"18,7";"18,8";"18,6";"949,0";"949,5";"949,0";"0,7";"198,0";"1,2";"";"0,6"
"11/03/2026";"0600";"19,9";"19,9";"19,8";"94,0";"94,0";"93,0";"18,8";"18,8";"18,7";"948,5";"949,0";"948,5";"0,9";"173,0";"1,9";"";"0,2"
"11/03/2026";"0700";"19,7";"19,9";"19,7";"93,0";"94,0";"93,0";"18,7";"18,9";"18,6";"948,5";"948,6";"948,4";"1,3";"188,0";"2,3";"";"0,4"
"11/03/2026";"0800";"19,8";"19,9";"19,7";"94,0";"94,0";"93,0";"18,7";"18,8";"18,6";"948,6";"948,6";"948,5";"0,6";"202,0";"2,3";"";"0,0"
"11/03/2026";"0900";"19,9";"19,9";"19,8";"93,0";"94,0";"93,0";"18,7";"18,8";"18,7";"949,0";"949,0";"948,6";"0,6";"221,0";"1,6";"";"0,0"
"11/03/2026";"1000";"20,0";"20,0";"19,8";"92,0";"93,0";"92,0";"18,7";"18,8";"18,6";"949,4";"949,4";"949,0";"0,7";"132,0";"1,6";"48,30";"0,0"
"11/03/2026";"1100";"20,6";"20,7";"20,0";"91,0";"92,0";"91,0";"19,2";"19,3";"18,7";"950,1";"950,1";"949,5";"0,7";"130,0";"1,6";"266,60";"0,2"
"11/03/2026";"1200";"21,3";"21,4";"20,6";"87,0";"91,0";"87,0";"19,1";"19,5";"19,0";"950,2";"950,2";"950,1";"1,5";"155,0";"2,3";"580,20";"0,0"
"11/03/2026";"1300";"22,3";"22,4";"21,3";"83,0";"87,0";"82,0";"19,2";"19,5";"18,9";"950,2";"950,3";"950,2";"0,8";"158,0";"2,1";"755,50";"0,0"
"11/03/2026";"1400";"23,2";"23,2";"22,3";"80,0";"83,0";"79,0";"19,5";"19,8";"19,0";"949,8";"950,2";"949,8";"0,9";"283,0";"2,7";"945,70";"0,0"
"11/03/2026";"1500";"24,7";"24,9";"23,2";"69,0";"79,0";"69,0";"18,8";"19,5";"18,3";"949,2";"949,8";"949,2";"0,7";"67,0";"2,6";"1479,30";"0,0"
"11/03/2026";"1600";"25,0";"25,7";"24,4";"69,0";"71,0";"67,0";"18,9";"19,4";"18,4";"948,4";"949,2";"948,4";"1,0";"284,0";"2,3";"1773,10";"0,0"
"11/03/2026";"1700";"23,9";"25,0";"23,9";"78,0";"78,0";"69,0";"19,8";"20,0";"18,7";"947,8";"948,4";"947,8";"1,4";"248,0";"2,4";"905,50";"0,0"
"11/03/2026";"1800";"22,5";"23,9";"22,5";"85,0";"87,0";"78,0";"19,9";"20,6";"19,7";"947,6";"947,9";"947,6";"1,0";"168,0";"3,5";"336,80";"0,2"
"11/03/2026";"1900";"22,6";"22,7";"22,4";"86,0";"87,0";"85,0";"20,1";"20,4";"19,8";"947,4";"947,6";"947,4";"1,7";"192,0";"2,5";"239,20";"0,2"
"11/03/2026";"2000";"21,6";"22,6";"21,6";"89,0";"89,0";"86,0";"19,6";"20,2";"19,6";"947,3";"947,5";"947,3";"2,3";"138,0";"5,3";"411,00";"0,0"
"11/03/2026";"2100";"21,3";"21,6";"21,3";"90,0";"90,0";"88,0";"19,6";"19,7";"19,5";"947,2";"947,3";"947,2";"2,0";"124,0";"4,6";"171,00";"0,0"
"11/03/2026";"2200";"20,9";"21,3";"20,9";"90,0";"91,0";"89,0";"19,2";"19,5";"19,1";"947,2";"947,2";"947,0";"1,5";"139,0";"3,3";"14,10";"0,2"
"11/03/2026";"2300";"20,8";"21,0";"20,7";"92,0";"92,0";"89,0";"19,5";"19,5";"19,1";"947,8";"947,8";"947,2";"1,5";"52,0";"2,6";"";"0,2"
"12/03/2026";"0000";"20,7";"21,0";"20,7";"93,0";"93,0";"92,0";"19,6";"19,7";"19,5";"948,7";"948,7";"947,8";"0,7";"138,0";"3,2";"";"0,4"
"12/03/2026";"0100";"20,8";"20,8";"20,7";"93,0";"93,0";"93,0";"19,6";"19,7";"19,6";"948,7";"948,7";"948,6";"1,4";"103,0";"2,0";"";"0,4"
"12/03/2026";"0200";"20,5";"20,8";"20,5";"93,0";"94,0";"93,0";"19,4";"19,7";"19,4";"948,2";"948,7";"948,2";"1,9";"151,0";"2,5";"";"0,0"
"12/03/2026";"0300";"20,5";"20,7";"20,5";"93,0";"93,0";"92,0";"19,4";"19,6";"19,2";"947,8";"948,2";"947,8";"0,5";"350,0";"2,5";"";"0,0"
"12/03/2026";"0400";"20,9";"20,9";"20,5";"93,0";"93,0";"93,0";"19,7";"19,7";"19,4";"947,4";"947,8";"947,4";"2,5";"47,0";"4,1";"0,30";"0,0"
"12/03/2026";"0500";"20,7";"21,0";"20,7";"92,0";"93,0";"92,0";"19,4";"19,8";"19,3";"947,1";"947,4";"947,1";"1,5";"32,0";"6,3";"0,70";"0,2"
"12/03/2026";"0600";"20,3";"20,7";"20,3";"93,0";"93,0";"92,0";"19,0";"19,4";"19,0";"947,0";"947,1";"947,0";"2,2";"38,0";"3,8";"";"2,0"
"12/03/2026";"0700";"19,9";"20,3";"19,9";"94,0";"94,0";"93,0";"19,0";"19,1";"18,9";"946,6";"947,0";"946,5";"1,9";"80,0";"3,8";"0,10";"3,8"
"12/03/2026";"0800";"19,8";"19,9";"19,8";"94,0";"94,0";"94,0";"18,9";"19,0";"18,9";"946,6";"946,6";"946,5";"1,8";"62,0";"3,2";"";"2,2"
"12/03/2026";"0900";"19,8";"19,9";"19,8";"95,0";"95,0";"94,0";"18,9";"19,0";"18,9";"946,8";"946,8";"946,6";"1,4";"53,0";"3,4";"0,30";"3,8"
"12/03/2026";"1000";"19,9";"19,9";"19,8";"95,0";"95,0";"95,0";"19,0";"19,0";"18,9";"947,0";"947,0";"946,8";"1,7";"84,0";"3,0";"17,40";"3,0"
"12/03/2026";"1100";"20,2";"20,2";"19,9";"95,0";"95,0";"95,0";"19,3";"19,3";"19,0";"947,4";"947,4";"947,0";"1,2";"75,0";"2,4";"102,10";"1,2"
"12/03/2026";"1200";"20,4";"20,4";"20,1";"94,0";"95,0";"94,0";"19,4";"19,5";"19,3";"947,5";"947,6";"947,4";"0,9";"37,0";"3,1";"180,60";"2,6"
"12/03/2026";"1300";"21,2";"21,3";"20,4";"91,0";"94,0";"91,0";"19,7";"20,1";"19,5";"948,0";"948,0";"947,5";"2,0";"4,0";"4,0";"623,90";"0,8"
"12/03/2026";"1400";"21,6";"21,7";"21,2";"91,0";"92,0";"91,0";"20,1";"20,3";"19,6";"947,2";"948,0";"947,2";"3,2";"43,0";"5,1";"596,60";"0,6"
"12/03/2026";"1500";"22,7";"22,9";"21,6";"85,0";"91,0";"85,0";"20,0";"20,8";"19,9";"946,2";"947,2";"946,2";"3,9";"50,0";"5,5";"1240,00";"0,2"
"12/03/2026";"1600";"22,7";"22,8";"22,5";"87,0";"87,0";"85,0";"20,4";"20,4";"19,8";"945,4";"946,2";"945,4";"2,5";"41,0";"5,4";"812,40";"0,0"
"12/03/2026";"1700";"23,6";"23,7";"22,7";"84,0";"87,0";"84,0";"20,8";"21,0";"20,2";"944,7";"945,4";"944,6";"1,7";"15,0";"5,3";"1093,10";"0,0"
"12/03/2026";"1800";"24,2";"24,2";"23,4";"80,0";"84,0";"80,0";"20,5";"20,9";"20,3";"943,9";"944,7";"943,9";"1,5";"17,0";"3,4";"967,60";"0,0"
"12/03/2026";"1900";"23,7";"24,2";"23,7";"80,0";"81,0";"78,0";"20,1";"20,6";"19,8";"943,4";"943,9";"943,3";"1,1";"329,0";"2,8";"502,10";"0,0"
"12/03/2026";"2000";"23,4";"24,1";"23,4";"80,0";"83,0";"79,0";"19,7";"20,4";"19,7";"943,4";"943,4";"943,0";"2,0";"215,0";"3,0";"284,80";"0,0"
"12/03/2026";"2100";"23,1";"23,5";"23,0";"84,0";"85,0";"79,0";"20,1";"20,4";"19,7";"943,4";"943,5";"943,3";"0,9";"315,0";"3,0";"146,10";"0,0"
"12/03/2026";"2200";"22,1";"23,1";"21,9";"90,0";"90,0";"84,0";"20,3";"20,4";"20,1";"943,7";"943,7";"943,3";"1,1";"8,0";"1,5";"10,60";"0,0"
"12/03/2026";"2300";"22,0";"22,2";"21,9";"91,0";"91,0";"90,0";"20,4";"20,4";"20,2";"944,3";"944,3";"943,7";"1,2";"72,0";"2,0";"";"0,0"
"13/03/2026";"0000";"21,8";"22,0";"21,7";"91,0";"91,0";"90,0";"20,2";"20,4";"20,2";"944,6";"944,7";"944,3";"0,8";"62,0";"2,5";"";"0,0"
"13/03/2026";"0100";"22,0";"22,1";"21,5";"88,0";"91,0";"88,0";"19,9";"20,3";"19,7";"944,6";"944,8";"944,6";"1,8";"28,0";"3,8";"";"0,0"
"13/03/2026";"0200";"22,0";"22,1";"21,8";"89,0";"89,0";"88,0";"20,0";"20,0";"19,8";"944,6";"944,7";"944,5";"2,4";"48,0";"5,5";"";"0,0"
"13/03/2026";"0300";"22,1";"22,1";"21,8";"88,0";"89,0";"88,0";"20,1";"20,2";"19,8";"944,2";"944,6";"944,2";"3,3";"37,0";"6,6";"";"0,0"
"13/03/2026";"0400";"21,8";"22,1";"21,8";"89,0";"89,0";"88,0";"19,9";"20,1";"19,9";"943,9";"944,2";"943,9";"2,1";"265,0";"5,5";"";"0,0"
"13/03/2026";"0500";"21,3";"21,8";"21,3";"89,0";"91,0";"89,0";"19,4";"20,0";"19,4";"943,4";"943,9";"943,4";"1,9";"248,0";"4,5";"1,20";"0,0"
"13/03/2026";"0600";"20,2";"21,3";"20,2";"90,0";"90,0";"87,0";"18,4";"19,3";"18,4";"943,0";"943,4";"943,0";"2,4";"246,0";"5,4";"";"0,0"
"13/03/2026";"0700";"20,0";"20,2";"20,0";"91,0";"91,0";"90,0";"18,5";"18,5";"18,4";"943,1";"943,1";"942,9";"1,0";"267,0";"4,2";"";"0,0"
"13/03/2026";"0800";"19,8";"20,0";"19,7";"92,0";"92,0";"91,0";"18,5";"18,6";"18,5";"943,4";"943,4";"943,0";"1,7";"229,0";"2,8";"";"0,4"
"13/03/2026";"0900";"19,7";"19,8";"19,6";"93,0";"93,0";"92,0";"18,5";"18,5";"18,4";"943,6";"943,6";"943,4";"1,8";"232,0";"3,0";"";"1,0"
"13/03/2026";"1000";"19,9";"19,9";"19,6";"92,0";"93,0";"92,0";"18,6";"18,6";"18,4";"943,9";"943,9";"943,6";"1,3";"212,0";"3,0";"53,60";"0,0"
"13/03/2026";"1100";"20,5";"20,5";"19,9";"91,0";"92,0";"91,0";"19,0";"19,0";"18,6";"944,5";"944,5";"943,9";"3,0";"228,0";"3,9";"302,30";"0,0"
"13/03/2026";"1200";"21,2";"21,2";"20,5";"88,0";"91,0";"88,0";"19,1";"19,2";"18,9";"945,1";"945,2";"944,5";"2,2";"243,0";"4,6";"604,90";"0,0"
"13/03/2026";"1300";"21,6";"21,8";"21,2";"85,0";"88,0";"85,0";"19,0";"19,3";"18,9";"945,3";"945,3";"945,1";"2,3";"251,0";"3,8";"608,50";"0,0"
"13/03/2026";"1400";"23,3";"23,6";"21,6";"77,0";"85,0";"76,0";"19,0";"19,6";"18,8";"945,2";"945,4";"945,2";"2,7";"218,0";"4,3";"1285,80";"0,0"
"13/03/2026";"1500";"23,1";"23,9";"23,1";"78,0";"79,0";"75,0";"19,1";"19,8";"18,9";"945,0";"945,3";"945,0";"3,7";"234,0";"5,6";"1055,30";"0,0"
"13/03/2026";"1600";"24,0";"24,4";"23,1";"75,0";"79,0";"75,0";"19,4";"20,0";"19,0";"944,3";"945,0";"944,3";"2,0";"259,0";"5,6";"1069,00";"0,0"
"13/03/2026";"1700";"21,8";"24,1";"21,8";"90,0";"90,0";"75,0";"20,1";"20,5";"19,2";"944,2";"944,4";"944,2";"1,6";"306,0";"5,6";"495,90";"0,6"
"13/03/2026";"1800";"22,0";"22,0";"21,5";"89,0";"91,0";"88,0";"20,0";"20,3";"19,7";"943,9";"944,2";"943,8";"2,0";"321,0";"3,4";"426,70";"0,0"
"13/03/2026";"1900";"21,9";"22,1";"21,8";"89,0";"89,0";"88,0";"19,9";"20,2";"19,8";"943,8";"943,9";"943,7";"1,0";"331,0";"4,1";"401,80";"0,0"
"13/03/2026";"2000";"21,8";"22,0";"21,7";"90,0";"90,0";"88,0";"20,0";"20,2";"19,8";"944,1";"944,2";"943,8";"1,5";"346,0";"2,7";"203,90";"0,0"
"13/03/2026";"2100";"21,6";"22,0";"21,4";"92,0";"92,0";"89,0";"20,2";"20,3";"20,0";"944,6";"944,6";"944,0";"1,1";"123,0";"2,9";"117,80";"0,4"
"13/03/2026";"2200";"21,6";"21,8";"21,4";"83,0";"92,0";"83,0";"18,6";"20,2";"18,6";"945,1";"945,1";"944,6";"1,1";"204,0";"2,9";"13,50";"0,0"
"13/03/2026";"2300";"20,5";"21,9";"20,5";"87,0";"87,0";"81,0";"18,3";"18,5";"18,1";"945,8";"945,8";"945,1";"1,5";"204,0";"3,5";"0,90";"0,0"
"14/03/2026";"0000";"19,2";"20,5";"19,1";"92,0";"92,0";"87,0";"17,8";"18,3";"17,6";"946,5";"946,5";"945,8";"1,0";"235,0";"2,9";"";"0,0"
"14/03/2026";"0100";"18,8";"19,2";"18,5";"94,0";"94,0";"92,0";"17,7";"17,9";"17,4";"946,5";"946,7";"946,5";"0,6";"284,0";"1,5";"";"0,0"
"14/03/2026";"0200";"17,9";"18,8";"17,8";"95,0";"95,0";"94,0";"17,0";"17,8";"16,9";"946,2";"946,5";"946,2";"0,3";"359,0";"0,9";"";"0,0"
"14/03/2026";"0300";"17,4";"18,0";"17,4";"95,0";"95,0";"95,0";"16,6";"17,1";"16,5";"945,9";"946,2";"945,9";"0,3";"283,0";"1,3";"";"0,0"
"14/03/2026";"0400";"16,9";"17,6";"16,8";"95,0";"95,0";"95,0";"16,1";"16,8";"16,1";"945,3";"945,9";"945,3";"1,1";"238,0";"1,5";"";"0,0"
"14/03/2026";"0500";"17,1";"17,3";"16,6";"95,0";"95,0";"95,0";"16,3";"16,5";"15,9";"944,9";"945,3";"944,9";"0,5";"155,0";"1,9";"";"0,0"
"14/03/2026";"0600";"16,2";"17,1";"16,2";"95,0";"95,0";"95,0";"15,5";"16,4";"15,5";"944,5";"944,9";"944,5";"1,3";"222,0";"1,6";"";"0,0"
"14/03/2026";"0700";"16,6";"16,7";"16,2";"96,0";"96,0";"95,0";"15,9";"16,0";"15,5";"944,7";"944,7";"944,4";"0,5";"298,0";"1,7";"";"0,0"
"14/03/2026";"0800";"16,5";"16,6";"16,3";"96,0";"96,0";"95,0";"15,8";"15,8";"15,5";"945,0";"945,0";"944,7";"0,8";"198,0";"1,4";"";"0,0"
"14/03/2026";"0900";"16,4";"16,7";"16,2";"95,0";"96,0";"95,0";"15,7";"15,9";"15,5";"945,4";"945,5";"945,0";"0,9";"212,0";"1,4";"";"0,0"
"14/03/2026";"1000";"17,3";"17,3";"16,4";"95,0";"96,0";"95,0";"16,6";"16,6";"15,7";"946,0";"946,0";"945,4";"0,8";"235,0";"1,6";"101,40";"0,0"
"14/03/2026";"1100";"18,5";"18,6";"17,3";"94,0";"95,0";"94,0";"17,4";"17,7";"16,6";"946,6";"946,6";"946,0";"0,8";"259,0";"2,0";"565,40";"0,0"
"14/03/2026";"1200";"20,1";"20,1";"18,5";"86,0";"94,0";"86,0";"17,7";"17,8";"17,3";"946,8";"946,9";"946,6";"1,3";"278,0";"2,1";"1187,20";"0,0"
"14/03/2026";"1300";"23,2";"23,2";"20,1";"78,0";"86,0";"78,0";"19,1";"19,1";"17,3";"946,5";"946,9";"946,5";"0,9";"197,0";"3,5";"2743,90";"0,0"
"14/03/2026";"1400";"23,3";"24,0";"22,3";"72,0";"79,0";"72,0";"18,0";"19,1";"18,0";"946,3";"946,5";"946,3";"2,1";"332,0";"5,0";"2941,50";"0,2"
"14/03/2026";"1500";"25,6";"25,6";"23,3";"67,0";"74,0";"66,0";"19,0";"19,6";"18,1";"945,7";"946,3";"945,7";"1,8";"270,0";"5,0";"3562,20";"0,0"
"14/03/2026";"1600";"27,1";"27,1";"25,5";"60,0";"67,0";"60,0";"18,7";"19,1";"17,8";"945,1";"945,7";"945,1";"1,2";"263,0";"3,9";"3518,70";"0,0"
"14/03/2026";"1700";"28,2";"28,6";"27,1";"51,0";"62,0";"50,0";"17,0";"19,3";"17,0";"944,5";"945,1";"944,5";"1,6";"287,0";"6,6";"3270,50";"0,0"
"14/03/2026";"1800";"29,3";"29,7";"28,1";"47,0";"53,0";"46,0";"16,8";"18,2";"16,2";"943,8";"944,5";"943,8";"2,7";"226,0";"5,7";"2920,70";"0,0"
"14/03/2026";"1900";"29,3";"30,0";"29,0";"44,0";"47,0";"42,0";"15,8";"17,1";"15,3";"943,2";"943,8";"943,2";"3,0";"227,0";"5,4";"1253,70";"0,0"
"14/03/2026";"2000";"28,0";"30,1";"28,0";"56,0";"56,0";"36,0";"18,5";"18,6";"13,0";"943,3";"943,3";"943,1";"4,3";"149,0";"7,5";"418,20";"0,0"
"14/03/2026";"2100";"25,7";"28,0";"25,7";"65,0";"65,0";"56,0";"18,6";"18,8";"18,2";"943,4";"943,5";"943,2";"3,1";"163,0";"6,6";"420,00";"0,0"
"14/03/2026";"2200";"23,5";"25,7";"23,5";"74,0";"74,0";"65,0";"18,6";"18,7";"18,4";"944,2";"944,2";"943,4";"2,6";"155,0";"5,8";"10,40";"0,0"
"14/03/2026";"2300";"22,3";"23,6";"22,1";"78,0";"79,0";"74,0";"18,3";"18,7";"18,2";"945,1";"945,1";"944,1";"1,0";"140,0";"4,5";"";"0,0"
"15/03/2026";"0000";"21,0";"22,5";"20,7";"85,0";"85,0";"78,0";"18,3";"18,5";"17,8";"946,0";"946,0";"945,1";"1,6";"301,0";"2,3";"";"0,0"
"15/03/2026";"0100";"19,4";"21,2";"19,2";"89,0";"90,0";"83,0";"17,6";"18,3";"17,0";"946,6";"946,6";"946,0";"0,4";"248,0";"2,2";"";"0,0"
"15/03/2026";"0200";"19,0";"19,3";"18,7";"91,0";"91,0";"89,0";"17,5";"17,8";"16,9";"946,7";"946,9";"946,5";"0,3";"4,0";"1,6";"";"0,0"
"15/03/2026";"0300";"18,2";"19,0";"18,2";"92,0";"93,0";"90,0";"17,0";"17,5";"16,8";"946,6";"946,8";"946,5";"0,4";"277,0";"1,6";"";"0,0"
"15/03/2026";"0400";"18,3";"18,4";"17,6";"93,0";"93,0";"92,0";"17,2";"17,3";"16,4";"946,1";"946,6";"946,1";"0,6";"269,0";"1,4";"";"0,0"
"15/03/2026";"0500";"18,5";"18,5";"17,8";"93,0";"93,0";"92,0";"17,3";"17,3";"16,5";"945,6";"946,2";"945,6";"0,5";"325,0";"1,4";"";"0,0"
"15/03/2026";"0600";"19,4";"19,5";"18,5";"93,0";"93,0";"93,0";"18,2";"18,2";"17,3";"945,2";"945,6";"945,2";"1,3";"37,0";"2,9";"";"0,0"
"15/03/2026";"0700";"20,0";"20,0";"19,4";"92,0";"93,0";"92,0";"18,6";"18,7";"18,2";"945,4";"945,4";"945,1";"1,4";"93,0";"5,4";"";"0,0"
"15/03/2026";"0800";"19,2";"20,0";"19,2";"92,0";"92,0";"91,0";"17,9";"18,6";"17,9";"945,6";"945,6";"945,4";"1,5";"133,0";"2,8";"";"0,0"
"15/03/2026";"0900";"19,3";"19,6";"19,1";"93,0";"93,0";"92,0";"18,0";"18,3";"17,8";"946,0";"946,0";"945,6";"1,7";"123,0";"2,7";"";"0,0"
"15/03/2026";"1000";"18,8";"19,3";"18,7";"93,0";"93,0";"92,0";"17,6";"18,1";"17,5";"946,5";"946,5";"946,0";"2,2";"149,0";"3,2";"40,60";"0,0"
"15/03/2026";"1100";"19,2";"19,3";"18,8";"92,0";"93,0";"92,0";"17,8";"18,0";"17,5";"947,1";"947,2";"946,5";"1,5";"144,0";"3,2";"197,10";"0,0"
"15/03/2026";"1200";"20,2";"20,2";"19,2";"90,0";"92,0";"90,0";"18,4";"18,5";"17,8";"947,6";"947,6";"947,1";"1,7";"190,0";"3,0";"446,30";"0,0"
"15/03/2026";"1300";"21,5";"21,6";"20,1";"80,0";"90,0";"80,0";"17,9";"18,7";"17,9";"947,6";"947,8";"947,6";"1,2";"7,0";"2,7";"1054,60";"0,0"
"15/03/2026";"1400";"24,8";"25,1";"21,5";"70,0";"81,0";"69,0";"18,9";"19,8";"18,1";"947,1";"947,6";"947,1";"1,2";"107,0";"3,1";"2880,90";"0,0"
"15/03/2026";"1500";"27,2";"27,3";"24,7";"55,0";"70,0";"55,0";"17,4";"20,1";"17,4";"946,5";"947,1";"946,5";"1,3";"225,0";"3,5";"3435,50";"0,0"
"15/03/2026";"1600";"29,4";"29,4";"27,2";"42,0";"57,0";"41,0";"15,3";"18,1";"14,7";"945,7";"946,5";"945,7";"2,3";"256,0";"7,3";"3496,30";"0,0"
"15/03/2026";"1700";"30,8";"31,2";"29,4";"35,0";"44,0";"35,0";"13,7";"17,1";"13,5";"945,0";"945,7";"945,0";"1,5";"246,0";"6,5";"3298,60";"0,0"
"15/03/2026";"1800";"31,0";"31,9";"30,6";"35,0";"38,0";"32,0";"13,8";"14,9";"12,7";"944,3";"945,0";"944,3";"1,8";"233,0";"4,5";"2784,00";"0,0"
"15/03/2026";"1900";"31,7";"31,7";"31,0";"31,0";"38,0";"29,0";"12,6";"14,8";"11,4";"943,9";"944,3";"943,9";"1,5";"218,0";"4,5";"1268,50";"0,0"
"15/03/2026";"2000";"31,3";"32,0";"31,1";"32,0";"33,0";"30,0";"12,7";"13,7";"11,9";"944,1";"944,1";"943,8";"1,6";"224,0";"3,2";"358,40";"0,0"
"15/03/2026";"2100";"28,2";"31,3";"28,2";"48,0";"48,0";"31,0";"16,2";"16,2";"12,1";"944,6";"944,6";"944,1";"1,6";"159,0";"2,8";"325,70";"0,0"
"15/03/2026";"2200";"26,4";"28,2";"25,5";"58,0";"63,0";"48,0";"17,5";"18,0";"16,1";"945,6";"945,6";"944,7";"2,4";"38,0";"6,4";"4,10";"0,0"
"15/03/2026";"2300";"24,0";"26,6";"24,0";"71,0";"71,0";"56,0";"18,5";"19,0";"16,9";"946,4";"946,4";"945,6";"1,5";"217,0";"4,6";"";"0,0"
"16/03/2026";"0000";"22,6";"24,5";"22,6";"76,0";"77,0";"68,0";"18,1";"19,0";"18,1";"946,9";"946,9";"946,4";"0,8";"48,0";"2,3";"";"0,0"
"16/03/2026";"0100";"20,9";"22,3";"20,8";"86,0";"87,0";"77,0";"18,5";"19,0";"18,2";"947,8";"947,9";"946,9";"0,4";"298,0";"1,6";"";"0,0"
"16/03/2026";"0200";"20,3";"21,1";"20,2";"88,0";"89,0";"86,0";"18,2";"18,9";"17,8";"947,9";"948,0";"947,7";"0,4";"238,0";"1,0";"";"0,0"
"16/03/2026";"0300";"19,6";"20,4";"19,4";"91,0";"91,0";"88,0";"18,0";"18,4";"17,8";"947,7";"948,0";"947,7";"0,9";"210,0";"1,3";"";"0,0"
"16/03/2026";"0400";"19,3";"19,7";"18,9";"90,0";"91,0";"90,0";"17,6";"18,2";"17,3";"947,3";"947,7";"947,3";"0,2";"176,0";"1,3";"";"0,0"
"16/03/2026";"0500";"18,5";"19,3";"18,4";"91,0";"91,0";"90,0";"17,0";"17,6";"17,0";"947,0";"947,3";"947,0";"0,3";"124,0";"0,8";"";"0,0"
"16/03/2026";"0600";"17,9";"18,6";"17,8";"92,0";"93,0";"91,0";"16,6";"17,3";"16,5";"946,7";"947,0";"946,6";"0,5";"217,0";"1,2";"";"0,0"
"16/03/2026";"0700";"18,2";"18,5";"17,6";"91,0";"93,0";"90,0";"16,7";"17,1";"16,2";"946,8";"946,9";"946,6";"0,6";"256,0";"2,7";"";"0,0"
"16/03/2026";"0800";"17,5";"18,3";"17,3";"90,0";"92,0";"89,0";"15,8";"16,7";"15,8";"947,0";"947,0";"946,8";"0,6";"188,0";"2,1";"";"0,0"
"16/03/2026";"0900";"17,3";"18,1";"17,0";"90,0";"93,0";"89,0";"15,6";"16,5";"15,5";"947,8";"947,8";"947,0";"0,7";"195,0";"2,2";"";"0,0"
"16/03/2026";"1000";"18,8";"18,9";"16,8";"89,0";"93,0";"89,0";"16,9";"17,4";"15,3";"948,3";"948,3";"947,8";"0,5";"9,0";"1,1";"188,40";"0,0"
"16/03/2026";"1100";"21,4";"21,4";"18,6";"78,0";"89,0";"78,0";"17,5";"17,9";"16,6";"949,0";"949,0";"948,3";"2,0";"151,0";"3,6";"998,30";"0,0"
"16/03/2026";"1200";"24,0";"24,1";"21,3";"71,0";"78,0";"67,0";"18,4";"18,4";"16,8";"949,1";"949,1";"949,0";"1,1";"58,0";"3,1";"1847,50";"0,0"
"16/03/2026";"1300";"26,1";"26,4";"23,9";"65,0";"71,0";"63,0";"18,9";"19,4";"17,7";"949,0";"949,1";"949,0";"1,9";"26,0";"4,0";"2587,40";"0,0"
"16/03/2026";"1400";"27,8";"28,1";"25,8";"53,0";"65,0";"51,0";"17,3";"19,3";"16,7";"948,4";"949,0";"948,4";"2,1";"26,0";"4,4";"3155,60";"0,0"
"16/03/2026";"1500";"29,3";"29,5";"27,6";"47,0";"55,0";"45,0";"16,8";"18,3";"16,4";"947,5";"948,4";"947,5";"1,3";"66,0";"4,3";"3464,20";"0,0"
"16/03/2026";"1600";"31,0";"31,0";"29,3";"38,0";"49,0";"38,0";"15,2";"17,3";"15,2";"946,8";"947,5";"946,8";"1,4";"309,0";"4,3";"3543,90";"0,0"
"16/03/2026";"1700";"32,1";"32,2";"31,0";"30,0";"41,0";"29,0";"12,3";"16,1";"11,4";"946,1";"946,8";"946,1";"1,1";"250,0";"4,5";"3321,70";"0,0"
"16/03/2026";"1800";"32,5";"32,9";"31,9";"24,0";"33,0";"23,0";"9,2";"13,6";"8,7";"945,5";"946,1";"945,5";"2,1";"192,0";"5,7";"2726,60";"0,0"
"16/03/2026";"1900";"32,9";"33,2";"32,4";"28,0";"29,0";"21,0";"12,0";"12,5";"7,8";"945,0";"945,5";"945,0";"1,4";"121,0";"7,0";"1536,50";"0,0"
"16/03/2026";"2000";"30,4";"32,9";"30,4";"43,0";"43,0";"26,0";"16,3";"16,3";"10,7";"944,8";"945,1";"944,8";"4,1";"156,0";"7,0";"299,30";"0,0"
"16/03/2026";"2100";"27,6";"30,4";"27,6";"53,0";"53,0";"43,0";"17,2";"17,2";"16,5";"945,1";"945,1";"944,8";"2,4";"138,0";"8,5";"407,50";"0,0"
"16/03/2026";"2200";"25,3";"27,6";"25,3";"53,0";"55,0";"51,0";"15,1";"17,3";"15,0";"946,0";"946,0";"945,1";"2,5";"136,0";"6,0";"7,10";"0,0"
"16/03/2026";"2300";"24,4";"25,6";"24,3";"56,0";"56,0";"51,0";"14,9";"15,2";"14,5";"947,1";"947,1";"946,0";"3,5";"154,0";"6,1";"";"0,0"
"17/03/2026";"0000";"23,1";"24,4";"23,0";"64,0";"64,0";"55,0";"15,8";"16,0";"14,8";"948,0";"948,0";"947,1";"1,1";"323,0";"5,5";"";"0,0"
"17/03/2026";"0100";"21,7";"23,2";"21,5";"72,0";"73,0";"64,0";"16,3";"16,5";"15,8";"948,5";"948,5";"947,9";"0,7";"311,0";"2,4";"";"0,0"
"17/03/2026";"0200";"20,6";"21,9";"20,6";"75,0";"75,0";"70,0";"16,0";"16,4";"15,9";"948,8";"948,8";"948,5";"0,5";"273,0";"2,1";"";"0,0"
"17/03/2026";"0300";"20,0";"20,8";"19,1";"78,0";"85,0";"74,0";"16,1";"16,9";"15,8";"948,7";"949,0";"948,7";"0,8";"301,0";"1,5";"";"0,0"
"17/03/2026";"0400";"19,7";"20,0";"19,0";"78,0";"81,0";"77,0";"15,7";"16,2";"15,5";"948,3";"948,7";"948,3";"0,6";"235,0";"3,0";"";"0,0"
"17/03/2026";"0500";"17,7";"19,7";"17,7";"85,0";"86,0";"78,0";"15,1";"16,0";"15,0";"947,5";"948,3";"947,5";"0,8";"172,0";"2,1";"";"0,0"
"17/03/2026";"0600";"16,7";"17,9";"16,7";"90,0";"91,0";"85,0";"15,1";"15,9";"15,1";"947,3";"947,5";"947,3";"0,3";"139,0";"1,3";"";"0,0"
"17/03/2026";"0700";"16,5";"17,4";"16,5";"90,0";"92,0";"89,0";"14,8";"15,8";"14,8";"946,9";"947,3";"946,9";"0,7";"336,0";"1,5";"";"0,0"
"17/03/2026";"0800";"17,1";"17,5";"16,5";"86,0";"91,0";"86,0";"14,7";"15,6";"14,7";"947,4";"947,4";"946,9";"1,2";"158,0";"2,6";"";"0,0"
"17/03/2026";"0900";"16,2";"17,1";"16,0";"90,0";"90,0";"86,0";"14,6";"15,1";"14,0";"947,9";"948,0";"947,4";"0,6";"65,0";"2,4";"";"0,0"
"17/03/2026";"1000";"18,4";"18,4";"15,9";"82,0";"91,0";"82,0";"15,3";"15,6";"14,3";"948,7";"948,7";"947,8";"0,6";"243,0";"1,8";"195,50";"0,0"
"17/03/2026";"1100";"21,4";"21,4";"18,4";"77,0";"82,0";"76,0";"17,2";"17,2";"15,2";"949,1";"949,1";"948,7";"0,7";"80,0";"2,0";"937,90";"0,0"
"17/03/2026";"1200";"23,9";"23,9";"21,3";"71,0";"78,0";"70,0";"18,3";"18,6";"16,8";"949,4";"949,5";"949,1";"2,4";"55,0";"4,6";"1819,50";"0,0"
"17/03/2026";"1300";"26,0";"26,0";"23,8";"63,0";"71,0";"63,0";"18,5";"19,2";"17,8";"949,2";"949,5";"949,2";"3,2";"26,0";"7,1";"2548,00";"0,0"
"17/03/2026";"1400";"27,5";"27,7";"25,7";"54,0";"63,0";"53,0";"17,5";"18,8";"17,1";"948,7";"949,2";"948,7";"3,1";"44,0";"6,8";"3045,50";"0,0"
"17/03/2026";"1500";"29,1";"29,6";"27,4";"50,0";"56,0";"49,0";"17,5";"18,7";"17,1";"947,6";"948,7";"947,6";"2,4";"41,0";"5,7";"3388,60";"0,0"
"17/03/2026";"1600";"30,5";"30,5";"28,8";"48,0";"52,0";"45,0";"18,1";"18,6";"16,8";"946,7";"947,6";"946,7";"2,0";"62,0";"4,4";"3423,70";"0,0"
"17/03/2026";"1700";"30,9";"31,2";"30,3";"44,0";"48,0";"42,0";"17,2";"18,0";"16,6";"945,8";"946,7";"945,8";"1,6";"128,0";"4,4";"2838,40";"0,0"
"17/03/2026";"1800";"30,3";"31,5";"30,3";"46,0";"47,0";"41,0";"17,3";"18,2";"16,1";"944,9";"945,8";"944,9";"1,2";"56,0";"3,7";"1467,30";"0,0"
"17/03/2026";"1900";"29,7";"30,7";"29,5";"53,0";"59,0";"43,0";"19,2";"20,8";"16,3";"944,5";"944,9";"944,5";"1,2";"340,0";"2,6";"591,00";"0,0"
"17/03/2026";"2000";"29,6";"30,2";"29,4";"54,0";"56,0";"47,0";"19,3";"19,7";"17,8";"944,6";"944,6";"944,4";"1,1";"348,0";"2,4";"438,40";"0,0"
"17/03/2026";"2100";"28,4";"30,5";"28,4";"58,0";"59,0";"44,0";"19,4";"20,0";"16,8";"944,6";"944,6";"944,4";"2,7";"150,0";"4,5";"466,40";"0,0"
"17/03/2026";"2200";"26,1";"28,4";"26,1";"68,0";"68,0";"58,0";"19,8";"19,9";"19,4";"945,6";"945,6";"944,6";"3,1";"141,0";"4,6";"5,70";"0,0"
"17/03/2026";"2300";"24,5";"26,1";"24,5";"72,0";"72,0";"68,0";"19,0";"19,8";"19,0";"946,8";"946,8";"945,6";"3,8";"166,0";"6,9";"";"0,0"
"18/03/2026";"0000";"23,5";"24,5";"23,5";"74,0";"74,0";"72,0";"18,5";"19,1";"18,5";"947,6";"947,6";"946,8";"2,9";"168,0";"6,8";"";"0,0"
"18/03/2026";"0100";"22,6";"23,7";"22,6";"76,0";"76,0";"72,0";"18,0";"18,6";"18,0";"948,0";"948,1";"947,6";"1,8";"158,0";"5,6";"";"0,0"
"18/03/2026";"0200";"21,6";"22,8";"21,2";"81,0";"83,0";"75,0";"18,3";"18,4";"17,7";"948,0";"948,3";"948,0";"0,4";"138,0";"3,9";"";"0,0"
"18/03/2026";"0300";"20,7";"22,0";"20,7";"85,0";"85,0";"79,0";"18,0";"18,3";"17,9";"947,7";"948,1";"947,7";"0,4";"158,0";"1,9";"";"0,0"
"18/03/2026";"0400";"19,4";"20,9";"19,4";"90,0";"90,0";"84,0";"17,7";"18,3";"17,6";"947,3";"947,8";"947,3";"0,3";"70,0";"1,7";"";"0,0"
"18/03/2026";"0500";"20,0";"20,0";"19,4";"88,0";"91,0";"88,0";"18,0";"18,2";"17,8";"946,7";"947,3";"946,7";"0,4";"203,0";"2,0";"";"0,0"
"18/03/2026";"0600";"19,4";"20,0";"19,1";"90,0";"91,0";"88,0";"17,8";"18,0";"17,5";"946,4";"946,7";"946,4";"0,5";"256,0";"1,5";"";"0,0"
"18/03/2026";"0700";"18,8";"19,4";"18,7";"92,0";"92,0";"90,0";"17,4";"17,8";"17,0";"946,4";"946,5";"946,3";"0,4";"250,0";"1,6";"";"0,0"
"18/03/2026";"0800";"18,6";"18,9";"18,5";"92,0";"92,0";"92,0";"17,3";"17,5";"17,1";"946,7";"946,7";"946,3";"0,8";"91,0";"1,6";"";"0,0"
"18/03/2026";"0900";"18,8";"18,8";"18,3";"92,0";"93,0";"91,0";"17,4";"17,6";"16,9";"947,1";"947,1";"946,6";"0,5";"257,0";"1,6";"";"0,0"
"18/03/2026";"1000";"19,6";"19,6";"18,6";"89,0";"92,0";"89,0";"17,7";"18,0";"17,1";"947,6";"947,6";"947,1";"0,9";"138,0";"2,6";"142,20";"0,0"
"18/03/2026";"1100";"22,4";"22,4";"19,6";"81,0";"89,0";"80,0";"18,9";"19,0";"17,6";"948,0";"948,0";"947,5";"0,6";"115,0";"3,1";"837,20";"0,0"
"18/03/2026";"1200";"23,2";"23,7";"22,1";"79,0";"82,0";"77,0";"19,4";"19,8";"18,4";"948,0";"948,2";"948,0";"1,7";"40,0";"3,4";"1236,10";"0,0"
"18/03/2026";"1300";"24,7";"25,4";"23,1";"74,0";"80,0";"72,0";"19,8";"20,3";"19,0";"947,7";"948,1";"947,7";"1,5";"356,0";"3,5";"2110,30";"0,0"
"18/03/2026";"1400";"27,6";"27,6";"24,7";"66,0";"75,0";"65,0";"20,7";"20,7";"19,5";"946,9";"947,7";"946,9";"1,7";"11,0";"4,3";"3005,10";"0,0"
"18/03/2026";"1500";"28,8";"29,1";"27,0";"58,0";"66,0";"56,0";"19,8";"20,8";"19,2";"945,7";"946,9";"945,7";"2,3";"48,0";"4,4";"3326,80";"0,0"
"18/03/2026";"1600";"30,3";"30,9";"28,8";"48,0";"59,0";"45,0";"17,9";"20,4";"17,1";"944,7";"945,7";"944,7";"1,6";"60,0";"4,1";"3410,50";"0,0"
"18/03/2026";"1700";"30,5";"32,3";"30,3";"48,0";"50,0";"43,0";"18,3";"19,2";"17,2";"943,8";"944,7";"943,8";"0,8";"339,0";"3,9";"2498,10";"0,0"
"18/03/2026";"1800";"30,7";"30,7";"29,8";"45,0";"57,0";"45,0";"17,4";"20,5";"17,3";"943,0";"943,8";"943,0";"0,4";"45,0";"2,7";"507,40";"0,0"
"18/03/2026";"1900";"28,0";"30,8";"28,0";"64,0";"64,0";"44,0";"20,5";"21,2";"17,1";"942,5";"943,0";"942,5";"1,4";"344,0";"2,4";"312,80";"0,0"
"18/03/2026";"2000";"27,0";"28,1";"25,9";"66,0";"75,0";"61,0";"20,2";"21,4";"19,8";"942,3";"942,5";"942,0";"1,9";"161,0";"5,9";"276,20";"0,0"
"18/03/2026";"2100";"26,2";"28,6";"26,2";"73,0";"73,0";"57,0";"21,1";"21,1";"19,3";"942,9";"942,9";"942,2";"0,9";"299,0";"4,8";"79,00";"0,2"
"18/03/2026";"2200";"23,4";"26,2";"23,3";"86,0";"88,0";"74,0";"20,8";"21,8";"20,5";"943,7";"943,7";"942,9";"2,9";"166,0";"4,8";"2,00";"2,8"
"18/03/2026";"2300";"24,1";"24,2";"23,1";"73,0";"87,0";"73,0";"18,9";"21,0";"18,9";"944,5";"944,5";"943,7";"3,4";"182,0";"5,5";"7,20";"0,0"
"19/03/2026";"0000";"23,0";"24,1";"22,8";"75,0";"82,0";"72,0";"18,3";"19,7";"18,2";"945,6";"945,6";"944,5";"1,4";"219,0";"6,0";"9,10";"0,0"
"19/03/2026";"0100";"22,0";"23,0";"22,0";"76,0";"78,0";"75,0";"17,6";"18,5";"17,6";"946,1";"946,2";"945,6";"3,1";"185,0";"5,9";"8,70";"0,0"
"19/03/2026";"0200";"21,3";"22,2";"21,1";"84,0";"84,0";"75,0";"18,5";"18,5";"17,5";"946,2";"946,3";"946,0";"1,6";"220,0";"5,4";"";"0,0"
"19/03/2026";"0300";"21,3";"21,6";"21,2";"85,0";"86,0";"82,0";"18,7";"18,8";"18,1";"946,0";"946,3";"946,0";"1,3";"214,0";"2,4";"";"0,0"
"19/03/2026";"0400";"21,2";"21,4";"21,2";"87,0";"88,0";"85,0";"19,0";"19,2";"18,7";"945,4";"946,0";"945,4";"0,8";"149,0";"2,7";"";"0,0"
"19/03/2026";"0500";"21,0";"21,2";"21,0";"82,0";"87,0";"82,0";"17,8";"19,0";"17,8";"944,7";"945,4";"944,7";"0,8";"130,0";"2,3";"";"0,0"
"19/03/2026";"0600";"20,8";"21,0";"20,7";"87,0";"87,0";"82,0";"18,5";"18,6";"17,8";"944,3";"944,7";"944,3";"0,8";"218,0";"2,4";"";"0,0"
"19/03/2026";"0700";"20,7";"20,9";"20,7";"89,0";"90,0";"87,0";"18,7";"19,2";"18,5";"944,2";"944,3";"944,1";"1,0";"15,0";"1,6";"";"0,0"
"19/03/2026";"0800";"20,4";"20,8";"20,4";"88,0";"89,0";"87,0";"18,4";"18,8";"18,4";"944,0";"944,2";"944,0";"1,0";"168,0";"1,6";"";"0,0"
"19/03/2026";"0900";"20,7";"20,7";"20,4";"89,0";"89,0";"88,0";"18,8";"18,8";"18,4";"944,3";"944,3";"944,0";"0,3";"241,0";"1,8";"";"0,0"
"19/03/2026";"1000";"21,0";"21,0";"20,6";"89,0";"89,0";"88,0";"19,0";"19,0";"18,5";"944,7";"944,7";"944,3";"0,5";"228,0";"2,0";"42,10";"0,0"
"19/03/2026";"1100";"21,6";"21,6";"20,9";"84,0";"90,0";"83,0";"18,7";"19,3";"18,6";"945,4";"945,4";"944,7";"0,8";"157,0";"1,8";"309,20";"0,0"
"19/03/2026";"1200";"22,3";"22,7";"21,6";"82,0";"84,0";"81,0";"19,1";"19,4";"18,7";"945,7";"945,7";"945,4";"0,9";"91,0";"1,7";"464,00";"0,0"
"19/03/2026";"1300";"22,5";"22,8";"22,3";"85,0";"85,0";"81,0";"19,8";"19,9";"19,2";"945,7";"945,7";"945,5";"1,4";"227,0";"2,3";"514,40";"0,2"
"19/03/2026";"1400";"21,9";"22,5";"21,4";"92,0";"93,0";"85,0";"20,5";"20,5";"19,6";"945,6";"945,8";"945,6";"0,6";"179,0";"2,8";"306,80";"5,0"
"19/03/2026";"1500";"23,3";"23,3";"21,9";"88,0";"92,0";"88,0";"21,2";"21,3";"20,4";"945,1";"945,6";"945,1";"0,9";"25,0";"2,0";"865,90";"1,2"
"19/03/2026";"1600";"23,5";"23,7";"23,2";"87,0";"88,0";"85,0";"21,2";"21,3";"20,8";"944,0";"945,1";"944,0";"2,0";"104,0";"3,1";"1094,70";"0,4"
"19/03/2026";"1700";"25,5";"25,5";"23,4";"78,0";"87,0";"77,0";"21,5";"21,9";"20,9";"943,0";"944,0";"943,0";"1,8";"98,0";"3,7";"2036,90";"0,0"
"19/03/2026";"1800";"26,0";"26,2";"25,3";"74,0";"78,0";"73,0";"21,0";"21,8";"20,6";"942,0";"943,0";"941,9";"2,0";"125,0";"3,8";"1539,70";"0,0"
"19/03/2026";"1900";"25,6";"26,4";"25,6";"75,0";"76,0";"70,0";"20,7";"21,3";"20,2";"942,0";"942,1";"941,9";"1,1";"221,0";"5,2";"599,10";"0,0"
"19/03/2026";"2000";"21,3";"25,6";"21,1";"93,0";"93,0";"74,0";"20,1";"21,4";"19,3";"942,7";"942,7";"942,0";"2,9";"59,0";"6,5";"29,00";"11,4"
"19/03/2026";"2100";"20,1";"21,3";"20,1";"91,0";"93,0";"91,0";"18,7";"20,2";"18,6";"943,4";"943,4";"942,7";"6,1";"157,0";"9,6";"8,60";"18,8"
"19/03/2026";"2200";"19,9";"20,1";"19,7";"92,0";"93,0";"91,0";"18,5";"18,9";"18,4";"944,2";"944,2";"943,4";"1,1";"187,0";"9,6";"1,40";"11,6"
"19/03/2026";"2300";"19,7";"19,9";"19,6";"94,0";"94,0";"92,0";"18,8";"18,8";"18,5";"944,9";"944,9";"944,2";"0,7";"103,0";"1,9";"";"18,6"
"20/03/2026";"0000";"19,7";"19,9";"19,6";"95,0";"95,0";"94,0";"18,8";"19,0";"18,7";"944,9";"945,1";"944,7";"3,2";"60,0";"4,3";"0,50";"2,2"
"20/03/2026";"0100";"19,1";"20,0";"19,1";"90,0";"95,0";"89,0";"17,3";"19,0";"17,3";"945,1";"945,3";"944,9";"3,4";"71,0";"7,1";"2,00";"0,6"
"20/03/2026";"0200";"19,2";"19,2";"18,9";"91,0";"92,0";"89,0";"17,8";"17,8";"17,1";"945,1";"945,2";"944,9";"1,6";"137,0";"4,8";"0,10";"0,6"
"20/03/2026";"0300";"18,8";"19,9";"18,7";"90,0";"91,0";"87,0";"17,1";"18,0";"17,0";"944,7";"945,1";"944,7";"1,8";"135,0";"5,0";"1,10";"0,0"
"20/03/2026";"0400";"18,5";"19,1";"18,4";"92,0";"92,0";"89,0";"17,2";"17,3";"16,9";"944,5";"944,7";"944,4";"1,1";"252,0";"2,9";"";"0,0"
"20/03/2026";"0500";"17,9";"18,5";"17,8";"93,0";"93,0";"92,0";"16,7";"17,2";"16,6";"944,0";"944,5";"944,0";"0,4";"87,0";"1,9";"";"0,0"
"20/03/2026";"0600";"17,6";"17,9";"17,5";"93,0";"93,0";"93,0";"16,5";"16,8";"16,4";"943,5";"944,1";"943,5";"0,3";"70,0";"1,5";"";"0,0"
"20/03/2026";"0700";"17,4";"17,7";"17,3";"94,0";"94,0";"93,0";"16,5";"16,6";"16,4";"943,6";"943,6";"943,5";"0,6";"237,0";"1,1";"";"0,0"
"20/03/2026";"0800";"17,4";"17,7";"17,2";"94,0";"94,0";"94,0";"16,4";"16,8";"16,3";"943,9";"943,9";"943,5";"1,4";"184,0";"2,5";"";"0,0"
"20/03/2026";"0900";"17,0";"17,4";"17,0";"93,0";"94,0";"93,0";"15,9";"16,4";"15,9";"944,2";"944,2";"943,9";"1,5";"152,0";"2,7";"";"0,0"
"20/03/2026";"1000";"18,0";"18,0";"17,0";"91,0";"93,0";"91,0";"16,5";"16,6";"15,9";"945,2";"945,2";"944,2";"0,9";"243,0";"2,7";"135,40";"0,0"
"20/03/2026";"1100";"20,1";"20,5";"18,0";"82,0";"91,0";"82,0";"17,0";"17,8";"16,6";"945,7";"945,7";"945,2";"0,6";"343,0";"2,1";"1025,60";"0,0"
"20/03/2026";"1200";"21,8";"22,2";"20,1";"77,0";"83,0";"76,0";"17,6";"18,2";"17,1";"946,0";"946,0";"945,7";"1,0";"269,0";"2,3";"1380,10";"0,0"
"20/03/2026";"1300";"23,3";"23,5";"21,8";"74,0";"79,0";"73,0";"18,4";"18,7";"17,6";"946,0";"946,0";"945,9";"1,5";"288,0";"3,1";"2032,90";"0,0"
"20/03/2026";"1400";"24,5";"25,0";"22,9";"69,0";"75,0";"68,0";"18,4";"19,7";"17,8";"946,0";"946,1";"946,0";"1,8";"5,0";"3,8";"2672,10";"0,0"
"20/03/2026";"1500";"25,5";"26,1";"24,3";"68,0";"73,0";"65,0";"19,1";"19,6";"18,1";"945,3";"946,0";"945,3";"2,5";"19,0";"6,2";"3086,10";"0,0"
"20/03/2026";"1600";"26,3";"26,7";"25,0";"64,0";"69,0";"63,0";"19,1";"19,7";"18,4";"944,6";"945,3";"944,6";"1,8";"268,0";"6,2";"1759,50";"0,0"
"20/03/2026";"1700";"27,0";"27,8";"26,0";"64,0";"68,0";"60,0";"19,6";"20,0";"18,6";"943,7";"944,6";"943,7";"2,3";"235,0";"4,7";"2331,20";"0,0"
"20/03/2026";"1800";"26,9";"28,2";"26,3";"61,0";"66,0";"58,0";"18,9";"20,1";"18,4";"943,4";"943,7";"943,4";"2,7";"224,0";"5,8";"1422,20";"0,0"
"20/03/2026";"1900";"27,6";"27,7";"26,5";"58,0";"64,0";"57,0";"18,7";"19,2";"18,0";"943,2";"943,4";"943,2";"3,9";"163,0";"6,3";"984,40";"0,0"
"20/03/2026";"2000";"26,5";"27,6";"26,5";"57,0";"62,0";"56,0";"17,2";"19,2";"17,2";"943,2";"943,2";"943,0";"3,7";"174,0";"6,8";"233,30";"0,0"
"20/03/2026";"2100";"24,5";"26,5";"24,4";"65,0";"65,0";"56,0";"17,5";"17,7";"16,8";"944,0";"944,0";"943,2";"1,9";"154,0";"7,5";"280,10";"0,0"
"20/03/2026";"2200";"23,2";"24,5";"23,1";"71,0";"71,0";"65,0";"17,6";"17,6";"17,4";"944,6";"944,7";"944,0";"1,7";"149,0";"5,5";"4,00";"0,0"
"20/03/2026";"2300";"22,1";"23,2";"22,0";"76,0";"76,0";"71,0";"17,7";"17,8";"17,5";"945,3";"945,3";"944,6";"2,9";"141,0";"5,2";"";"0,0"
"21/03/2026";"0000";"21,8";"22,1";"21,7";"78,0";"78,0";"76,0";"17,8";"17,8";"17,6";"946,1";"946,1";"945,3";"2,7";"160,0";"4,8";"";"0,0"
"21/03/2026";"0100";"21,4";"22,0";"21,3";"79,0";"80,0";"77,0";"17,5";"17,8";"17,5";"946,6";"946,6";"946,1";"1,5";"141,0";"6,0";"";"0,0"
"21/03/2026";"0200";"20,5";"21,4";"20,4";"83,0";"83,0";"79,0";"17,5";"17,7";"17,3";"946,9";"946,9";"946,5";"0,5";"16,0";"3,6";"";"0,0"
"21/03/2026";"0300";"19,5";"20,5";"19,3";"87,0";"87,0";"83,0";"17,3";"17,7";"17,1";"946,6";"946,9";"946,6";"0,9";"183,0";"2,7";"";"0,0"
"21/03/2026";"0400";"18,5";"19,9";"18,4";"91,0";"91,0";"86,0";"17,0";"17,6";"16,6";"946,4";"946,6";"946,3";"0,5";"198,0";"2,7";"";"0,0"
"21/03/2026";"0500";"18,1";"19,1";"17,8";"92,0";"92,0";"90,0";"16,8";"17,5";"16,4";"946,2";"946,4";"946,1";"1,3";"213,0";"1,9";"";"0,0"
"21/03/2026";"0600";"18,1";"18,7";"17,7";"93,0";"93,0";"92,0";"16,9";"17,5";"16,5";"945,7";"946,3";"945,7";"0,5";"332,0";"1,9";"";"0,0"
"21/03/2026";"0700";"18,1";"18,5";"18,0";"92,0";"93,0";"92,0";"16,9";"17,3";"16,7";"945,6";"945,7";"945,5";"0,4";"218,0";"1,0";"";"0,0"
"21/03/2026";"0800";"18,7";"18,7";"17,8";"93,0";"93,0";"92,0";"17,5";"17,5";"16,6";"945,8";"945,8";"945,6";"0,5";"275,0";"1,3";"";"0,0"
"21/03/2026";"0900";"18,7";"19,1";"18,6";"92,0";"93,0";"92,0";"17,3";"17,8";"17,3";"946,2";"946,2";"945,8";"0,7";"73,0";"1,8";"";"0,0"
"21/03/2026";"1000";"19,4";"19,4";"18,2";"92,0";"93,0";"92,0";"18,1";"18,1";"16,9";"946,7";"946,7";"946,2";"0,5";"146,0";"1,8";"95,60";"0,0"
"21/03/2026";"1100";"21,3";"21,3";"19,3";"85,0";"92,0";"85,0";"18,7";"18,9";"17,9";"947,0";"947,0";"946,7";"0,4";"167,0";"1,3";"511,40";"0,0"
"21/03/2026";"1200";"22,5";"22,6";"21,1";"79,0";"86,0";"79,0";"18,6";"19,0";"18,3";"947,5";"947,5";"947,1";"1,3";"92,0";"2,8";"1002,90";"0,0"
"21/03/2026";"1300";"24,4";"24,7";"22,4";"71,0";"80,0";"70,0";"18,8";"19,5";"18,2";"947,4";"947,7";"947,4";"1,0";"321,0";"3,2";"2051,80";"0,0"
"21/03/2026";"1400";"25,6";"25,7";"24,1";"66,0";"74,0";"65,0";"18,8";"19,6";"18,3";"947,1";"947,4";"947,1";"1,3";"236,0";"3,4";"3192,50";"0,0"
"21/03/2026";"1500";"27,2";"27,9";"25,2";"61,0";"69,0";"59,0";"18,9";"20,1";"18,4";"946,6";"947,1";"946,6";"1,5";"313,0";"3,5";"3342,30";"0,0"
"21/03/2026";"1600";"28,1";"28,4";"27,1";"54,0";"61,0";"54,0";"18,0";"19,2";"18,0";"946,1";"946,6";"946,1";"3,1";"235,0";"5,3";"3507,30";"0,0"
"21/03/2026";"1700";"29,6";"29,6";"28,0";"53,0";"57,0";"49,0";"18,9";"18,9";"17,2";"945,5";"946,2";"945,5";"2,1";"257,0";"5,6";"3326,30";"0,0"
"21/03/2026";"1800";"29,9";"30,7";"29,2";"46,0";"52,0";"45,0";"17,0";"18,7";"17,0";"945,0";"945,5";"945,0";"2,2";"241,0";"5,2";"2679,50";"0,0"
"21/03/2026";"1900";"30,3";"30,5";"29,8";"43,0";"48,0";"42,0";"16,4";"18,1";"16,1";"944,7";"945,0";"944,7";"2,1";"268,0";"4,8";"1994,80";"0,0"
"21/03/2026";"2000";"28,1";"30,5";"28,1";"58,0";"58,0";"42,0";"19,1";"19,5";"15,9";"944,8";"944,8";"944,6";"4,2";"160,0";"6,8";"379,90";"0,0"
"21/03/2026";"2100";"26,1";"28,1";"26,1";"66,0";"66,0";"58,0";"19,3";"19,5";"19,1";"945,3";"945,3";"944,8";"3,7";"166,0";"6,8";"261,70";"0,0"
"21/03/2026";"2200";"24,1";"26,1";"24,0";"73,0";"74,0";"67,0";"19,0";"19,4";"19,0";"946,0";"946,0";"945,3";"2,1";"129,0";"6,6";"3,50";"0,0"
"21/03/2026";"2300";"22,6";"24,1";"22,6";"77,0";"77,0";"73,0";"18,3";"19,0";"18,3";"946,9";"946,9";"946,0";"3,3";"154,0";"5,5";"";"0,0"
"22/03/2026";"0000";"21,7";"22,6";"21,7";"79,0";"79,0";"76,0";"17,9";"18,3";"17,8";"947,7";"947,8";"946,9";"3,1";"161,0";"7,1";"";"0,0"
"22/03/2026";"0100";"21,6";"22,0";"21,6";"80,0";"80,0";"78,0";"18,1";"18,2";"17,9";"948,4";"948,4";"947,7";"1,4";"172,0";"5,7";"";"0,0"
"22/03/2026";"0200";"20,7";"21,6";"20,7";"86,0";"86,0";"80,0";"18,2";"18,4";"17,9";"948,4";"948,4";"948,3";"0,6";"353,0";"4,1";"";"0,0"
"22/03/2026";"0300";"21,0";"21,4";"20,7";"86,0";"87,0";"84,0";"18,6";"18,8";"18,3";"948,5";"948,6";"948,4";"0,6";"3,0";"1,5";"";"0,0"
"22/03/2026";"0400";"20,7";"21,1";"20,6";"88,0";"88,0";"85,0";"18,5";"18,7";"18,3";"947,8";"948,5";"947,8";"0,3";"128,0";"1,5";"";"0,0"
"22/03/2026";"0500";"19,7";"20,7";"19,6";"91,0";"91,0";"88,0";"18,1";"18,8";"17,9";"947,5";"947,8";"947,5";"0,5";"68,0";"1,8";"";"0,0"
"22/03/2026";"0600";"18,9";"19,8";"18,9";"93,0";"93,0";"91,0";"17,7";"18,5";"17,7";"947,3";"947,6";"947,3";"0,1";"231,0";"0,9";"";"0,0"
"22/03/2026";"0700";"18,5";"19,0";"18,5";"93,0";"93,0";"93,0";"17,4";"17,8";"17,3";"947,3";"947,4";"947,3";"0,4";"305,0";"1,2";"";"0,0"
"22/03/2026";"0800";"18,0";"18,5";"17,9";"94,0";"94,0";"93,0";"17,1";"17,6";"16,9";"947,6";"947,6";"947,2";"0,4";"266,0";"0,9";"";"0,0"
"22/03/2026";"0900";"18,1";"18,1";"17,5";"95,0";"95,0";"94,0";"17,2";"17,2";"16,6";"947,6";"947,7";"947,6";"0,1";"6,0";"1,0";"";"0,0"
"22/03/2026";"1000";"19,9";"19,9";"18,1";"92,0";"95,0";"92,0";"18,6";"18,6";"17,2";"947,9";"947,9";"947,5";"0,6";"43,0";"1,2";"85,80";"0,0"
"22/03/2026";"1100";"20,4";"20,7";"19,9";"89,0";"92,0";"89,0";"18,5";"18,8";"18,5";"948,6";"948,6";"947,9";"1,9";"144,0";"3,3";"232,30";"0,0"
"22/03/2026";"1200";"21,7";"21,7";"20,4";"86,0";"89,0";"86,0";"19,2";"19,2";"18,5";"949,3";"949,3";"948,6";"1,1";"223,0";"3,0";"419,40";"0,0"
"22/03/2026";"1300";"24,8";"25,1";"21,7";"67,0";"86,0";"67,0";"18,2";"19,7";"17,4";"949,0";"949,3";"949,0";"0,9";"6,0";"4,1";"2466,10";"0,0"
"22/03/2026";"1400";"25,9";"26,1";"23,9";"60,0";"71,0";"60,0";"17,7";"18,8";"17,5";"948,4";"949,0";"948,4";"1,7";"299,0";"3,4";"2864,20";"0,0"
"22/03/2026";"1500";"27,5";"27,5";"25,5";"55,0";"63,0";"53,0";"17,6";"18,3";"16,5";"947,7";"948,4";"947,7";"1,1";"1,0";"3,5";"3482,00";"0,0"
"22/03/2026";"1600";"28,6";"29,3";"27,4";"40,0";"55,0";"37,0";"13,7";"18,0";"12,8";"946,6";"947,7";"946,6";"2,1";"227,0";"4,8";"3413,10";"0,0"
"22/03/2026";"1700";"29,8";"30,2";"28,4";"36,0";"45,0";"34,0";"12,9";"16,3";"12,1";"946,0";"946,6";"945,9";"2,5";"208,0";"5,4";"3198,20";"0,0"
"22/03/2026";"1800";"30,1";"30,3";"29,5";"33,0";"38,0";"28,0";"12,0";"13,7";"9,4";"945,9";"946,1";"945,9";"3,2";"227,0";"6,4";"2642,50";"0,0"
"22/03/2026";"1900";"29,9";"30,5";"29,7";"40,0";"40,0";"31,0";"15,0";"15,0";"10,9";"945,4";"946,0";"945,4";"3,4";"255,0";"6,4";"1924,40";"0,0"
"22/03/2026";"2000";"29,1";"29,9";"29,1";"43,0";"44,0";"37,0";"15,1";"15,6";"13,4";"945,3";"945,4";"945,3";"3,1";"236,0";"6,4";"320,40";"0,0"
"22/03/2026";"2100";"27,1";"29,1";"27,1";"51,0";"51,0";"43,0";"16,1";"16,5";"15,2";"945,6";"945,6";"945,2";"2,0";"187,0";"5,1";"227,00";"0,0"
"22/03/2026";"2200";"25,3";"27,0";"25,3";"63,0";"63,0";"51,0";"17,7";"18,0";"16,0";"946,4";"946,4";"945,6";"3,3";"153,0";"5,7";"0,70";"0,0"
"22/03/2026";"2300";"23,1";"25,4";"23,0";"73,0";"73,0";"63,0";"18,1";"18,1";"17,6";"947,1";"947,1";"946,4";"2,8";"138,0";"6,3";"";"0,0"
"23/03/2026";"0000";"22,4";"23,1";"22,3";"73,0";"75,0";"72,0";"17,3";"18,1";"17,3";"947,9";"947,9";"947,1";"1,4";"46,0";"5,4";"";"0,0"
"23/03/2026";"0100";"21,6";"22,4";"21,6";"74,0";"74,0";"73,0";"16,8";"17,3";"16,7";"948,4";"948,4";"947,9";"1,0";"81,0";"3,7";"";"0,0"
"23/03/2026";"0200";"20,9";"21,9";"20,7";"78,0";"78,0";"73,0";"16,8";"17,0";"16,6";"948,4";"948,4";"948,3";"0,8";"256,0";"3,6";"";"0,0"
"23/03/2026";"0300";"19,5";"20,9";"19,5";"84,0";"84,0";"78,0";"16,8";"16,9";"16,4";"948,4";"948,7";"948,4";"2,0";"205,0";"3,3";"";"0,0"
"23/03/2026";"0400";"19,0";"19,9";"18,9";"87,0";"87,0";"83,0";"16,7";"17,1";"16,2";"948,4";"948,6";"948,4";"0,6";"294,0";"3,3";"";"0,0"
"23/03/2026";"0500";"18,1";"19,3";"18,0";"89,0";"90,0";"85,0";"16,3";"16,9";"16,1";"948,2";"948,4";"948,1";"0,9";"31,0";"2,1";"";"0,0"
"23/03/2026";"0600";"17,7";"18,4";"17,7";"89,0";"89,0";"88,0";"15,8";"16,4";"15,8";"947,8";"948,3";"947,8";"1,1";"1,0";"2,8";"";"0,0"
"23/03/2026";"0700";"17,4";"17,8";"17,3";"92,0";"92,0";"89,0";"16,1";"16,2";"15,7";"947,7";"947,8";"947,5";"0,3";"296,0";"2,1";"";"0,0"
"23/03/2026";"0800";"17,3";"18,0";"17,1";"91,0";"92,0";"88,0";"15,9";"16,3";"15,4";"948,0";"948,0";"947,7";"0,7";"327,0";"2,2";"";"0,0"
"23/03/2026";"0900";"17,0";"17,5";"16,8";"88,0";"92,0";"87,0";"15,0";"15,9";"14,7";"948,2";"948,3";"948,0";"0,9";"18,0";"3,1";"";"0,0"
"23/03/2026";"1000";"17,3";"17,3";"16,4";"86,0";"89,0";"86,0";"15,0";"15,3";"14,5";"948,2";"948,2";"948,1";"1,6";"140,0";"3,3";"191,30";"0,0"
"23/03/2026";"1100";"18,5";"18,6";"17,3";"79,0";"86,0";"79,0";"14,7";"15,6";"14,5";"948,5";"948,5";"948,2";"1,6";"152,0";"3,5";"741,60";"0,0"
"23/03/2026";"1200";"21,3";"21,7";"18,5";"73,0";"79,0";"73,0";"16,4";"17,1";"14,7";"948,4";"948,6";"948,4";"1,4";"36,0";"3,3";"1596,50";"0,0"
"23/03/2026";"1300";"24,6";"24,7";"21,1";"63,0";"78,0";"61,0";"17,0";"18,0";"16,2";"947,9";"948,4";"947,8";"3,6";"75,0";"6,2";"2516,40";"0,0"
"23/03/2026";"1400";"25,7";"26,6";"24,0";"49,0";"64,0";"49,0";"14,2";"17,2";"14,2";"947,6";"947,9";"947,6";"3,8";"65,0";"6,4";"3142,20";"0,0"
"23/03/2026";"1500";"27,6";"28,3";"25,7";"40,0";"50,0";"36,0";"12,8";"15,7";"11,9";"946,5";"947,6";"946,5";"4,5";"70,0";"7,7";"3443,10";"0,0"
"23/03/2026";"1600";"28,3";"28,5";"27,3";"44,0";"46,0";"38,0";"14,9";"15,5";"12,0";"945,6";"946,5";"945,6";"4,2";"20,0";"7,7";"3470,50";"0,0"
"23/03/2026";"1700";"28,7";"29,2";"27,8";"40,0";"45,0";"38,0";"13,7";"15,4";"12,8";"945,0";"945,6";"945,0";"3,5";"42,0";"7,1";"3201,30";"0,0"
"23/03/2026";"1800";"29,2";"29,8";"28,3";"39,0";"43,0";"37,0";"13,7";"15,2";"13,0";"944,5";"945,0";"944,5";"2,7";"72,0";"6,0";"2589,00";"0,0"
"23/03/2026";"1900";"29,5";"30,5";"28,9";"38,0";"42,0";"36,0";"13,5";"15,0";"13,1";"944,1";"944,5";"944,1";"1,1";"210,0";"4,5";"1953,80";"0,0"
"23/03/2026";"2000";"27,1";"29,8";"27,0";"60,0";"60,0";"37,0";"18,7";"18,7";"13,3";"944,1";"944,1";"944,0";"4,0";"147,0";"7,1";"317,60";"0,0"
"23/03/2026";"2100";"24,7";"27,1";"24,7";"65,0";"66,0";"60,0";"17,8";"18,6";"17,7";"944,6";"944,6";"944,1";"4,6";"151,0";"9,0";"199,80";"0,0"
"23/03/2026";"2200";"22,9";"24,7";"22,9";"71,0";"71,0";"65,0";"17,4";"17,8";"17,4";"945,1";"945,1";"944,6";"5,0";"149,0";"8,3";"2,40";"0,0"
"23/03/2026";"2300";"22,2";"22,9";"22,2";"75,0";"76,0";"71,0";"17,6";"17,7";"17,3";"946,0";"946,0";"945,0";"3,8";"151,0";"8,0";"";"0,0"
"24/03/2026";"0000";"21,5";"22,2";"21,5";"79,0";"79,0";"75,0";"17,6";"17,7";"17,4";"946,3";"946,3";"945,9";"3,9";"155,0";"7,0";"";"0,0"
"24/03/2026";"0100";"21,0";"21,6";"21,0";"81,0";"81,0";"78,0";"17,7";"17,8";"17,5";"946,7";"946,7";"946,3";"4,1";"152,0";"10,4";"";"0,0"
"24/03/2026";"0200";"21,3";"21,4";"20,9";"79,0";"82,0";"79,0";"17,5";"17,8";"17,5";"947,4";"947,4";"946,7";"1,1";"85,0";"5,9";"";"0,0"
"24/03/2026";"0300";"20,0";"21,3";"19,7";"86,0";"86,0";"79,0";"17,6";"17,8";"17,1";"947,3";"947,4";"947,3";"1,0";"148,0";"2,1";"";"0,0"
"24/03/2026";"0400";"18,9";"20,0";"18,8";"90,0";"90,0";"86,0";"17,2";"17,5";"16,9";"947,1";"947,3";"947,0";"0,5";"320,0";"1,7";"";"0,0"
"24/03/2026";"0500";"18,1";"18,9";"18,0";"92,0";"92,0";"90,0";"16,8";"17,2";"16,7";"946,7";"947,1";"946,7";"0,6";"338,0";"1,1";"";"0,0"
"24/03/2026";"0600";"17,8";"18,1";"17,3";"93,0";"93,0";"92,0";"16,5";"16,9";"16,1";"946,0";"946,7";"946,0";"0,6";"271,0";"1,6";"";"0,0"
"24/03/2026";"0700";"17,5";"18,0";"17,2";"93,0";"93,0";"91,0";"16,3";"16,7";"15,8";"945,9";"946,2";"945,9";"0,7";"316,0";"1,8";"";"0,0"
"24/03/2026";"0800";"17,1";"17,8";"16,9";"92,0";"93,0";"92,0";"15,9";"16,7";"15,5";"946,1";"946,1";"945,9";"0,6";"132,0";"1,5";"";"0,0"
"24/03/2026";"0900";"17,1";"17,5";"16,8";"93,0";"93,0";"91,0";"15,9";"16,2";"15,5";"946,3";"946,3";"946,0";"0,8";"310,0";"1,5";"";"0,0"
"24/03/2026";"1000";"18,4";"18,4";"16,7";"90,0";"93,0";"90,0";"16,8";"16,8";"15,5";"946,7";"946,7";"946,3";"0,3";"238,0";"1,8";"154,20";"0,0"
"24/03/2026";"1100";"20,5";"20,6";"18,2";"82,0";"90,0";"82,0";"17,3";"17,7";"16,3";"947,3";"947,3";"946,7";"1,2";"78,0";"2,0";"896,20";"0,0"
"24/03/2026";"1200";"21,1";"21,3";"20,4";"82,0";"85,0";"80,0";"17,9";"18,4";"17,0";"948,2";"948,2";"947,3";"3,9";"35,0";"6,2";"1013,60";"0,0"
"24/03/2026";"1300";"23,2";"23,2";"21,1";"74,0";"82,0";"73,0";"18,3";"18,4";"17,3";"947,7";"948,2";"947,7";"4,1";"44,0";"7,6";"1356,00";"0,0"
"24/03/2026";"1400";"24,5";"24,8";"22,7";"67,0";"74,0";"67,0";"18,0";"18,7";"17,2";"947,1";"947,7";"947,1";"3,0";"32,0";"6,0";"2953,40";"0,0"
"24/03/2026";"1500";"26,1";"26,5";"24,4";"63,0";"68,0";"61,0";"18,4";"19,0";"17,5";"946,1";"947,2";"946,1";"3,4";"42,0";"5,9";"3298,00";"0,0"
"24/03/2026";"1600";"28,4";"28,4";"26,1";"54,0";"63,0";"54,0";"18,2";"19,0";"17,4";"945,2";"946,1";"945,2";"2,5";"20,0";"5,8";"3338,50";"0,0"
"24/03/2026";"1700";"28,9";"29,2";"27,7";"51,0";"57,0";"50,0";"17,9";"18,9";"17,0";"944,6";"945,2";"944,6";"2,5";"358,0";"5,4";"3085,40";"0,0"
"24/03/2026";"1800";"29,8";"30,2";"28,6";"46,0";"51,0";"45,0";"17,0";"18,1";"16,3";"943,9";"944,6";"943,9";"2,6";"69,0";"5,2";"2234,80";"0,0"
"24/03/2026";"1900";"30,1";"30,4";"29,0";"41,0";"48,0";"41,0";"15,5";"17,6";"15,5";"943,7";"943,9";"943,7";"1,7";"101,0";"5,4";"1465,50";"0,0"
"24/03/2026";"2000";"29,9";"30,5";"29,7";"43,0";"44,0";"41,0";"15,8";"16,6";"15,3";"943,6";"943,7";"943,4";"1,3";"70,0";"3,9";"348,90";"0,0"
"24/03/2026";"2100";"27,3";"30,0";"27,2";"59,0";"60,0";"42,0";"18,5";"18,8";"15,6";"943,8";"943,8";"943,4";"0,8";"9,0";"2,9";"193,80";"0,0"
"24/03/2026";"2200";"25,1";"27,3";"23,8";"67,0";"74,0";"58,0";"18,4";"19,2";"18,1";"944,7";"944,7";"943,8";"1,9";"145,0";"3,3";"";"0,0"
"24/03/2026";"2300";"25,1";"26,0";"25,1";"66,0";"67,0";"63,0";"18,2";"18,6";"18,0";"945,7";"945,7";"944,7";"2,3";"142,0";"4,8";"";"0,0"
"25/03/2026";"0000";"24,3";"25,1";"23,8";"67,0";"73,0";"65,0";"17,7";"18,7";"17,6";"946,6";"946,6";"945,7";"0,5";"348,0";"4,1";"";"0,0"
"25/03/2026";"0100";"23,3";"24,3";"22,9";"70,0";"74,0";"65,0";"17,5";"18,5";"17,0";"947,2";"947,2";"946,6";"1,2";"178,0";"3,7";"";"0,0"
"25/03/2026";"0200";"22,6";"23,3";"21,9";"76,0";"79,0";"70,0";"18,1";"18,5";"17,5";"947,3";"947,3";"947,1";"1,2";"168,0";"2,5";"";"0,0"
"25/03/2026";"0300";"21,3";"22,7";"20,9";"83,0";"84,0";"75,0";"18,3";"18,5";"17,8";"947,6";"947,7";"947,3";"0,8";"113,0";"2,5";"";"0,0"
"25/03/2026";"0400";"20,0";"21,4";"20,0";"88,0";"88,0";"82,0";"17,9";"18,5";"17,7";"947,7";"947,9";"947,6";"0,9";"348,0";"2,0";"";"0,0"
"25/03/2026";"0500";"20,9";"21,2";"20,0";"87,0";"90,0";"86,0";"18,6";"18,8";"18,0";"947,4";"947,7";"947,3";"0,7";"278,0";"2,0";"";"0,0"
"25/03/2026";"0600";"20,7";"21,0";"20,5";"87,0";"88,0";"87,0";"18,5";"18,9";"18,4";"947,4";"947,5";"947,4";"0,3";"261,0";"1,4";"";"0,0"
"25/03/2026";"0700";"19,4";"20,7";"19,4";"91,0";"91,0";"87,0";"17,9";"18,8";"17,9";"947,3";"947,4";"947,1";"0,6";"143,0";"2,1";"";"0,0"
"25/03/2026";"0800";"19,7";"19,7";"19,1";"91,0";"92,0";"90,0";"18,2";"18,3";"17,6";"947,8";"947,8";"947,2";"1,2";"166,0";"2,4";"";"0,0"
"25/03/2026";"0900";"18,6";"19,7";"18,6";"92,0";"92,0";"90,0";"17,3";"18,0";"17,2";"948,7";"948,7";"947,8";"0,4";"173,0";"1,8";"";"0,0"
"25/03/2026";"1000";"19,7";"19,7";"18,3";"91,0";"93,0";"91,0";"18,2";"18,3";"17,1";"949,2";"949,2";"948,7";"1,0";"299,0";"1,9";"170,80";"0,0"
"25/03/2026";"1100";"23,2";"23,2";"19,7";"77,0";"91,0";"76,0";"19,0";"19,3";"18,2";"949,7";"949,7";"949,1";"1,0";"308,0";"1,8";"918,90";"0,0"
"25/03/2026";"1200";"25,3";"25,5";"23,2";"66,0";"77,0";"64,0";"18,5";"19,3";"17,8";"950,0";"950,0";"949,7";"1,8";"43,0";"3,5";"1759,20";"0,0"
"25/03/2026";"1300";"27,8";"27,9";"25,2";"54,0";"67,0";"54,0";"17,6";"19,3";"17,6";"950,1";"950,3";"950,0";"4,4";"57,0";"7,2";"2466,20";"0,0"
"25/03/2026";"1400";"29,4";"29,8";"27,4";"49,0";"57,0";"47,0";"17,7";"18,6";"17,1";"949,9";"950,1";"949,9";"4,1";"68,0";"7,2";"2998,80";"0,0"
"25/03/2026";"1500";"30,1";"30,1";"28,7";"45,0";"51,0";"44,0";"16,7";"18,0";"15,8";"949,6";"949,9";"949,6";"2,3";"41,0";"7,1";"3274,00";"0,0"
"25/03/2026";"1600";"30,4";"31,0";"29,1";"43,0";"48,0";"41,0";"16,6";"17,9";"15,5";"948,8";"949,6";"948,8";"3,4";"45,0";"5,9";"3312,00";"0,0"
"25/03/2026";"1700";"30,8";"31,6";"29,5";"44,0";"47,0";"40,0";"17,0";"17,6";"15,8";"947,9";"948,8";"947,9";"1,7";"9,0";"5,7";"2318,50";"0,0"
"25/03/2026";"1800";"31,3";"31,8";"29,8";"39,0";"46,0";"38,0";"15,7";"17,5";"15,7";"947,3";"947,9";"947,3";"2,0";"64,0";"8,5";"1723,40";"0,0"
"25/03/2026";"1900";"30,2";"31,5";"28,4";"46,0";"52,0";"38,0";"17,2";"18,3";"15,2";"947,1";"947,4";"947,1";"2,4";"259,0";"5,8";"973,70";"0,0"
"25/03/2026";"2000";"25,1";"31,0";"25,1";"72,0";"72,0";"42,0";"19,6";"19,7";"16,2";"947,8";"947,8";"946,9";"5,9";"25,0";"11,0";"621,30";"0,0"
"25/03/2026";"2100";"23,7";"25,1";"22,2";"83,0";"85,0";"70,0";"20,7";"21,0";"18,8";"948,2";"948,2";"947,7";"1,9";"163,0";"11,0";"72,60";"3,0"
"25/03/2026";"2200";"23,0";"24,2";"23,0";"77,0";"85,0";"73,0";"18,6";"20,9";"18,5";"949,0";"949,0";"948,2";"1,8";"106,0";"6,1";"13,20";"0,0"
"25/03/2026";"2300";"22,5";"23,1";"22,1";"82,0";"84,0";"75,0";"19,2";"19,5";"18,5";"949,8";"949,8";"949,0";"0,7";"283,0";"4,2";"";"0,0"
"26/03/2026";"0000";"22,7";"23,1";"22,4";"79,0";"82,0";"76,0";"18,7";"19,4";"18,3";"950,3";"950,3";"949,8";"1,0";"129,0";"2,5";"";"0,0"
"26/03/2026";"0100";"21,3";"22,7";"21,2";"86,0";"87,0";"79,0";"18,9";"19,2";"18,5";"950,7";"950,7";"950,3";"0,6";"301,0";"2,0";"";"0,0"
"26/03/2026";"0200";"20,5";"21,5";"20,4";"89,0";"90,0";"85,0";"18,7";"19,3";"18,6";"950,5";"950,7";"950,5";"1,5";"222,0";"2,2";"";"0,0"
"26/03/2026";"0300";"20,8";"21,3";"20,4";"88,0";"90,0";"87,0";"18,8";"19,2";"18,4";"950,5";"950,6";"950,4";"0,8";"254,0";"2,3";"";"0,0"
"26/03/2026";"0400";"20,2";"20,8";"19,8";"90,0";"91,0";"88,0";"18,5";"18,7";"18,1";"950,2";"950,5";"950,1";"0,8";"305,0";"2,3";"";"0,0"
"26/03/2026";"0500";"19,9";"20,8";"19,8";"90,0";"90,0";"88,0";"18,2";"18,8";"17,9";"949,7";"950,2";"949,7";"0,7";"179,0";"1,9";"";"0,0"
"26/03/2026";"0600";"19,9";"20,5";"19,5";"90,0";"92,0";"89,0";"18,2";"19,0";"17,9";"949,4";"949,7";"949,3";"1,7";"227,0";"2,5";"";"0,0"
"26/03/2026";"0700";"19,7";"20,5";"19,5";"91,0";"91,0";"89,0";"18,1";"18,8";"17,9";"949,5";"949,5";"949,3";"0,9";"285,0";"2,6";"";"0,0"
"26/03/2026";"0800";"19,0";"19,7";"18,9";"93,0";"93,0";"90,0";"17,8";"18,2";"17,7";"949,7";"949,7";"949,3";"0,8";"227,0";"1,9";"";"0,0"
"26/03/2026";"0900";"18,5";"19,2";"18,5";"93,0";"93,0";"93,0";"17,4";"18,1";"17,4";"950,4";"950,4";"949,7";"1,2";"241,0";"2,4";"";"0,0"
"26/03/2026";"1000";"20,9";"20,9";"18,5";"90,0";"94,0";"90,0";"19,2";"19,3";"17,4";"950,9";"950,9";"950,4";"0,5";"83,0";"1,7";"167,50";"0,0"
"26/03/2026";"1100";"22,9";"23,1";"20,3";"81,0";"90,0";"81,0";"19,5";"20,1";"18,2";"951,7";"951,7";"950,9";"0,7";"335,0";"1,8";"1009,90";"0,2"
"26/03/2026";"1200";"24,7";"24,7";"22,9";"77,0";"81,0";"76,0";"20,4";"20,5";"19,3";"952,1";"952,1";"951,7";"3,8";"55,0";"5,5";"1773,70";"0,0"
"26/03/2026";"1300";"26,2";"26,7";"24,7";"69,0";"77,0";"67,0";"20,0";"20,9";"19,5";"952,0";"952,2";"952,0";"2,8";"63,0";"5,5";"2779,90";"0,0"
"26/03/2026";"1400";"27,4";"27,4";"25,9";"65,0";"72,0";"63,0";"20,2";"20,9";"19,2";"951,7";"952,0";"951,7";"2,2";"19,0";"5,7";"2828,10";"0,0"
"26/03/2026";"1500";"29,0";"29,0";"27,3";"52,0";"65,0";"52,0";"18,1";"20,4";"18,1";"951,1";"951,7";"951,1";"1,6";"78,0";"4,9";"3244,30";"0,0"
"26/03/2026";"1600";"30,6";"30,6";"28,8";"47,0";"56,0";"47,0";"18,0";"19,5";"17,5";"950,1";"951,1";"950,1";"1,3";"92,0";"4,0";"3310,60";"0,0"
"26/03/2026";"1700";"30,3";"31,2";"29,8";"43,0";"47,0";"38,0";"16,2";"17,8";"14,5";"949,3";"950,1";"949,3";"1,8";"34,0";"4,0";"3119,30";"0,0"
"26/03/2026";"1800";"31,2";"31,9";"30,3";"37,0";"43,0";"36,0";"14,8";"17,4";"14,6";"948,7";"949,3";"948,7";"1,2";"69,0";"3,8";"2215,10";"0,0"
"26/03/2026";"1900";"31,1";"31,9";"31,1";"42,0";"43,0";"37,0";"16,6";"17,4";"15,1";"948,2";"948,7";"948,2";"1,5";"57,0";"4,4";"1439,20";"0,0"
"26/03/2026";"2000";"29,0";"31,6";"29,0";"51,0";"52,0";"40,0";"17,7";"18,5";"15,9";"948,2";"948,3";"948,0";"3,7";"160,0";"7,2";"686,90";"0,0"
"26/03/2026";"2100";"27,5";"29,0";"27,5";"53,0";"53,0";"50,0";"17,0";"17,8";"16,9";"948,6";"948,8";"948,2";"4,0";"164,0";"7,8";"138,20";"0,0"
"26/03/2026";"2200";"25,7";"27,5";"25,2";"64,0";"69,0";"53,0";"18,4";"19,1";"17,0";"949,7";"949,8";"948,6";"1,7";"249,0";"7,6";"2,30";"0,0"
"26/03/2026";"2300";"25,4";"26,4";"25,4";"67,0";"67,0";"60,0";"18,9";"18,9";"17,9";"950,3";"950,3";"949,7";"2,9";"154,0";"4,8";"";"0,0"
"27/03/2026";"0000";"22,9";"25,4";"22,2";"90,0";"91,0";"67,0";"21,1";"21,3";"18,9";"951,2";"951,4";"950,3";"2,5";"193,0";"6,1";"1,20";"4,4"
"27/03/2026";"0100";"22,7";"23,2";"22,6";"91,0";"91,0";"87,0";"21,2";"21,2";"20,8";"951,7";"951,7";"951,2";"0,7";"328,0";"4,1";"0,60";"0,2"
"27/03/2026";"0200";"22,0";"22,8";"21,9";"92,0";"92,0";"91,0";"20,7";"21,2";"20,5";"951,4";"951,7";"951,4";"0,4";"238,0";"1,8";"";"0,0"
"27/03/2026";"0300";"21,1";"22,1";"21,0";"92,0";"93,0";"90,0";"19,7";"20,8";"19,5";"951,4";"951,5";"951,4";"0,4";"92,0";"1,8";"";"0,0"
"27/03/2026";"0400";"20,5";"21,2";"20,5";"94,0";"94,0";"92,0";"19,5";"20,0";"19,4";"951,1";"951,4";"951,1";"1,2";"341,0";"1,8";"";"0,0"
"27/03/2026";"0500";"21,4";"21,4";"20,0";"90,0";"94,0";"90,0";"19,6";"19,8";"19,1";"950,6";"951,1";"950,6";"2,7";"75,0";"3,7";"";"0,0"
"27/03/2026";"0600";"20,5";"21,5";"20,4";"90,0";"90,0";"87,0";"18,9";"19,5";"18,5";"950,4";"950,7";"950,4";"1,7";"58,0";"3,7";"";"0,0"
"27/03/2026";"0700";"19,5";"20,6";"19,3";"93,0";"93,0";"90,0";"18,2";"18,9";"17,9";"950,4";"950,5";"950,4";"0,5";"282,0";"2,4";"";"0,0"
"27/03/2026";"0800";"18,4";"19,5";"18,3";"94,0";"94,0";"93,0";"17,3";"18,3";"17,2";"950,8";"950,8";"950,3";"0,4";"308,0";"1,5";"";"0,0"
"27/03/2026";"0900";"18,9";"18,9";"18,3";"94,0";"94,0";"94,0";"17,9";"17,9";"17,3";"951,5";"951,5";"950,8";"1,1";"297,0";"2,1";"";"0,0"
"27/03/2026";"1000";"19,4";"19,4";"18,5";"93,0";"94,0";"93,0";"18,2";"18,2";"17,5";"952,6";"952,6";"951,5";"0,5";"288,0";"1,8";"127,60";"0,0"
"27/03/2026";"1100";"21,6";"21,6";"19,4";"88,0";"93,0";"87,0";"19,4";"19,4";"18,3";"953,3";"953,3";"952,6";"1,3";"98,0";"2,6";"676,90";"0,0"
"27/03/2026";"1200";"23,6";"23,9";"21,6";"80,0";"87,0";"76,0";"19,9";"20,4";"18,8";"953,7";"953,7";"953,3";"4,2";"58,0";"6,5";"1226,80";"0,0"
"27/03/2026";"1300";"25,1";"25,3";"23,6";"70,0";"81,0";"69,0";"19,2";"20,4";"18,7";"953,8";"953,9";"953,7";"3,4";"31,0";"6,5";"2578,50";"0,0"
"27/03/2026";"1400";"26,3";"27,0";"24,8";"65,0";"71,0";"62,0";"19,2";"19,9";"18,4";"953,4";"953,8";"953,4";"3,1";"44,0";"5,9";"3051,50";"0,0"
"27/03/2026";"1500";"27,4";"27,8";"26,3";"56,0";"65,0";"54,0";"17,8";"20,1";"17,6";"952,6";"953,4";"952,6";"2,9";"27,0";"6,5";"3340,90";"0,0"
"27/03/2026";"1600";"28,6";"29,2";"27,4";"49,0";"58,0";"46,0";"16,7";"18,7";"16,1";"951,5";"952,6";"951,5";"3,6";"33,0";"6,5";"3373,70";"0,0"
"27/03/2026";"1700";"29,7";"29,9";"28,4";"44,0";"50,0";"42,0";"16,1";"17,4";"15,0";"950,7";"951,5";"950,7";"1,4";"8,0";"5,8";"3118,50";"0,0"
"27/03/2026";"1800";"30,2";"30,3";"29,1";"42,0";"47,0";"40,0";"16,0";"17,3";"14,7";"950,3";"950,7";"950,3";"2,3";"29,0";"5,0";"2131,00";"0,0"
"27/03/2026";"1900";"30,1";"30,5";"29,9";"42,0";"44,0";"39,0";"15,6";"16,3";"15,0";"950,0";"950,3";"950,0";"2,3";"44,0";"4,5";"1655,80";"0,0"
"27/03/2026";"2000";"29,2";"30,4";"29,2";"46,0";"46,0";"39,0";"16,3";"16,8";"14,5";"950,1";"950,1";"949,9";"1,3";"360,0";"4,4";"527,00";"0,0"
"27/03/2026";"2100";"26,8";"29,2";"26,8";"62,0";"62,0";"44,0";"18,8";"18,9";"15,6";"950,3";"950,4";"950,1";"3,5";"158,0";"6,9";"154,20";"0,0"
"27/03/2026";"2200";"24,2";"26,8";"24,2";"70,0";"71,0";"62,0";"18,5";"18,9";"18,4";"951,1";"951,2";"950,3";"3,4";"145,0";"6,8";"0,10";"0,0"
"27/03/2026";"2300";"23,3";"24,2";"23,2";"73,0";"73,0";"70,0";"18,0";"18,5";"18,0";"951,9";"951,9";"951,1";"3,8";"168,0";"7,5";"";"0,0"
"28/03/2026";"0000";"22,7";"23,3";"22,6";"74,0";"75,0";"73,0";"17,8";"18,2";"17,8";"952,4";"952,4";"951,9";"2,0";"139,0";"5,6";"";"0,0"
"28/03/2026";"0100";"22,5";"22,9";"22,4";"73,0";"74,0";"71,0";"17,4";"17,8";"17,3";"953,0";"953,0";"952,4";"2,3";"156,0";"4,1";"";"0,0"
"28/03/2026";"0200";"22,0";"22,6";"22,0";"72,0";"73,0";"72,0";"16,8";"17,4";"16,8";"953,1";"953,2";"953,0";"2,0";"162,0";"4,5";"";"0,0"
"28/03/2026";"0300";"21,2";"22,0";"20,7";"77,0";"80,0";"72,0";"17,0";"17,3";"16,8";"953,0";"953,1";"953,0";"1,5";"159,0";"3,8";"";"0,0"
"28/03/2026";"0400";"20,1";"21,3";"19,8";"83,0";"84,0";"77,0";"17,0";"17,2";"16,6";"952,8";"953,0";"952,7";"0,9";"223,0";"3,2";"";"0,0"
"28/03/2026";"0500";"19,3";"20,3";"18,8";"88,0";"88,0";"82,0";"17,2";"17,2";"16,7";"952,5";"952,8";"952,5";"1,1";"317,0";"2,1";"";"0,0"
"28/03/2026";"0600";"18,7";"19,3";"18,5";"88,0";"89,0";"87,0";"16,7";"17,1";"16,6";"952,1";"952,5";"952,1";"0,5";"323,0";"1,6";"";"0,0"
"28/03/2026";"0700";"18,3";"18,7";"18,0";"90,0";"91,0";"88,0";"16,6";"17,2";"16,3";"952,1";"952,2";"952,0";"1,1";"134,0";"2,1";"";"0,0"
"28/03/2026";"0800";"18,2";"18,7";"17,8";"90,0";"91,0";"89,0";"16,6";"17,1";"16,2";"952,3";"952,4";"952,1";"0,8";"141,0";"2,6";"";"0,0"
"28/03/2026";"0900";"17,4";"18,3";"17,4";"91,0";"91,0";"89,0";"15,9";"16,6";"15,8";"952,9";"952,9";"952,3";"1,1";"320,0";"3,0";"";"0,0"
"28/03/2026";"1000";"18,4";"18,4";"17,3";"90,0";"92,0";"90,0";"16,8";"17,0";"15,9";"953,4";"953,5";"952,9";"0,6";"335,0";"1,7";"159,50";"0,0"
"28/03/2026";"1100";"21,6";"21,7";"18,4";"79,0";"90,0";"79,0";"17,9";"18,2";"16,8";"954,1";"954,1";"953,4";"0,9";"163,0";"2,1";"885,50";"0,0"
"28/03/2026";"1200";"24,3";"24,4";"21,6";"73,0";"79,0";"72,0";"19,2";"19,4";"17,8";"954,5";"954,5";"954,0";"5,0";"59,0";"7,6";"1708,90";"0,0"
"28/03/2026";"1300";"25,6";"25,6";"23,9";"66,0";"73,0";"65,0";"18,7";"19,3";"18,0";"954,3";"954,6";"954,3";"3,4";"41,0";"8,3";"2500,50";"0,0"
"28/03/2026";"1400";"26,5";"27,1";"25,3";"59,0";"67,0";"57,0";"17,9";"19,1";"16,8";"954,0";"954,4";"954,0";"3,1";"35,0";"6,9";"3019,50";"0,0"
"28/03/2026";"1500";"28,1";"28,4";"26,3";"49,0";"61,0";"47,0";"16,5";"18,8";"15,8";"953,1";"954,0";"953,1";"3,6";"29,0";"6,1";"3333,30";"0,0"
"28/03/2026";"1600";"28,7";"28,9";"27,6";"51,0";"55,0";"48,0";"17,5";"18,5";"16,4";"952,3";"953,1";"952,3";"3,8";"55,0";"6,9";"3317,10";"0,0"
"28/03/2026";"1700";"28,9";"29,5";"28,3";"46,0";"51,0";"44,0";"15,9";"17,6";"15,5";"951,4";"952,3";"951,4";"3,7";"34,0";"8,5";"3098,80";"0,0"
"28/03/2026";"1800";"29,6";"30,0";"28,8";"46,0";"49,0";"43,0";"16,6";"17,7";"15,4";"950,9";"951,4";"950,9";"2,9";"36,0";"6,6";"2197,80";"0,0"
"28/03/2026";"1900";"29,8";"30,1";"29,3";"43,0";"46,0";"40,0";"15,7";"16,7";"14,8";"950,7";"950,9";"950,7";"3,2";"46,0";"5,4";"1808,80";"0,0"
"28/03/2026";"2000";"28,6";"29,8";"28,6";"50,0";"52,0";"40,0";"17,1";"17,7";"14,4";"951,0";"951,0";"950,7";"2,7";"20,0";"5,3";"563,10";"0,0"
"28/03/2026";"2100";"25,7";"28,6";"25,7";"69,0";"69,0";"50,0";"19,6";"19,7";"16,9";"951,5";"951,5";"951,0";"3,3";"163,0";"5,7";"111,40";"0,0"
"28/03/2026";"2200";"23,7";"25,7";"23,7";"76,0";"76,0";"69,0";"19,1";"19,6";"19,1";"951,9";"951,9";"951,5";"4,7";"156,0";"7,4";"";"0,0"
"28/03/2026";"2300";"22,9";"23,7";"22,9";"78,0";"78,0";"76,0";"18,8";"19,2";"18,8";"952,8";"952,8";"951,9";"5,8";"164,0";"9,4";"";"0,0"
"29/03/2026";"0000";"22,4";"22,9";"22,3";"80,0";"80,0";"78,0";"18,7";"18,9";"18,7";"953,4";"953,4";"952,8";"4,1";"160,0";"9,4";"";"0,0"
"29/03/2026";"0100";"22,1";"22,4";"21,9";"81,0";"82,0";"80,0";"18,7";"18,8";"18,7";"953,6";"953,6";"953,3";"2,4";"193,0";"7,7";"";"0,0"
"29/03/2026";"0200";"21,5";"22,2";"21,5";"83,0";"83,0";"81,0";"18,5";"18,8";"18,4";"953,8";"953,8";"953,6";"1,6";"126,0";"5,3";"";"0,0"
"29/03/2026";"0300";"20,2";"21,6";"20,2";"86,0";"86,0";"83,0";"17,9";"18,6";"17,8";"953,5";"953,8";"953,5";"0,5";"109,0";"3,5";"";"0,0"
"29/03/2026";"0400";"19,4";"20,2";"19,4";"90,0";"90,0";"87,0";"17,7";"18,2";"17,7";"953,2";"953,6";"953,2";"0,3";"265,0";"1,3";"";"0,0"
"29/03/2026";"0500";"19,3";"19,5";"19,2";"92,0";"92,0";"90,0";"17,9";"18,0";"17,6";"952,4";"953,2";"952,4";"0,5";"150,0";"1,4";"";"0,0"
"29/03/2026";"0600";"19,0";"19,4";"18,5";"92,0";"92,0";"91,0";"17,7";"18,1";"17,0";"951,8";"952,4";"951,8";"0,7";"314,0";"1,4";"";"0,0"
"29/03/2026";"0700";"18,7";"19,2";"18,2";"91,0";"92,0";"91,0";"17,2";"17,9";"16,7";"951,7";"951,8";"951,6";"0,4";"280,0";"2,8";"";"0,0"
"29/03/2026";"0800";"18,7";"18,9";"18,3";"91,0";"92,0";"90,0";"17,1";"17,4";"16,7";"952,0";"952,1";"951,6";"0,9";"151,0";"2,4";"";"0,0"
"29/03/2026";"0900";"18,4";"18,8";"17,8";"92,0";"92,0";"90,0";"17,0";"17,2";"16,4";"952,5";"952,5";"952,0";"1,6";"165,0";"2,9";"";"0,0"
"29/03/2026";"1000";"20,0";"20,0";"17,9";"89,0";"92,0";"89,0";"18,1";"18,1";"16,3";"953,0";"953,0";"952,5";"0,2";"103,0";"2,9";"182,60";"0,0"
"29/03/2026";"1100";"21,7";"22,0";"19,8";"80,0";"89,0";"80,0";"18,0";"18,6";"17,4";"953,4";"953,4";"953,0";"0,6";"32,0";"2,0";"916,20";"0,0"
"29/03/2026";"1200";"23,5";"23,7";"21,7";"74,0";"81,0";"74,0";"18,6";"19,5";"18,0";"953,7";"953,7";"953,3";"2,2";"49,0";"3,8";"1596,20";"0,0"
"29/03/2026";"1300";"25,0";"25,1";"23,4";"67,0";"75,0";"67,0";"18,5";"19,0";"18,0";"953,6";"953,8";"953,6";"3,5";"18,0";"5,7";"2500,30";"0,0"
"29/03/2026";"1400";"26,3";"26,6";"24,9";"60,0";"68,0";"60,0";"17,9";"19,0";"17,7";"952,9";"953,6";"952,9";"2,5";"44,0";"5,6";"3060,50";"0,0"
"29/03/2026";"1500";"27,6";"28,1";"26,3";"56,0";"60,0";"53,0";"17,9";"18,2";"17,2";"952,1";"952,9";"952,1";"2,0";"40,0";"5,2";"3289,00";"0,0"
"29/03/2026";"1600";"28,7";"29,5";"27,2";"43,0";"56,0";"39,0";"14,9";"18,3";"13,6";"951,1";"952,1";"951,1";"2,4";"50,0";"5,3";"3325,80";"0,0"
"29/03/2026";"1700";"29,8";"30,1";"28,6";"32,0";"45,0";"31,0";"11,3";"16,0";"11,1";"950,3";"951,1";"950,3";"2,3";"27,0";"4,9";"2946,30";"0,0"
"29/03/2026";"1800";"30,0";"30,4";"29,5";"32,0";"35,0";"31,0";"11,7";"13,0";"11,0";"949,5";"950,3";"949,4";"2,0";"35,0";"4,7";"2287,90";"0,0"
"29/03/2026";"1900";"30,3";"31,3";"29,8";"36,0";"36,0";"32,0";"13,6";"13,6";"11,4";"949,2";"949,5";"949,2";"1,3";"344,0";"4,4";"1881,70";"0,0"
"29/03/2026";"2000";"29,9";"30,5";"29,8";"36,0";"38,0";"33,0";"13,3";"14,0";"12,2";"949,2";"949,3";"949,1";"1,1";"343,0";"3,5";"602,60";"0,0"
"29/03/2026";"2100";"26,6";"29,9";"26,6";"61,0";"61,0";"36,0";"18,5";"18,5";"13,3";"949,2";"949,3";"949,1";"3,0";"152,0";"5,1";"102,10";"0,0"
"29/03/2026";"2200";"25,0";"26,6";"25,0";"69,0";"69,0";"61,0";"19,0";"19,0";"18,5";"949,7";"949,7";"949,1";"1,5";"172,0";"4,6";"";"0,0"
"29/03/2026";"2300";"23,6";"25,0";"23,6";"74,0";"74,0";"69,0";"18,8";"19,1";"18,7";"950,8";"950,8";"949,7";"2,5";"133,0";"7,3";"";"0,0"
"30/03/2026";"0000";"22,4";"23,6";"22,3";"77,0";"77,0";"74,0";"18,2";"18,8";"18,0";"951,4";"951,5";"950,8";"2,4";"161,0";"6,7";"";"0,0"
"30/03/2026";"0100";"21,8";"22,4";"21,8";"78,0";"78,0";"77,0";"17,8";"18,2";"17,8";"952,0";"952,0";"951,4";"1,9";"164,0";"4,9";"";"0,0"
"30/03/2026";"0200";"20,8";"21,9";"20,7";"82,0";"82,0";"77,0";"17,5";"17,8";"17,4";"952,0";"952,0";"951,9";"0,6";"356,0";"3,6";"";"0,0"
"30/03/2026";"0300";"20,3";"21,2";"20,1";"84,0";"84,0";"81,0";"17,5";"17,9";"17,2";"951,4";"952,0";"951,4";"0,7";"311,0";"2,1";"";"0,0"
"30/03/2026";"0400";"18,9";"20,3";"18,9";"89,0";"89,0";"84,0";"17,1";"17,4";"16,8";"950,9";"951,4";"950,9";"1,1";"339,0";"2,1";"";"0,0"
"30/03/2026";"0500";"18,4";"19,1";"18,4";"88,0";"90,0";"88,0";"16,4";"17,4";"16,4";"950,6";"950,9";"950,6";"0,4";"4,0";"1,7";"";"0,0"
"30/03/2026";"0600";"17,8";"18,4";"17,6";"92,0";"92,0";"88,0";"16,6";"17,0";"16,0";"949,9";"950,6";"949,9";"0,5";"196,0";"1,3";"";"0,0"
"30/03/2026";"0700";"17,6";"18,1";"17,6";"93,0";"93,0";"92,0";"16,5";"16,9";"16,4";"949,4";"949,9";"949,3";"0,6";"271,0";"1,4";"";"0,0"
"30/03/2026";"0800";"17,3";"17,8";"17,2";"93,0";"93,0";"92,0";"16,2";"16,7";"16,0";"949,4";"949,5";"949,3";"0,5";"262,0";"1,5";"";"0,0"
"30/03/2026";"0900";"17,3";"17,4";"16,9";"93,0";"93,0";"92,0";"16,1";"16,2";"15,7";"949,9";"949,9";"949,4";"0,7";"190,0";"2,4";"";"0,0"
"30/03/2026";"1000";"18,3";"18,3";"16,9";"91,0";"93,0";"91,0";"16,8";"16,8";"15,6";"950,2";"950,2";"949,9";"0,4";"6,0";"1,8";"134,70";"0,0"
"30/03/2026";"1100";"19,3";"19,4";"18,1";"90,0";"91,0";"90,0";"17,6";"17,7";"16,5";"950,4";"950,5";"950,2";"2,0";"29,0";"3,8";"281,00";"0,0"
"30/03/2026";"1200";"20,5";"20,5";"19,3";"86,0";"90,0";"86,0";"18,1";"18,2";"17,7";"950,7";"950,9";"950,4";"2,1";"75,0";"5,0";"458,30";"0,0"
"30/03/2026";"1300";"22,8";"22,9";"20,5";"75,0";"86,0";"75,0";"18,2";"18,8";"17,7";"950,4";"950,7";"950,4";"2,2";"58,0";"4,8";"1412,20";"0,0"
"30/03/2026";"1400";"24,6";"25,1";"22,5";"70,0";"76,0";"67,0";"18,8";"19,2";"17,6";"949,8";"950,4";"949,8";"1,6";"299,0";"3,8";"2808,80";"0,0"
"30/03/2026";"1500";"27,6";"27,7";"24,6";"58,0";"71,0";"58,0";"18,6";"19,3";"17,9";"949,0";"949,8";"949,0";"1,2";"125,0";"3,5";"3198,20";"0,0"
"30/03/2026";"1600";"28,3";"28,9";"26,7";"55,0";"61,0";"54,0";"18,5";"19,3";"17,9";"947,8";"949,0";"947,8";"2,1";"312,0";"3,8";"3245,40";"0,0"
"30/03/2026";"1700";"29,1";"29,5";"28,2";"53,0";"56,0";"49,0";"18,7";"18,9";"17,3";"947,0";"947,8";"947,0";"1,8";"287,0";"3,8";"2579,10";"0,0"
"30/03/2026";"1800";"24,6";"29,4";"24,6";"64,0";"64,0";"50,0";"17,3";"19,1";"15,8";"946,5";"947,1";"946,5";"5,7";"184,0";"11,8";"816,10";"0,0"
"30/03/2026";"1900";"27,9";"28,3";"23,5";"53,0";"73,0";"53,0";"17,6";"20,4";"17,6";"946,3";"946,7";"946,3";"3,3";"168,0";"11,8";"1391,20";"0,0"
"30/03/2026";"2000";"26,9";"28,0";"26,9";"50,0";"60,0";"47,0";"15,5";"19,3";"15,0";"946,5";"946,7";"946,3";"3,2";"191,0";"6,9";"813,30";"0,0"
"30/03/2026";"2100";"24,2";"27,0";"24,2";"58,0";"58,0";"48,0";"15,3";"16,0";"14,9";"947,3";"947,3";"946,5";"3,8";"159,0";"9,4";"186,70";"0,0"
"30/03/2026";"2200";"22,6";"24,2";"22,6";"68,0";"68,0";"58,0";"16,3";"16,3";"15,1";"947,9";"948,0";"947,3";"2,4";"136,0";"7,6";"";"0,0"
"30/03/2026";"2300";"21,6";"22,6";"21,5";"73,0";"73,0";"68,0";"16,5";"16,5";"16,3";"947,7";"947,9";"947,7";"2,4";"158,0";"6,1";"";"0,0"
"31/03/2026";"0000";"21,4";"21,7";"21,4";"74,0";"74,0";"72,0";"16,5";"16,6";"16,4";"948,1";"948,2";"947,7";"1,6";"141,0";"8,1";"";"0,0"
"31/03/2026";"0100";"20,8";"21,4";"20,8";"76,0";"76,0";"74,0";"16,5";"16,6";"16,5";"948,2";"948,2";"948,1";"1,2";"149,0";"3,7";"";"0,0"
"31/03/2026";"0200";"19,8";"20,9";"19,8";"83,0";"83,0";"76,0";"16,9";"16,9";"16,5";"948,0";"948,3";"948,0";"1,0";"101,0";"2,8";"";"0,0"
"31/03/2026";"0300";"20,4";"20,7";"19,7";"80,0";"84,0";"78,0";"16,9";"17,2";"16,6";"947,8";"948,0";"947,7";"0,8";"181,0";"2,9";"";"0,0"
"31/03/2026";"0400";"20,2";"20,6";"19,6";"81,0";"86,0";"78,0";"16,8";"17,4";"16,7";"947,2";"947,9";"947,2";"0,3";"153,0";"1,8";"";"0,0"
"31/03/2026";"0500";"19,8";"20,3";"19,6";"87,0";"87,0";"81,0";"17,5";"17,5";"16,8";"946,9";"947,2";"946,9";"0,5";"63,0";"1,9";"";"0,0"
"31/03/2026";"0600";"20,1";"20,1";"19,8";"84,0";"87,0";"84,0";"17,3";"17,6";"17,2";"946,5";"946,9";"946,5";"0,8";"304,0";"1,5";"";"0,0"
"31/03/2026";"0700";"20,0";"20,2";"20,0";"86,0";"86,0";"83,0";"17,6";"17,6";"17,3";"946,2";"946,5";"946,2";"0,7";"314,0";"1,6";"";"0,0"
"31/03/2026";"0800";"20,3";"20,3";"20,0";"86,0";"86,0";"84,0";"17,9";"17,9";"17,5";"946,4";"946,4";"946,1";"0,7";"215,0";"1,2";"";"0,0"
"31/03/2026";"0900";"19,5";"20,3";"19,4";"92,0";"92,0";"86,0";"18,2";"18,2";"17,8";"946,5";"946,5";"946,2";"0,9";"329,0";"1,9";"";"0,6"
"31/03/2026";"1000";"19,3";"19,8";"19,3";"92,0";"92,0";"91,0";"18,0";"18,4";"18,0";"946,9";"947,2";"946,5";"1,6";"189,0";"2,6";"33,00";"6,4"
"31/03/2026";"1100";"19,3";"19,5";"19,1";"94,0";"94,0";"92,0";"18,3";"18,5";"17,9";"947,7";"947,7";"946,9";"0,9";"71,0";"2,8";"70,90";"7,6"
"31/03/2026";"1200";"20,4";"20,4";"19,3";"92,0";"94,0";"92,0";"19,1";"19,1";"18,3";"948,1";"948,1";"947,7";"1,1";"75,0";"2,5";"478,40";"0,6"
"31/03/2026";"1300";"21,4";"21,4";"20,4";"84,0";"92,0";"84,0";"18,6";"19,1";"18,4";"947,9";"948,2";"947,9";"1,1";"89,0";"2,3";"677,70";"0,2"
"31/03/2026";"1400";"22,3";"23,1";"21,4";"78,0";"85,0";"78,0";"18,3";"19,6";"18,3";"948,0";"948,1";"947,8";"1,0";"42,0";"2,6";"1547,90";"0,0"
"31/03/2026";"1500";"22,2";"23,5";"22,2";"83,0";"83,0";"77,0";"19,1";"19,5";"18,4";"947,5";"948,0";"947,5";"2,5";"32,0";"3,5";"907,20";"0,0"
"31/03/2026";"1600";"22,1";"22,3";"21,9";"83,0";"86,0";"82,0";"19,1";"19,7";"18,9";"946,6";"947,5";"946,6";"1,7";"5,0";"3,9";"724,00";"0,0"
"31/03/2026";"1700";"23,2";"23,3";"22,1";"78,0";"84,0";"77,0";"19,1";"19,6";"18,7";"945,5";"946,6";"945,5";"1,9";"26,0";"4,3";"1288,10";"0,0"
"31/03/2026";"1800";"24,1";"24,1";"22,8";"73,0";"80,0";"73,0";"18,9";"19,5";"18,4";"944,8";"945,5";"944,8";"0,8";"81,0";"3,8";"1239,70";"0,0"
"31/03/2026";"1900";"23,4";"24,8";"23,3";"78,0";"79,0";"71,0";"19,4";"19,6";"18,5";"945,1";"945,1";"944,8";"2,1";"30,0";"3,7";"925,40";"0,0"
"31/03/2026";"2000";"22,8";"23,4";"22,8";"80,0";"80,0";"77,0";"19,2";"19,5";"19,0";"945,3";"945,3";"945,1";"2,9";"24,0";"5,2";"304,30";"0,0"
"31/03/2026";"2100";"22,0";"22,8";"22,0";"82,0";"83,0";"80,0";"18,8";"19,3";"18,7";"945,6";"945,6";"945,3";"2,8";"61,0";"6,3";"93,40";"0,0"
"31/03/2026";"2200";"20,5";"22,0";"20,5";"89,0";"89,0";"82,0";"18,6";"18,8";"18,5";"946,9";"946,9";"945,6";"2,9";"57,0";"5,2";"";"0,8"
"31/03/2026";"2300";"19,8";"20,5";"19,8";"92,0";"92,0";"87,0";"18,5";"18,5";"17,8";"947,7";"947,7";"946,9";"0,9";"251,0";"4,3";"";"4,4"
"01/04/2026";"0000";"19,6";"20,0";"19,6";"93,0";"93,0";"92,0";"18,5";"18,8";"18,4";"948,1";"948,2";"947,7";"0,8";"143,0";"2,3";"";"4,0"
"01/04/2026";"0100";"19,4";"19,9";"19,4";"93,0";"94,0";"93,0";"18,2";"18,8";"18,2";"948,5";"948,6";"948,1";"1,3";"353,0";"3,0";"0,30";"4,6"
"01/04/2026";"0200";"19,2";"19,4";"19,2";"89,0";"93,0";"88,0";"17,4";"18,2";"17,2";"948,3";"948,5";"948,3";"0,8";"214,0";"2,8";"1,30";"0,4"
"01/04/2026";"0300";"19,1";"19,4";"18,9";"93,0";"93,0";"89,0";"17,9";"17,9";"17,4";"947,6";"948,3";"947,5";"0,4";"306,0";"1,7";"";"0,0"
"01/04/2026";"0400";"19,1";"19,4";"19,1";"93,0";"93,0";"92,0";"18,0";"18,3";"17,8";"946,7";"947,6";"946,7";"1,1";"87,0";"2,1";"";"0,0"
"01/04/2026";"0500";"19,1";"19,2";"19,0";"94,0";"94,0";"93,0";"18,2";"18,2";"17,9";"946,4";"946,7";"946,4";"0,6";"278,0";"1,9";"";"0,0"
"01/04/2026";"0600";"18,6";"19,1";"18,6";"94,0";"94,0";"94,0";"17,7";"18,1";"17,7";"946,5";"946,5";"946,3";"0,6";"223,0";"1,1";"";"0,0"
"01/04/2026";"0700";"19,1";"19,1";"18,6";"95,0";"95,0";"94,0";"18,2";"18,2";"17,7";"946,6";"946,7";"946,5";"0,7";"43,0";"1,0";"";"0,0"
"01/04/2026";"0800";"19,0";"19,2";"19,0";"95,0";"95,0";"95,0";"18,2";"18,3";"18,1";"946,8";"946,8";"946,6";"0,9";"3,0";"1,5";"";"0,0"
"01/04/2026";"0900";"18,8";"19,0";"18,7";"95,0";"95,0";"95,0";"18,0";"18,2";"17,9";"947,1";"947,1";"946,8";"0,6";"72,0";"1,6";"";"0,0"
"01/04/2026";"1000";"19,2";"19,2";"18,8";"95,0";"95,0";"95,0";"18,3";"18,4";"17,9";"947,6";"947,6";"947,0";"0,2";"344,0";"1,0";"84,20";"0,0"
"01/04/2026";"1100";"19,7";"19,7";"19,2";"94,0";"95,0";"94,0";"18,7";"18,7";"18,3";"948,3";"948,3";"947,6";"1,1";"48,0";"1,7";"270,30";"0,0"
"01/04/2026";"1200";"21,1";"21,2";"19,7";"86,0";"94,0";"86,0";"18,6";"19,1";"18,4";"949,1";"949,2";"948,3";"1,7";"47,0";"3,6";"712,30";"0,0"
"01/04/2026";"1300";"22,1";"22,5";"21,0";"80,0";"86,0";"80,0";"18,6";"19,1";"18,3";"949,2";"949,3";"949,1";"0,7";"286,0";"3,6";"934,50";"0,0"
"01/04/2026";"1400";"24,6";"25,0";"22,2";"70,0";"80,0";"68,0";"18,7";"19,4";"18,2";"949,1";"949,3";"949,1";"1,1";"345,0";"2,9";"2312,40";"0,0"
"01/04/2026";"1500";"25,4";"26,1";"24,5";"64,0";"72,0";"64,0";"18,0";"19,6";"18,0";"948,0";"949,1";"948,0";"1,6";"23,0";"4,1";"2831,90";"0,0"
"01/04/2026";"1600";"27,1";"27,9";"25,4";"55,0";"66,0";"54,0";"17,2";"19,2";"17,2";"947,1";"948,0";"947,1";"2,3";"4,0";"5,1";"2586,70";"0,0"
"01/04/2026";"1700";"28,0";"28,2";"26,7";"51,0";"61,0";"50,0";"16,8";"19,0";"16,8";"946,5";"947,1";"946,5";"1,8";"6,0";"5,5";"2390,30";"0,0"
"01/04/2026";"1800";"28,8";"29,5";"27,9";"49,0";"54,0";"47,0";"17,2";"18,3";"16,0";"945,8";"946,5";"945,8";"1,9";"338,0";"6,1";"2617,40";"0,0"
"01/04/2026";"1900";"28,3";"28,9";"27,9";"51,0";"52,0";"49,0";"17,1";"17,9";"16,5";"945,6";"945,9";"945,6";"2,2";"59,0";"7,2";"1726,80";"0,0"
"01/04/2026";"2000";"27,7";"28,4";"27,7";"53,0";"55,0";"50,0";"17,2";"17,9";"16,9";"945,9";"945,9";"945,3";"2,3";"47,0";"4,8";"677,00";"0,0"
"01/04/2026";"2100";"25,5";"27,7";"25,5";"68,0";"69,0";"53,0";"19,1";"19,5";"17,2";"946,2";"946,2";"945,7";"0,8";"32,0";"3,3";"77,80";"0,0"
"01/04/2026";"2200";"23,6";"25,5";"23,1";"76,0";"80,0";"67,0";"19,2";"19,8";"19,0";"946,6";"946,7";"946,2";"3,1";"50,0";"4,7";"";"0,0"
"01/04/2026";"2300";"23,1";"23,9";"23,1";"78,0";"78,0";"75,0";"19,1";"19,2";"18,8";"948,0";"948,0";"946,6";"4,1";"36,0";"5,9";"";"0,0"
"02/04/2026";"0000";"22,5";"23,2";"22,5";"82,0";"82,0";"78,0";"19,3";"19,4";"19,1";"948,5";"948,6";"947,9";"3,3";"43,0";"6,7";"";"0,0"
"02/04/2026";"0100";"22,0";"22,5";"21,9";"85,0";"86,0";"82,0";"19,4";"19,6";"19,2";"949,0";"949,0";"948,5";"1,4";"47,0";"4,5";"";"0,0"
"02/04/2026";"0200";"21,5";"22,5";"21,5";"86,0";"87,0";"84,0";"19,0";"19,6";"18,9";"948,7";"949,0";"948,7";"2,3";"56,0";"4,8";"";"0,0"
"02/04/2026";"0300";"20,9";"21,5";"20,9";"87,0";"88,0";"86,0";"18,7";"19,3";"18,7";"948,8";"948,9";"948,7";"0,8";"262,0";"4,2";"";"0,0"
"02/04/2026";"0400";"21,0";"21,2";"20,8";"87,0";"90,0";"87,0";"18,7";"19,3";"18,7";"948,3";"948,8";"948,3";"1,6";"44,0";"3,1";"";"0,0"
"02/04/2026";"0500";"20,7";"21,0";"20,6";"90,0";"90,0";"87,0";"18,9";"18,9";"18,7";"947,9";"948,3";"947,8";"0,4";"169,0";"2,7";"";"0,0"
"02/04/2026";"0600";"20,5";"20,8";"20,5";"90,0";"90,0";"89,0";"18,7";"19,0";"18,7";"947,6";"947,9";"947,4";"0,8";"259,0";"3,0";"";"0,0"
"02/04/2026";"0700";"20,3";"20,6";"20,3";"91,0";"91,0";"90,0";"18,9";"19,1";"18,7";"947,6";"947,8";"947,6";"0,6";"359,0";"2,0";"";"0,0"
"02/04/2026";"0800";"19,9";"20,3";"19,9";"93,0";"93,0";"91,0";"18,8";"19,2";"18,8";"948,1";"948,1";"947,6";"1,1";"352,0";"1,5";"";"0,0"
"02/04/2026";"0900";"20,1";"20,4";"19,9";"93,0";"94,0";"93,0";"19,0";"19,3";"18,8";"948,2";"948,7";"948,1";"3,0";"113,0";"3,9";"";"2,0"
"02/04/2026";"1000";"20,4";"20,4";"20,0";"94,0";"94,0";"93,0";"19,3";"19,3";"19,0";"948,6";"948,6";"948,2";"0,9";"68,0";"3,9";"32,00";"0,4"
"02/04/2026";"1100";"21,4";"21,4";"20,3";"90,0";"94,0";"90,0";"19,6";"19,9";"19,3";"948,9";"948,9";"948,5";"0,6";"170,0";"2,4";"340,10";"0,0"
"02/04/2026";"1200";"22,5";"22,8";"21,3";"82,0";"90,0";"82,0";"19,3";"19,9";"19,3";"949,3";"949,4";"948,9";"0,5";"253,0";"2,5";"913,50";"0,0"
"02/04/2026";"1300";"23,9";"25,0";"22,5";"76,0";"84,0";"72,0";"19,4";"20,6";"18,9";"949,5";"949,6";"949,3";"1,4";"11,0";"2,9";"2068,70";"0,0"
"02/04/2026";"1400";"27,3";"27,3";"23,9";"66,0";"78,0";"65,0";"20,5";"20,7";"19,5";"949,3";"949,5";"949,3";"1,7";"82,0";"3,6";"2837,00";"0,0"
"02/04/2026";"1500";"28,3";"28,7";"27,3";"52,0";"67,0";"51,0";"17,5";"21,1";"17,5";"948,7";"949,3";"948,7";"1,6";"335,0";"5,5";"3209,30";"0,0"
"02/04/2026";"1600";"29,3";"29,7";"28,0";"51,0";"56,0";"47,0";"18,3";"18,9";"16,4";"948,2";"948,7";"948,2";"1,7";"351,0";"4,4";"2563,80";"0,0"
"02/04/2026";"1700";"29,3";"30,2";"28,6";"49,0";"54,0";"47,0";"17,6";"18,7";"16,8";"947,5";"948,2";"947,5";"2,2";"72,0";"4,4";"2513,10";"0,0"
"02/04/2026";"1800";"29,6";"30,1";"28,9";"49,0";"53,0";"46,0";"17,6";"18,5";"16,4";"946,8";"947,5";"946,7";"2,6";"67,0";"5,0";"1716,30";"0,0"
"02/04/2026";"1900";"27,3";"30,1";"27,3";"52,0";"55,0";"47,0";"16,8";"18,8";"16,8";"947,7";"947,7";"946,8";"2,2";"235,0";"8,6";"1098,90";"0,0"
"02/04/2026";"2000";"25,4";"27,2";"24,9";"68,0";"69,0";"53,0";"19,0";"19,2";"16,6";"947,1";"947,8";"946,9";"0,8";"340,0";"9,1";"383,90";"0,0"
"02/04/2026";"2100";"23,8";"25,4";"23,8";"79,0";"79,0";"68,0";"19,9";"20,3";"18,9";"947,7";"947,8";"947,0";"1,8";"224,0";"2,4";"73,80";"0,0"
"02/04/2026";"2200";"23,3";"24,2";"23,3";"76,0";"80,0";"74,0";"18,8";"20,0";"18,8";"948,8";"948,8";"947,7";"1,8";"233,0";"3,5";"";"0,0"
"02/04/2026";"2300";"23,0";"23,3";"22,3";"78,0";"82,0";"76,0";"18,8";"19,2";"18,6";"949,7";"949,7";"948,8";"1,5";"251,0";"3,1";"";"0,0"
"03/04/2026";"0000";"22,5";"23,2";"22,4";"78,0";"81,0";"74,0";"18,6";"19,2";"18,3";"951,1";"951,1";"949,7";"3,0";"37,0";"6,8";"";"0,0"
"03/04/2026";"0100";"21,6";"22,5";"21,6";"80,0";"80,0";"77,0";"17,9";"18,7";"17,9";"951,1";"951,3";"951,0";"2,1";"43,0";"6,4";"";"0,0"
"03/04/2026";"0200";"20,9";"21,6";"20,9";"85,0";"85,0";"80,0";"18,3";"18,4";"17,8";"951,2";"951,3";"951,0";"0,6";"7,0";"3,4";"";"0,0"
"03/04/2026";"0300";"20,0";"21,1";"20,0";"89,0";"89,0";"84,0";"18,1";"18,4";"17,9";"951,0";"951,2";"950,8";"2,7";"50,0";"3,4";"";"0,0"
"03/04/2026";"0400";"20,5";"20,8";"19,9";"87,0";"90,0";"86,0";"18,2";"18,6";"18,0";"950,3";"951,1";"950,3";"4,0";"43,0";"6,2";"";"0,0"
"03/04/2026";"0500";"20,2";"20,7";"20,1";"88,0";"88,0";"87,0";"18,2";"18,6";"17,9";"949,6";"950,3";"949,6";"1,7";"83,0";"5,9";"";"0,0"
"03/04/2026";"0600";"19,2";"20,2";"19,2";"91,0";"91,0";"88,0";"17,7";"18,4";"17,5";"949,3";"949,6";"949,3";"0,5";"80,0";"2,4";"";"0,0"
"03/04/2026";"0700";"19,1";"19,5";"19,0";"93,0";"93,0";"91,0";"17,8";"18,1";"17,6";"949,2";"949,4";"948,9";"0,7";"280,0";"1,7";"";"0,0"
"03/04/2026";"0800";"18,1";"19,4";"18,0";"93,0";"93,0";"92,0";"17,0";"18,1";"16,9";"949,3";"949,3";"949,0";"0,9";"91,0";"1,6";"";"0,0"
"03/04/2026";"0900";"18,1";"18,8";"18,0";"93,0";"94,0";"93,0";"17,0";"17,8";"16,9";"949,6";"949,6";"949,3";"0,8";"322,0";"1,5";"";"0,0"
"03/04/2026";"1000";"18,6";"18,8";"18,1";"93,0";"94,0";"93,0";"17,6";"17,7";"17,0";"949,9";"950,0";"949,6";"0,5";"323,0";"1,7";"53,20";"0,0"
"03/04/2026";"1100";"20,2";"20,2";"18,6";"88,0";"93,0";"88,0";"18,2";"18,4";"17,5";"950,5";"950,5";"949,8";"0,7";"26,0";"1,9";"416,30";"0,0"
"03/04/2026";"1200";"21,9";"21,9";"19,8";"83,0";"89,0";"82,0";"18,9";"18,9";"17,8";"950,9";"951,0";"950,5";"0,5";"229,0";"1,9";"665,50";"0,0"
"03/04/2026";"1300";"24,9";"24,9";"21,9";"70,0";"83,0";"70,0";"19,1";"19,3";"18,3";"950,9";"951,0";"950,8";"1,3";"315,0";"2,2";"1872,50";"0,0"
"03/04/2026";"1400";"27,7";"27,7";"24,8";"58,0";"70,0";"57,0";"18,6";"19,9";"18,1";"950,5";"951,0";"950,5";"1,0";"224,0";"3,1";"2949,70";"0,0"
"03/04/2026";"1500";"29,6";"29,6";"27,5";"51,0";"60,0";"51,0";"18,5";"19,9";"18,1";"949,8";"950,5";"949,8";"2,8";"351,0";"5,0";"3174,70";"0,0"
"03/04/2026";"1600";"30,1";"30,7";"29,3";"54,0";"55,0";"48,0";"19,6";"19,9";"17,9";"948,9";"949,9";"948,9";"4,0";"41,0";"6,9";"3132,90";"0,0"
"03/04/2026";"1700";"29,6";"31,0";"29,5";"49,0";"55,0";"48,0";"17,9";"20,1";"17,5";"948,0";"948,9";"948,0";"1,7";"72,0";"6,7";"2100,50";"0,0"
"03/04/2026";"1800";"24,0";"29,7";"24,0";"76,0";"76,0";"50,0";"19,4";"20,4";"17,8";"948,4";"948,4";"947,7";"4,9";"270,0";"8,7";"272,30";"0,2"
"03/04/2026";"1900";"22,2";"24,0";"22,0";"83,0";"87,0";"75,0";"19,2";"20,0";"18,8";"949,2";"949,2";"947,9";"1,6";"224,0";"9,1";"143,90";"3,4"
"03/04/2026";"2000";"22,2";"22,5";"22,0";"85,0";"87,0";"79,0";"19,5";"19,9";"18,7";"949,0";"949,2";"948,7";"1,2";"223,0";"2,7";"72,20";"0,0"
"03/04/2026";"2100";"22,1";"22,4";"21,7";"87,0";"88,0";"84,0";"19,9";"19,9";"19,5";"949,0";"949,2";"949,0";"0,8";"64,0";"2,6";"70,90";"0,0"
"03/04/2026";"2200";"21,3";"22,1";"21,2";"91,0";"91,0";"85,0";"19,8";"19,9";"19,2";"950,4";"950,5";"949,0";"4,4";"55,0";"6,3";"0,50";"0,0"
"03/04/2026";"2300";"21,7";"21,7";"21,3";"88,0";"92,0";"88,0";"19,7";"20,0";"19,6";"951,4";"951,4";"950,3";"3,0";"31,0";"6,3";"1,20";"0,0"
"04/04/2026";"0000";"20,8";"21,8";"20,7";"89,0";"90,0";"86,0";"19,0";"19,7";"18,8";"951,1";"951,5";"951,1";"3,0";"47,0";"7,2";"";"0,8"
"04/04/2026";"0100";"20,7";"21,0";"20,6";"89,0";"90,0";"88,0";"18,9";"19,1";"18,7";"952,0";"952,0";"951,2";"2,3";"70,0";"4,1";"";"0,0"
"04/04/2026";"0200";"20,9";"21,2";"20,7";"87,0";"89,0";"85,0";"18,7";"19,1";"18,5";"952,3";"952,4";"952,0";"4,6";"48,0";"7,6";"3,90";"0,0"
"04/04/2026";"0300";"20,6";"21,1";"20,6";"87,0";"87,0";"86,0";"18,4";"18,8";"18,4";"951,6";"952,3";"951,6";"3,8";"37,0";"7,1";"1,90";"0,0"
"04/04/2026";"0400";"20,1";"20,7";"20,1";"90,0";"90,0";"87,0";"18,5";"18,7";"18,3";"950,9";"951,7";"950,9";"3,6";"48,0";"6,5";"";"0,0"
"04/04/2026";"0500";"19,5";"20,3";"19,5";"91,0";"91,0";"90,0";"18,0";"18,7";"18,0";"950,2";"951,0";"950,2";"1,4";"93,0";"6,0";"";"0,0"
"04/04/2026";"0600";"19,0";"19,6";"18,9";"93,0";"93,0";"91,0";"17,8";"18,2";"17,7";"949,5";"950,2";"949,5";"1,0";"43,0";"3,0";"";"0,0"
"04/04/2026";"0700";"18,9";"19,1";"18,8";"94,0";"94,0";"93,0";"17,9";"18,0";"17,8";"949,3";"949,5";"949,2";"0,5";"136,0";"2,0";"";"0,0"
"04/04/2026";"0800";"18,9";"19,1";"18,8";"94,0";"95,0";"94,0";"18,0";"18,2";"17,9";"949,4";"949,4";"949,2";"1,1";"215,0";"1,7";"";"0,0"
"04/04/2026";"0900";"18,8";"19,1";"18,8";"94,0";"94,0";"94,0";"17,9";"18,2";"17,9";"949,8";"949,8";"949,4";"0,9";"137,0";"1,6";"";"0,0"
"04/04/2026";"1000";"18,6";"18,8";"18,5";"95,0";"95,0";"94,0";"17,7";"17,9";"17,6";"950,4";"950,4";"949,8";"1,0";"202,0";"2,3";"82,30";"0,0"
"04/04/2026";"1100";"20,1";"20,1";"18,5";"95,0";"95,0";"95,0";"19,3";"19,3";"17,7";"950,9";"950,9";"950,4";"0,9";"227,0";"2,1";"457,70";"0,0"
"04/04/2026";"1200";"23,1";"23,1";"20,1";"79,0";"95,0";"79,0";"19,2";"19,8";"18,7";"951,4";"951,4";"950,8";"1,1";"284,0";"2,4";"1587,90";"0,0"
"04/04/2026";"1300";"24,4";"25,1";"22,6";"74,0";"81,0";"71,0";"19,4";"19,8";"18,8";"951,4";"951,5";"951,3";"1,0";"285,0";"3,7";"2350,00";"0,0"
"04/04/2026";"1400";"26,1";"26,5";"24,5";"63,0";"75,0";"63,0";"18,6";"19,9";"18,6";"951,2";"951,6";"951,2";"1,3";"6,0";"3,3";"2867,70";"0,0"
"04/04/2026";"1500";"28,0";"28,2";"26,1";"59,0";"67,0";"58,0";"19,3";"20,0";"19,0";"950,4";"951,2";"950,4";"0,8";"329,0";"3,7";"3184,90";"0,0"
"04/04/2026";"1600";"29,7";"29,9";"27,9";"50,0";"60,0";"49,0";"18,2";"20,2";"17,3";"949,6";"950,4";"949,6";"1,4";"313,0";"3,5";"3248,00";"0,0"
"04/04/2026";"1700";"30,2";"30,5";"29,3";"48,0";"54,0";"47,0";"18,0";"19,3";"17,3";"948,6";"949,6";"948,6";"1,8";"112,0";"4,2";"2450,30";"0,0"
"04/04/2026";"1800";"29,9";"30,7";"28,7";"56,0";"57,0";"43,0";"20,1";"20,1";"16,3";"947,9";"948,6";"947,9";"3,0";"356,0";"5,4";"1331,10";"0,0"
"04/04/2026";"1900";"28,2";"30,2";"28,2";"53,0";"56,0";"50,0";"17,7";"19,3";"17,3";"947,7";"948,0";"947,6";"2,4";"327,0";"5,3";"1255,30";"0,0"
"04/04/2026";"2000";"27,6";"28,2";"27,4";"55,0";"60,0";"53,0";"17,8";"19,2";"17,6";"947,7";"947,7";"947,5";"0,8";"42,0";"4,3";"315,40";"0,0"
"04/04/2026";"2100";"24,7";"27,7";"24,7";"77,0";"77,0";"53,0";"20,3";"20,4";"17,3";"948,2";"948,2";"947,7";"0,6";"354,0";"1,9";"90,90";"0,0"
"04/04/2026";"2200";"25,2";"25,6";"23,6";"72,0";"79,0";"69,0";"19,8";"20,3";"19,4";"948,8";"948,8";"948,2";"1,0";"247,0";"2,8";"";"0,0"
"04/04/2026";"2300";"24,3";"25,2";"24,2";"78,0";"78,0";"71,0";"20,2";"20,4";"19,5";"949,4";"949,4";"948,8";"1,9";"219,0";"2,6";"";"0,0"
"05/04/2026";"0000";"23,9";"24,6";"23,9";"79,0";"81,0";"76,0";"20,0";"20,5";"19,9";"950,3";"950,3";"949,4";"3,2";"240,0";"5,2";"";"0,0"
"05/04/2026";"0100";"19,6";"23,9";"19,3";"91,0";"93,0";"78,0";"18,2";"20,6";"17,9";"951,4";"951,4";"950,3";"8,7";"171,0";"12,9";"5,00";"17,2"
"05/04/2026";"0200";"20,3";"20,5";"19,3";"92,0";"93,0";"91,0";"18,9";"19,1";"17,9";"951,3";"951,7";"951,2";"3,1";"116,0";"12,8";"0,30";"6,2"
"05/04/2026";"0300";"20,4";"20,5";"20,1";"91,0";"92,0";"91,0";"18,9";"19,2";"18,8";"951,2";"951,4";"951,2";"0,9";"35,0";"4,7";"0,70";"2,4"
"05/04/2026";"0400";"19,7";"20,4";"19,7";"92,0";"92,0";"91,0";"18,3";"18,8";"18,3";"950,4";"951,2";"950,4";"1,1";"137,0";"3,0";"0,10";"0,2"
"05/04/2026";"0500";"19,8";"19,9";"19,6";"91,0";"93,0";"91,0";"18,3";"18,5";"18,2";"949,8";"950,4";"949,8";"0,8";"250,0";"2,9";"";"0,0"
"05/04/2026";"0600";"19,4";"19,8";"19,2";"93,0";"93,0";"91,0";"18,3";"18,4";"18,0";"949,2";"949,8";"949,2";"1,2";"92,0";"2,9";"";"0,0"
"05/04/2026";"0700";"19,4";"19,6";"19,1";"92,0";"93,0";"92,0";"18,1";"18,3";"17,8";"949,1";"949,2";"949,0";"0,5";"240,0";"3,6";"";"0,2"
"05/04/2026";"0800";"18,8";"19,4";"18,7";"94,0";"94,0";"92,0";"17,8";"18,2";"17,5";"949,0";"949,1";"948,9";"0,7";"313,0";"2,1";"";"0,0"
"05/04/2026";"0900";"18,3";"18,9";"18,3";"94,0";"95,0";"94,0";"17,4";"17,9";"17,3";"949,7";"949,7";"949,0";"0,8";"291,0";"2,3";"";"0,0"
"05/04/2026";"1000";"19,3";"19,3";"18,2";"94,0";"95,0";"94,0";"18,4";"18,4";"17,3";"950,4";"950,4";"949,7";"1,4";"214,0";"2,3";"116,20";"0,0"
"05/04/2026";"1100";"21,4";"21,4";"19,3";"86,0";"94,0";"86,0";"19,0";"19,1";"18,4";"951,1";"951,1";"950,4";"1,4";"228,0";"2,7";"858,10";"0,0"
"05/04/2026";"1200";"23,4";"23,5";"21,4";"79,0";"86,0";"79,0";"19,6";"20,1";"18,9";"951,5";"951,5";"951,1";"0,6";"181,0";"2,3";"1604,60";"0,0"
"05/04/2026";"1300";"25,4";"25,6";"23,3";"73,0";"81,0";"72,0";"20,1";"20,5";"19,5";"951,4";"951,6";"951,4";"0,6";"308,0";"2,3";"2235,90";"0,0"
"05/04/2026";"1400";"27,1";"27,1";"25,1";"64,0";"73,0";"63,0";"19,7";"20,5";"19,0";"951,1";"951,4";"951,1";"1,3";"335,0";"2,5";"2944,40";"0,2"
"05/04/2026";"1500";"28,3";"28,6";"27,0";"57,0";"65,0";"56,0";"18,9";"20,4";"18,5";"950,3";"951,1";"950,3";"1,2";"319,0";"3,9";"3323,00";"0,0"
"05/04/2026";"1600";"28,9";"29,3";"27,4";"53,0";"59,0";"52,0";"18,3";"19,3";"16,9";"949,6";"950,3";"949,5";"1,3";"263,0";"3,9";"1810,10";"0,0"
"05/04/2026";"1700";"29,8";"30,2";"28,7";"48,0";"55,0";"46,0";"17,5";"19,5";"17,3";"948,9";"949,6";"948,9";"1,7";"117,0";"4,7";"2851,40";"0,0"
"05/04/2026";"1800";"27,4";"30,4";"27,4";"63,0";"63,0";"47,0";"19,6";"19,9";"17,3";"948,4";"948,9";"948,4";"2,4";"182,0";"6,0";"1160,70";"0,0"
"05/04/2026";"1900";"23,9";"27,4";"22,7";"82,0";"87,0";"63,0";"20,7";"21,1";"18,0";"948,6";"948,7";"948,3";"1,1";"113,0";"11,6";"311,40";"2,6"
"05/04/2026";"2000";"25,7";"25,7";"23,9";"74,0";"86,0";"73,0";"20,6";"22,5";"20,5";"949,0";"949,0";"948,6";"1,8";"166,0";"3,7";"424,90";"0,0"
"05/04/2026";"2100";"24,5";"25,7";"24,5";"72,0";"75,0";"71,0";"19,1";"20,7";"19,1";"949,3";"949,3";"949,0";"2,4";"102,0";"4,8";"87,00";"0,0"
"05/04/2026";"2200";"22,2";"24,6";"22,2";"84,0";"84,0";"71,0";"19,3";"19,5";"18,9";"950,3";"950,3";"949,3";"3,0";"45,0";"6,4";"6,00";"0,0"
"05/04/2026";"2300";"21,9";"22,2";"21,8";"87,0";"87,0";"84,0";"19,6";"19,6";"19,2";"951,1";"951,1";"950,3";"0,8";"165,0";"4,5";"";"0,0"
"06/04/2026";"0000";"21,1";"22,1";"21,1";"90,0";"90,0";"87,0";"19,3";"20,0";"19,3";"951,5";"951,6";"951,1";"0,8";"268,0";"1,6";"";"0,0"
"06/04/2026";"0100";"22,0";"22,0";"21,0";"82,0";"91,0";"82,0";"18,8";"19,7";"18,8";"952,0";"952,0";"951,5";"1,6";"166,0";"2,7";"";"0,0"
"06/04/2026";"0200";"21,6";"22,1";"21,6";"84,0";"84,0";"81,0";"18,7";"18,8";"18,5";"952,1";"952,1";"952,0";"1,0";"296,0";"3,9";"";"0,0"
"06/04/2026";"0300";"21,4";"21,7";"21,3";"89,0";"89,0";"82,0";"19,6";"19,6";"18,5";"952,2";"952,2";"952,0";"2,0";"102,0";"4,0";"";"0,0"
"06/04/2026";"0400";"21,1";"21,5";"21,0";"90,0";"91,0";"89,0";"19,4";"19,8";"19,3";"951,2";"952,2";"951,2";"0,7";"115,0";"3,0";"";"0,0"
"06/04/2026";"0500";"20,2";"21,1";"20,2";"93,0";"93,0";"90,0";"19,0";"19,5";"18,9";"951,1";"951,3";"951,0";"1,1";"66,0";"2,1";"";"0,0"
"06/04/2026";"0600";"19,5";"20,3";"19,5";"93,0";"93,0";"93,0";"18,4";"19,2";"18,4";"950,8";"951,1";"950,8";"1,2";"349,0";"1,8";"";"0,0"
"06/04/2026";"0700";"19,7";"19,8";"19,3";"93,0";"94,0";"93,0";"18,6";"18,8";"18,2";"950,9";"950,9";"950,7";"1,3";"139,0";"2,8";"";"0,0"
"06/04/2026";"0800";"19,1";"19,7";"19,1";"93,0";"93,0";"93,0";"17,9";"18,5";"17,9";"950,9";"950,9";"950,7";"0,5";"236,0";"2,4";"";"0,0"
"06/04/2026";"0900";"18,8";"19,3";"18,6";"93,0";"94,0";"93,0";"17,8";"18,1";"17,5";"951,3";"951,3";"950,9";"0,5";"327,0";"1,6";"";"0,0"
"06/04/2026";"1000";"19,4";"19,4";"18,6";"92,0";"94,0";"92,0";"18,1";"18,1";"17,5";"952,2";"952,2";"951,3";"0,8";"204,0";"1,7";"63,80";"0,0"
"06/04/2026";"1100";"20,6";"20,6";"19,4";"88,0";"92,0";"88,0";"18,5";"18,7";"18,0";"952,7";"952,7";"952,2";"0,6";"244,0";"1,6";"352,20";"0,2"
"06/04/2026";"1200";"22,3";"22,7";"20,6";"84,0";"88,0";"83,0";"19,4";"20,1";"18,5";"953,1";"953,1";"952,7";"1,1";"77,0";"2,6";"955,40";"0,0"
"06/04/2026";"1300";"24,9";"25,0";"22,3";"72,0";"85,0";"72,0";"19,6";"20,7";"19,3";"953,0";"953,1";"953,0";"1,5";"14,0";"3,3";"1852,00";"0,0"
"06/04/2026";"1400";"25,8";"25,9";"24,4";"69,0";"74,0";"68,0";"19,7";"20,3";"18,9";"952,4";"953,0";"952,4";"1,7";"141,0";"3,4";"2207,00";"0,0"
"06/04/2026";"1500";"26,8";"27,6";"25,7";"62,0";"69,0";"60,0";"18,9";"20,5";"18,6";"951,4";"952,4";"951,4";"1,9";"346,0";"4,6";"2967,40";"0,0"
"06/04/2026";"1600";"28,0";"29,1";"26,9";"60,0";"64,0";"56,0";"19,5";"21,0";"18,6";"950,5";"951,4";"950,5";"2,4";"43,0";"4,6";"3170,60";"0,0"
"06/04/2026";"1700";"28,8";"29,6";"28,1";"55,0";"61,0";"54,0";"18,8";"20,3";"18,5";"949,7";"950,5";"949,7";"1,6";"47,0";"4,0";"3027,60";"0,0"
"06/04/2026";"1800";"29,8";"30,4";"28,8";"53,0";"58,0";"52,0";"19,2";"20,4";"18,7";"949,1";"949,7";"949,1";"1,0";"131,0";"4,0";"2483,00";"0,0"
"06/04/2026";"1900";"28,0";"29,8";"28,0";"66,0";"68,0";"52,0";"21,1";"21,4";"18,8";"949,0";"949,3";"949,0";"1,6";"347,0";"5,1";"863,50";"0,0"
"06/04/2026";"2000";"24,6";"28,2";"24,6";"70,0";"70,0";"60,0";"18,8";"21,1";"17,7";"949,6";"949,7";"949,0";"3,5";"131,0";"6,9";"262,30";"0,0"
"06/04/2026";"2100";"23,6";"24,6";"23,6";"76,0";"77,0";"70,0";"19,2";"19,7";"18,9";"949,4";"949,7";"949,4";"3,1";"164,0";"11,7";"78,80";"0,0"
"06/04/2026";"2200";"23,5";"23,6";"23,2";"79,0";"80,0";"76,0";"19,7";"19,8";"19,1";"950,2";"950,2";"949,4";"2,2";"105,0";"6,1";"";"0,0"
"06/04/2026";"2300";"22,8";"23,6";"22,8";"81,0";"81,0";"79,0";"19,3";"19,8";"19,3";"950,6";"950,6";"950,1";"3,8";"155,0";"6,8";"0,30";"0,0"
"07/04/2026";"0000";"22,6";"22,8";"22,6";"81,0";"82,0";"80,0";"19,1";"19,4";"19,1";"951,0";"951,3";"950,6";"3,6";"146,0";"6,0";"";"0,0"
"07/04/2026";"0100";"22,4";"22,7";"22,1";"82,0";"83,0";"81,0";"19,1";"19,2";"19,1";"951,7";"951,7";"951,0";"0,6";"163,0";"5,3";"";"0,0"
"07/04/2026";"0200";"22,2";"22,5";"21,8";"83,0";"85,0";"81,0";"19,1";"19,3";"18,9";"952,0";"952,0";"951,7";"0,9";"215,0";"2,5";"";"0,0"
"07/04/2026";"0300";"21,8";"22,2";"21,3";"86,0";"88,0";"82,0";"19,4";"19,6";"19,0";"952,0";"952,0";"951,9";"0,5";"256,0";"2,0";"";"0,0"
"07/04/2026";"0400";"21,6";"22,0";"21,5";"88,0";"88,0";"85,0";"19,4";"19,6";"19,3";"951,7";"952,0";"951,7";"0,5";"16,0";"1,4";"";"0,0"
"07/04/2026";"0500";"21,4";"21,9";"21,4";"88,0";"88,0";"86,0";"19,3";"19,6";"19,2";"951,4";"951,7";"951,4";"0,6";"120,0";"1,3";"";"0,0"
"07/04/2026";"0600";"20,7";"21,4";"20,6";"91,0";"91,0";"88,0";"19,1";"19,5";"19,1";"951,2";"951,4";"951,1";"0,6";"155,0";"1,6";"";"0,0"
"07/04/2026";"0700";"20,3";"20,7";"20,3";"92,0";"93,0";"91,0";"19,0";"19,2";"18,9";"951,0";"951,2";"950,9";"0,4";"326,0";"1,4";"";"0,0"
"07/04/2026";"0800";"19,9";"20,6";"19,8";"92,0";"92,0";"91,0";"18,6";"19,3";"18,4";"950,9";"951,0";"950,9";"1,0";"208,0";"1,4";"";"0,0"
"07/04/2026";"0900";"19,8";"20,1";"19,6";"92,0";"93,0";"92,0";"18,5";"19,0";"18,3";"951,3";"951,3";"950,9";"0,9";"359,0";"1,8";"";"0,0"
"07/04/2026";"1000";"20,3";"20,3";"19,6";"93,0";"93,0";"92,0";"19,2";"19,2";"18,3";"951,7";"951,7";"951,2";"0,4";"211,0";"1,8";"62,40";"0,0"
"07/04/2026";"1100";"22,6";"22,6";"20,3";"88,0";"93,0";"88,0";"20,6";"20,7";"19,2";"951,6";"951,8";"951,6";"1,6";"66,0";"2,6";"498,10";"0,0"
"07/04/2026";"1200";"23,9";"25,0";"22,6";"77,0";"88,0";"75,0";"19,6";"20,9";"19,4";"951,9";"951,9";"951,6";"4,4";"55,0";"7,4";"1559,10";"0,0"
"07/04/2026";"1300";"24,8";"25,4";"23,7";"73,0";"79,0";"72,0";"19,7";"20,6";"19,5";"952,1";"952,2";"951,8";"2,7";"23,0";"6,5";"1277,00";"0,0"
"07/04/2026";"1400";"27,1";"27,4";"24,8";"65,0";"74,0";"64,0";"20,1";"20,5";"19,4";"951,7";"952,1";"951,7";"1,5";"54,0";"4,7";"2749,60";"0,0"
"07/04/2026";"1500";"28,3";"28,9";"26,7";"62,0";"67,0";"61,0";"20,3";"21,1";"19,3";"950,8";"951,7";"950,8";"2,3";"31,0";"5,2";"2957,50";"0,0"
"07/04/2026";"1600";"29,2";"29,8";"27,8";"55,0";"64,0";"55,0";"19,2";"21,0";"19,0";"949,8";"950,8";"949,8";"1,9";"85,0";"4,7";"2669,10";"0,0"
"07/04/2026";"1700";"29,3";"29,8";"28,4";"55,0";"58,0";"53,0";"19,5";"20,6";"18,4";"949,0";"949,8";"949,0";"1,3";"55,0";"4,1";"1756,70";"0,0"
"07/04/2026";"1800";"29,8";"30,4";"29,3";"56,0";"57,0";"52,0";"20,2";"20,4";"18,9";"948,0";"949,0";"948,0";"2,6";"47,0";"5,0";"2087,70";"0,0"
"07/04/2026";"1900";"29,5";"30,2";"29,5";"55,0";"57,0";"52,0";"19,5";"20,6";"18,9";"947,5";"948,0";"947,5";"2,6";"29,0";"4,2";"1449,90";"0,0"
"07/04/2026";"2000";"27,7";"29,9";"27,7";"64,0";"64,0";"54,0";"20,3";"20,4";"19,5";"947,6";"947,8";"947,4";"1,4";"352,0";"4,7";"332,30";"0,0"
"07/04/2026";"2100";"27,1";"27,7";"27,1";"68,0";"70,0";"64,0";"20,8";"21,2";"20,1";"948,0";"948,0";"947,4";"1,0";"314,0";"2,4";"39,20";"0,0"
"07/04/2026";"2200";"23,5";"27,2";"23,4";"77,0";"78,0";"67,0";"19,2";"20,8";"19,0";"948,6";"948,6";"948,0";"3,5";"205,0";"9,4";"1,30";"0,0"
"07/04/2026";"2300";"23,4";"23,8";"23,4";"77,0";"79,0";"77,0";"19,2";"19,8";"19,2";"949,1";"949,1";"948,6";"4,0";"167,0";"6,6";"";"0,0"
"08/04/2026";"0000";"23,1";"23,5";"23,1";"77,0";"77,0";"76,0";"18,9";"19,2";"18,9";"949,6";"949,6";"949,1";"0,8";"134,0";"6,6";"";"0,0"
"08/04/2026";"0100";"22,1";"23,3";"22,1";"84,0";"84,0";"77,0";"19,2";"19,3";"18,9";"949,3";"949,6";"949,2";"1,7";"227,0";"2,1";"";"0,0"
"08/04/2026";"0200";"21,7";"22,6";"21,5";"86,0";"87,0";"82,0";"19,3";"19,6";"19,1";"949,6";"949,6";"949,2";"0,3";"6,0";"2,1";"";"0,0"
"08/04/2026";"0300";"21,1";"21,7";"21,0";"90,0";"90,0";"86,0";"19,4";"19,5";"19,1";"949,1";"949,7";"949,1";"0,3";"5,0";"1,5";"";"0,0"
"08/04/2026";"0400";"20,3";"21,3";"20,3";"91,0";"91,0";"90,0";"18,9";"19,6";"18,8";"948,7";"949,1";"948,6";"1,7";"222,0";"2,3";"";"0,0"
"08/04/2026";"0500";"20,4";"20,8";"20,2";"92,0";"93,0";"91,0";"19,0";"19,5";"18,9";"948,2";"948,7";"948,2";"0,6";"317,0";"3,3";"";"0,0"
"08/04/2026";"0600";"20,1";"20,5";"19,8";"92,0";"93,0";"91,0";"18,8";"19,3";"18,5";"948,0";"948,2";"947,9";"0,7";"344,0";"2,2";"";"0,0"
"08/04/2026";"0700";"20,0";"20,4";"19,6";"92,0";"93,0";"92,0";"18,7";"19,2";"18,3";"947,8";"948,0";"947,6";"0,5";"237,0";"1,9";"";"0,0"
"08/04/2026";"0800";"20,1";"20,4";"20,0";"93,0";"93,0";"92,0";"18,9";"19,2";"18,7";"948,0";"948,0";"947,7";"1,0";"212,0";"2,5";"";"0,0"
"08/04/2026";"0900";"20,1";"20,5";"20,1";"93,0";"93,0";"92,0";"18,8";"19,3";"18,8";"948,3";"948,3";"947,9";"1,0";"236,0";"2,0";"";"0,0"
"08/04/2026";"1000";"20,3";"20,4";"20,1";"93,0";"93,0";"93,0";"19,1";"19,2";"18,8";"948,5";"948,7";"948,3";"0,9";"22,0";"2,0";"56,60";"0,0"
"08/04/2026";"1100";"21,5";"21,5";"20,3";"90,0";"93,0";"90,0";"19,8";"19,8";"19,1";"949,2";"949,2";"948,5";"0,8";"28,0";"1,7";"312,10";"0,0"
"08/04/2026";"1200";"23,3";"23,5";"21,5";"82,0";"90,0";"82,0";"20,1";"20,7";"19,5";"949,6";"949,7";"949,2";"0,6";"70,0";"1,7";"709,50";"0,0"
"08/04/2026";"1300";"26,3";"26,3";"23,3";"72,0";"83,0";"71,0";"20,7";"21,3";"20,2";"949,4";"949,6";"949,4";"0,8";"241,0";"2,4";"1678,30";"0,0"
"08/04/2026";"1400";"27,8";"28,2";"26,1";"62,0";"72,0";"61,0";"19,9";"21,1";"19,4";"948,5";"949,4";"948,5";"2,2";"340,0";"6,1";"2649,10";"0,0"
"08/04/2026";"1500";"29,2";"29,5";"27,7";"55,0";"64,0";"54,0";"19,3";"21,1";"18,8";"947,6";"948,6";"947,6";"2,8";"338,0";"6,9";"2442,80";"0,0"
"08/04/2026";"1600";"28,8";"30,1";"28,3";"57,0";"60,0";"54,0";"19,5";"20,1";"19,1";"946,9";"947,6";"946,9";"1,8";"268,0";"6,0";"1489,80";"0,0"
"08/04/2026";"1700";"27,7";"29,0";"27,6";"62,0";"63,0";"56,0";"19,8";"20,0";"19,2";"946,7";"946,9";"946,5";"3,0";"228,0";"5,2";"819,80";"0,0"
"08/04/2026";"1800";"28,1";"28,5";"27,7";"58,0";"63,0";"58,0";"19,2";"20,0";"18,9";"946,4";"946,7";"946,3";"3,3";"220,0";"5,8";"1200,80";"0,0"
"08/04/2026";"1900";"25,8";"28,1";"25,8";"70,0";"70,0";"58,0";"19,9";"19,9";"18,9";"946,2";"946,5";"946,2";"2,0";"9,0";"5,7";"446,30";"0,0"
"08/04/2026";"2000";"25,0";"25,8";"24,7";"74,0";"75,0";"70,0";"20,1";"20,4";"19,6";"946,1";"946,2";"945,9";"0,9";"160,0";"4,2";"288,90";"0,0"
"08/04/2026";"2100";"23,8";"25,2";"23,8";"83,0";"83,0";"74,0";"20,8";"21,0";"20,1";"946,0";"946,1";"945,8";"0,8";"62,0";"4,2";"69,60";"0,0"
"08/04/2026";"2200";"23,5";"23,9";"23,4";"83,0";"87,0";"82,0";"20,4";"21,2";"20,4";"946,3";"946,3";"946,0";"0,6";"86,0";"1,9";"";"0,0"
"08/04/2026";"2300";"22,4";"24,1";"22,4";"88,0";"88,0";"79,0";"20,3";"20,6";"20,1";"947,1";"947,1";"946,3";"0,4";"355,0";"3,4";"";"0,0"
"09/04/2026";"0000";"22,2";"22,7";"22,1";"90,0";"90,0";"87,0";"20,4";"20,6";"20,2";"947,6";"947,7";"947,0";"0,5";"296,0";"1,6";"";"0,0"
"09/04/2026";"0100";"21,5";"22,3";"21,0";"92,0";"92,0";"89,0";"20,2";"20,5";"19,6";"947,6";"947,7";"947,4";"0,9";"7,0";"2,4";"";"0,0"
"09/04/2026";"0200";"20,6";"21,6";"20,6";"92,0";"93,0";"92,0";"19,3";"20,3";"19,3";"947,7";"947,8";"947,5";"0,9";"338,0";"1,9";"";"0,0"
"09/04/2026";"0300";"20,7";"20,9";"20,3";"93,0";"93,0";"92,0";"19,6";"19,8";"19,0";"947,5";"947,8";"947,5";"1,3";"116,0";"2,5";"";"0,0"
"09/04/2026";"0400";"20,3";"20,7";"20,3";"93,0";"93,0";"93,0";"19,2";"19,6";"19,1";"947,0";"947,5";"947,0";"0,5";"309,0";"2,5";"";"0,0"
"09/04/2026";"0500";"19,9";"20,7";"19,8";"93,0";"93,0";"93,0";"18,7";"19,6";"18,6";"946,7";"947,0";"946,7";"0,6";"232,0";"1,4";"";"0,0"
"09/04/2026";"0600";"19,8";"20,6";"19,8";"93,0";"94,0";"92,0";"18,7";"19,5";"18,6";"946,8";"946,9";"946,7";"0,3";"18,0";"2,0";"";"0,0"
"09/04/2026";"0700";"19,3";"20,2";"19,1";"93,0";"94,0";"93,0";"18,2";"19,1";"17,9";"946,8";"946,9";"946,7";"0,5";"344,0";"1,5";"";"0,0"
"09/04/2026";"0800";"19,1";"19,4";"18,9";"94,0";"94,0";"93,0";"18,1";"18,4";"17,9";"946,9";"946,9";"946,7";"0,5";"201,0";"1,8";"";"0,0"
"09/04/2026";"0900";"19,6";"19,6";"18,6";"93,0";"94,0";"93,0";"18,5";"18,6";"17,6";"947,4";"947,4";"946,9";"0,8";"263,0";"1,4";"";"0,0"
"09/04/2026";"1000";"20,2";"20,2";"19,5";"93,0";"94,0";"93,0";"19,0";"19,0";"18,4";"948,1";"948,1";"947,4";"0,2";"80,0";"1,2";"81,00";"0,0"
"09/04/2026";"1100";"22,6";"22,6";"20,2";"85,0";"93,0";"85,0";"19,9";"20,2";"18,8";"948,6";"948,6";"948,1";"0,9";"209,0";"1,9";"752,40";"0,0"
"09/04/2026";"1200";"24,5";"24,7";"22,5";"75,0";"85,0";"75,0";"19,9";"20,5";"19,6";"948,9";"948,9";"948,6";"0,6";"211,0";"2,7";"1054,90";"0,0"
"09/04/2026";"1300";"25,1";"25,1";"24,3";"72,0";"76,0";"71,0";"19,7";"20,0";"19,2";"949,1";"949,2";"948,9";"3,8";"228,0";"6,8";"1100,60";"0,0"
"09/04/2026";"1400";"26,2";"26,9";"24,9";"67,0";"73,0";"65,0";"19,7";"20,6";"19,1";"948,6";"949,1";"948,6";"3,1";"232,0";"6,8";"1978,10";"0,0"
"09/04/2026";"1500";"27,5";"28,2";"26,2";"61,0";"68,0";"58,0";"19,3";"20,2";"18,8";"947,9";"948,6";"947,9";"3,2";"291,0";"6,1";"2309,70";"0,0"
"09/04/2026";"1600";"28,7";"28,8";"25,4";"60,0";"77,0";"59,0";"20,2";"21,9";"19,1";"947,0";"947,9";"947,0";"3,4";"272,0";"7,1";"2482,60";"0,4"
"09/04/2026";"1700";"28,9";"29,8";"28,2";"56,0";"62,0";"52,0";"19,1";"21,0";"18,4";"946,2";"947,0";"946,1";"4,2";"241,0";"7,3";"2183,90";"0,0"
"09/04/2026";"1800";"29,8";"30,0";"28,7";"57,0";"58,0";"51,0";"20,4";"20,4";"18,5";"945,6";"946,2";"945,6";"3,7";"222,0";"8,3";"1780,60";"0,0"
"09/04/2026";"1900";"29,4";"29,9";"28,9";"55,0";"57,0";"52,0";"19,3";"20,0";"18,6";"945,6";"945,8";"945,5";"3,8";"214,0";"8,2";"1381,20";"0,0"
"09/04/2026";"2000";"27,2";"29,4";"27,2";"64,0";"64,0";"53,0";"19,8";"20,0";"18,5";"946,2";"946,2";"945,6";"3,8";"149,0";"7,1";"766,00";"0,0"
"09/04/2026";"2100";"23,7";"27,2";"23,7";"73,0";"73,0";"64,0";"18,7";"20,0";"18,6";"946,9";"946,9";"946,2";"4,6";"152,0";"8,5";"105,20";"0,0"
"09/04/2026";"2200";"22,3";"23,7";"22,3";"77,0";"77,0";"73,0";"18,1";"18,6";"18,1";"947,9";"947,9";"946,9";"4,1";"161,0";"10,0";"";"0,0"
"09/04/2026";"2300";"22,0";"22,3";"22,0";"78,0";"79,0";"77,0";"18,0";"18,2";"18,0";"948,8";"948,8";"947,9";"3,3";"160,0";"8,9";"";"0,0"
"10/04/2026";"0000";"21,8";"22,0";"21,8";"79,0";"79,0";"78,0";"18,1";"18,1";"18,0";"949,6";"949,6";"948,8";"2,5";"222,0";"6,6";"";"0,0"
"10/04/2026";"0100";"21,1";"21,8";"21,1";"84,0";"84,0";"79,0";"18,3";"18,4";"18,0";"950,0";"950,0";"949,6";"2,9";"215,0";"4,8";"0,50";"0,4"
"10/04/2026";"0200";"20,5";"21,3";"20,5";"89,0";"89,0";"83,0";"18,6";"18,6";"18,3";"950,2";"950,3";"950,0";"1,7";"225,0";"5,0";"";"0,0"
"10/04/2026";"0300";"20,5";"20,5";"20,4";"89,0";"89,0";"88,0";"18,7";"18,7";"18,3";"950,2";"950,3";"950,1";"1,4";"224,0";"3,6";"";"0,2"
"10/04/2026";"0400";"20,2";"20,6";"20,2";"91,0";"91,0";"89,0";"18,7";"18,8";"18,6";"950,1";"950,2";"950,1";"1,8";"256,0";"3,2";"";"0,0"
"10/04/2026";"0500";"20,2";"20,3";"20,1";"91,0";"91,0";"91,0";"18,6";"18,7";"18,6";"949,9";"950,1";"949,8";"1,5";"237,0";"3,0";"0,20";"0,0"
"10/04/2026";"0600";"20,2";"20,3";"20,1";"86,0";"91,0";"86,0";"17,8";"18,8";"17,8";"949,6";"949,9";"949,5";"2,0";"202,0";"3,0";"";"0,0"
"10/04/2026";"0700";"19,9";"20,2";"19,9";"84,0";"86,0";"84,0";"17,2";"17,8";"17,2";"949,5";"949,6";"949,5";"1,2";"192,0";"3,4";"";"0,0"
"10/04/2026";"0800";"19,7";"19,9";"19,6";"87,0";"87,0";"84,0";"17,4";"17,5";"17,0";"949,9";"949,9";"949,5";"0,3";"114,0";"2,3";"";"0,0"
"10/04/2026";"0900";"19,8";"19,8";"19,6";"85,0";"87,0";"85,0";"17,2";"17,5";"17,2";"950,1";"950,1";"949,8";"0,8";"194,0";"1,5";"";"0,0"
"10/04/2026";"1000";"19,9";"19,9";"19,6";"84,0";"86,0";"83,0";"17,1";"17,3";"16,8";"950,8";"950,8";"950,1";"1,1";"200,0";"3,1";"24,00";"0,0"
"10/04/2026";"1100";"20,1";"20,1";"19,9";"83,0";"85,0";"82,0";"17,1";"17,3";"16,8";"951,7";"951,7";"950,8";"1,4";"129,0";"2,9";"158,60";"0,0"
"10/04/2026";"1200";"20,0";"20,2";"19,5";"80,0";"84,0";"79,0";"16,3";"17,2";"16,1";"952,4";"952,4";"951,7";"1,5";"186,0";"6,4";"339,90";"0,0"
"10/04/2026";"1300";"21,2";"21,2";"19,8";"77,0";"84,0";"77,0";"17,1";"17,4";"16,3";"952,4";"952,6";"952,4";"1,8";"103,0";"4,3";"564,50";"0,0"
"10/04/2026";"1400";"21,4";"22,1";"21,1";"74,0";"78,0";"73,0";"16,7";"17,7";"16,4";"952,2";"952,4";"952,1";"1,9";"170,0";"5,0";"854,70";"0,0"
"10/04/2026";"1500";"22,1";"22,5";"21,4";"71,0";"75,0";"69,0";"16,6";"17,1";"16,3";"951,9";"952,2";"951,9";"1,8";"131,0";"4,6";"850,10";"0,0"
"10/04/2026";"1600";"21,7";"22,3";"21,6";"73,0";"73,0";"70,0";"16,7";"16,9";"16,2";"951,2";"951,9";"951,2";"2,5";"181,0";"4,2";"412,80";"0,0"
"10/04/2026";"1700";"21,0";"21,8";"20,9";"75,0";"76,0";"71,0";"16,3";"16,9";"15,9";"951,0";"951,2";"950,9";"2,2";"153,0";"4,3";"325,20";"0,0"
"10/04/2026";"1800";"20,6";"21,0";"20,6";"67,0";"75,0";"66,0";"14,3";"16,4";"14,2";"950,9";"951,1";"950,7";"2,6";"148,0";"6,6";"321,80";"0,0"
"10/04/2026";"1900";"20,5";"21,0";"20,5";"67,0";"70,0";"63,0";"14,1";"15,0";"13,6";"951,3";"951,3";"950,7";"1,7";"173,0";"5,5";"275,70";"0,0"
"10/04/2026";"2000";"20,0";"20,5";"20,0";"67,0";"68,0";"65,0";"13,8";"14,4";"13,5";"952,0";"952,0";"951,3";"2,5";"179,0";"4,3";"199,80";"0,0"
"10/04/2026";"2100";"19,1";"20,0";"19,1";"72,0";"72,0";"67,0";"13,9";"14,1";"13,7";"951,9";"952,1";"951,8";"2,0";"156,0";"4,0";"73,60";"0,0"
"10/04/2026";"2200";"18,6";"19,1";"18,6";"76,0";"76,0";"71,0";"14,3";"14,3";"13,7";"952,3";"952,4";"951,9";"2,5";"142,0";"4,9";"";"0,0"
"10/04/2026";"2300";"18,4";"18,6";"18,4";"77,0";"78,0";"76,0";"14,4";"14,6";"14,3";"953,4";"953,4";"952,3";"1,3";"209,0";"4,1";"";"0,0"
"11/04/2026";"0000";"17,9";"18,4";"17,9";"80,0";"82,0";"77,0";"14,5";"14,9";"14,3";"954,0";"954,0";"953,4";"3,5";"162,0";"5,0";"";"0,0"
"11/04/2026";"0100";"18,0";"18,1";"17,9";"79,0";"81,0";"79,0";"14,4";"14,6";"14,4";"954,2";"954,2";"954,0";"2,8";"145,0";"5,0";"";"0,0"
"11/04/2026";"0200";"18,0";"18,2";"17,7";"84,0";"86,0";"78,0";"15,2";"15,4";"14,3";"954,0";"954,2";"953,9";"0,5";"88,0";"4,1";"";"0,0"
"11/04/2026";"0300";"17,7";"18,3";"17,7";"88,0";"88,0";"82,0";"15,7";"15,9";"15,2";"954,0";"954,2";"953,9";"1,3";"60,0";"3,4";"";"0,0"
"11/04/2026";"0400";"17,2";"17,7";"17,2";"91,0";"91,0";"88,0";"15,7";"16,0";"15,7";"953,4";"954,0";"953,4";"2,4";"58,0";"3,2";"";"0,0"
"11/04/2026";"0500";"17,3";"17,4";"17,2";"91,0";"92,0";"91,0";"15,9";"16,0";"15,7";"953,1";"953,4";"953,0";"1,5";"78,0";"3,4";"";"0,0"
"11/04/2026";"0600";"17,5";"17,5";"17,3";"89,0";"91,0";"89,0";"15,7";"16,0";"15,7";"952,8";"953,1";"952,8";"0,8";"125,0";"2,6";"";"0,0"
"11/04/2026";"0700";"17,3";"17,6";"17,3";"86,0";"89,0";"85,0";"14,9";"15,7";"14,9";"952,7";"952,8";"952,6";"2,0";"150,0";"3,8";"";"0,0"
"11/04/2026";"0800";"17,5";"17,5";"17,3";"84,0";"86,0";"84,0";"14,7";"15,0";"14,7";"952,8";"952,8";"952,7";"1,8";"141,0";"4,3";"";"0,0"
"11/04/2026";"0900";"17,0";"17,5";"17,0";"89,0";"89,0";"84,0";"15,3";"15,3";"14,7";"953,4";"953,4";"952,8";"0,4";"169,0";"2,9";"";"0,0"
"11/04/2026";"1000";"17,7";"17,7";"17,0";"90,0";"90,0";"88,0";"16,0";"16,0";"15,2";"953,9";"953,9";"953,4";"0,6";"144,0";"1,9";"58,40";"0,0"
"11/04/2026";"1100";"19,5";"19,6";"17,7";"79,0";"90,0";"79,0";"15,8";"16,1";"15,3";"954,5";"954,5";"953,9";"0,7";"125,0";"3,0";"405,50";"0,0"
"11/04/2026";"1200";"21,7";"21,7";"19,4";"69,0";"79,0";"69,0";"15,7";"16,1";"14,6";"954,8";"954,8";"954,5";"2,7";"65,0";"4,9";"1057,10";"0,0"
"11/04/2026";"1300";"23,4";"23,4";"21,6";"59,0";"69,0";"57,0";"14,8";"15,7";"14,4";"954,7";"954,9";"954,7";"3,9";"56,0";"7,1";"2163,40";"0,0"
"11/04/2026";"1400";"23,9";"24,7";"22,8";"55,0";"60,0";"53,0";"14,4";"15,5";"13,6";"954,4";"954,7";"954,4";"2,6";"72,0";"6,5";"2907,20";"0,0"
"11/04/2026";"1500";"24,6";"25,3";"23,5";"57,0";"58,0";"53,0";"15,5";"16,0";"13,6";"953,7";"954,4";"953,7";"1,9";"41,0";"6,4";"3156,20";"0,0"
"11/04/2026";"1600";"25,3";"25,7";"24,3";"54,0";"59,0";"53,0";"15,3";"16,5";"14,5";"953,0";"953,7";"952,9";"2,8";"17,0";"5,8";"3274,30";"0,0"
"11/04/2026";"1700";"26,0";"26,2";"25,2";"55,0";"58,0";"52,0";"16,2";"16,9";"15,3";"952,4";"953,0";"952,4";"4,1";"45,0";"6,2";"3095,20";"0,0"
"11/04/2026";"1800";"25,3";"26,9";"25,3";"55,0";"55,0";"49,0";"15,5";"16,4";"14,5";"952,1";"952,4";"952,1";"3,0";"79,0";"6,2";"2155,10";"0,0"
"11/04/2026";"1900";"25,1";"25,3";"24,8";"56,0";"59,0";"54,0";"15,6";"16,4";"15,1";"952,2";"952,2";"952,1";"3,2";"50,0";"5,3";"572,60";"0,0"
"11/04/2026";"2000";"23,7";"25,1";"23,7";"62,0";"62,0";"53,0";"16,1";"16,1";"14,7";"952,6";"952,6";"952,2";"2,7";"150,0";"5,3";"293,00";"0,0"
"11/04/2026";"2100";"22,1";"23,7";"22,1";"64,0";"65,0";"62,0";"15,0";"16,2";"15,0";"953,0";"953,0";"952,6";"5,1";"153,0";"7,3";"42,40";"0,0"
"11/04/2026";"2200";"20,5";"22,1";"20,5";"70,0";"70,0";"64,0";"14,8";"15,0";"14,8";"953,7";"953,7";"953,0";"4,3";"156,0";"7,6";"";"0,0"
"11/04/2026";"2300";"19,7";"20,5";"19,6";"73,0";"74,0";"70,0";"14,8";"14,9";"14,7";"954,5";"954,5";"953,7";"3,6";"158,0";"7,0";"";"0,0"
"12/04/2026";"0000";"19,1";"19,9";"19,1";"71,0";"73,0";"71,0";"13,7";"14,8";"13,7";"954,9";"954,9";"954,5";"1,8";"122,0";"5,1";"";"0,0"
"12/04/2026";"0100";"18,2";"19,1";"18,2";"72,0";"72,0";"70,0";"13,1";"13,7";"13,0";"955,0";"955,1";"954,8";"1,1";"127,0";"3,9";"";"0,0"
"12/04/2026";"0200";"17,1";"18,3";"16,5";"81,0";"83,0";"72,0";"13,8";"14,0";"13,1";"955,1";"955,2";"955,0";"0,5";"217,0";"2,2";"";"0,0"
"12/04/2026";"0300";"16,2";"17,2";"16,1";"86,0";"86,0";"80,0";"13,9";"14,0";"13,5";"955,0";"955,1";"954,9";"0,5";"270,0";"1,3";"";"0,0"
"12/04/2026";"0400";"15,8";"16,2";"15,4";"88,0";"89,0";"86,0";"13,8";"14,0";"13,4";"954,6";"955,0";"954,6";"0,2";"110,0";"1,4";"";"0,0"
"12/04/2026";"0500";"15,5";"16,0";"15,1";"90,0";"90,0";"87,0";"13,8";"14,0";"13,4";"954,2";"954,6";"954,2";"0,9";"155,0";"1,8";"";"0,0"
"12/04/2026";"0600";"15,7";"15,9";"15,1";"88,0";"90,0";"88,0";"13,8";"14,2";"13,4";"954,1";"954,2";"954,1";"2,1";"123,0";"4,2";"";"0,0"
"12/04/2026";"0700";"14,9";"16,2";"14,9";"88,0";"88,0";"86,0";"13,0";"14,0";"13,0";"954,0";"954,2";"954,0";"0,6";"353,0";"5,4";"";"0,0"
"12/04/2026";"0800";"14,2";"15,7";"14,2";"90,0";"90,0";"87,0";"12,5";"13,8";"12,5";"954,0";"954,1";"954,0";"1,3";"310,0";"3,2";"";"0,0"
"12/04/2026";"0900";"14,0";"14,4";"13,6";"93,0";"93,0";"90,0";"12,8";"13,0";"12,3";"954,3";"954,4";"954,0";"0,3";"265,0";"2,3";"";"0,0"
"12/04/2026";"1000";"14,8";"14,8";"13,5";"93,0";"93,0";"92,0";"13,6";"13,6";"12,2";"954,6";"954,7";"954,3";"0,4";"24,0";"2,1";"131,20";"0,0"
"12/04/2026";"1100";"17,9";"17,9";"14,7";"81,0";"93,0";"81,0";"14,7";"14,8";"13,4";"955,3";"955,3";"954,6";"2,5";"159,0";"3,6";"833,00";"0,0"
"12/04/2026";"1200";"21,4";"21,5";"18,0";"70,0";"81,0";"70,0";"15,8";"16,1";"14,7";"955,4";"955,4";"955,3";"3,6";"56,0";"6,2";"1649,60";"0,0"
"12/04/2026";"1300";"22,5";"23,1";"21,3";"64,0";"72,0";"64,0";"15,4";"16,8";"15,4";"955,3";"955,4";"955,2";"4,7";"36,0";"7,6";"2372,10";"0,0"
"12/04/2026";"1400";"24,1";"24,4";"22,3";"61,0";"66,0";"60,0";"16,0";"16,5";"15,3";"954,5";"955,3";"954,5";"5,3";"40,0";"8,0";"2908,10";"0,0"
"12/04/2026";"1500";"25,0";"25,5";"23,6";"57,0";"63,0";"55,0";"15,8";"17,1";"15,3";"953,4";"954,5";"953,4";"4,5";"38,0";"8,2";"3220,10";"0,0"
"12/04/2026";"1600";"26,4";"26,4";"24,6";"55,0";"60,0";"52,0";"16,5";"17,2";"15,4";"952,3";"953,4";"952,3";"3,5";"48,0";"7,8";"3260,10";"0,0"
"12/04/2026";"1700";"26,8";"27,4";"26,0";"50,0";"55,0";"49,0";"15,4";"17,2";"14,9";"951,7";"952,3";"951,7";"3,1";"11,0";"6,6";"2776,70";"0,0"
"12/04/2026";"1800";"27,3";"27,5";"26,5";"48,0";"53,0";"45,0";"15,3";"16,6";"14,2";"951,0";"951,6";"951,0";"2,8";"41,0";"6,6";"2272,60";"0,0"
"12/04/2026";"1900";"26,9";"27,4";"26,4";"52,0";"55,0";"47,0";"16,1";"16,7";"15,1";"950,9";"951,0";"950,9";"2,6";"28,0";"4,6";"1115,00";"0,0"
"12/04/2026";"2000";"26,4";"26,9";"25,6";"55,0";"56,0";"50,0";"16,6";"16,7";"15,5";"951,2";"951,2";"950,8";"2,0";"73,0";"4,9";"574,80";"0,0"
"12/04/2026";"2100";"22,6";"26,4";"22,6";"69,0";"69,0";"55,0";"16,8";"17,5";"16,7";"951,8";"951,8";"951,2";"4,7";"157,0";"7,3";"118,50";"0,0"
"12/04/2026";"2200";"21,1";"22,6";"21,1";"75,0";"75,0";"69,0";"16,4";"16,8";"16,4";"952,2";"952,2";"951,8";"2,5";"109,0";"7,2";"";"0,0"
"12/04/2026";"2300";"20,6";"21,1";"20,6";"77,0";"77,0";"75,0";"16,5";"16,5";"16,4";"952,6";"952,6";"952,2";"3,4";"154,0";"7,0";"";"0,0"
"13/04/2026";"0000";"19,6";"20,6";"19,6";"81,0";"81,0";"77,0";"16,3";"16,5";"16,3";"952,5";"952,7";"952,5";"3,5";"147,0";"6,4";"";"0,0"
"13/04/2026";"0100";"19,3";"19,7";"19,3";"83,0";"83,0";"81,0";"16,2";"16,5";"16,2";"952,5";"952,7";"952,5";"1,2";"137,0";"6,4";"";"0,0"
"13/04/2026";"0200";"18,0";"19,3";"17,9";"86,0";"86,0";"83,0";"15,7";"16,4";"15,5";"952,5";"952,5";"952,3";"1,1";"341,0";"3,1";"";"0,0"
"13/04/2026";"0300";"18,0";"18,6";"18,0";"87,0";"88,0";"86,0";"15,8";"16,3";"15,8";"952,5";"952,8";"952,5";"0,7";"54,0";"1,8";"";"0,0"
"13/04/2026";"0400";"17,4";"17,9";"17,2";"90,0";"90,0";"87,0";"15,8";"16,1";"15,3";"952,3";"952,5";"952,3";"0,5";"19,0";"1,9";"";"0,0"
"13/04/2026";"0500";"17,6";"18,0";"17,1";"90,0";"92,0";"89,0";"15,9";"16,6";"15,6";"951,7";"952,3";"951,6";"1,5";"182,0";"2,1";"";"0,0"
"13/04/2026";"0600";"16,6";"17,6";"16,6";"92,0";"92,0";"89,0";"15,4";"15,9";"15,2";"951,1";"951,7";"951,1";"0,4";"297,0";"2,4";"";"0,0"
"13/04/2026";"0700";"16,8";"16,8";"16,4";"92,0";"93,0";"92,0";"15,6";"15,6";"15,2";"951,0";"951,1";"950,9";"0,8";"172,0";"1,6";"";"0,0"
"13/04/2026";"0800";"16,2";"16,9";"16,2";"93,0";"93,0";"92,0";"14,9";"15,6";"14,9";"950,9";"951,0";"950,8";"0,4";"246,0";"1,5";"";"0,0"
"13/04/2026";"0900";"15,6";"16,5";"15,5";"93,0";"93,0";"93,0";"14,5";"15,4";"14,4";"951,2";"951,3";"950,9";"0,6";"144,0";"1,5";"";"0,0"
"13/04/2026";"1000";"16,1";"16,1";"15,4";"94,0";"94,0";"93,0";"15,1";"15,1";"14,3";"951,6";"951,6";"951,2";"0,4";"295,0";"2,2";"120,10";"0,0"
"13/04/2026";"1100";"19,8";"19,8";"16,1";"83,0";"94,0";"83,0";"16,9";"16,9";"15,2";"952,0";"952,0";"951,6";"0,6";"10,0";"1,6";"820,20";"0,0"
"13/04/2026";"1200";"21,7";"21,7";"19,8";"78,0";"83,0";"77,0";"17,7";"17,8";"16,5";"952,8";"952,8";"952,0";"2,9";"36,0";"4,9";"1276,00";"0,0"
"13/04/2026";"1300";"22,3";"23,0";"21,2";"71,0";"78,0";"69,0";"16,8";"17,5";"16,3";"952,8";"952,8";"952,7";"3,6";"20,0";"6,8";"1979,00";"0,0"
"13/04/2026";"1400";"24,1";"24,7";"22,1";"63,0";"73,0";"62,0";"16,7";"17,5";"16,4";"952,1";"952,8";"952,1";"3,4";"29,0";"6,3";"2831,60";"0,0"
"13/04/2026";"1500";"25,9";"26,0";"24,0";"54,0";"64,0";"54,0";"15,9";"17,3";"15,6";"951,7";"952,1";"951,6";"2,0";"66,0";"6,3";"3171,40";"0,0"
"13/04/2026";"1600";"26,5";"27,1";"25,5";"49,0";"59,0";"48,0";"14,8";"16,9";"14,4";"950,7";"951,7";"950,7";"1,9";"31,0";"4,8";"3212,40";"0,0"
"13/04/2026";"1700";"27,8";"28,0";"26,5";"35,0";"50,0";"33,0";"11,0";"15,2";"10,0";"949,8";"950,7";"949,8";"1,8";"198,0";"4,6";"2758,80";"0,0"
"13/04/2026";"1800";"27,0";"28,1";"26,8";"40,0";"43,0";"35,0";"12,3";"13,3";"11,5";"949,4";"949,8";"949,4";"1,0";"2,0";"4,0";"963,70";"0,0"
"13/04/2026";"1900";"26,4";"27,4";"26,3";"53,0";"54,0";"39,0";"16,1";"16,7";"11,9";"949,1";"949,4";"949,1";"1,1";"346,0";"4,1";"646,40";"0,0"
"13/04/2026";"2000";"25,6";"26,3";"25,1";"59,0";"62,0";"50,0";"16,9";"17,3";"14,9";"949,4";"949,4";"949,1";"2,4";"151,0";"4,5";"464,70";"0,0"
"13/04/2026";"2100";"23,3";"25,6";"23,2";"68,0";"68,0";"58,0";"17,1";"17,1";"16,5";"949,7";"949,7";"949,4";"2,9";"164,0";"5,3";"114,00";"0,0"
"13/04/2026";"2200";"22,0";"23,3";"22,0";"71,0";"71,0";"68,0";"16,5";"17,1";"16,4";"950,0";"950,0";"949,7";"3,7";"148,0";"6,7";"";"0,0"
"13/04/2026";"2300";"21,3";"22,0";"21,2";"72,0";"74,0";"71,0";"16,1";"16,6";"16,1";"950,4";"950,4";"950,0";"3,3";"155,0";"6,2";"";"0,0"
"14/04/2026";"0000";"20,5";"21,3";"20,1";"75,0";"78,0";"72,0";"15,9";"16,4";"15,9";"950,5";"950,7";"950,4";"2,1";"130,0";"5,8";"";"0,0"
"14/04/2026";"0100";"20,0";"20,6";"19,3";"79,0";"83,0";"75,0";"16,1";"16,5";"15,8";"950,5";"950,6";"950,4";"1,0";"189,0";"3,9";"";"0,0"
"14/04/2026";"0200";"17,7";"20,0";"17,7";"89,0";"89,0";"78,0";"15,8";"16,3";"15,5";"950,4";"950,5";"950,4";"0,5";"28,0";"1,8";"";"0,0"
"14/04/2026";"0300";"17,9";"18,3";"17,6";"89,0";"90,0";"89,0";"16,1";"16,5";"15,8";"950,0";"950,4";"949,9";"0,5";"112,0";"1,9";"";"0,0"
"14/04/2026";"0400";"17,7";"18,0";"16,7";"91,0";"91,0";"88,0";"16,1";"16,1";"14,9";"950,0";"950,0";"949,8";"0,9";"101,0";"2,1";"";"0,0"
"14/04/2026";"0500";"17,1";"18,0";"16,8";"89,0";"91,0";"86,0";"15,3";"16,2";"14,7";"949,6";"950,0";"949,6";"0,7";"312,0";"2,2";"";"0,0"
"14/04/2026";"0600";"17,0";"17,6";"16,4";"92,0";"92,0";"88,0";"15,6";"15,8";"14,7";"949,7";"949,7";"949,6";"0,6";"258,0";"1,8";"";"0,0"
"14/04/2026";"0700";"17,1";"17,1";"16,6";"91,0";"92,0";"90,0";"15,5";"15,6";"15,0";"949,6";"949,7";"949,6";"0,5";"11,0";"2,0";"";"0,0"
"14/04/2026";"0800";"17,4";"17,7";"17,0";"87,0";"91,0";"86,0";"15,3";"15,8";"15,3";"949,8";"949,8";"949,6";"3,5";"163,0";"5,7";"";"0,0"
"14/04/2026";"0900";"16,5";"17,4";"16,5";"90,0";"90,0";"87,0";"14,7";"15,3";"14,7";"950,5";"950,5";"949,8";"3,4";"161,0";"5,7";"";"0,0"
"14/04/2026";"1000";"17,4";"17,4";"16,4";"88,0";"90,0";"88,0";"15,4";"15,5";"14,7";"950,9";"950,9";"950,5";"0,9";"59,0";"4,7";"45,20";"0,0"
"14/04/2026";"1100";"18,4";"18,4";"17,4";"86,0";"88,0";"85,0";"15,9";"16,0";"15,3";"951,8";"951,8";"950,8";"1,2";"23,0";"2,6";"274,70";"0,0"
"14/04/2026";"1200";"21,2";"21,4";"18,4";"71,0";"86,0";"70,0";"15,8";"16,2";"15,3";"952,0";"952,0";"951,8";"1,3";"43,0";"2,6";"1209,30";"0,0"
"14/04/2026";"1300";"22,7";"23,1";"21,0";"65,0";"73,0";"64,0";"15,8";"16,8";"15,5";"951,7";"952,0";"951,7";"1,9";"41,0";"3,8";"2445,40";"0,0"
"14/04/2026";"1400";"23,7";"24,3";"22,1";"60,0";"67,0";"57,0";"15,4";"16,5";"14,6";"951,0";"951,7";"951,0";"2,6";"48,0";"4,8";"2785,90";"0,0"
"14/04/2026";"1500";"25,5";"25,5";"23,5";"54,0";"60,0";"53,0";"15,6";"16,2";"14,5";"950,0";"951,0";"950,0";"1,1";"119,0";"7,5";"2952,70";"0,0"
"14/04/2026";"1600";"25,4";"25,9";"24,7";"49,0";"55,0";"48,0";"14,0";"15,6";"13,7";"949,0";"950,0";"949,0";"1,8";"336,0";"7,1";"3299,70";"0,0"
"14/04/2026";"1700";"26,9";"26,9";"25,4";"45,0";"51,0";"44,0";"13,9";"15,2";"13,4";"948,3";"949,1";"948,3";"1,2";"350,0";"5,1";"2832,70";"0,0"
"14/04/2026";"1800";"26,8";"27,3";"26,2";"43,0";"47,0";"41,0";"13,2";"14,1";"12,9";"947,8";"948,3";"947,8";"1,8";"352,0";"3,8";"2293,10";"0,0"
"14/04/2026";"1900";"27,7";"27,7";"26,5";"40,0";"46,0";"40,0";"13,0";"14,1";"12,8";"947,6";"947,8";"947,6";"1,0";"74,0";"3,6";"1622,30";"0,0"
"14/04/2026";"2000";"26,7";"28,0";"26,2";"44,0";"46,0";"38,0";"13,5";"14,0";"11,9";"947,6";"947,7";"947,5";"0,4";"192,0";"2,5";"671,20";"0,0"
"14/04/2026";"2100";"22,8";"26,8";"22,8";"66,0";"67,0";"44,0";"16,2";"16,3";"13,5";"948,2";"948,3";"947,6";"4,2";"152,0";"6,6";"86,70";"0,0"
"14/04/2026";"2200";"20,9";"22,9";"20,9";"73,0";"73,0";"66,0";"16,0";"16,4";"16,0";"948,9";"948,9";"948,2";"2,6";"136,0";"6,6";"";"0,0"
"14/04/2026";"2300";"20,2";"20,9";"20,1";"75,0";"76,0";"73,0";"15,6";"16,0";"15,6";"949,6";"949,6";"948,9";"4,8";"151,0";"7,7";"";"0,0"
"15/04/2026";"0000";"19,9";"20,2";"19,9";"75,0";"76,0";"75,0";"15,4";"15,7";"15,4";"950,1";"950,1";"949,6";"2,3";"158,0";"7,7";"";"0,0"
"15/04/2026";"0100";"19,0";"19,9";"19,0";"79,0";"79,0";"76,0";"15,2";"15,4";"15,2";"950,2";"950,2";"950,1";"3,5";"158,0";"6,0";"";"0,0"
"15/04/2026";"0200";"17,8";"19,1";"17,7";"84,0";"84,0";"78,0";"15,0";"15,3";"14,9";"950,4";"950,4";"950,2";"0,6";"139,0";"5,3";"";"0,0"
"15/04/2026";"0300";"16,6";"17,8";"16,6";"88,0";"88,0";"84,0";"14,7";"15,1";"14,5";"950,3";"950,5";"950,2";"0,4";"41,0";"2,4";"";"0,0"
"15/04/2026";"0400";"16,0";"16,7";"16,0";"89,0";"89,0";"88,0";"14,2";"14,8";"14,2";"949,8";"950,3";"949,8";"0,5";"184,0";"1,8";"";"0,0"
"15/04/2026";"0500";"15,5";"16,5";"15,3";"90,0";"90,0";"88,0";"13,9";"14,8";"13,5";"949,4";"949,8";"949,4";"0,5";"264,0";"1,8";"";"0,0"
"15/04/2026";"0600";"15,2";"15,8";"14,9";"91,0";"92,0";"90,0";"13,8";"14,4";"13,4";"949,1";"949,4";"949,1";"1,1";"318,0";"1,8";"";"0,0"
"15/04/2026";"0700";"14,8";"15,5";"14,8";"91,0";"92,0";"91,0";"13,4";"14,2";"13,4";"949,2";"949,2";"949,0";"0,7";"306,0";"1,8";"";"0,0"
"15/04/2026";"0800";"14,5";"14,9";"14,2";"93,0";"93,0";"91,0";"13,3";"13,7";"12,9";"949,5";"949,5";"949,1";"0,6";"241,0";"1,5";"";"0,0"
"15/04/2026";"0900";"13,9";"14,6";"13,8";"92,0";"93,0";"91,0";"12,7";"13,4";"12,5";"950,7";"950,7";"949,5";"0,8";"211,0";"2,2";"";"0,0"
"15/04/2026";"1000";"15,0";"15,0";"13,6";"92,0";"93,0";"92,0";"13,6";"13,6";"12,4";"951,4";"951,4";"950,7";"1,2";"313,0";"2,6";"115,40";"0,0"
"15/04/2026";"1100";"18,0";"18,0";"15,0";"82,0";"92,0";"82,0";"14,9";"15,1";"13,6";"952,0";"952,0";"951,4";"0,3";"319,0";"2,8";"828,70";"0,0"
"15/04/2026";"1200";"19,6";"20,2";"17,6";"74,0";"82,0";"73,0";"14,8";"16,0";"14,3";"952,5";"952,5";"951,9";"0,8";"189,0";"3,1";"1645,30";"0,0"
"15/04/2026";"1300";"22,7";"22,7";"19,6";"62,0";"76,0";"61,0";"15,0";"15,8";"14,7";"952,2";"952,5";"952,2";"1,2";"94,0";"4,1";"2327,30";"0,0"
"15/04/2026";"1400";"23,8";"24,3";"22,3";"55,0";"63,0";"51,0";"14,1";"15,2";"12,9";"951,7";"952,2";"951,7";"1,2";"316,0";"5,1";"2844,70";"0,0"
"15/04/2026";"1500";"25,5";"25,7";"23,7";"47,0";"55,0";"46,0";"13,3";"14,6";"12,5";"950,8";"951,7";"950,7";"1,7";"100,0";"5,9";"3160,00";"0,0"
"15/04/2026";"1600";"26,2";"26,9";"25,1";"44,0";"49,0";"43,0";"13,0";"14,4";"12,4";"949,9";"950,8";"949,9";"2,2";"27,0";"5,4";"3176,90";"0,0"
"15/04/2026";"1700";"27,1";"27,1";"26,1";"40,0";"46,0";"40,0";"12,4";"13,8";"12,3";"949,0";"949,9";"949,0";"2,3";"49,0";"5,5";"2720,30";"0,0"
"15/04/2026";"1800";"27,2";"27,7";"26,7";"34,0";"42,0";"32,0";"10,1";"13,2";"9,1";"948,3";"949,0";"948,3";"2,4";"37,0";"5,5";"2290,70";"0,0"
"15/04/2026";"1900";"27,1";"27,5";"26,7";"37,0";"38,0";"32,0";"11,0";"11,6";"9,2";"948,0";"948,3";"948,0";"2,6";"38,0";"5,4";"1638,70";"0,0"
"15/04/2026";"2000";"26,4";"27,1";"26,4";"40,0";"43,0";"34,0";"11,7";"13,0";"9,9";"947,9";"948,0";"947,9";"1,5";"21,0";"5,1";"850,80";"0,0"
"15/04/2026";"2100";"21,9";"26,4";"21,9";"66,0";"66,0";"40,0";"15,2";"15,2";"12,0";"948,0";"948,0";"947,7";"0,7";"52,0";"2,5";"92,20";"0,0"
"15/04/2026";"2200";"21,3";"21,9";"19,5";"73,0";"76,0";"66,0";"16,2";"16,3";"15,0";"948,6";"948,6";"948,0";"2,1";"166,0";"4,0";"";"0,0"
"15/04/2026";"2300";"20,6";"21,3";"20,6";"78,0";"79,0";"73,0";"16,7";"16,8";"16,2";"949,3";"949,3";"948,6";"2,3";"163,0";"4,8";"";"0,0"
"16/04/2026";"0000";"19,9";"20,8";"19,9";"78,0";"79,0";"77,0";"16,1";"16,8";"16,0";"949,4";"949,4";"949,2";"2,7";"149,0";"6,8";"";"0,0"
"16/04/2026";"0100";"19,4";"20,1";"19,3";"78,0";"79,0";"77,0";"15,6";"16,2";"15,5";"949,9";"949,9";"949,4";"2,2";"189,0";"5,2";"";"0,0"
"16/04/2026";"0200";"18,8";"19,5";"18,3";"81,0";"82,0";"78,0";"15,4";"15,6";"14,9";"950,1";"950,2";"949,8";"0,8";"62,0";"4,7";"";"0,0"
"16/04/2026";"0300";"17,5";"18,9";"17,5";"85,0";"85,0";"80,0";"14,9";"15,5";"14,9";"950,1";"950,1";"950,0";"0,3";"261,0";"2,0";"";"0,0"
"16/04/2026";"0400";"16,9";"17,7";"16,5";"88,0";"90,0";"85,0";"14,9";"15,3";"14,4";"949,7";"950,2";"949,7";"1,0";"269,0";"1,5";"";"0,0"
"16/04/2026";"0500";"15,7";"17,1";"15,6";"90,0";"90,0";"87,0";"14,1";"15,1";"14,0";"949,4";"949,7";"949,4";"0,5";"233,0";"1,7";"";"0,0"
"16/04/2026";"0600";"15,5";"15,7";"15,3";"90,0";"92,0";"90,0";"14,0";"14,3";"13,8";"949,2";"949,4";"949,2";"0,6";"278,0";"1,2";"";"0,0"
"16/04/2026";"0700";"14,7";"15,7";"14,7";"91,0";"92,0";"90,0";"13,3";"14,1";"13,3";"948,9";"949,2";"948,9";"0,7";"343,0";"1,4";"";"0,0"
"16/04/2026";"0800";"15,0";"15,3";"14,4";"93,0";"93,0";"91,0";"13,9";"14,2";"13,1";"948,8";"948,9";"948,7";"0,6";"328,0";"1,3";"";"0,0"
"16/04/2026";"0900";"14,5";"15,0";"14,3";"93,0";"93,0";"92,0";"13,4";"13,8";"13,1";"949,4";"949,4";"948,8";"0,9";"156,0";"1,7";"";"0,0"
"16/04/2026";"1000";"15,3";"15,3";"13,8";"93,0";"93,0";"92,0";"14,2";"14,2";"12,6";"949,4";"949,5";"949,4";"0,5";"222,0";"1,7";"119,40";"0,0"
"16/04/2026";"1100";"17,8";"18,1";"15,3";"85,0";"93,0";"84,0";"15,2";"15,6";"14,2";"949,9";"950,0";"949,4";"0,9";"87,0";"1,5";"671,40";"0,0"
"16/04/2026";"1200";"19,4";"19,7";"17,6";"80,0";"87,0";"80,0";"15,9";"16,6";"15,2";"950,0";"950,0";"949,8";"1,3";"78,0";"3,3";"1292,20";"0,0"
"16/04/2026";"1300";"22,6";"22,9";"19,4";"67,0";"80,0";"67,0";"16,2";"17,0";"16,0";"949,5";"950,0";"949,5";"2,7";"52,0";"4,7";"2283,80";"0,0"
"16/04/2026";"1400";"24,8";"25,1";"22,5";"59,0";"69,0";"55,0";"16,2";"16,9";"15,4";"948,7";"949,5";"948,7";"1,8";"16,0";"5,6";"2786,50";"0,0"
"16/04/2026";"1500";"25,7";"26,5";"24,4";"50,0";"60,0";"49,0";"14,6";"16,9";"14,2";"948,0";"948,7";"948,0";"2,1";"4,0";"4,9";"3058,00";"0,0"
"16/04/2026";"1600";"26,6";"28,0";"25,7";"45,0";"51,0";"40,0";"13,7";"15,5";"12,6";"947,1";"948,0";"947,1";"1,9";"52,0";"4,3";"2957,10";"0,0"
"16/04/2026";"1700";"27,9";"28,1";"26,6";"36,0";"45,0";"31,0";"11,6";"13,9";"9,3";"946,4";"947,2";"946,4";"1,2";"97,0";"3,5";"2443,70";"0,0"
"16/04/2026";"1800";"27,3";"28,4";"27,0";"37,0";"40,0";"32,0";"11,5";"12,3";"9,6";"945,7";"946,4";"945,7";"1,5";"112,0";"4,4";"1904,30";"0,0"
"16/04/2026";"1900";"27,5";"28,2";"27,4";"36,0";"39,0";"34,0";"11,2";"12,7";"10,6";"945,6";"945,7";"945,4";"1,5";"358,0";"3,7";"1415,90";"0,0"
"16/04/2026";"2000";"26,9";"28,0";"26,8";"41,0";"42,0";"36,0";"12,6";"13,1";"11,1";"945,6";"945,7";"945,6";"1,3";"116,0";"2,9";"604,60";"0,0"
"16/04/2026";"2100";"22,0";"26,9";"22,0";"68,0";"68,0";"41,0";"15,8";"15,8";"12,6";"945,6";"945,6";"945,4";"0,3";"317,0";"3,3";"82,50";"0,0"
"16/04/2026";"2200";"20,1";"22,0";"19,4";"73,0";"81,0";"67,0";"15,2";"16,8";"14,8";"946,0";"946,0";"945,6";"1,6";"327,0";"2,7";"";"0,0"
"16/04/2026";"2300";"20,0";"21,2";"19,7";"79,0";"79,0";"73,0";"16,2";"16,8";"15,0";"946,6";"946,6";"946,0";"0,7";"323,0";"3,2";"";"0,0"
"17/04/2026";"0000";"20,8";"21,1";"19,9";"77,0";"81,0";"77,0";"16,6";"17,2";"16,3";"946,7";"946,8";"946,5";"2,0";"129,0";"6,1";"";"0,0"
"17/04/2026";"0100";"19,1";"20,9";"19,1";"82,0";"82,0";"77,0";"15,9";"16,8";"15,9";"946,8";"946,9";"946,6";"0,5";"350,0";"5,4";"";"0,0"
"17/04/2026";"0200";"18,1";"19,1";"17,9";"88,0";"88,0";"82,0";"16,1";"16,4";"15,6";"946,6";"946,8";"946,6";"0,4";"97,0";"1,8";"";"0,0"
"17/04/2026";"0300";"17,4";"18,2";"17,0";"90,0";"91,0";"88,0";"15,8";"16,2";"15,3";"946,4";"946,6";"946,2";"1,5";"236,0";"2,0";"";"0,0"
"17/04/2026";"0400";"16,3";"17,5";"16,2";"92,0";"92,0";"89,0";"14,9";"15,9";"14,8";"946,1";"946,4";"946,1";"0,6";"333,0";"2,0";"";"0,0"
"17/04/2026";"0500";"15,7";"16,3";"15,7";"93,0";"93,0";"92,0";"14,6";"15,1";"14,5";"945,9";"946,2";"945,9";"0,5";"247,0";"1,0";"";"0,0"
"17/04/2026";"0600";"15,1";"16,0";"15,1";"93,0";"94,0";"93,0";"14,0";"15,0";"14,0";"945,8";"946,0";"945,8";"0,3";"174,0";"1,7";"";"0,0"
"17/04/2026";"0700";"15,3";"15,6";"14,9";"93,0";"93,0";"92,0";"14,2";"14,5";"13,7";"945,5";"945,9";"945,5";"0,5";"27,0";"1,1";"";"0,0"
"17/04/2026";"0800";"16,4";"16,4";"15,3";"92,0";"93,0";"92,0";"15,1";"15,3";"14,2";"945,6";"945,6";"945,4";"0,6";"310,0";"1,4";"";"0,0"
"17/04/2026";"0900";"17,1";"17,4";"16,4";"91,0";"92,0";"91,0";"15,6";"15,9";"15,2";"945,9";"945,9";"945,5";"0,5";"353,0";"1,3";"1,40";"0,0"
"17/04/2026";"1000";"18,2";"18,2";"17,0";"91,0";"91,0";"90,0";"16,7";"16,7";"15,5";"946,5";"946,5";"945,9";"1,6";"63,0";"2,7";"35,00";"0,0"
"17/04/2026";"1100";"18,7";"18,8";"18,2";"89,0";"91,0";"89,0";"16,9";"17,1";"16,7";"947,4";"947,4";"946,5";"2,7";"76,0";"4,4";"222,20";"0,0"
"17/04/2026";"1200";"20,1";"20,1";"18,7";"85,0";"89,0";"85,0";"17,6";"17,6";"16,8";"947,5";"947,7";"947,3";"3,1";"53,0";"5,1";"557,10";"0,0"
"17/04/2026";"1300";"22,4";"22,6";"19,9";"74,0";"85,0";"74,0";"17,6";"18,1";"16,9";"947,3";"947,6";"947,3";"1,5";"9,0";"5,5";"1664,00";"0,0"
"17/04/2026";"1400";"24,0";"24,2";"22,1";"67,0";"74,0";"67,0";"17,6";"18,2";"17,1";"946,6";"947,3";"946,6";"1,6";"39,0";"4,3";"2686,90";"0,0"
"17/04/2026";"1500";"25,9";"26,8";"24,0";"54,0";"68,0";"53,0";"15,9";"18,2";"15,9";"945,7";"946,6";"945,7";"1,0";"355,0";"3,9";"2963,90";"0,0"
"17/04/2026";"1600";"27,8";"27,8";"25,9";"49,0";"57,0";"48,0";"16,2";"17,4";"15,7";"944,7";"945,7";"944,7";"0,8";"311,0";"3,4";"2972,40";"0,0"
"17/04/2026";"1700";"29,0";"29,0";"27,6";"43,0";"51,0";"43,0";"15,2";"16,7";"14,5";"943,8";"944,7";"943,8";"1,0";"266,0";"3,8";"2526,90";"0,0"
"17/04/2026";"1800";"29,1";"29,4";"28,3";"39,0";"44,0";"38,0";"13,7";"15,3";"13,1";"943,4";"943,8";"943,4";"3,2";"212,0";"5,5";"2044,80";"0,0"
"17/04/2026";"1900";"28,9";"29,5";"28,8";"37,0";"41,0";"37,0";"12,9";"14,3";"12,6";"943,3";"943,4";"943,1";"1,9";"223,0";"5,4";"1498,40";"0,0"
"17/04/2026";"2000";"28,3";"29,1";"28,3";"40,0";"41,0";"37,0";"13,4";"13,7";"12,7";"943,3";"943,4";"943,2";"1,5";"211,0";"4,0";"759,90";"0,0"
"17/04/2026";"2100";"22,7";"28,3";"22,6";"69,0";"69,0";"40,0";"16,7";"16,9";"13,5";"943,3";"943,4";"943,2";"0,6";"312,0";"3,1";"92,00";"0,0"
"17/04/2026";"2200";"21,2";"23,5";"21,1";"76,0";"76,0";"65,0";"16,7";"17,5";"16,3";"943,8";"943,9";"943,3";"0,4";"315,0";"2,0";"";"0,0"
"17/04/2026";"2300";"19,5";"21,5";"19,5";"84,0";"85,0";"75,0";"16,7";"17,4";"16,7";"944,2";"944,3";"943,8";"0,3";"215,0";"0,9";"";"0,0"
"18/04/2026";"0000";"19,1";"20,3";"19,0";"86,0";"87,0";"83,0";"16,7";"17,4";"16,7";"944,7";"944,7";"944,2";"0,2";"246,0";"0,9";"";"0,0"
"18/04/2026";"0100";"18,1";"19,6";"18,1";"88,0";"88,0";"82,0";"16,0";"16,9";"15,8";"945,1";"945,1";"944,7";"0,3";"298,0";"1,1";"";"0,0"
"18/04/2026";"0200";"17,8";"18,7";"17,6";"90,0";"90,0";"85,0";"16,2";"16,5";"15,7";"945,2";"945,3";"945,1";"0,5";"123,0";"1,4";"";"0,0"
"18/04/2026";"0300";"17,6";"18,4";"17,3";"89,0";"90,0";"87,0";"15,8";"16,5";"15,5";"944,7";"945,2";"944,7";"0,8";"311,0";"1,3";"";"0,0"
"18/04/2026";"0400";"16,7";"17,7";"16,7";"89,0";"90,0";"88,0";"14,8";"15,9";"14,8";"944,6";"944,7";"944,4";"0,7";"312,0";"1,5";"";"0,0"
"18/04/2026";"0500";"16,4";"17,2";"16,3";"89,0";"91,0";"89,0";"14,6";"15,6";"14,6";"944,1";"944,7";"944,1";"0,7";"284,0";"1,5";"";"0,0"
"18/04/2026";"0600";"16,2";"16,8";"16,1";"91,0";"91,0";"89,0";"14,7";"15,2";"14,5";"944,2";"944,2";"944,1";"1,0";"223,0";"1,7";"";"0,0"
"18/04/2026";"0700";"16,2";"16,8";"15,6";"90,0";"92,0";"90,0";"14,6";"15,4";"14,0";"944,3";"944,5";"944,1";"1,2";"322,0";"2,5";"";"0,0"
"18/04/2026";"0800";"17,8";"17,8";"16,0";"84,0";"91,0";"84,0";"15,0";"15,6";"14,4";"944,6";"945,1";"944,3";"1,3";"93,0";"5,9";"";"0,0"
"18/04/2026";"0900";"18,4";"19,0";"17,7";"83,0";"84,0";"80,0";"15,4";"15,6";"14,9";"944,9";"945,0";"944,6";"1,6";"143,0";"4,2";"";"0,0"
"18/04/2026";"1000";"18,7";"19,1";"17,4";"84,0";"86,0";"82,0";"15,9";"16,4";"14,7";"945,6";"945,6";"944,9";"0,8";"191,0";"2,7";"94,30";"0,0"
"18/04/2026";"1100";"20,0";"20,3";"18,6";"82,0";"85,0";"78,0";"16,7";"16,8";"15,9";"945,9";"946,0";"945,6";"0,9";"63,0";"2,9";"479,00";"0,0"
"18/04/2026";"1200";"22,5";"22,6";"19,8";"73,0";"83,0";"73,0";"17,4";"17,8";"16,6";"945,2";"946,0";"945,2";"2,4";"53,0";"4,0";"1347,40";"0,0"
"18/04/2026";"1300";"23,7";"24,7";"22,4";"67,0";"74,0";"63,0";"17,3";"17,9";"16,8";"945,4";"945,7";"945,2";"2,1";"121,0";"4,0";"1578,60";"0,0"
"18/04/2026";"1400";"24,4";"24,6";"23,7";"64,0";"68,0";"64,0";"17,1";"17,8";"16,8";"944,8";"945,4";"944,8";"1,6";"198,0";"3,6";"953,40";"0,0"
"18/04/2026";"1500";"26,7";"27,0";"24,4";"58,0";"65,0";"55,0";"17,9";"17,9";"16,6";"944,0";"944,8";"944,0";"1,4";"261,0";"4,2";"2108,60";"0,0"
"18/04/2026";"1600";"29,0";"29,0";"26,7";"50,0";"58,0";"49,0";"17,5";"18,4";"16,9";"943,2";"944,0";"943,2";"1,8";"217,0";"4,3";"2931,80";"0,0"
"18/04/2026";"1700";"29,9";"30,1";"28,7";"43,0";"50,0";"43,0";"15,9";"17,5";"15,8";"942,5";"943,2";"942,5";"2,3";"243,0";"5,8";"2927,40";"0,0"
"18/04/2026";"1800";"30,3";"30,7";"29,8";"47,0";"47,0";"42,0";"17,6";"17,6";"15,8";"942,0";"942,6";"942,0";"2,8";"206,0";"5,6";"2370,00";"0,0"
"18/04/2026";"1900";"29,0";"30,8";"29,0";"49,0";"49,0";"44,0";"17,1";"18,1";"16,8";"941,8";"942,0";"941,7";"1,2";"47,0";"4,9";"1467,70";"0,0"
"18/04/2026";"2000";"27,2";"29,0";"26,9";"58,0";"60,0";"49,0";"18,2";"18,7";"17,2";"941,9";"941,9";"941,7";"2,6";"355,0";"4,7";"213,70";"0,0"
"18/04/2026";"2100";"25,3";"27,4";"25,2";"68,0";"69,0";"56,0";"19,0";"19,1";"17,9";"942,6";"942,6";"941,9";"0,6";"92,0";"4,7";"36,20";"0,0"
"18/04/2026";"2200";"23,4";"25,5";"23,3";"76,0";"76,0";"67,0";"19,0";"19,2";"18,6";"942,5";"942,7";"942,1";"1,1";"104,0";"4,0";"";"0,0"
"18/04/2026";"2300";"22,1";"23,7";"21,8";"83,0";"84,0";"76,0";"19,0";"19,4";"18,5";"943,5";"943,5";"942,5";"0,8";"170,0";"1,9";"";"0,0"
"19/04/2026";"0000";"21,6";"22,9";"20,8";"86,0";"89,0";"80,0";"19,2";"19,6";"18,4";"944,3";"944,3";"943,4";"0,9";"12,0";"2,0";"";"0,0"
"19/04/2026";"0100";"21,4";"21,8";"20,9";"85,0";"88,0";"85,0";"18,7";"19,4";"18,7";"944,6";"944,7";"944,3";"1,1";"117,0";"2,8";"";"0,0"
"19/04/2026";"0200";"20,0";"21,4";"19,9";"89,0";"89,0";"85,0";"18,1";"19,0";"18,0";"944,8";"944,9";"944,6";"1,2";"222,0";"2,6";"";"0,0"
"19/04/2026";"0300";"20,5";"20,9";"20,0";"88,0";"90,0";"87,0";"18,5";"18,8";"18,2";"945,3";"945,3";"944,8";"1,1";"223,0";"2,2";"";"0,0"
"19/04/2026";"0400";"20,3";"20,8";"20,1";"89,0";"89,0";"87,0";"18,3";"18,7";"17,9";"945,5";"945,5";"945,3";"1,3";"281,0";"2,1";"";"0,0"
"19/04/2026";"0500";"19,9";"20,3";"19,4";"90,0";"91,0";"88,0";"18,2";"18,5";"17,6";"945,5";"945,6";"945,4";"1,2";"218,0";"2,1";"";"0,0"
"19/04/2026";"0600";"20,0";"20,3";"19,8";"90,0";"90,0";"88,0";"18,3";"18,5";"18,0";"945,4";"945,6";"945,4";"1,7";"224,0";"2,8";"";"0,0"
"19/04/2026";"0700";"19,4";"20,4";"19,3";"91,0";"91,0";"89,0";"17,9";"18,7";"17,7";"945,5";"945,5";"945,2";"1,5";"202,0";"2,8";"";"0,0"
"19/04/2026";"0800";"18,9";"19,4";"18,7";"93,0";"93,0";"91,0";"17,7";"18,1";"17,3";"945,7";"945,7";"945,5";"0,8";"199,0";"2,1";"";"0,0"
"19/04/2026";"0900";"17,9";"18,9";"17,9";"93,0";"93,0";"92,0";"16,8";"17,7";"16,8";"946,4";"946,4";"945,7";"1,4";"207,0";"1,8";"";"0,0"
"19/04/2026";"1000";"18,2";"18,3";"17,9";"94,0";"94,0";"93,0";"17,1";"17,4";"16,7";"947,2";"947,2";"946,4";"0,7";"38,0";"2,2";"80,20";"0,0"
"19/04/2026";"1100";"21,1";"21,1";"18,2";"85,0";"94,0";"85,0";"18,5";"18,6";"17,2";"947,8";"947,8";"947,2";"0,9";"220,0";"1,6";"708,60";"0,0"
"19/04/2026";"1200";"23,3";"23,3";"21,1";"71,0";"85,0";"70,0";"17,7";"18,8";"17,4";"948,3";"948,3";"947,8";"1,6";"191,0";"3,7";"1520,10";"0,0"
"19/04/2026";"1300";"24,6";"24,9";"23,2";"59,0";"71,0";"55,0";"16,0";"17,6";"15,0";"948,6";"948,6";"948,3";"2,1";"267,0";"3,7";"2173,50";"0,0"
"19/04/2026";"1400";"26,2";"26,3";"24,4";"53,0";"61,0";"52,0";"15,9";"17,1";"15,3";"948,2";"948,6";"948,2";"2,1";"240,0";"4,7";"2694,20";"0,0"
"19/04/2026";"1500";"27,1";"27,1";"25,7";"50,0";"54,0";"49,0";"15,7";"16,3";"14,8";"947,6";"948,2";"947,6";"1,7";"290,0";"4,4";"2938,20";"0,0"
"19/04/2026";"1600";"28,4";"28,8";"26,8";"48,0";"51,0";"46,0";"16,4";"16,4";"15,3";"947,0";"947,6";"947,0";"2,0";"263,0";"4,2";"2981,20";"0,0"
"19/04/2026";"1700";"28,5";"28,8";"27,5";"45,0";"49,0";"43,0";"15,3";"16,2";"14,8";"946,3";"947,0";"946,3";"2,2";"188,0";"4,3";"2288,00";"0,0"
"19/04/2026";"1800";"29,0";"29,5";"28,4";"42,0";"46,0";"41,0";"14,7";"15,8";"14,4";"945,9";"946,4";"945,9";"2,6";"239,0";"5,9";"2125,20";"0,0"
"19/04/2026";"1900";"28,6";"29,6";"28,3";"45,0";"46,0";"40,0";"15,3";"15,9";"14,3";"945,8";"946,0";"945,8";"3,6";"155,0";"6,0";"1521,60";"0,0"
"19/04/2026";"2000";"27,2";"28,6";"27,2";"47,0";"47,0";"44,0";"14,9";"15,5";"14,5";"946,0";"946,0";"945,8";"2,2";"153,0";"5,4";"765,70";"0,0"
"19/04/2026";"2100";"24,5";"27,2";"24,5";"60,0";"60,0";"46,0";"16,2";"16,2";"14,5";"946,5";"946,5";"946,0";"3,0";"164,0";"5,1";"88,30";"0,0"
"19/04/2026";"2200";"22,3";"24,4";"22,2";"69,0";"69,0";"60,0";"16,2";"16,3";"15,8";"947,2";"947,2";"946,5";"4,7";"160,0";"8,9";"";"0,0"
"19/04/2026";"2300";"20,7";"22,3";"20,7";"74,0";"75,0";"69,0";"15,9";"16,6";"15,9";"948,2";"948,2";"947,2";"3,5";"155,0";"8,9";"";"0,0"
"20/04/2026";"0000";"20,0";"20,7";"20,0";"75,0";"75,0";"74,0";"15,4";"16,0";"15,3";"949,1";"949,1";"948,2";"3,3";"213,0";"7,0";"";"0,0"
"20/04/2026";"0100";"19,4";"20,0";"19,0";"77,0";"79,0";"75,0";"15,3";"15,5";"15,2";"949,4";"949,4";"949,1";"3,2";"202,0";"6,9";"";"0,0"
"20/04/2026";"0200";"18,8";"19,4";"18,5";"81,0";"81,0";"77,0";"15,4";"15,4";"15,1";"949,6";"949,6";"949,3";"1,8";"233,0";"5,3";"";"0,0"
"20/04/2026";"0300";"18,1";"19,2";"18,1";"83,0";"83,0";"79,0";"15,2";"15,6";"15,1";"950,1";"950,1";"949,6";"2,0";"225,0";"2,9";"";"0,0"
"20/04/2026";"0400";"17,6";"18,3";"17,2";"86,0";"88,0";"83,0";"15,2";"15,4";"14,9";"950,2";"950,2";"950,1";"1,8";"233,0";"3,4";"";"0,0"
"20/04/2026";"0500";"17,4";"18,1";"17,4";"86,0";"86,0";"84,0";"15,1";"15,5";"15,1";"950,0";"950,2";"950,0";"2,0";"222,0";"2,9";"";"0,0"
"20/04/2026";"0600";"17,0";"17,4";"16,3";"87,0";"89,0";"86,0";"14,8";"15,1";"14,1";"949,9";"950,0";"949,9";"1,4";"246,0";"2,8";"";"0,0"
"20/04/2026";"0700";"16,3";"17,4";"16,3";"88,0";"88,0";"85,0";"14,3";"15,0";"14,2";"950,0";"950,1";"949,8";"1,0";"219,0";"2,4";"";"0,0"
"20/04/2026";"0800";"15,3";"16,3";"15,2";"91,0";"92,0";"88,0";"14,0";"14,3";"13,6";"950,3";"950,3";"950,0";"0,8";"254,0";"1,5";"";"0,0"
"20/04/2026";"0900";"14,9";"15,4";"14,1";"93,0";"93,0";"90,0";"13,7";"13,9";"12,8";"950,7";"950,7";"950,3";"1,8";"177,0";"3,3";"";"0,0"
"20/04/2026";"1000";"15,6";"15,6";"14,4";"92,0";"93,0";"91,0";"14,2";"14,2";"13,1";"951,5";"951,6";"950,7";"0,6";"115,0";"3,3";"106,50";"0,0"
"20/04/2026";"1100";"17,9";"18,0";"15,6";"84,0";"92,0";"83,0";"15,1";"15,4";"14,1";"951,8";"951,8";"951,5";"0,8";"200,0";"3,9";"776,20";"0,0"
"20/04/2026";"1200";"20,8";"21,0";"17,9";"72,0";"84,0";"72,0";"15,6";"16,1";"14,9";"952,2";"952,2";"951,8";"0,8";"338,0";"2,6";"1604,50";"0,0"
"20/04/2026";"1300";"22,3";"22,4";"20,3";"64,0";"74,0";"63,0";"15,2";"16,4";"14,7";"952,1";"952,2";"952,1";"1,4";"68,0";"3,5";"2232,70";"0,0"
"20/04/2026";"1400";"24,0";"24,4";"22,1";"53,0";"64,0";"53,0";"13,9";"15,5";"13,5";"951,4";"952,1";"951,4";"1,4";"266,0";"3,0";"2745,20";"0,0"
"20/04/2026";"1500";"25,5";"25,9";"23,8";"45,0";"54,0";"42,0";"12,7";"14,3";"11,4";"950,6";"951,4";"950,6";"0,8";"108,0";"3,6";"3004,20";"0,0"
"20/04/2026";"1600";"26,4";"26,7";"25,1";"39,0";"49,0";"38,0";"11,3";"14,0";"11,0";"949,8";"950,6";"949,8";"2,0";"150,0";"5,6";"3008,20";"0,0"
"20/04/2026";"1700";"27,4";"27,6";"26,1";"36,0";"43,0";"35,0";"11,0";"12,7";"10,5";"949,0";"949,8";"949,0";"1,3";"133,0";"4,2";"2567,80";"0,0"
"20/04/2026";"1800";"27,3";"27,6";"26,8";"44,0";"45,0";"36,0";"14,1";"14,1";"10,6";"948,5";"949,0";"948,5";"2,7";"111,0";"4,9";"2169,80";"0,0"
"20/04/2026";"1900";"27,1";"27,5";"26,0";"41,0";"48,0";"41,0";"12,9";"14,8";"12,7";"948,4";"948,5";"948,4";"2,3";"153,0";"5,1";"1390,80";"0,0"
"20/04/2026";"2000";"25,4";"27,2";"25,4";"47,0";"47,0";"38,0";"13,3";"13,3";"10,8";"948,6";"948,6";"948,4";"2,5";"163,0";"4,4";"757,60";"0,0"
"20/04/2026";"2100";"22,1";"25,4";"22,1";"61,0";"61,0";"47,0";"14,3";"14,6";"13,4";"949,2";"949,2";"948,6";"3,1";"169,0";"5,8";"84,00";"0,0"
"20/04/2026";"2200";"20,5";"22,2";"20,4";"70,0";"70,0";"61,0";"14,9";"14,9";"14,3";"949,6";"949,6";"949,1";"4,9";"163,0";"8,1";"";"0,0"
"20/04/2026";"2300";"19,4";"20,5";"19,4";"75,0";"75,0";"70,0";"14,8";"15,1";"14,8";"950,3";"950,3";"949,5";"2,8";"176,0";"8,2";"";"0,0"
"21/04/2026";"0000";"18,8";"19,5";"18,6";"78,0";"78,0";"75,0";"14,8";"14,9";"14,6";"950,9";"950,9";"950,3";"3,3";"180,0";"6,5";"";"0,0"
"21/04/2026";"0100";"18,0";"18,8";"17,6";"81,0";"82,0";"77,0";"14,7";"14,8";"14,3";"951,2";"951,3";"950,8";"1,4";"190,0";"5,6";"";"0,0"
"21/04/2026";"0200";"16,8";"18,2";"16,6";"86,0";"86,0";"79,0";"14,4";"14,7";"13,9";"951,2";"951,2";"951,0";"1,1";"266,0";"3,0";"";"0,0"
"21/04/2026";"0300";"15,7";"17,4";"15,7";"87,0";"87,0";"83,0";"13,5";"14,7";"13,5";"951,1";"951,3";"951,0";"0,7";"320,0";"2,5";"";"0,0"
"21/04/2026";"0400";"17,2";"17,2";"15,6";"85,0";"90,0";"84,0";"14,6";"14,8";"13,5";"951,0";"951,1";"950,9";"1,3";"216,0";"2,0";"";"0,0"
"21/04/2026";"0500";"17,4";"17,6";"17,2";"80,0";"85,0";"79,0";"13,8";"14,6";"13,8";"950,7";"951,0";"950,7";"1,0";"165,0";"3,5";"";"0,0"
"21/04/2026";"0600";"16,7";"17,4";"16,7";"82,0";"82,0";"80,0";"13,6";"14,0";"13,6";"950,3";"950,7";"950,3";"1,1";"107,0";"3,2";"";"0,0"
"21/04/2026";"0700";"15,7";"16,6";"15,7";"88,0";"88,0";"82,0";"13,8";"14,0";"13,6";"950,3";"950,4";"950,2";"0,9";"9,0";"2,4";"";"0,0"
"21/04/2026";"0800";"14,7";"15,7";"14,7";"92,0";"92,0";"88,0";"13,4";"13,8";"13,3";"950,5";"950,5";"950,2";"0,3";"305,0";"1,5";"";"0,0"
"21/04/2026";"0900";"13,7";"14,9";"13,6";"93,0";"93,0";"92,0";"12,5";"13,6";"12,4";"950,8";"950,8";"950,4";"0,7";"245,0";"1,0";"";"0,0"
"21/04/2026";"1000";"15,2";"15,2";"13,4";"92,0";"94,0";"92,0";"14,0";"14,1";"12,3";"951,7";"951,8";"950,8";"0,9";"220,0";"1,7";"104,40";"0,0"
"21/04/2026";"1100";"17,3";"17,4";"15,2";"84,0";"92,0";"84,0";"14,5";"14,6";"14,0";"952,2";"952,2";"951,7";"1,2";"195,0";"2,2";"579,60";"0,0"
"21/04/2026";"1200";"20,5";"20,6";"17,3";"71,0";"83,0";"71,0";"15,2";"15,5";"14,3";"952,7";"952,7";"952,2";"1,0";"11,0";"2,9";"1579,20";"0,0"
"21/04/2026";"1300";"22,1";"22,1";"20,4";"68,0";"72,0";"67,0";"15,8";"15,8";"14,5";"952,9";"953,1";"952,7";"1,1";"108,0";"3,9";"1754,30";"0,0"
"21/04/2026";"1400";"22,5";"23,3";"21,7";"60,0";"68,0";"59,0";"14,3";"16,0";"14,3";"952,1";"952,9";"952,1";"2,0";"353,0";"4,0";"2792,70";"0,0"
"21/04/2026";"1500";"25,3";"25,4";"22,5";"54,0";"62,0";"53,0";"15,2";"15,6";"14,2";"951,1";"952,1";"951,1";"2,0";"112,0";"4,8";"3003,30";"0,0"
"21/04/2026";"1600";"26,1";"26,5";"24,1";"45,0";"55,0";"44,0";"13,1";"15,5";"13,1";"950,1";"951,1";"950,1";"2,1";"103,0";"4,3";"2963,00";"0,0"
"21/04/2026";"1700";"26,9";"26,9";"25,4";"45,0";"46,0";"40,0";"13,9";"14,0";"11,2";"949,3";"950,1";"949,3";"1,3";"51,0";"4,6";"2476,40";"0,0"
"21/04/2026";"1800";"27,2";"27,6";"26,4";"41,0";"47,0";"40,0";"12,8";"14,5";"12,4";"948,8";"949,3";"948,8";"1,6";"197,0";"4,5";"2143,80";"0,0"
"21/04/2026";"1900";"26,8";"27,2";"26,6";"39,0";"44,0";"36,0";"11,6";"13,5";"10,7";"948,7";"948,8";"948,7";"2,0";"182,0";"4,4";"1458,20";"0,0"
"21/04/2026";"2000";"25,7";"27,0";"25,7";"46,0";"47,0";"38,0";"13,3";"13,5";"11,3";"948,9";"948,9";"948,7";"2,1";"160,0";"3,5";"658,30";"0,0"
"21/04/2026";"2100";"22,4";"25,7";"22,4";"66,0";"66,0";"46,0";"15,8";"15,9";"13,4";"949,6";"949,6";"948,9";"3,3";"177,0";"6,3";"79,30";"0,0"
"21/04/2026";"2200";"20,7";"22,4";"20,7";"72,0";"72,0";"66,0";"15,5";"15,8";"15,5";"950,0";"950,0";"949,6";"4,7";"161,0";"8,1";"";"0,0"
"21/04/2026";"2300";"19,5";"20,7";"19,5";"76,0";"76,0";"72,0";"15,2";"15,6";"15,2";"950,5";"950,6";"950,0";"3,5";"151,0";"8,1";"";"0,0"
"22/04/2026";"0000";"18,8";"19,5";"18,8";"78,0";"78,0";"76,0";"14,8";"15,2";"14,8";"951,0";"951,1";"950,5";"3,7";"188,0";"7,1";"";"0,0"
"22/04/2026";"0100";"18,1";"18,9";"18,1";"79,0";"80,0";"77,0";"14,5";"14,9";"14,4";"951,0";"951,0";"950,9";"1,7";"191,0";"6,5";"";"0,0"
"22/04/2026";"0200";"17,0";"18,2";"17,0";"83,0";"83,0";"79,0";"14,0";"14,6";"14,0";"951,5";"951,5";"951,0";"1,3";"231,0";"4,3";"";"0,0"
"22/04/2026";"0300";"17,6";"17,7";"16,9";"82,0";"85,0";"82,0";"14,5";"14,7";"14,0";"951,5";"951,5";"951,4";"1,2";"218,0";"3,9";"";"0,0"
"22/04/2026";"0400";"17,9";"18,1";"17,4";"82,0";"84,0";"81,0";"14,7";"14,9";"14,5";"951,2";"951,6";"951,2";"1,1";"229,0";"2,2";"";"0,0"
"22/04/2026";"0500";"17,8";"18,1";"17,7";"82,0";"83,0";"79,0";"14,7";"14,9";"14,4";"951,0";"951,2";"950,9";"1,6";"256,0";"2,2";"";"0,0"
"22/04/2026";"0600";"17,8";"18,2";"17,8";"82,0";"83,0";"80,0";"14,8";"14,8";"14,5";"951,2";"951,2";"951,0";"1,7";"219,0";"2,6";"";"0,0"
"22/04/2026";"0700";"17,7";"17,8";"17,7";"85,0";"85,0";"82,0";"15,1";"15,2";"14,8";"951,0";"951,3";"951,0";"0,7";"193,0";"2,6";"";"0,0"
"22/04/2026";"0800";"17,9";"17,9";"17,7";"86,0";"86,0";"84,0";"15,4";"15,5";"15,0";"951,0";"951,1";"950,9";"0,4";"333,0";"1,1";"";"0,0"
"22/04/2026";"0900";"17,6";"17,9";"17,4";"87,0";"87,0";"85,0";"15,4";"15,4";"15,0";"951,4";"951,4";"950,9";"0,8";"220,0";"1,1";"";"0,0"
"22/04/2026";"1000";"18,0";"18,1";"17,3";"87,0";"89,0";"87,0";"15,8";"15,8";"15,4";"952,0";"952,0";"951,4";"0,3";"254,0";"1,2";"51,70";"0,0"
"22/04/2026";"1100";"19,4";"19,4";"18,0";"80,0";"87,0";"80,0";"15,8";"15,9";"15,6";"952,2";"952,2";"952,0";"1,2";"41,0";"1,8";"340,20";"0,0"
"22/04/2026";"1200";"20,5";"20,6";"19,3";"77,0";"81,0";"77,0";"16,4";"16,7";"15,7";"952,3";"952,3";"952,2";"1,2";"29,0";"3,3";"962,90";"0,0"
"22/04/2026";"1300";"21,8";"22,4";"20,5";"71,0";"78,0";"70,0";"16,3";"17,4";"16,2";"952,5";"952,6";"952,3";"2,8";"50,0";"4,7";"1082,70";"0,0"
"22/04/2026";"1400";"23,7";"23,8";"21,7";"64,0";"72,0";"62,0";"16,4";"16,7";"15,7";"951,8";"952,5";"951,8";"4,1";"52,0";"7,1";"2038,60";"0,0"
"22/04/2026";"1500";"24,5";"24,9";"23,3";"60,0";"65,0";"58,0";"16,1";"17,1";"15,8";"950,8";"951,8";"950,8";"2,8";"62,0";"6,2";"2701,50";"0,0"
"22/04/2026";"1600";"25,8";"25,9";"24,0";"54,0";"61,0";"54,0";"15,9";"16,8";"15,6";"949,8";"950,8";"949,8";"1,4";"333,0";"5,8";"2929,10";"0,0"
"22/04/2026";"1700";"26,8";"27,4";"25,6";"50,0";"55,0";"50,0";"15,5";"16,8";"15,5";"949,2";"949,8";"949,2";"1,4";"205,0";"4,0";"2210,00";"0,0"
"22/04/2026";"1800";"27,3";"27,7";"26,6";"51,0";"52,0";"49,0";"16,1";"16,6";"15,6";"948,6";"949,2";"948,6";"0,7";"49,0";"4,8";"1856,20";"0,0"
"22/04/2026";"1900";"25,9";"27,3";"25,9";"56,0";"56,0";"51,0";"16,4";"16,7";"15,8";"948,5";"948,6";"948,5";"1,3";"127,0";"4,4";"428,90";"0,0"
"22/04/2026";"2000";"26,1";"26,4";"25,7";"61,0";"64,0";"52,0";"18,1";"18,7";"15,7";"949,0";"949,0";"948,5";"0,3";"83,0";"3,4";"296,60";"0,0"
"22/04/2026";"2100";"24,0";"26,3";"23,7";"67,0";"72,0";"59,0";"17,4";"18,9";"17,4";"949,5";"949,5";"949,0";"3,4";"152,0";"5,7";"55,20";"0,0"
"22/04/2026";"2200";"22,0";"24,0";"22,0";"74,0";"74,0";"67,0";"17,1";"17,5";"17,1";"950,4";"950,4";"949,5";"2,1";"124,0";"5,7";"";"0,0"
"22/04/2026";"2300";"20,9";"22,0";"20,9";"77,0";"78,0";"74,0";"16,8";"17,2";"16,7";"951,2";"951,2";"950,4";"2,2";"157,0";"4,8";"";"0,0"
"23/04/2026";"0000";"20,6";"21,0";"20,6";"77,0";"77,0";"77,0";"16,5";"16,8";"16,5";"951,8";"951,8";"951,2";"5,9";"163,0";"9,3";"";"0,0"
"23/04/2026";"0100";"20,5";"20,7";"20,5";"78,0";"78,0";"77,0";"16,4";"16,5";"16,4";"952,1";"952,2";"951,9";"2,9";"200,0";"8,0";"";"0,0"
"23/04/2026";"0200";"20,5";"20,6";"20,4";"78,0";"78,0";"77,0";"16,5";"16,6";"16,4";"952,0";"952,1";"952,0";"1,6";"229,0";"4,9";"";"0,0"
"23/04/2026";"0300";"20,3";"20,5";"20,2";"79,0";"80,0";"77,0";"16,5";"16,6";"16,3";"951,8";"952,0";"951,8";"2,1";"212,0";"4,0";"";"0,0"
"23/04/2026";"0400";"20,1";"20,3";"20,0";"82,0";"82,0";"79,0";"16,8";"16,9";"16,5";"951,7";"951,8";"951,6";"0,4";"133,0";"2,7";"";"0,0"
"23/04/2026";"0500";"19,8";"20,1";"19,8";"84,0";"84,0";"82,0";"17,1";"17,3";"16,9";"951,4";"951,7";"951,4";"0,6";"345,0";"1,1";"";"0,0"
"23/04/2026";"0600";"19,8";"19,9";"19,6";"86,0";"87,0";"84,0";"17,4";"17,4";"17,1";"951,3";"951,4";"951,1";"0,4";"52,0";"1,3";"";"0,0"
"23/04/2026";"0700";"19,7";"19,9";"19,7";"87,0";"87,0";"86,0";"17,5";"17,5";"17,4";"951,2";"951,3";"951,2";"1,5";"72,0";"2,6";"";"0,0"
"23/04/2026";"0800";"19,6";"19,8";"19,6";"87,0";"87,0";"86,0";"17,4";"17,6";"17,4";"951,3";"951,3";"951,2";"1,5";"87,0";"2,5";"";"0,0"
"23/04/2026";"0900";"18,8";"19,7";"18,7";"86,0";"87,0";"86,0";"16,4";"17,5";"16,4";"951,8";"951,8";"951,3";"2,1";"60,0";"3,2";"";"0,0"
"23/04/2026";"1000";"18,6";"18,9";"18,5";"87,0";"87,0";"86,0";"16,4";"16,5";"16,2";"952,6";"952,6";"951,8";"1,0";"125,0";"3,0";"53,80";"0,0"
"23/04/2026";"1100";"20,0";"20,3";"18,6";"81,0";"87,0";"80,0";"16,6";"17,0";"16,4";"953,1";"953,1";"952,6";"1,8";"51,0";"3,4";"489,10";"0,0"
"23/04/2026";"1200";"21,7";"21,8";"20,0";"76,0";"82,0";"74,0";"17,3";"17,4";"16,6";"953,4";"953,4";"953,1";"1,9";"61,0";"4,2";"994,30";"0,0"
"23/04/2026";"1300";"23,2";"23,7";"21,7";"66,0";"76,0";"65,0";"16,4";"17,5";"16,3";"953,6";"953,7";"953,4";"3,3";"41,0";"6,0";"2140,10";"0,0"
"23/04/2026";"1400";"25,1";"25,1";"23,2";"60,0";"66,0";"59,0";"16,9";"17,5";"15,8";"953,0";"953,6";"953,0";"4,0";"40,0";"9,2";"2508,80";"0,0"
"23/04/2026";"1500";"25,3";"26,0";"24,0";"58,0";"62,0";"55,0";"16,3";"17,5";"15,6";"952,1";"953,0";"952,1";"4,2";"27,0";"9,2";"2545,30";"0,0"
"23/04/2026";"1600";"26,0";"26,5";"25,2";"53,0";"57,0";"52,0";"15,7";"16,8";"15,2";"951,4";"952,2";"951,4";"3,8";"25,0";"6,7";"2906,30";"0,0"
"23/04/2026";"1700";"26,5";"27,3";"25,8";"51,0";"54,0";"49,0";"15,7";"16,9";"15,2";"950,6";"951,4";"950,6";"2,9";"40,0";"6,2";"2005,10";"0,0"
"23/04/2026";"1800";"26,9";"27,5";"26,5";"52,0";"53,0";"48,0";"16,1";"16,5";"15,0";"950,1";"950,6";"950,1";"2,8";"19,0";"5,0";"2015,50";"0,0"
"23/04/2026";"1900";"26,6";"27,4";"26,5";"52,0";"53,0";"49,0";"16,1";"16,6";"15,4";"949,8";"950,1";"949,7";"1,9";"54,0";"5,6";"1314,00";"0,0"
"23/04/2026";"2000";"25,8";"26,6";"25,8";"55,0";"58,0";"51,0";"16,0";"17,2";"15,6";"950,0";"950,0";"949,8";"2,0";"32,0";"3,0";"456,90";"0,0"
"23/04/2026";"2100";"22,8";"25,8";"22,8";"70,0";"70,0";"54,0";"17,0";"17,5";"15,9";"950,6";"950,6";"950,0";"4,3";"150,0";"7,1";"75,80";"0,0"
"23/04/2026";"2200";"21,2";"22,9";"21,2";"76,0";"76,0";"70,0";"16,7";"17,0";"16,6";"951,3";"951,3";"950,6";"3,7";"137,0";"7,3";"";"0,0"
"23/04/2026";"2300";"20,6";"21,2";"20,5";"78,0";"78,0";"76,0";"16,6";"16,7";"16,5";"952,1";"952,1";"951,3";"3,5";"164,0";"8,7";"";"0,0"
"24/04/2026";"0000";"20,0";"20,7";"20,0";"79,0";"79,0";"77,0";"16,3";"16,6";"16,3";"952,4";"952,4";"952,1";"4,0";"155,0";"6,7";"";"0,0"
"24/04/2026";"0100";"19,7";"20,0";"19,6";"80,0";"80,0";"79,0";"16,1";"16,4";"16,1";"952,7";"952,7";"952,4";"1,6";"219,0";"6,8";"";"0,0"
"24/04/2026";"0200";"18,2";"19,7";"18,2";"85,0";"86,0";"80,0";"15,7";"16,2";"15,4";"952,8";"952,8";"952,6";"0,5";"181,0";"4,2";"";"0,0"
"24/04/2026";"0300";"18,4";"18,7";"17,9";"85,0";"87,0";"85,0";"15,8";"16,3";"15,5";"952,7";"952,9";"952,7";"0,6";"332,0";"2,1";"";"0,0"
"24/04/2026";"0400";"17,1";"18,5";"17,0";"89,0";"89,0";"85,0";"15,3";"16,0";"15,0";"952,1";"952,7";"952,1";"0,6";"311,0";"1,4";"";"0,0"
"24/04/2026";"0500";"16,7";"17,4";"16,1";"92,0";"92,0";"89,0";"15,4";"15,7";"14,4";"951,9";"952,2";"951,9";"0,4";"59,0";"1,9";"";"0,0"
"24/04/2026";"0600";"16,5";"17,3";"16,3";"90,0";"92,0";"90,0";"14,8";"15,7";"14,7";"952,0";"952,0";"951,9";"0,6";"30,0";"2,4";"";"0,0"
"24/04/2026";"0700";"16,6";"16,9";"16,5";"92,0";"92,0";"90,0";"15,2";"15,5";"14,8";"951,9";"952,1";"951,9";"0,2";"36,0";"1,4";"";"0,0"
"24/04/2026";"0800";"15,8";"16,6";"15,7";"92,0";"92,0";"91,0";"14,5";"15,1";"14,5";"951,9";"952,0";"951,8";"0,3";"156,0";"1,4";"";"0,0"
"24/04/2026";"0900";"15,9";"16,2";"15,5";"92,0";"93,0";"92,0";"14,6";"15,0";"14,2";"952,2";"952,2";"951,9";"0,6";"291,0";"1,2";"";"0,0"
"24/04/2026";"1000";"15,8";"16,1";"15,3";"91,0";"93,0";"91,0";"14,4";"14,8";"14,0";"953,1";"953,1";"952,2";"0,5";"11,0";"1,8";"82,10";"0,0"
"24/04/2026";"1100";"19,1";"19,1";"15,8";"83,0";"92,0";"83,0";"16,1";"16,1";"14,5";"953,5";"953,6";"953,1";"0,8";"103,0";"1,5";"640,00";"0,0"
"24/04/2026";"1200";"20,9";"21,2";"19,2";"75,0";"83,0";"75,0";"16,3";"17,0";"15,8";"953,7";"953,7";"953,5";"1,8";"57,0";"4,0";"1420,30";"0,0"
"24/04/2026";"1300";"23,0";"23,5";"20,9";"67,0";"77,0";"67,0";"16,6";"17,4";"16,4";"953,4";"953,7";"953,4";"3,8";"35,0";"6,8";"1875,20";"0,0"
"24/04/2026";"1400";"24,9";"24,9";"23,0";"59,0";"68,0";"57,0";"16,3";"17,2";"15,6";"952,6";"953,4";"952,6";"3,6";"32,0";"7,8";"2577,70";"0,0"
"24/04/2026";"1500";"26,0";"26,3";"24,5";"53,0";"60,0";"50,0";"15,8";"16,8";"14,9";"951,4";"952,6";"951,4";"3,6";"44,0";"7,1";"2859,10";"0,0"
"24/04/2026";"1600";"27,7";"27,7";"26,0";"47,0";"55,0";"46,0";"15,4";"16,4";"14,1";"950,3";"951,4";"950,3";"2,3";"64,0";"6,2";"2823,90";"0,0"
"24/04/2026";"1700";"27,7";"28,2";"26,9";"45,0";"48,0";"44,0";"14,7";"15,6";"14,2";"949,5";"950,3";"949,5";"2,4";"38,0";"5,6";"1923,10";"0,0"
"24/04/2026";"1800";"27,7";"28,7";"27,6";"42,0";"46,0";"39,0";"13,6";"15,3";"13,0";"948,9";"949,5";"948,9";"0,9";"3,0";"5,0";"1647,50";"0,0"
"24/04/2026";"1900";"27,9";"28,4";"27,0";"43,0";"46,0";"41,0";"14,3";"14,8";"13,4";"948,8";"948,9";"948,8";"1,4";"102,0";"3,2";"774,50";"0,0"
"24/04/2026";"2000";"27,1";"27,9";"27,0";"47,0";"48,0";"42,0";"14,7";"15,1";"13,8";"949,0";"949,1";"948,8";"1,0";"133,0";"2,3";"403,00";"0,0"
"24/04/2026";"2100";"22,6";"27,1";"22,6";"70,0";"70,0";"45,0";"16,9";"17,5";"14,3";"949,2";"949,3";"949,0";"0,2";"244,0";"1,5";"65,40";"0,0"
"24/04/2026";"2200";"20,8";"22,7";"20,2";"79,0";"83,0";"70,0";"17,0";"17,7";"16,7";"949,6";"949,6";"949,2";"0,8";"319,0";"1,5";"";"0,0"
"24/04/2026";"2300";"19,2";"20,8";"18,7";"85,0";"86,0";"78,0";"16,6";"17,0";"16,0";"950,1";"950,1";"949,6";"0,6";"313,0";"1,5";"";"0,0"
"25/04/2026";"0000";"18,7";"19,4";"18,5";"86,0";"87,0";"83,0";"16,2";"16,7";"16,1";"950,2";"950,3";"950,1";"0,6";"262,0";"0,9";"";"0,0"
"25/04/2026";"0100";"17,9";"18,7";"17,6";"87,0";"88,0";"85,0";"15,7";"16,3";"15,5";"950,1";"950,3";"950,1";"0,5";"296,0";"1,8";"";"0,0"
"25/04/2026";"0200";"17,6";"18,1";"17,2";"88,0";"89,0";"86,0";"15,5";"15,9";"15,0";"949,8";"950,1";"949,8";"0,8";"263,0";"2,1";"";"0,0"
"25/04/2026";"0300";"16,7";"17,6";"16,6";"90,0";"90,0";"87,0";"15,0";"15,4";"14,7";"949,4";"949,8";"949,4";"0,5";"246,0";"1,4";"";"0,0"
"25/04/2026";"0400";"16,4";"17,0";"16,0";"91,0";"91,0";"89,0";"14,9";"15,3";"14,5";"949,0";"949,4";"949,0";"0,3";"241,0";"1,2";"";"0,0"
"25/04/2026";"0500";"15,8";"16,5";"15,8";"90,0";"91,0";"90,0";"14,3";"15,0";"14,3";"948,8";"949,0";"948,8";"0,4";"285,0";"0,9";"";"0,0"
"25/04/2026";"0600";"15,2";"16,1";"15,2";"92,0";"93,0";"90,0";"13,9";"14,9";"13,8";"948,5";"948,8";"948,5";"0,3";"340,0";"1,0";"";"0,0"
"25/04/2026";"0700";"15,7";"16,0";"15,0";"92,0";"93,0";"92,0";"14,4";"14,8";"13,7";"948,6";"948,6";"948,4";"0,8";"250,0";"1,3";"";"0,0"
"25/04/2026";"0800";"15,4";"15,7";"14,8";"92,0";"92,0";"91,0";"14,1";"14,3";"13,3";"948,5";"948,6";"948,5";"0,5";"231,0";"1,9";"";"0,0"
"25/04/2026";"0900";"14,9";"15,7";"14,7";"92,0";"92,0";"91,0";"13,7";"14,4";"13,4";"948,9";"948,9";"948,5";"0,4";"187,0";"1,3";"";"0,0"
"25/04/2026";"1000";"15,5";"15,5";"14,5";"92,0";"93,0";"92,0";"14,1";"14,3";"13,3";"949,5";"949,6";"948,9";"0,5";"4,0";"1,5";"78,80";"0,0"
"25/04/2026";"1100";"18,7";"18,7";"15,4";"86,0";"92,0";"85,0";"16,2";"16,2";"13,9";"950,1";"950,1";"949,5";"0,8";"8,0";"2,8";"606,20";"0,0"
"25/04/2026";"1200";"21,2";"21,5";"18,7";"75,0";"86,0";"74,0";"16,6";"17,0";"16,0";"950,2";"950,2";"950,0";"1,4";"54,0";"2,8";"1370,70";"0,0"
"25/04/2026";"1300";"25,6";"25,6";"21,2";"60,0";"76,0";"60,0";"17,3";"17,8";"16,7";"949,9";"950,2";"949,9";"1,7";"78,0";"4,8";"1957,30";"0,0"
"25/04/2026";"1400";"27,0";"27,3";"24,9";"49,0";"61,0";"48,0";"15,3";"17,4";"15,2";"949,1";"949,9";"949,1";"2,2";"26,0";"5,2";"2560,80";"0,0"
"25/04/2026";"1500";"28,8";"29,3";"26,8";"44,0";"50,0";"41,0";"15,2";"16,1";"14,4";"948,1";"949,1";"948,1";"2,1";"333,0";"5,8";"2840,50";"0,0"
"25/04/2026";"1600";"29,5";"29,9";"28,5";"40,0";"45,0";"39,0";"14,6";"16,1";"14,1";"946,9";"948,1";"946,9";"2,3";"285,0";"5,4";"2807,80";"0,0"
"25/04/2026";"1700";"30,0";"30,5";"29,2";"42,0";"42,0";"37,0";"15,8";"15,8";"14,0";"946,1";"946,9";"946,1";"2,4";"260,0";"6,2";"2296,70";"0,0"
"25/04/2026";"1800";"29,6";"30,7";"29,3";"41,0";"44,0";"39,0";"14,8";"16,1";"14,6";"945,8";"946,1";"945,8";"3,0";"316,0";"5,9";"1664,70";"0,0"
"25/04/2026";"1900";"29,7";"30,3";"29,2";"43,0";"45,0";"39,0";"15,7";"16,7";"14,7";"945,9";"945,9";"945,8";"2,6";"324,0";"5,9";"1226,40";"0,0"
"25/04/2026";"2000";"29,4";"29,8";"29,1";"43,0";"44,0";"41,0";"15,4";"15,9";"14,9";"946,1";"946,1";"945,8";"1,1";"291,0";"4,4";"561,10";"0,0"
"25/04/2026";"2100";"24,6";"29,4";"24,6";"65,0";"65,0";"42,0";"17,5";"17,7";"15,0";"946,3";"946,3";"946,1";"0,9";"248,0";"2,4";"68,60";"0,0"
"25/04/2026";"2200";"21,6";"24,6";"21,4";"78,0";"79,0";"65,0";"17,6";"17,8";"17,0";"946,6";"946,6";"946,3";"0,4";"351,0";"2,0";"";"0,0"
"25/04/2026";"2300";"20,0";"21,6";"19,8";"84,0";"84,0";"78,0";"17,2";"17,7";"16,7";"947,4";"947,4";"946,6";"0,4";"68,0";"1,5";"";"0,0"
"26/04/2026";"0000";"18,7";"21,0";"18,7";"86,0";"87,0";"78,0";"16,3";"17,8";"16,1";"947,6";"947,6";"947,4";"0,4";"310,0";"1,2";"";"0,0"
"26/04/2026";"0100";"18,9";"19,0";"18,4";"87,0";"89,0";"86,0";"16,7";"17,0";"16,3";"947,6";"947,7";"947,6";"0,5";"255,0";"0,9";"";"0,0"
"26/04/2026";"0200";"18,1";"18,9";"17,8";"87,0";"90,0";"86,0";"16,0";"16,9";"15,7";"947,7";"947,7";"947,6";"0,6";"281,0";"1,3";"";"0,0"
"26/04/2026";"0300";"17,9";"19,0";"17,6";"86,0";"89,0";"84,0";"15,6";"16,6";"15,3";"947,6";"947,7";"947,6";"0,6";"245,0";"2,1";"";"0,0"
"26/04/2026";"0400";"17,5";"19,0";"17,5";"89,0";"89,0";"84,0";"15,6";"16,5";"15,3";"947,1";"947,6";"947,1";"0,4";"348,0";"2,4";"";"0,0"
"26/04/2026";"0500";"16,9";"17,5";"16,4";"91,0";"92,0";"88,0";"15,4";"15,9";"14,9";"946,8";"947,2";"946,8";"0,4";"292,0";"1,1";"";"0,0"
"26/04/2026";"0600";"16,5";"16,9";"16,3";"90,0";"92,0";"90,0";"14,7";"15,6";"14,7";"946,8";"946,8";"946,7";"0,4";"273,0";"1,2";"";"0,0"
"26/04/2026";"0700";"15,8";"16,4";"15,6";"92,0";"92,0";"90,0";"14,5";"14,9";"14,2";"946,6";"946,8";"946,5";"0,5";"249,0";"0,9";"";"0,0"
"26/04/2026";"0800";"16,0";"16,1";"15,7";"92,0";"93,0";"92,0";"14,8";"14,8";"14,3";"946,5";"946,6";"946,4";"0,4";"25,0";"0,9";"";"0,0"
"26/04/2026";"0900";"15,6";"16,2";"15,2";"92,0";"92,0";"91,0";"14,3";"14,9";"13,8";"947,1";"947,1";"946,5";"0,9";"349,0";"1,1";"";"0,0"
"26/04/2026";"1000";"16,5";"16,5";"15,6";"92,0";"93,0";"92,0";"15,3";"15,3";"14,4";"947,7";"947,8";"947,1";"0,2";"115,0";"1,4";"77,70";"0,0"
"26/04/2026";"1100";"20,1";"20,1";"16,5";"79,0";"92,0";"79,0";"16,4";"16,5";"15,3";"948,4";"948,4";"947,7";"0,5";"340,0";"1,2";"670,70";"0,0"
"26/04/2026";"1200";"22,9";"23,3";"20,2";"68,0";"80,0";"67,0";"16,8";"17,2";"16,5";"948,6";"948,6";"948,4";"1,2";"45,0";"3,1";"1440,20";"0,0"
"26/04/2026";"1300";"25,4";"25,6";"22,9";"63,0";"69,0";"62,0";"17,7";"18,0";"16,7";"948,4";"948,6";"948,4";"1,9";"42,0";"3,4";"2078,60";"0,0"
"26/04/2026";"1400";"28,2";"28,4";"25,3";"48,0";"63,0";"47,0";"16,1";"18,4";"15,7";"947,7";"948,4";"947,7";"2,3";"32,0";"4,8";"2542,80";"0,0"
"26/04/2026";"1500";"29,9";"30,5";"28,1";"41,0";"49,0";"39,0";"15,1";"16,8";"14,4";"946,5";"947,7";"946,5";"2,5";"1,0";"6,1";"2782,50";"0,0"
"26/04/2026";"1600";"30,9";"31,5";"29,7";"35,0";"43,0";"34,0";"13,6";"16,4";"13,3";"945,6";"946,5";"945,6";"4,7";"346,0";"9,0";"2801,20";"0,0"
"26/04/2026";"1700";"31,7";"32,1";"30,7";"35,0";"38,0";"33,0";"14,4";"15,1";"13,3";"945,0";"945,6";"944,9";"3,5";"298,0";"10,3";"2152,40";"0,0"
"26/04/2026";"1800";"31,5";"31,8";"30,7";"37,0";"38,0";"35,0";"14,9";"15,3";"13,9";"944,6";"945,0";"944,5";"4,1";"342,0";"7,2";"1639,40";"0,0"
"26/04/2026";"1900";"31,2";"31,8";"30,9";"38,0";"39,0";"35,0";"15,1";"15,7";"14,2";"944,8";"944,8";"944,6";"1,8";"317,0";"7,1";"1140,10";"0,0"
"26/04/2026";"2000";"30,1";"31,4";"30,0";"40,0";"41,0";"37,0";"15,1";"15,6";"14,5";"945,3";"945,3";"944,8";"2,5";"334,0";"5,5";"472,40";"0,0"
"26/04/2026";"2100";"25,5";"30,1";"25,5";"65,0";"65,0";"40,0";"18,4";"18,4";"15,1";"945,5";"945,5";"945,3";"0,6";"281,0";"4,1";"50,90";"0,0"
"26/04/2026";"2200";"23,5";"25,5";"23,5";"69,0";"72,0";"60,0";"17,5";"18,5";"17,1";"945,9";"945,9";"945,5";"0,4";"279,0";"1,8";"";"0,0"
"26/04/2026";"2300";"21,0";"23,5";"21,0";"83,0";"83,0";"69,0";"18,0";"18,6";"17,5";"946,5";"946,5";"945,9";"0,5";"208,0";"1,2";"";"0,0"
"27/04/2026";"0000";"20,3";"21,5";"20,0";"86,0";"86,0";"82,0";"17,9";"18,6";"17,4";"946,9";"946,9";"946,5";"0,5";"162,0";"1,4";"";"0,0"
"27/04/2026";"0100";"19,5";"20,8";"19,5";"88,0";"89,0";"84,0";"17,4";"18,3";"17,4";"947,1";"947,1";"946,9";"0,3";"209,0";"1,0";"";"0,0"
"27/04/2026";"0200";"19,2";"20,1";"19,2";"88,0";"89,0";"87,0";"17,3";"18,1";"17,2";"947,1";"947,3";"947,1";"0,4";"336,0";"1,5";"";"0,0"
"27/04/2026";"0300";"18,9";"19,3";"18,9";"90,0";"91,0";"89,0";"17,2";"17,6";"17,2";"947,0";"947,2";"947,0";"0,4";"349,0";"0,8";"";"0,0"
"27/04/2026";"0400";"18,5";"19,4";"18,3";"89,0";"90,0";"88,0";"16,6";"17,7";"16,2";"946,9";"947,0";"946,9";"0,6";"347,0";"1,9";"";"0,0"
"27/04/2026";"0500";"18,0";"18,5";"17,9";"91,0";"92,0";"89,0";"16,5";"16,8";"16,3";"946,3";"946,9";"946,2";"0,2";"234,0";"1,3";"";"0,0"
"27/04/2026";"0600";"17,4";"18,0";"17,2";"92,0";"92,0";"91,0";"16,1";"16,7";"15,9";"946,2";"946,4";"946,1";"0,7";"238,0";"1,3";"";"0,0"
"27/04/2026";"0700";"17,5";"17,7";"17,0";"93,0";"93,0";"91,0";"16,3";"16,5";"15,6";"946,2";"946,2";"945,9";"0,5";"254,0";"1,3";"";"0,0"
"27/04/2026";"0800";"16,9";"17,7";"16,9";"91,0";"93,0";"91,0";"15,4";"16,6";"15,4";"946,6";"946,6";"946,2";"0,8";"342,0";"1,5";"";"0,0"
"27/04/2026";"0900";"17,3";"17,3";"16,8";"93,0";"93,0";"91,0";"16,2";"16,2";"15,5";"947,4";"947,4";"946,4";"1,0";"211,0";"1,9";"";"0,0"
"27/04/2026";"1000";"17,9";"17,9";"16,6";"92,0";"93,0";"91,0";"16,6";"16,6";"15,1";"948,2";"948,2";"947,4";"0,2";"233,0";"1,4";"72,80";"0,0"
"27/04/2026";"1100";"21,8";"21,8";"17,9";"78,0";"92,0";"78,0";"17,7";"17,9";"16,6";"948,6";"948,6";"948,2";"0,6";"229,0";"1,3";"664,40";"0,0"
"27/04/2026";"1200";"24,8";"24,8";"21,8";"66,0";"78,0";"65,0";"17,9";"18,4";"17,5";"948,9";"948,9";"948,6";"0,7";"51,0";"1,7";"1347,30";"0,0"
"27/04/2026";"1300";"26,1";"26,3";"24,4";"61,0";"65,0";"60,0";"18,1";"18,2";"17,1";"948,8";"949,0";"948,8";"1,0";"47,0";"2,3";"1488,10";"0,0"
"27/04/2026";"1400";"28,6";"29,5";"26,0";"52,0";"62,0";"51,0";"17,7";"18,9";"17,7";"948,3";"948,8";"948,3";"1,3";"87,0";"2,9";"2059,10";"0,0"
"27/04/2026";"1500";"30,7";"31,2";"28,3";"40,0";"53,0";"39,0";"15,7";"18,0";"15,1";"947,0";"948,3";"947,0";"3,3";"359,0";"6,4";"2990,70";"0,0"
"27/04/2026";"1600";"31,4";"31,9";"30,5";"37,0";"43,0";"37,0";"14,8";"16,5";"14,8";"946,1";"947,0";"946,1";"4,6";"344,0";"7,5";"2595,70";"0,0"
"27/04/2026";"1700";"31,1";"32,4";"31,1";"37,0";"38,0";"33,0";"14,6";"15,4";"13,8";"945,8";"946,1";"945,7";"3,2";"301,0";"7,8";"1903,60";"0,0"
"27/04/2026";"1800";"31,8";"31,8";"30,7";"40,0";"42,0";"37,0";"16,4";"16,4";"14,6";"945,4";"945,9";"945,4";"2,0";"253,0";"6,4";"979,50";"0,0"
"27/04/2026";"1900";"29,8";"31,8";"29,8";"48,0";"48,0";"38,0";"17,5";"17,5";"15,6";"945,8";"945,8";"945,4";"2,9";"224,0";"4,5";"736,30";"0,0"
"27/04/2026";"2000";"25,2";"29,8";"25,0";"73,0";"74,0";"48,0";"20,1";"20,1";"17,5";"946,7";"946,7";"945,8";"3,3";"166,0";"9,2";"123,00";"0,0"
"27/04/2026";"2100";"23,7";"25,5";"23,5";"80,0";"81,0";"70,0";"20,1";"20,4";"19,5";"947,3";"947,3";"946,7";"1,1";"237,0";"9,2";"32,20";"0,0"
"27/04/2026";"2200";"22,5";"23,7";"22,5";"88,0";"88,0";"80,0";"20,4";"20,4";"19,7";"947,8";"947,8";"947,2";"0,9";"188,0";"3,3";"";"0,0"
"27/04/2026";"2300";"23,7";"23,8";"21,6";"80,0";"89,0";"80,0";"20,0";"20,8";"19,5";"948,8";"948,8";"947,8";"2,1";"178,0";"4,5";"";"0,0"
"28/04/2026";"0000";"23,0";"23,7";"22,9";"81,0";"83,0";"80,0";"19,7";"20,0";"19,7";"949,5";"949,5";"948,8";"1,5";"181,0";"5,4";"";"0,0"
"28/04/2026";"0100";"22,5";"23,2";"22,4";"83,0";"83,0";"81,0";"19,5";"19,7";"19,4";"949,7";"949,7";"949,5";"2,7";"204,0";"5,2";"";"0,0"
"28/04/2026";"0200";"21,6";"22,5";"20,9";"88,0";"90,0";"83,0";"19,6";"19,7";"18,9";"950,2";"950,2";"949,7";"1,7";"227,0";"4,0";"";"0,0"
"28/04/2026";"0300";"20,5";"21,6";"20,4";"91,0";"91,0";"87,0";"18,9";"19,6";"18,7";"949,7";"950,2";"949,7";"0,4";"333,0";"2,1";"";"0,0"
"28/04/2026";"0400";"20,0";"20,5";"19,9";"92,0";"92,0";"91,0";"18,6";"19,1";"18,6";"949,1";"949,7";"949,1";"0,3";"26,0";"1,0";"";"0,0"
"28/04/2026";"0500";"21,4";"21,4";"20,0";"88,0";"92,0";"88,0";"19,3";"19,6";"18,7";"948,6";"949,2";"948,6";"1,0";"249,0";"2,5";"";"0,0"
"28/04/2026";"0600";"21,4";"21,4";"21,0";"89,0";"89,0";"88,0";"19,5";"19,5";"19,0";"948,8";"948,8";"948,6";"0,9";"169,0";"2,0";"";"0,0"
"28/04/2026";"0700";"20,7";"21,4";"20,6";"90,0";"90,0";"89,0";"18,9";"19,5";"18,9";"948,6";"948,9";"948,6";"1,6";"93,0";"2,6";"";"0,0"
"28/04/2026";"0800";"19,6";"20,7";"19,6";"93,0";"93,0";"90,0";"18,3";"18,9";"18,3";"949,0";"949,0";"948,6";"0,3";"155,0";"2,6";"";"0,0"
"28/04/2026";"0900";"19,9";"20,1";"19,5";"93,0";"93,0";"93,0";"18,8";"19,0";"18,3";"949,4";"949,4";"949,0";"0,6";"11,0";"1,5";"";"0,0"
"28/04/2026";"1000";"20,7";"20,8";"19,9";"91,0";"93,0";"91,0";"19,3";"19,4";"18,8";"949,9";"949,9";"949,4";"0,6";"241,0";"1,2";"23,70";"0,0"
"28/04/2026";"1100";"21,5";"21,6";"20,7";"89,0";"92,0";"89,0";"19,6";"19,8";"19,2";"950,4";"950,4";"949,9";"0,9";"138,0";"2,1";"167,00";"0,0"
"28/04/2026";"1200";"23,0";"23,0";"21,4";"82,0";"89,0";"82,0";"19,8";"20,2";"19,4";"951,1";"951,1";"950,4";"0,3";"185,0";"3,1";"451,70";"0,0"
"28/04/2026";"1300";"24,3";"24,4";"22,9";"79,0";"82,0";"76,0";"20,4";"20,4";"19,6";"951,2";"951,2";"951,0";"0,9";"6,0";"2,2";"1082,30";"0,0"
"28/04/2026";"1400";"25,7";"26,2";"23,8";"71,0";"80,0";"71,0";"20,0";"21,4";"19,9";"950,3";"951,2";"950,3";"2,6";"72,0";"4,8";"1183,50";"0,0"
"28/04/2026";"1500";"26,9";"27,5";"25,6";"63,0";"72,0";"62,0";"19,3";"20,6";"19,0";"949,5";"950,3";"949,5";"3,2";"34,0";"7,0";"1975,90";"0,0"
"28/04/2026";"1600";"28,0";"29,1";"26,7";"58,0";"64,0";"56,0";"19,1";"20,1";"18,7";"948,5";"949,5";"948,5";"2,1";"22,0";"5,3";"2572,20";"0,0"
"28/04/2026";"1700";"28,6";"29,3";"27,5";"59,0";"62,0";"56,0";"19,8";"20,1";"18,8";"947,8";"948,5";"947,8";"2,2";"81,0";"4,3";"1612,20";"0,0"
"28/04/2026";"1800";"28,4";"29,6";"28,0";"59,0";"60,0";"53,0";"19,6";"19,9";"18,7";"947,3";"947,8";"947,3";"0,8";"317,0";"3,7";"1034,90";"0,0"
"28/04/2026";"1900";"26,3";"28,4";"26,3";"75,0";"75,0";"59,0";"21,5";"21,6";"19,3";"947,5";"947,6";"947,2";"1,7";"300,0";"2,9";"378,60";"0,0"
"28/04/2026";"2000";"24,4";"26,4";"24,4";"80,0";"81,0";"75,0";"20,7";"21,7";"20,7";"948,2";"948,2";"947,5";"1,9";"303,0";"4,0";"111,80";"0,0"
"28/04/2026";"2100";"22,5";"24,4";"22,4";"90,0";"90,0";"79,0";"20,7";"20,9";"20,1";"948,1";"948,4";"948,1";"0,9";"217,0";"3,7";"47,20";"0,8"
"28/04/2026";"2200";"22,1";"22,7";"21,8";"91,0";"91,0";"89,0";"20,4";"21,0";"20,1";"949,1";"949,1";"948,1";"0,7";"265,0";"2,0";"";"0,0"
"28/04/2026";"2300";"23,2";"23,3";"21,6";"86,0";"92,0";"86,0";"20,7";"21,3";"20,1";"949,2";"949,4";"949,1";"2,0";"165,0";"4,3";"";"0,0"
"29/04/2026";"0000";"22,6";"23,2";"22,6";"86,0";"88,0";"85,0";"20,2";"20,7";"20,2";"950,0";"950,2";"949,2";"1,9";"143,0";"4,3";"1,50";"0,0"
"29/04/2026";"0100";"22,4";"22,6";"22,3";"88,0";"89,0";"86,0";"20,4";"20,6";"20,1";"950,0";"950,0";"949,8";"0,5";"244,0";"3,8";"0,10";"0,0"
"29/04/2026";"0200";"21,6";"22,4";"21,5";"92,0";"92,0";"88,0";"20,2";"20,6";"19,9";"949,8";"950,0";"949,6";"1,4";"33,0";"2,3";"";"0,2"
"29/04/2026";"0300";"21,5";"21,6";"21,5";"93,0";"93,0";"92,0";"20,4";"20,5";"20,2";"950,2";"950,3";"949,8";"1,1";"83,0";"2,7";"";"0,0"
"29/04/2026";"0400";"21,6";"21,6";"21,4";"93,0";"94,0";"93,0";"20,5";"20,5";"20,3";"949,9";"950,2";"949,7";"0,8";"242,0";"2,9";"";"0,2"
"29/04/2026";"0500";"20,8";"21,8";"20,8";"93,0";"93,0";"92,0";"19,6";"20,6";"19,6";"949,3";"949,9";"949,3";"0,9";"75,0";"2,0";"";"0,2"
"29/04/2026";"0600";"21,1";"21,2";"20,8";"93,0";"93,0";"93,0";"19,9";"20,0";"19,6";"948,7";"949,3";"948,6";"1,0";"95,0";"1,6";"";"0,0"
"29/04/2026";"0700";"21,0";"21,3";"20,9";"93,0";"93,0";"92,0";"19,9";"20,0";"19,7";"948,6";"949,0";"948,6";"1,0";"30,0";"1,6";"";"0,0"
"29/04/2026";"0800";"21,1";"21,1";"21,0";"90,0";"93,0";"90,0";"19,5";"19,9";"19,4";"948,5";"948,6";"948,4";"0,3";"241,0";"1,6";"";"0,0"
"29/04/2026";"0900";"20,7";"21,1";"20,7";"91,0";"91,0";"90,0";"19,3";"19,4";"19,2";"948,9";"948,9";"948,4";"0,4";"4,0";"1,8";"";"0,0"
"29/04/2026";"1000";"20,8";"20,8";"20,7";"92,0";"92,0";"91,0";"19,5";"19,5";"19,3";"949,6";"949,6";"948,9";"0,7";"93,0";"1,4";"23,40";"0,2"
"29/04/2026";"1100";"21,6";"21,6";"20,8";"91,0";"92,0";"91,0";"20,1";"20,2";"19,5";"950,0";"950,0";"949,6";"1,3";"86,0";"1,9";"332,20";"0,0"
"29/04/2026";"1200";"23,5";"23,5";"21,6";"82,0";"91,0";"82,0";"20,3";"20,7";"19,8";"950,2";"950,3";"950,0";"1,6";"51,0";"3,7";"1092,20";"0,0"
"29/04/2026";"1300";"24,8";"25,2";"23,5";"75,0";"82,0";"75,0";"20,0";"21,0";"19,9";"950,2";"950,3";"950,2";"3,4";"22,0";"4,9";"1807,00";"0,0"
"29/04/2026";"1400";"27,0";"27,2";"24,8";"68,0";"77,0";"68,0";"20,6";"21,3";"20,0";"949,6";"950,2";"949,6";"2,1";"19,0";"4,9";"2496,30";"0,0"
"29/04/2026";"1500";"27,8";"28,1";"26,4";"63,0";"69,0";"63,0";"20,1";"21,0";"19,7";"948,6";"949,6";"948,6";"2,3";"19,0";"4,7";"2472,50";"0,0"
"29/04/2026";"1600";"29,7";"29,7";"27,6";"54,0";"64,0";"54,0";"19,5";"20,6";"18,9";"947,9";"948,6";"947,9";"1,6";"68,0";"4,3";"2519,90";"0,0"
"29/04/2026";"1700";"29,7";"30,0";"28,7";"56,0";"57,0";"51,0";"20,0";"20,2";"18,6";"947,1";"947,9";"947,1";"2,6";"56,0";"4,5";"1847,40";"0,0"
"29/04/2026";"1800";"29,6";"30,9";"29,6";"51,0";"56,0";"48,0";"18,3";"20,0";"18,1";"946,6";"947,1";"946,6";"2,7";"65,0";"5,3";"1719,70";"0,0"
"29/04/2026";"1900";"29,4";"29,9";"29,3";"51,0";"54,0";"51,0";"18,1";"19,3";"18,1";"946,7";"946,7";"946,5";"1,6";"114,0";"5,3";"671,70";"0,0"
"29/04/2026";"2000";"28,2";"29,5";"28,2";"58,0";"58,0";"51,0";"19,2";"19,6";"18,1";"947,2";"947,2";"946,7";"1,6";"148,0";"2,7";"303,30";"0,0"
"29/04/2026";"2100";"23,6";"28,2";"23,4";"75,0";"76,0";"58,0";"18,8";"20,2";"18,7";"948,6";"948,6";"947,2";"4,9";"199,0";"13,5";"33,40";"0,0"
"29/04/2026";"2200";"20,0";"23,6";"19,7";"91,0";"92,0";"74,0";"18,5";"19,1";"17,9";"949,9";"949,9";"948,6";"2,4";"227,0";"10,7";"4,20";"3,8"
"29/04/2026";"2300";"19,9";"20,2";"19,9";"90,0";"91,0";"90,0";"18,3";"18,7";"18,3";"950,9";"950,9";"949,9";"3,0";"215,0";"5,3";"0,70";"0,0"
"30/04/2026";"0000";"20,0";"20,0";"19,9";"89,0";"90,0";"89,0";"18,0";"18,3";"18,0";"951,1";"951,1";"950,9";"2,6";"231,0";"5,3";"4,00";"0,0"
"30/04/2026";"0100";"19,5";"20,0";"19,5";"90,0";"90,0";"88,0";"17,8";"18,0";"17,7";"950,3";"951,1";"950,3";"1,7";"228,0";"3,9";"2,70";"0,0"
"30/04/2026";"0200";"19,4";"19,7";"19,4";"87,0";"91,0";"87,0";"17,2";"18,2";"17,2";"951,4";"951,5";"950,3";"3,5";"219,0";"5,2";"2,40";"0,0"
"30/04/2026";"0300";"19,3";"19,5";"19,3";"85,0";"87,0";"84,0";"16,6";"17,2";"16,6";"951,4";"951,7";"951,4";"2,5";"220,0";"5,2";"1,80";"0,0"
"30/04/2026";"0400";"18,9";"19,3";"18,6";"86,0";"86,0";"82,0";"16,4";"16,6";"15,9";"951,0";"951,4";"950,8";"2,2";"216,0";"3,5";"";"0,0"
"30/04/2026";"0500";"18,8";"19,0";"18,8";"86,0";"86,0";"84,0";"16,5";"16,6";"16,3";"950,9";"951,1";"950,7";"1,7";"223,0";"3,3";"";"0,0"
"30/04/2026";"0600";"18,9";"19,0";"18,8";"90,0";"91,0";"86,0";"17,3";"17,4";"16,5";"950,7";"951,0";"950,7";"1,7";"227,0";"3,5";"";"0,0"
"30/04/2026";"0700";"19,1";"19,2";"18,9";"89,0";"90,0";"89,0";"17,2";"17,5";"17,2";"951,0";"951,0";"950,3";"2,5";"234,0";"4,6";"";"0,0"
"30/04/2026";"0800";"18,9";"19,1";"18,9";"88,0";"89,0";"87,0";"16,9";"17,2";"16,8";"951,4";"951,5";"950,9";"3,4";"232,0";"5,8";"";"0,0"
"30/04/2026";"0900";"18,5";"18,9";"18,5";"86,0";"90,0";"86,0";"16,1";"17,0";"16,1";"951,6";"951,9";"951,4";"1,7";"243,0";"5,8";"";"0,2"
"30/04/2026";"1000";"18,3";"18,5";"18,0";"89,0";"90,0";"86,0";"16,4";"16,4";"16,1";"950,1";"951,6";"950,1";"2,9";"78,0";"5,6";"42,80";"0,0"
"30/04/2026";"1100";"19,7";"19,8";"18,3";"79,0";"89,0";"79,0";"16,1";"16,7";"16,1";"949,9";"950,3";"949,0";"1,7";"117,0";"7,7";"365,60";"0,0"
"30/04/2026";"1200";"22,1";"22,1";"19,7";"74,0";"80,0";"74,0";"17,2";"17,2";"16,0";"951,2";"951,2";"949,8";"1,7";"197,0";"5,1";"1449,80";"0,0"
"30/04/2026";"1300";"23,1";"23,1";"22,1";"71,0";"74,0";"69,0";"17,6";"17,7";"16,6";"951,4";"951,5";"951,2";"1,2";"223,0";"3,1";"1595,20";"0,0"
"30/04/2026";"1400";"25,2";"25,5";"23,1";"62,0";"71,0";"61,0";"17,4";"18,2";"16,8";"951,0";"951,5";"951,0";"1,6";"1,0";"3,0";"2509,80";"0,2"
"30/04/2026";"1500";"26,4";"27,3";"24,7";"61,0";"64,0";"57,0";"18,2";"18,3";"16,9";"950,1";"951,0";"950,1";"1,3";"213,0";"3,0";"2726,20";"0,0"
"30/04/2026";"1600";"27,7";"28,1";"26,4";"56,0";"61,0";"54,0";"18,0";"18,5";"17,4";"949,0";"950,1";"949,0";"1,8";"236,0";"3,9";"2784,40";"0,0"
"30/04/2026";"1700";"28,5";"29,2";"27,6";"55,0";"56,0";"50,0";"18,5";"18,9";"17,7";"948,3";"949,0";"948,2";"2,0";"66,0";"4,0";"2305,80";"0,0"
"30/04/2026";"1800";"28,4";"29,7";"28,2";"54,0";"56,0";"51,0";"18,1";"19,0";"17,6";"948,0";"948,3";"947,9";"1,5";"69,0";"4,0";"1742,00";"0,0"
"30/04/2026";"1900";"29,2";"29,2";"27,9";"52,0";"57,0";"51,0";"18,3";"19,0";"17,5";"948,1";"948,1";"948,0";"1,3";"145,0";"2,8";"536,20";"0,0"
"30/04/2026";"2000";"24,4";"29,4";"24,4";"71,0";"71,0";"50,0";"18,9";"19,6";"17,6";"948,9";"948,9";"948,1";"5,0";"160,0";"9,0";"485,10";"0,0"
"30/04/2026";"2100";"21,8";"24,4";"21,8";"80,0";"80,0";"71,0";"18,2";"18,9";"18,2";"949,8";"949,8";"948,9";"3,7";"171,0";"10,0";"29,70";"0,0"
"30/04/2026";"2200";"21,4";"21,8";"21,4";"80,0";"80,0";"79,0";"17,7";"18,2";"17,7";"951,2";"951,2";"949,8";"3,1";"188,0";"8,4";"";"0,0"
"30/04/2026";"2300";"21,4";"21,5";"21,2";"77,0";"80,0";"76,0";"17,1";"17,7";"17,1";"952,0";"952,0";"951,2";"2,7";"191,0";"7,5";"";"0,0"
"01/05/2026";"0000";"21,4";"21,5";"21,3";"78,0";"78,0";"76,0";"17,3";"17,3";"17,1";"952,4";"952,4";"952,0";"1,9";"225,0";"6,0";"";"0,0"
"01/05/2026";"0100";"21,4";"21,4";"21,0";"78,0";"80,0";"77,0";"17,4";"17,4";"17,2";"952,7";"952,7";"952,4";"2,6";"208,0";"4,1";"";"0,0"
"01/05/2026";"0200";"21,4";"21,4";"21,3";"79,0";"79,0";"78,0";"17,6";"17,6";"17,4";"952,9";"952,9";"952,6";"2,7";"210,0";"5,8";"";"0,0"
"01/05/2026";"0300";"21,3";"21,4";"21,2";"79,0";"80,0";"79,0";"17,6";"17,7";"17,5";"952,9";"953,0";"952,8";"1,7";"200,0";"4,3";"";"0,0"
"01/05/2026";"0400";"21,1";"21,3";"21,1";"81,0";"81,0";"79,0";"17,7";"17,8";"17,6";"952,4";"952,9";"952,4";"0,6";"162,0";"2,5";"";"0,0"
"01/05/2026";"0500";"20,6";"21,2";"20,6";"84,0";"84,0";"80,0";"17,8";"18,0";"17,6";"952,1";"952,4";"952,1";"1,1";"117,0";"1,6";"";"0,0"
"01/05/2026";"0600";"20,0";"20,6";"20,0";"89,0";"89,0";"84,0";"18,2";"18,3";"17,8";"951,8";"952,1";"951,8";"1,9";"59,0";"3,3";"";"0,0"
"01/05/2026";"0700";"19,7";"20,0";"19,7";"93,0";"93,0";"89,0";"18,5";"18,5";"18,2";"951,5";"951,9";"951,5";"1,2";"110,0";"2,6";"";"0,0"
"01/05/2026";"0800";"19,7";"19,8";"19,6";"93,0";"93,0";"93,0";"18,6";"18,7";"18,4";"951,7";"951,7";"951,4";"0,4";"61,0";"1,7";"";"0,0"
"01/05/2026";"0900";"19,8";"19,8";"19,7";"93,0";"93,0";"93,0";"18,7";"18,7";"18,6";"952,4";"952,4";"951,7";"0,8";"67,0";"1,6";"";"0,0"
"01/05/2026";"1000";"20,2";"20,2";"19,8";"93,0";"93,0";"93,0";"18,9";"18,9";"18,7";"953,0";"953,0";"952,4";"0,7";"84,0";"1,3";"49,90";"0,0"
"01/05/2026";"1100";"21,3";"21,4";"20,2";"87,0";"93,0";"87,0";"19,0";"19,5";"18,9";"953,7";"953,7";"953,0";"0,5";"305,0";"1,2";"460,10";"0,0"
"01/05/2026";"1200";"22,4";"22,4";"21,3";"84,0";"88,0";"83,0";"19,5";"19,7";"18,9";"954,2";"954,2";"953,7";"1,6";"39,0";"3,4";"874,20";"0,0"
"01/05/2026";"1300";"24,7";"24,7";"22,4";"71,0";"85,0";"71,0";"19,1";"20,0";"18,7";"954,4";"954,5";"954,2";"3,0";"33,0";"5,1";"2006,90";"0,0"
"01/05/2026";"1400";"25,1";"25,9";"24,2";"68,0";"72,0";"67,0";"18,8";"19,9";"18,4";"953,9";"954,4";"953,9";"2,9";"36,0";"5,9";"1793,10";"0,0"
"01/05/2026";"1500";"27,1";"27,3";"25,2";"60,0";"68,0";"60,0";"18,6";"19,4";"18,1";"952,9";"953,9";"952,9";"3,3";"35,0";"6,7";"2794,60";"0,0"
"01/05/2026";"1600";"27,1";"28,2";"26,3";"59,0";"63,0";"58,0";"18,4";"19,7";"18,1";"951,9";"952,9";"951,9";"2,9";"39,0";"5,9";"2329,30";"0,0"
"01/05/2026";"1700";"27,3";"28,2";"26,7";"58,0";"61,0";"57,0";"18,3";"19,5";"18,0";"951,0";"951,9";"951,0";"2,4";"23,0";"6,0";"1800,70";"0,0"
"01/05/2026";"1800";"27,8";"27,9";"26,7";"59,0";"61,0";"56,0";"19,1";"19,2";"17,8";"950,5";"951,0";"950,5";"3,8";"25,0";"6,0";"1571,00";"0,0"
"01/05/2026";"1900";"27,3";"28,1";"26,9";"61,0";"63,0";"57,0";"19,1";"19,7";"18,6";"950,6";"950,6";"950,5";"4,2";"47,0";"5,8";"1229,70";"0,0"
"01/05/2026";"2000";"25,8";"27,3";"25,7";"67,0";"68,0";"60,0";"19,3";"19,3";"18,6";"950,9";"950,9";"950,6";"3,1";"33,0";"6,2";"497,30";"0,0"
"01/05/2026";"2100";"24,0";"25,8";"23,8";"76,0";"76,0";"68,0";"19,6";"19,7";"19,1";"951,0";"951,0";"950,9";"1,7";"28,0";"4,4";"38,70";"0,0"
"01/05/2026";"2200";"22,4";"24,2";"22,4";"82,0";"82,0";"76,0";"19,3";"19,7";"19,0";"951,2";"951,2";"951,0";"1,9";"60,0";"3,5";"";"0,0"
"01/05/2026";"2300";"22,0";"22,6";"22,0";"85,0";"85,0";"82,0";"19,3";"19,6";"19,3";"951,8";"951,8";"951,2";"2,2";"65,0";"4,3";"";"0,0"
"02/05/2026";"0000";"21,9";"22,0";"21,8";"85,0";"86,0";"84,0";"19,2";"19,4";"19,2";"952,2";"952,3";"951,8";"1,3";"75,0";"3,5";"";"0,0"
"02/05/2026";"0100";"20,6";"21,8";"20,6";"89,0";"89,0";"85,0";"18,6";"19,1";"18,5";"952,3";"952,3";"952,2";"0,4";"208,0";"1,8";"";"0,0"
"02/05/2026";"0200";"20,1";"20,7";"19,7";"92,0";"92,0";"88,0";"18,7";"18,8";"18,2";"952,0";"952,3";"952,0";"0,8";"315,0";"1,5";"";"0,0"
"02/05/2026";"0300";"19,2";"20,1";"19,1";"93,0";"93,0";"92,0";"18,0";"18,7";"17,8";"951,6";"952,0";"951,6";"0,4";"297,0";"1,3";"";"0,0"
"02/05/2026";"0400";"18,5";"19,2";"18,5";"93,0";"93,0";"92,0";"17,3";"18,0";"17,3";"950,8";"951,6";"950,8";"0,9";"359,0";"2,0";"";"0,0"
"02/05/2026";"0500";"18,5";"18,9";"18,0";"93,0";"93,0";"92,0";"17,3";"17,7";"16,8";"950,3";"950,8";"950,3";"1,0";"266,0";"1,6";"";"0,0"
"02/05/2026";"0600";"17,7";"18,5";"17,5";"93,0";"93,0";"93,0";"16,6";"17,3";"16,4";"950,1";"950,3";"950,0";"0,4";"248,0";"1,6";"";"0,0"
"02/05/2026";"0700";"17,9";"18,0";"17,5";"94,0";"94,0";"93,0";"16,9";"17,0";"16,5";"949,8";"950,1";"949,8";"0,5";"121,0";"1,1";"";"0,0"
"02/05/2026";"0800";"18,9";"18,9";"17,9";"92,0";"94,0";"92,0";"17,6";"17,6";"16,9";"950,4";"950,4";"949,8";"0,4";"319,0";"1,5";"";"0,0"
"02/05/2026";"0900";"19,2";"19,3";"18,7";"92,0";"92,0";"91,0";"17,8";"17,8";"17,4";"950,8";"950,8";"950,3";"0,5";"90,0";"1,4";"";"0,0"
"02/05/2026";"1000";"19,6";"19,6";"19,1";"92,0";"92,0";"92,0";"18,2";"18,2";"17,7";"951,8";"951,8";"950,8";"0,3";"11,0";"2,2";"24,90";"0,0"
"02/05/2026";"1100";"20,3";"20,3";"19,6";"90,0";"92,0";"90,0";"18,6";"18,6";"18,2";"952,5";"952,5";"951,8";"0,8";"98,0";"1,7";"187,90";"0,0"
"02/05/2026";"1200";"21,3";"21,4";"20,2";"82,0";"90,0";"82,0";"18,0";"18,7";"18,0";"953,1";"953,2";"952,5";"0,8";"26,0";"2,7";"773,50";"0,0"
"02/05/2026";"1300";"23,6";"23,8";"21,1";"72,0";"82,0";"71,0";"18,2";"18,8";"17,8";"952,9";"953,3";"952,9";"1,4";"19,0";"2,5";"1953,50";"0,0"
"02/05/2026";"1400";"25,8";"26,3";"23,5";"62,0";"72,0";"61,0";"18,1";"18,9";"17,6";"952,2";"952,9";"952,2";"2,3";"221,0";"4,6";"2476,00";"0,0"
"02/05/2026";"1500";"28,1";"28,3";"25,9";"46,0";"63,0";"46,0";"15,5";"18,7";"15,5";"951,4";"952,2";"951,4";"2,5";"226,0";"4,7";"2732,40";"0,0"
"02/05/2026";"1600";"28,8";"29,7";"28,1";"44,0";"47,0";"41,0";"15,2";"16,5";"14,7";"950,8";"951,4";"950,7";"4,6";"245,0";"9,5";"2597,40";"0,0"
"02/05/2026";"1700";"28,8";"29,9";"28,1";"41,0";"48,0";"41,0";"14,1";"16,6";"14,1";"950,0";"950,8";"950,0";"3,7";"246,0";"9,5";"1701,50";"0,0"
"02/05/2026";"1800";"29,8";"30,1";"28,4";"39,0";"43,0";"38,0";"14,3";"15,1";"13,8";"949,6";"950,0";"949,6";"3,6";"252,0";"7,6";"1423,40";"0,0"
"02/05/2026";"1900";"28,8";"29,8";"28,8";"42,0";"42,0";"38,0";"14,5";"15,0";"13,8";"949,7";"949,7";"949,5";"3,8";"249,0";"6,8";"1168,40";"0,0"
"02/05/2026";"2000";"25,9";"29,0";"25,9";"62,0";"62,0";"41,0";"18,1";"18,1";"14,4";"950,5";"950,5";"949,7";"3,9";"188,0";"6,6";"461,20";"0,0"
"02/05/2026";"2100";"22,8";"25,9";"22,8";"73,0";"73,0";"62,0";"17,6";"18,4";"17,6";"951,4";"951,4";"950,5";"3,2";"197,0";"6,0";"53,40";"0,0"
"02/05/2026";"2200";"22,2";"22,8";"21,7";"71,0";"77,0";"70,0";"16,7";"17,6";"16,7";"952,5";"952,5";"951,4";"3,0";"237,0";"6,0";"";"0,0"
"02/05/2026";"2300";"22,0";"22,2";"21,8";"69,0";"72,0";"69,0";"16,2";"16,7";"16,1";"952,9";"952,9";"952,5";"1,2";"213,0";"6,0";"";"0,0"
"03/05/2026";"0000";"20,7";"22,1";"20,6";"81,0";"81,0";"69,0";"17,3";"17,3";"15,8";"952,3";"953,0";"952,3";"1,8";"36,0";"2,5";"";"0,0"
"03/05/2026";"0100";"20,0";"20,8";"19,8";"84,0";"84,0";"78,0";"17,1";"17,6";"16,6";"952,4";"952,5";"952,2";"0,6";"319,0";"3,6";"";"0,0"
"03/05/2026";"0200";"18,7";"20,0";"18,7";"86,0";"86,0";"83,0";"16,3";"17,1";"16,2";"952,6";"952,8";"952,4";"0,9";"307,0";"2,2";"";"0,0"
"03/05/2026";"0300";"18,8";"19,0";"18,1";"86,0";"89,0";"86,0";"16,5";"16,8";"15,8";"952,5";"952,8";"952,3";"1,2";"261,0";"1,9";"";"0,0"
"03/05/2026";"0400";"17,3";"18,8";"17,1";"91,0";"92,0";"85,0";"15,9";"16,5";"15,2";"951,8";"952,5";"951,8";"0,3";"49,0";"1,8";"";"0,0"
"03/05/2026";"0500";"17,3";"17,4";"16,8";"92,0";"92,0";"91,0";"15,9";"16,1";"15,5";"951,4";"951,8";"951,2";"1,6";"182,0";"2,6";"";"0,0"
"03/05/2026";"0600";"18,0";"18,2";"16,4";"88,0";"92,0";"88,0";"16,0";"16,6";"14,9";"951,6";"951,8";"951,4";"2,0";"175,0";"3,6";"";"0,0"
"03/05/2026";"0700";"17,2";"18,8";"17,1";"86,0";"88,0";"81,0";"14,9";"16,0";"14,5";"951,8";"952,1";"951,5";"1,0";"282,0";"3,6";"";"0,0"
"03/05/2026";"0800";"17,1";"17,4";"16,8";"89,0";"90,0";"86,0";"15,3";"15,5";"15,0";"952,0";"952,0";"951,6";"0,9";"194,0";"1,9";"";"0,0"
"03/05/2026";"0900";"17,8";"18,0";"17,1";"88,0";"90,0";"87,0";"15,9";"16,0";"15,2";"952,9";"952,9";"952,0";"1,4";"233,0";"2,0";"";"0,0"
"03/05/2026";"1000";"18,6";"18,6";"17,8";"86,0";"89,0";"86,0";"16,2";"16,3";"15,9";"953,2";"953,4";"952,9";"1,7";"222,0";"2,7";"47,90";"0,0"
"03/05/2026";"1100";"20,1";"20,3";"18,6";"77,0";"86,0";"77,0";"16,0";"16,5";"15,8";"954,0";"954,0";"953,2";"1,8";"205,0";"3,6";"599,00";"0,0"
"03/05/2026";"1200";"21,0";"21,0";"20,0";"76,0";"78,0";"75,0";"16,5";"16,5";"15,9";"954,6";"954,6";"953,9";"1,8";"202,0";"3,1";"590,50";"0,0"
"03/05/2026";"1300";"21,2";"21,4";"21,0";"73,0";"76,0";"73,0";"16,3";"16,7";"16,1";"955,1";"955,2";"954,6";"3,0";"187,0";"4,6";"653,40";"0,0"
"03/05/2026";"1400";"22,5";"22,9";"21,1";"67,0";"74,0";"66,0";"16,0";"17,0";"15,8";"954,8";"955,2";"954,8";"2,6";"206,0";"5,4";"1361,90";"0,0"
"03/05/2026";"1500";"22,5";"22,5";"20,3";"68,0";"78,0";"67,0";"16,3";"16,7";"15,7";"954,1";"954,9";"954,1";"3,2";"174,0";"6,9";"838,20";"0,0"
"03/05/2026";"1600";"22,1";"23,5";"22,1";"66,0";"68,0";"62,0";"15,4";"16,5";"15,3";"953,3";"954,1";"953,3";"3,4";"137,0";"7,0";"1128,10";"0,0"
"03/05/2026";"1700";"22,0";"22,6";"21,6";"67,0";"67,0";"63,0";"15,5";"15,7";"14,9";"953,0";"953,4";"953,0";"4,4";"174,0";"7,5";"878,20";"0,0"
"03/05/2026";"1800";"20,7";"22,1";"20,6";"69,0";"69,0";"66,0";"14,7";"15,6";"14,5";"952,8";"953,1";"952,8";"3,8";"165,0";"7,8";"910,90";"0,0"
"03/05/2026";"1900";"19,7";"20,7";"19,7";"73,0";"73,0";"68,0";"14,6";"14,9";"14,5";"952,8";"952,9";"952,7";"4,1";"149,0";"8,4";"437,20";"0,0"
"03/05/2026";"2000";"18,9";"19,7";"18,9";"73,0";"73,0";"71,0";"13,8";"14,7";"13,8";"953,3";"953,3";"952,8";"2,3";"165,0";"7,0";"137,80";"0,0"
"03/05/2026";"2100";"18,2";"18,9";"18,2";"75,0";"75,0";"73,0";"13,7";"14,0";"13,6";"953,6";"953,6";"953,3";"2,3";"164,0";"6,3";"13,50";"0,0"
"03/05/2026";"2200";"18,1";"18,2";"18,1";"75,0";"76,0";"75,0";"13,7";"13,7";"13,6";"954,0";"954,0";"953,6";"2,4";"158,0";"5,3";"";"0,0"
"03/05/2026";"2300";"17,9";"18,1";"17,9";"77,0";"77,0";"75,0";"13,7";"13,7";"13,6";"954,6";"954,6";"954,0";"2,5";"154,0";"5,7";"";"0,0"
"04/05/2026";"0000";"17,7";"17,9";"17,7";"75,0";"77,0";"74,0";"13,3";"13,7";"13,1";"954,8";"954,9";"954,6";"4,0";"157,0";"6,1";"";"0,0"
"04/05/2026";"0100";"17,5";"17,7";"17,5";"77,0";"77,0";"75,0";"13,4";"13,4";"13,2";"954,9";"955,0";"954,8";"4,0";"159,0";"6,3";"";"0,0"
"04/05/2026";"0200";"17,5";"17,5";"17,4";"78,0";"78,0";"77,0";"13,5";"13,6";"13,4";"954,7";"954,9";"954,7";"2,8";"158,0";"6,2";"";"0,0"
"04/05/2026";"0300";"17,4";"17,5";"17,3";"78,0";"78,0";"77,0";"13,5";"13,6";"13,4";"954,5";"954,7";"954,5";"1,5";"116,0";"4,5";"";"0,0"
"04/05/2026";"0400";"17,1";"17,4";"17,1";"86,0";"86,0";"78,0";"14,8";"14,8";"13,4";"954,2";"954,5";"954,2";"1,7";"54,0";"2,5";"";"0,0"
"04/05/2026";"0500";"17,0";"17,1";"17,0";"89,0";"89,0";"86,0";"15,1";"15,2";"14,8";"953,7";"954,3";"953,7";"2,3";"55,0";"2,9";"";"0,0"
"04/05/2026";"0600";"16,9";"17,0";"16,9";"87,0";"89,0";"87,0";"14,8";"15,1";"14,7";"953,6";"953,7";"953,6";"1,1";"80,0";"2,9";"";"0,0"
"04/05/2026";"0700";"16,9";"17,0";"16,9";"88,0";"89,0";"87,0";"14,9";"15,0";"14,8";"953,5";"953,7";"953,5";"1,3";"66,0";"1,9";"";"0,0"
"04/05/2026";"0800";"17,2";"17,2";"16,9";"87,0";"89,0";"87,0";"14,9";"15,1";"14,9";"953,5";"953,6";"953,4";"3,1";"64,0";"5,2";"";"0,0"
"04/05/2026";"0900";"16,1";"17,2";"16,1";"89,0";"89,0";"86,0";"14,3";"14,9";"14,2";"953,3";"953,5";"953,3";"2,8";"52,0";"5,9";"";"0,0"
"04/05/2026";"1000";"17,3";"17,3";"15,9";"84,0";"91,0";"84,0";"14,5";"15,0";"14,1";"953,5";"953,6";"953,2";"4,3";"52,0";"6,9";"27,60";"0,0"
"04/05/2026";"1100";"18,2";"18,3";"17,3";"78,0";"84,0";"78,0";"14,4";"14,6";"14,3";"954,3";"954,3";"953,5";"4,3";"49,0";"8,9";"270,60";"0,0"
"04/05/2026";"1200";"19,0";"19,0";"18,2";"77,0";"80,0";"77,0";"14,8";"15,0";"14,4";"955,0";"955,0";"954,3";"3,4";"39,0";"6,8";"548,10";"0,0"
"04/05/2026";"1300";"20,5";"20,5";"18,8";"71,0";"77,0";"71,0";"15,1";"15,5";"14,5";"955,0";"955,2";"955,0";"4,9";"29,0";"8,4";"1185,90";"0,0"
"04/05/2026";"1400";"21,8";"22,1";"20,5";"66,0";"72,0";"65,0";"15,1";"15,7";"14,6";"954,4";"955,0";"954,4";"4,5";"33,0";"8,4";"2443,90";"0,0"
"04/05/2026";"1500";"23,6";"24,0";"21,7";"61,0";"67,0";"60,0";"15,6";"16,3";"14,9";"953,4";"954,4";"953,4";"4,2";"36,0";"7,7";"2681,00";"0,0"
"04/05/2026";"1600";"25,1";"25,1";"23,4";"59,0";"62,0";"57,0";"16,5";"16,5";"15,2";"952,5";"953,4";"952,5";"4,1";"29,0";"7,8";"2677,50";"0,0"
"04/05/2026";"1700";"25,8";"26,4";"24,8";"55,0";"59,0";"54,0";"16,0";"16,7";"15,5";"951,8";"952,5";"951,8";"3,3";"36,0";"6,7";"2234,20";"0,0"
"04/05/2026";"1800";"26,6";"26,6";"25,8";"53,0";"55,0";"52,0";"16,3";"16,4";"15,3";"951,1";"951,8";"951,1";"3,2";"38,0";"6,2";"1886,00";"0,0"
"04/05/2026";"1900";"26,2";"27,0";"26,1";"55,0";"55,0";"52,0";"16,5";"16,8";"15,9";"951,1";"951,1";"951,0";"3,3";"35,0";"5,8";"1251,90";"0,0"
"04/05/2026";"2000";"24,7";"26,3";"24,7";"62,0";"62,0";"53,0";"16,8";"16,8";"16,0";"951,4";"951,4";"951,1";"2,9";"35,0";"4,9";"466,00";"0,0"
"04/05/2026";"2100";"22,8";"24,7";"22,8";"68,0";"68,0";"62,0";"16,6";"17,1";"16,6";"951,7";"951,7";"951,4";"2,5";"40,0";"4,2";"33,60";"0,0"
"04/05/2026";"2200";"22,3";"22,9";"21,9";"71,0";"72,0";"68,0";"16,8";"17,0";"16,5";"952,4";"952,4";"951,7";"3,4";"44,0";"4,8";"";"0,0"
"04/05/2026";"2300";"21,9";"22,3";"21,8";"72,0";"73,0";"70,0";"16,6";"16,9";"16,4";"953,2";"953,2";"952,4";"3,2";"42,0";"6,5";"";"0,0"
"05/05/2026";"0000";"20,9";"21,9";"20,8";"76,0";"76,0";"72,0";"16,6";"16,6";"16,4";"953,7";"953,7";"953,2";"1,5";"32,0";"5,0";"";"0,0"
"05/05/2026";"0100";"20,1";"21,0";"20,0";"79,0";"79,0";"76,0";"16,4";"16,7";"16,2";"954,2";"954,2";"953,7";"0,6";"112,0";"3,4";"";"0,0"
"05/05/2026";"0200";"18,9";"20,5";"18,7";"86,0";"87,0";"78,0";"16,5";"16,7";"15,9";"954,3";"954,4";"954,2";"1,0";"122,0";"4,3";"";"0,0"
"05/05/2026";"0300";"18,7";"19,1";"18,4";"85,0";"87,0";"84,0";"16,1";"16,6";"15,9";"954,2";"954,3";"954,2";"1,9";"105,0";"3,1";"";"0,0"
"05/05/2026";"0400";"18,4";"18,8";"18,4";"86,0";"86,0";"84,0";"16,0";"16,2";"15,9";"954,2";"954,2";"954,1";"2,0";"118,0";"3,3";"";"0,0"
"05/05/2026";"0500";"16,9";"18,5";"16,6";"90,0";"90,0";"86,0";"15,3";"16,1";"14,7";"953,9";"954,2";"953,9";"0,5";"245,0";"3,2";"";"0,0"
"05/05/2026";"0600";"16,1";"17,1";"16,0";"92,0";"92,0";"90,0";"14,8";"15,5";"14,6";"953,8";"954,0";"953,8";"0,4";"336,0";"1,5";"";"0,0"
"05/05/2026";"0700";"15,5";"16,4";"15,5";"93,0";"93,0";"92,0";"14,4";"15,3";"14,3";"953,7";"953,9";"953,6";"0,7";"326,0";"1,1";"";"0,0"
"05/05/2026";"0800";"16,1";"16,1";"15,3";"94,0";"94,0";"93,0";"15,2";"15,2";"14,3";"953,5";"953,8";"953,5";"0,5";"161,0";"1,1";"";"0,0"
"05/05/2026";"0900";"15,3";"16,2";"15,3";"93,0";"94,0";"93,0";"14,2";"15,2";"14,2";"954,0";"954,0";"953,5";"0,6";"352,0";"1,2";"";"0,0"
"05/05/2026";"1000";"16,2";"16,2";"15,3";"94,0";"94,0";"93,0";"15,2";"15,2";"14,2";"954,8";"954,8";"954,0";"0,7";"102,0";"1,9";"59,60";"0,0"
"05/05/2026";"1100";"18,7";"18,8";"16,2";"86,0";"94,0";"86,0";"16,3";"16,5";"15,3";"955,3";"955,4";"954,8";"2,5";"72,0";"4,0";"598,00";"0,0"
"05/05/2026";"1200";"21,2";"21,2";"18,7";"78,0";"86,0";"77,0";"17,1";"17,4";"16,4";"955,7";"955,7";"955,3";"2,7";"53,0";"4,4";"1350,00";"0,0"
"05/05/2026";"1300";"22,6";"23,8";"21,2";"69,0";"78,0";"66,0";"16,6";"17,5";"16,3";"956,0";"956,1";"955,7";"2,7";"61,0";"4,5";"1854,80";"0,0"
"05/05/2026";"1400";"25,3";"25,7";"22,6";"60,0";"69,0";"60,0";"17,0";"17,7";"16,4";"955,4";"956,0";"955,4";"1,8";"49,0";"4,7";"2390,10";"0,0"
"05/05/2026";"1500";"26,8";"26,8";"25,1";"54,0";"61,0";"53,0";"16,6";"17,7";"16,2";"954,5";"955,4";"954,5";"2,4";"35,0";"4,8";"2668,70";"0,0"
"05/05/2026";"1600";"28,1";"28,3";"26,6";"46,0";"54,0";"46,0";"15,2";"16,8";"15,2";"953,8";"954,6";"953,8";"1,8";"40,0";"5,2";"2639,30";"0,0"
"05/05/2026";"1700";"29,0";"29,6";"27,8";"41,0";"48,0";"37,0";"14,3";"15,7";"12,9";"953,2";"953,8";"953,2";"1,6";"40,0";"3,9";"2265,20";"0,0"
"05/05/2026";"1800";"29,5";"30,3";"28,8";"38,0";"41,0";"37,0";"13,8";"14,9";"13,3";"952,6";"953,2";"952,6";"1,9";"49,0";"3,8";"1896,50";"0,0"
"05/05/2026";"1900";"29,8";"30,5";"29,3";"38,0";"39,0";"35,0";"14,2";"14,2";"12,6";"952,9";"952,9";"952,6";"1,3";"97,0";"3,5";"1360,10";"0,0"
"05/05/2026";"2000";"26,4";"30,1";"26,4";"51,0";"52,0";"37,0";"15,5";"16,5";"13,7";"953,7";"953,7";"952,9";"5,0";"167,0";"8,4";"803,60";"0,0"
"05/05/2026";"2100";"22,8";"26,4";"22,8";"64,0";"64,0";"47,0";"15,7";"15,7";"13,9";"953,8";"953,9";"953,6";"1,6";"141,0";"8,6";"106,80";"0,0"
"05/05/2026";"2200";"21,7";"23,3";"21,7";"69,0";"69,0";"62,0";"15,7";"16,2";"15,5";"954,2";"954,2";"953,8";"1,1";"90,0";"3,4";"";"0,0"
"05/05/2026";"2300";"20,7";"22,1";"20,7";"77,0";"77,0";"68,0";"16,6";"16,8";"15,8";"954,5";"954,5";"954,2";"1,3";"170,0";"4,0";"";"0,0"
"06/05/2026";"0000";"19,7";"20,9";"19,4";"82,0";"84,0";"77,0";"16,5";"17,3";"16,2";"954,8";"954,8";"954,5";"0,9";"169,0";"2,9";"";"0,0"
"06/05/2026";"0100";"19,0";"19,9";"18,8";"85,0";"86,0";"81,0";"16,4";"17,0";"16,0";"954,9";"955,0";"954,9";"0,3";"284,0";"1,5";"";"0,0"
"06/05/2026";"0200";"18,8";"19,1";"18,1";"87,0";"89,0";"85,0";"16,5";"16,9";"15,7";"954,7";"954,9";"954,7";"1,0";"187,0";"2,4";"";"0,0"
"06/05/2026";"0300";"17,7";"19,2";"17,3";"90,0";"90,0";"85,0";"16,0";"17,0";"15,1";"954,5";"954,8";"954,5";"0,5";"326,0";"2,4";"";"0,0"
"06/05/2026";"0400";"17,4";"17,8";"17,2";"89,0";"91,0";"88,0";"15,5";"16,2";"15,3";"954,4";"954,6";"954,3";"0,9";"293,0";"1,8";"";"0,0"
"06/05/2026";"0500";"16,7";"17,4";"16,3";"90,0";"91,0";"89,0";"15,0";"15,7";"14,6";"953,9";"954,4";"953,9";"0,5";"279,0";"1,4";"";"0,0"
"06/05/2026";"0600";"16,4";"16,7";"15,9";"92,0";"92,0";"90,0";"15,1";"15,3";"14,5";"953,5";"953,9";"953,5";"0,5";"274,0";"2,0";"";"0,0"
"06/05/2026";"0700";"16,1";"16,4";"15,6";"92,0";"92,0";"91,0";"14,9";"15,1";"14,2";"953,4";"953,5";"953,4";"0,4";"176,0";"1,4";"";"0,0"
"06/05/2026";"0800";"15,3";"16,2";"15,2";"91,0";"93,0";"91,0";"13,9";"14,9";"13,8";"953,5";"953,6";"953,4";"0,7";"305,0";"1,1";"";"0,0"
"06/05/2026";"0900";"14,6";"15,5";"14,5";"93,0";"93,0";"91,0";"13,5";"14,4";"13,3";"953,8";"953,9";"953,5";"0,4";"167,0";"1,4";"";"0,0"
"06/05/2026";"1000";"16,0";"16,0";"14,6";"93,0";"94,0";"93,0";"14,9";"14,9";"13,5";"954,6";"954,6";"953,8";"0,6";"252,0";"1,6";"56,90";"0,0"
"06/05/2026";"1100";"19,9";"19,9";"16,0";"83,0";"93,0";"83,0";"16,9";"16,9";"14,9";"955,3";"955,3";"954,6";"0,3";"21,0";"1,5";"620,30";"0,0"
"06/05/2026";"1200";"23,0";"23,6";"19,7";"67,0";"83,0";"67,0";"16,5";"17,2";"16,1";"955,6";"955,7";"955,3";"0,6";"29,0";"1,7";"1366,60";"0,0"
"06/05/2026";"1300";"25,4";"25,4";"22,5";"63,0";"69,0";"63,0";"17,8";"18,3";"16,2";"955,5";"955,7";"955,5";"1,1";"35,0";"3,0";"2007,30";"0,0"
"06/05/2026";"1400";"26,4";"26,6";"25,0";"59,0";"65,0";"58,0";"17,6";"18,7";"17,2";"954,8";"955,5";"954,8";"1,8";"57,0";"4,5";"2452,10";"0,0"
"06/05/2026";"1500";"28,0";"28,0";"26,2";"50,0";"59,0";"48,0";"16,4";"18,0";"15,8";"954,0";"954,9";"954,0";"2,4";"73,0";"4,7";"2685,80";"0,0"
"06/05/2026";"1600";"28,9";"29,4";"27,5";"42,0";"52,0";"40,0";"14,6";"16,8";"13,7";"952,9";"954,0";"952,9";"2,4";"61,0";"5,1";"2609,60";"0,0"
"06/05/2026";"1700";"30,0";"30,7";"28,8";"35,0";"43,0";"33,0";"12,9";"15,5";"12,2";"951,9";"952,9";"951,9";"3,2";"50,0";"5,9";"2310,90";"0,0"
"06/05/2026";"1800";"29,4";"30,2";"29,2";"40,0";"40,0";"32,0";"14,2";"14,2";"11,5";"951,2";"951,9";"951,2";"2,2";"22,0";"5,9";"1837,80";"0,0"
"06/05/2026";"1900";"29,1";"29,7";"29,1";"42,0";"43,0";"37,0";"14,8";"15,3";"13,4";"951,2";"951,2";"951,0";"2,4";"32,0";"4,5";"1232,30";"0,0"
"06/05/2026";"2000";"27,9";"29,3";"27,8";"48,0";"51,0";"41,0";"16,0";"16,6";"14,6";"951,2";"951,3";"951,1";"1,7";"18,0";"4,0";"562,70";"0,0"
"06/05/2026";"2100";"23,7";"28,0";"23,7";"65,0";"66,0";"48,0";"16,8";"17,6";"15,9";"951,6";"951,6";"951,2";"0,4";"45,0";"2,8";"34,50";"0,0"
"06/05/2026";"2200";"20,8";"23,7";"20,8";"79,0";"80,0";"65,0";"17,0";"17,7";"16,6";"952,1";"952,1";"951,6";"0,3";"304,0";"1,3";"";"0,0"
"06/05/2026";"2300";"20,0";"20,8";"19,7";"82,0";"85,0";"79,0";"16,9";"17,5";"16,7";"952,5";"952,5";"952,1";"0,6";"251,0";"1,0";"";"0,0"
"07/05/2026";"0000";"18,8";"20,0";"18,7";"87,0";"88,0";"82,0";"16,6";"17,1";"16,4";"952,9";"952,9";"952,4";"0,5";"319,0";"1,5";"";"0,0"
"07/05/2026";"0100";"18,5";"18,9";"18,2";"90,0";"90,0";"86,0";"16,8";"17,0";"16,0";"952,6";"952,9";"952,6";"0,5";"297,0";"1,4";"";"0,0"
"07/05/2026";"0200";"17,8";"18,7";"17,6";"90,0";"91,0";"87,0";"16,1";"16,9";"15,7";"952,7";"952,7";"952,6";"0,4";"257,0";"1,0";"";"0,0"
"07/05/2026";"0300";"17,6";"18,0";"17,3";"88,0";"90,0";"88,0";"15,6";"16,2";"15,4";"952,4";"952,7";"952,4";"0,5";"279,0";"1,4";"";"0,0"
"07/05/2026";"0400";"17,5";"18,0";"16,6";"89,0";"91,0";"87,0";"15,7";"16,2";"14,8";"951,9";"952,4";"951,9";"0,8";"60,0";"1,8";"";"0,0"
"07/05/2026";"0500";"17,5";"18,5";"17,3";"87,0";"89,0";"85,0";"15,3";"16,4";"15,0";"951,6";"951,9";"951,5";"0,4";"42,0";"3,0";"";"0,0"
"07/05/2026";"0600";"17,0";"17,8";"16,8";"89,0";"89,0";"86,0";"15,2";"15,8";"14,7";"951,1";"951,6";"951,1";"0,5";"182,0";"2,0";"";"0,0"
"07/05/2026";"0700";"15,9";"17,0";"15,7";"91,0";"92,0";"88,0";"14,5";"15,0";"14,1";"950,9";"951,1";"950,9";"0,6";"327,0";"1,5";"";"0,0"
"07/05/2026";"0800";"14,9";"16,0";"14,9";"93,0";"93,0";"91,0";"13,7";"14,5";"13,6";"950,8";"950,9";"950,7";"0,3";"63,0";"1,2";"";"0,0"
"07/05/2026";"0900";"14,3";"15,2";"14,3";"93,0";"94,0";"92,0";"13,3";"14,1";"13,2";"951,1";"951,2";"950,8";"0,6";"329,0";"1,8";"";"0,0"
"07/05/2026";"1000";"15,4";"15,4";"14,3";"94,0";"94,0";"93,0";"14,5";"14,5";"13,2";"951,5";"951,5";"951,1";"0,5";"204,0";"2,2";"51,20";"0,0"
"07/05/2026";"1100";"18,5";"18,7";"15,4";"84,0";"94,0";"84,0";"15,8";"16,0";"14,5";"951,7";"951,7";"951,4";"0,8";"31,0";"2,2";"612,20";"0,0"
"07/05/2026";"1200";"22,0";"22,1";"18,5";"73,0";"84,0";"73,0";"17,0";"17,3";"15,6";"951,7";"951,8";"951,7";"1,3";"51,0";"2,7";"1369,40";"0,0"
"07/05/2026";"1300";"25,1";"25,1";"22,0";"61,0";"74,0";"61,0";"17,1";"17,6";"16,8";"951,4";"951,8";"951,4";"2,4";"46,0";"5,0";"2012,30";"0,0"
"07/05/2026";"1400";"26,5";"26,6";"24,7";"54,0";"61,0";"53,0";"16,4";"17,4";"16,0";"950,2";"951,4";"950,2";"4,4";"41,0";"6,8";"2474,80";"0,0"
"07/05/2026";"1500";"28,0";"28,5";"26,5";"46,0";"54,0";"45,0";"15,5";"16,6";"15,1";"949,1";"950,2";"949,1";"3,2";"24,0";"7,5";"2710,30";"0,0"
"07/05/2026";"1600";"29,0";"29,1";"27,8";"43,0";"47,0";"41,0";"15,1";"15,6";"14,3";"947,9";"949,1";"947,9";"3,5";"27,0";"7,1";"2503,50";"0,0"
"07/05/2026";"1700";"29,1";"29,8";"28,6";"41,0";"44,0";"38,0";"14,5";"15,4";"13,6";"946,7";"947,9";"946,7";"3,8";"28,0";"7,1";"2249,40";"0,0"
"07/05/2026";"1800";"29,6";"30,1";"28,9";"38,0";"42,0";"36,0";"13,6";"15,4";"13,1";"946,3";"946,8";"946,3";"4,0";"28,0";"7,5";"1647,50";"0,0"
"07/05/2026";"1900";"29,3";"30,2";"28,8";"36,0";"38,0";"34,0";"12,7";"13,9";"12,2";"946,1";"946,3";"946,1";"3,7";"353,0";"7,6";"968,70";"0,0"
"07/05/2026";"2000";"27,8";"29,4";"27,6";"43,0";"45,0";"36,0";"14,1";"14,7";"12,6";"946,2";"946,3";"946,1";"1,7";"353,0";"5,8";"371,90";"0,0"
"07/05/2026";"2100";"24,2";"28,1";"24,2";"56,0";"59,0";"41,0";"14,9";"16,3";"13,7";"946,7";"946,7";"946,2";"0,6";"147,0";"3,8";"44,80";"0,0"
"07/05/2026";"2200";"20,9";"24,3";"20,9";"73,0";"73,0";"56,0";"15,9";"17,2";"14,9";"947,1";"947,1";"946,7";"1,0";"300,0";"2,8";"";"0,0"
"07/05/2026";"2300";"19,9";"21,4";"19,9";"79,0";"81,0";"73,0";"16,2";"16,7";"16,0";"947,4";"947,4";"947,1";"0,7";"229,0";"2,8";"";"0,0"
"08/05/2026";"0000";"19,7";"20,5";"18,9";"81,0";"84,0";"78,0";"16,4";"16,8";"15,7";"947,9";"947,9";"947,3";"1,3";"249,0";"2,3";"";"0,0"
"08/05/2026";"0100";"18,7";"19,8";"18,5";"83,0";"84,0";"81,0";"15,7";"16,6";"15,6";"948,1";"948,2";"947,9";"1,1";"242,0";"3,1";"";"0,0"
"08/05/2026";"0200";"17,8";"18,8";"17,6";"87,0";"88,0";"83,0";"15,5";"16,3";"15,2";"947,9";"948,2";"947,9";"0,8";"261,0";"3,4";"";"0,0"
"08/05/2026";"0300";"17,4";"18,0";"17,0";"88,0";"90,0";"87,0";"15,4";"15,9";"15,1";"947,8";"947,9";"947,7";"0,8";"280,0";"2,2";"";"0,0"
"08/05/2026";"0400";"16,8";"18,0";"16,8";"88,0";"89,0";"86,0";"14,8";"16,0";"14,7";"947,9";"948,0";"947,7";"0,8";"286,0";"2,0";"";"0,0"
"08/05/2026";"0500";"17,0";"17,9";"16,4";"90,0";"91,0";"87,0";"15,4";"16,1";"14,6";"947,5";"948,0";"947,5";"1,0";"57,0";"2,1";"";"0,0"
"08/05/2026";"0600";"16,8";"17,3";"16,7";"90,0";"91,0";"89,0";"15,1";"15,8";"15,0";"947,0";"947,5";"947,0";"0,5";"285,0";"2,2";"";"0,0"
"08/05/2026";"0700";"17,1";"17,1";"16,4";"90,0";"91,0";"89,0";"15,4";"15,5";"14,8";"947,8";"947,8";"947,0";"1,5";"229,0";"2,6";"";"0,0"
"08/05/2026";"0800";"16,3";"17,1";"16,0";"90,0";"91,0";"89,0";"14,6";"15,4";"14,3";"948,2";"948,3";"947,8";"0,8";"312,0";"2,0";"";"0,0"
"08/05/2026";"0900";"16,0";"16,8";"16,0";"90,0";"91,0";"89,0";"14,4";"15,3";"14,3";"948,7";"948,7";"948,2";"0,7";"324,0";"2,1";"";"0,0"
"08/05/2026";"1000";"16,5";"16,6";"15,8";"91,0";"92,0";"90,0";"15,0";"15,3";"14,4";"949,1";"949,2";"948,6";"0,7";"175,0";"2,1";"37,40";"0,0"
"08/05/2026";"1100";"18,5";"18,5";"16,5";"87,0";"91,0";"86,0";"16,3";"16,3";"15,0";"949,5";"949,6";"949,1";"0,8";"312,0";"2,0";"405,40";"0,0"
"08/05/2026";"1200";"24,1";"24,1";"18,5";"64,0";"87,0";"63,0";"16,8";"18,2";"16,3";"949,5";"949,7";"949,4";"1,8";"107,0";"4,2";"1064,90";"0,0"
"08/05/2026";"1300";"27,0";"27,0";"24,1";"53,0";"64,0";"53,0";"16,5";"17,2";"15,5";"949,6";"949,8";"949,5";"3,1";"37,0";"5,7";"1552,30";"0,0"
"08/05/2026";"1400";"27,7";"28,7";"26,5";"48,0";"54,0";"44,0";"15,7";"16,8";"14,5";"948,8";"949,6";"948,8";"3,9";"22,0";"7,0";"2359,40";"0,0"
"08/05/2026";"1500";"28,4";"28,8";"27,5";"46,0";"49,0";"44,0";"15,7";"16,0";"14,7";"947,4";"948,8";"947,4";"6,0";"32,0";"8,1";"2646,00";"0,0"
"08/05/2026";"1600";"28,8";"29,2";"27,9";"42,0";"47,0";"42,0";"14,7";"15,9";"14,4";"946,4";"947,5";"946,4";"4,4";"26,0";"8,1";"2149,30";"0,0"
"08/05/2026";"1700";"29,6";"29,6";"28,2";"40,0";"46,0";"39,0";"14,7";"16,0";"14,1";"945,5";"946,4";"945,5";"2,1";"354,0";"7,3";"1668,30";"0,0"
"08/05/2026";"1800";"29,7";"30,7";"29,4";"38,0";"40,0";"36,0";"13,9";"14,8";"13,0";"945,0";"945,5";"944,8";"2,5";"332,0";"7,5";"1649,80";"0,0"
"08/05/2026";"1900";"29,4";"29,9";"28,7";"40,0";"43,0";"35,0";"14,2";"14,9";"12,6";"945,3";"945,3";"945,0";"1,8";"351,0";"5,7";"778,50";"0,0"
"08/05/2026";"2000";"28,0";"29,7";"28,0";"45,0";"45,0";"37,0";"15,0";"15,3";"13,1";"945,6";"945,6";"945,3";"2,6";"41,0";"4,8";"480,90";"0,0"
"08/05/2026";"2100";"23,4";"28,0";"23,4";"67,0";"67,0";"44,0";"16,8";"17,3";"14,7";"946,2";"946,2";"945,6";"0,6";"56,0";"3,7";"33,20";"0,0"
"08/05/2026";"2200";"20,7";"23,4";"20,6";"78,0";"79,0";"66,0";"16,7";"17,0";"16,3";"947,0";"947,0";"946,2";"0,4";"332,0";"2,2";"";"0,0"
"08/05/2026";"2300";"20,0";"20,7";"19,7";"82,0";"82,0";"78,0";"16,9";"17,1";"16,3";"947,2";"947,3";"947,0";"0,9";"81,0";"1,6";"";"0,0"
"09/05/2026";"0000";"18,9";"20,3";"18,9";"83,0";"85,0";"81,0";"16,1";"17,4";"16,0";"947,6";"947,6";"947,2";"0,7";"345,0";"1,6";"";"0,0"
"09/05/2026";"0100";"19,0";"19,5";"18,5";"84,0";"86,0";"82,0";"16,2";"16,9";"15,9";"947,6";"947,7";"947,5";"0,5";"190,0";"1,6";"";"0,0"
"09/05/2026";"0200";"21,2";"22,0";"18,7";"76,0";"86,0";"74,0";"16,9";"17,5";"16,2";"947,4";"947,7";"947,4";"3,7";"49,0";"7,4";"";"0,0"
"09/05/2026";"0300";"21,2";"21,9";"21,0";"78,0";"78,0";"75,0";"17,1";"17,3";"16,8";"947,5";"947,5";"947,3";"1,7";"83,0";"5,5";"";"0,0"
"09/05/2026";"0400";"21,3";"21,9";"21,0";"78,0";"79,0";"77,0";"17,3";"17,8";"17,1";"947,4";"947,6";"947,2";"2,0";"62,0";"7,2";"";"0,0"
"09/05/2026";"0500";"20,9";"21,5";"20,4";"78,0";"81,0";"77,0";"17,0";"17,3";"16,8";"947,5";"947,5";"947,1";"2,3";"74,0";"4,8";"";"0,0"
"09/05/2026";"0600";"20,4";"21,1";"20,2";"78,0";"80,0";"76,0";"16,4";"17,0";"16,3";"947,5";"947,5";"947,3";"1,9";"144,0";"3,4";"";"0,0"
"09/05/2026";"0700";"18,8";"21,6";"18,8";"85,0";"85,0";"73,0";"16,3";"16,7";"16,0";"947,5";"947,6";"947,4";"0,4";"256,0";"3,3";"";"0,0"
"09/05/2026";"0800";"20,7";"20,7";"18,0";"78,0";"89,0";"78,0";"16,6";"17,0";"16,0";"947,4";"947,6";"947,3";"3,3";"355,0";"4,4";"";"0,0"
"09/05/2026";"0900";"20,2";"21,9";"20,0";"76,0";"78,0";"69,0";"15,8";"16,5";"15,6";"948,0";"948,0";"947,4";"0,9";"11,0";"4,4";"";"0,0"
"09/05/2026";"1000";"18,8";"20,8";"18,7";"82,0";"82,0";"74,0";"15,7";"16,1";"15,6";"948,2";"948,3";"947,9";"0,9";"156,0";"2,7";"31,20";"0,0"
"09/05/2026";"1100";"22,1";"22,1";"18,8";"71,0";"84,0";"69,0";"16,5";"16,5";"15,8";"949,3";"949,3";"948,2";"1,7";"322,0";"2,8";"274,90";"0,0"
"09/05/2026";"1200";"24,5";"24,6";"22,0";"59,0";"71,0";"59,0";"16,0";"16,7";"15,8";"949,9";"949,9";"949,3";"2,3";"353,0";"4,0";"744,50";"0,0"
"09/05/2026";"1300";"25,7";"25,7";"24,5";"56,0";"61,0";"55,0";"16,4";"16,7";"15,9";"950,0";"950,1";"949,8";"4,0";"27,0";"7,5";"1233,70";"0,0"
"09/05/2026";"1400";"26,7";"26,7";"25,5";"53,0";"58,0";"52,0";"16,4";"17,0";"15,9";"949,9";"950,2";"949,8";"3,9";"39,0";"6,5";"1297,80";"0,0"
"09/05/2026";"1500";"28,8";"28,9";"26,7";"45,0";"54,0";"43,0";"15,7";"16,9";"15,0";"949,5";"950,0";"949,5";"2,4";"8,0";"5,7";"2301,90";"0,0"
"09/05/2026";"1600";"28,6";"29,5";"28,3";"44,0";"47,0";"41,0";"15,0";"16,4";"14,2";"948,8";"949,5";"948,8";"3,0";"21,0";"6,2";"2154,20";"0,0"
"09/05/2026";"1700";"28,9";"29,0";"28,3";"42,0";"46,0";"41,0";"14,8";"15,7";"14,2";"948,2";"948,8";"948,2";"2,0";"21,0";"5,5";"1558,90";"0,0"
"09/05/2026";"1800";"28,6";"29,4";"28,4";"43,0";"45,0";"40,0";"14,8";"15,6";"14,4";"948,0";"948,2";"947,9";"2,7";"60,0";"5,2";"1117,70";"0,0"
"09/05/2026";"1900";"27,9";"28,7";"27,9";"49,0";"49,0";"43,0";"16,1";"16,2";"14,8";"947,7";"948,0";"947,7";"3,1";"52,0";"4,2";"716,10";"0,0"
"09/05/2026";"2000";"25,8";"27,9";"25,7";"60,0";"60,0";"49,0";"17,4";"17,4";"16,0";"947,9";"947,9";"947,7";"1,7";"66,0";"4,0";"273,10";"0,0"
"09/05/2026";"2100";"23,4";"25,8";"23,4";"69,0";"69,0";"60,0";"17,4";"18,1";"16,9";"948,2";"948,2";"947,9";"0,4";"135,0";"2,3";"30,80";"0,0"
"09/05/2026";"2200";"21,3";"23,4";"20,7";"81,0";"82,0";"69,0";"17,9";"18,3";"16,8";"948,8";"948,8";"948,2";"0,4";"308,0";"2,2";"";"0,0"
"09/05/2026";"2300";"19,2";"21,3";"19,2";"87,0";"87,0";"80,0";"16,9";"17,7";"16,7";"949,0";"949,1";"948,8";"0,6";"344,0";"1,6";"";"0,0"
"10/05/2026";"0000";"19,0";"19,4";"18,7";"88,0";"90,0";"87,0";"17,0";"17,6";"16,6";"949,4";"949,4";"949,0";"0,9";"250,0";"1,3";"";"0,0"
"10/05/2026";"0100";"18,6";"19,1";"18,1";"88,0";"91,0";"88,0";"16,6";"17,3";"16,4";"949,4";"949,5";"949,3";"0,4";"310,0";"1,7";"";"0,0"
"10/05/2026";"0200";"21,7";"21,9";"18,6";"75,0";"89,0";"75,0";"17,1";"17,6";"16,6";"949,9";"950,0";"949,2";"2,3";"228,0";"6,0";"";"0,0"
"10/05/2026";"0300";"20,6";"21,8";"20,5";"79,0";"81,0";"75,0";"16,7";"17,3";"16,7";"949,8";"950,0";"949,7";"1,8";"147,0";"3,8";"";"0,0"
"10/05/2026";"0400";"20,5";"21,2";"20,4";"81,0";"82,0";"78,0";"17,2";"17,4";"16,8";"949,9";"950,0";"949,8";"1,3";"249,0";"4,0";"";"0,0"
"10/05/2026";"0500";"20,4";"20,8";"19,8";"85,0";"86,0";"81,0";"17,9";"18,0";"16,9";"949,6";"949,9";"949,6";"1,4";"230,0";"3,0";"";"0,0"
"10/05/2026";"0600";"19,6";"20,4";"19,1";"90,0";"91,0";"85,0";"18,0";"18,0";"17,3";"949,6";"949,8";"949,5";"1,6";"240,0";"2,3";"";"0,0"
"10/05/2026";"0700";"19,2";"19,7";"19,1";"92,0";"93,0";"90,0";"18,0";"18,2";"17,7";"949,5";"949,6";"949,4";"2,2";"215,0";"3,2";"";"0,0"
"10/05/2026";"0800";"19,7";"19,9";"19,2";"92,0";"93,0";"92,0";"18,4";"18,7";"17,9";"949,6";"949,6";"949,4";"1,5";"233,0";"3,0";"";"0,0"
"10/05/2026";"0900";"19,6";"19,7";"19,3";"92,0";"92,0";"92,0";"18,2";"18,4";"18,0";"950,2";"950,2";"949,5";"1,8";"266,0";"3,0";"";"0,0"
"10/05/2026";"1000";"19,4";"19,6";"19,4";"87,0";"92,0";"87,0";"17,2";"18,2";"17,2";"950,8";"950,8";"950,2";"2,4";"243,0";"3,8";"24,50";"0,0"
"10/05/2026";"1100";"19,5";"19,7";"19,3";"84,0";"87,0";"83,0";"16,7";"17,3";"16,5";"951,4";"951,4";"950,8";"2,9";"246,0";"5,3";"254,50";"0,0"
"10/05/2026";"1200";"20,0";"20,1";"19,3";"79,0";"84,0";"78,0";"16,2";"16,7";"16,0";"952,0";"952,0";"951,4";"3,2";"236,0";"6,1";"583,50";"0,0"
"10/05/2026";"1300";"21,0";"21,2";"19,7";"74,0";"80,0";"74,0";"16,2";"16,6";"15,9";"951,8";"952,1";"951,8";"2,4";"235,0";"5,3";"819,40";"0,0"
"10/05/2026";"1400";"22,2";"22,9";"21,0";"71,0";"75,0";"69,0";"16,6";"17,2";"16,1";"951,3";"951,8";"951,3";"3,8";"237,0";"5,5";"2146,90";"0,0"
"10/05/2026";"1500";"21,6";"22,6";"21,3";"71,0";"72,0";"68,0";"16,1";"16,7";"15,8";"950,7";"951,4";"950,7";"4,0";"244,0";"7,5";"1430,50";"0,0"
"10/05/2026";"1600";"21,4";"22,1";"20,9";"72,0";"73,0";"69,0";"16,1";"16,3";"15,8";"950,0";"950,8";"950,0";"4,1";"234,0";"7,3";"1328,10";"0,0"
"10/05/2026";"1700";"21,4";"22,1";"20,9";"72,0";"74,0";"69,0";"16,2";"16,4";"15,8";"949,4";"950,0";"949,3";"3,6";"245,0";"7,8";"1694,40";"0,0"
"10/05/2026";"1800";"20,4";"21,4";"20,4";"76,0";"76,0";"72,0";"15,9";"16,4";"15,8";"949,4";"949,4";"949,2";"4,2";"244,0";"7,6";"842,60";"0,0"
"10/05/2026";"1900";"18,8";"20,4";"18,8";"84,0";"84,0";"76,0";"16,1";"16,2";"15,7";"949,0";"949,5";"949,0";"2,8";"232,0";"7,3";"322,40";"0,0"
"10/05/2026";"2000";"18,8";"19,1";"18,7";"83,0";"85,0";"83,0";"15,9";"16,3";"15,8";"949,5";"949,5";"949,0";"3,3";"234,0";"5,6";"212,50";"0,0"
"10/05/2026";"2100";"16,7";"18,9";"16,7";"87,0";"87,0";"81,0";"14,6";"16,0";"14,5";"950,6";"950,6";"949,5";"5,7";"250,0";"10,3";"10,70";"0,0"
"10/05/2026";"2200";"15,8";"16,7";"15,6";"93,0";"94,0";"88,0";"14,7";"15,0";"14,3";"951,7";"951,8";"950,6";"3,3";"236,0";"10,3";"0,70";"4,8"
"10/05/2026";"2300";"15,1";"15,8";"15,1";"93,0";"93,0";"92,0";"14,0";"14,7";"14,0";"952,8";"952,8";"951,7";"3,1";"250,0";"5,8";"0,10";"0,0"
"11/05/2026";"0000";"14,6";"15,2";"14,5";"92,0";"93,0";"92,0";"13,3";"14,1";"13,3";"952,8";"953,0";"952,7";"2,9";"234,0";"6,3";"";"0,4"
"11/05/2026";"0100";"14,4";"14,7";"14,4";"93,0";"93,0";"92,0";"13,2";"13,5";"13,2";"952,3";"952,8";"952,3";"2,4";"222,0";"4,7";"0,70";"0,4"
"11/05/2026";"0200";"14,7";"14,8";"14,4";"93,0";"93,0";"93,0";"13,6";"13,7";"13,2";"952,1";"952,3";"951,9";"1,7";"228,0";"3,5";"0,50";"0,0"
"11/05/2026";"0300";"15,1";"15,1";"14,7";"93,0";"93,0";"93,0";"14,0";"14,0";"13,6";"952,1";"952,2";"952,0";"1,7";"260,0";"2,7";"";"0,0"
"11/05/2026";"0400";"14,8";"15,3";"14,8";"92,0";"93,0";"92,0";"13,6";"14,1";"13,6";"951,9";"952,2";"951,9";"1,7";"255,0";"3,1";"0,60";"0,8"
"11/05/2026";"0500";"14,9";"15,0";"14,8";"92,0";"93,0";"92,0";"13,6";"13,9";"13,6";"951,6";"952,0";"951,6";"1,7";"244,0";"3,3";"";"0,8"
"11/05/2026";"0600";"14,7";"14,9";"14,7";"92,0";"92,0";"91,0";"13,4";"13,6";"13,3";"951,6";"951,8";"951,5";"1,2";"262,0";"3,2";"0,50";"0,0"
"11/05/2026";"0700";"14,8";"14,9";"14,7";"92,0";"92,0";"91,0";"13,4";"13,6";"13,4";"951,6";"951,8";"951,4";"1,6";"249,0";"2,5";"0,10";"0,2"
"11/05/2026";"0800";"14,8";"14,9";"14,7";"91,0";"92,0";"91,0";"13,4";"13,6";"13,3";"951,6";"951,6";"951,4";"1,7";"252,0";"2,9";"1,90";"0,0"
"11/05/2026";"0900";"14,9";"15,0";"14,7";"91,0";"92,0";"91,0";"13,4";"13,6";"13,3";"952,0";"952,0";"951,5";"1,4";"246,0";"2,4";"1,30";"0,0"
"11/05/2026";"1000";"13,9";"14,9";"13,9";"80,0";"91,0";"80,0";"10,5";"13,4";"10,5";"952,5";"952,5";"951,9";"3,3";"248,0";"5,3";"28,10";"0,0"
"11/05/2026";"1100";"13,7";"13,9";"13,6";"80,0";"82,0";"78,0";"10,4";"10,9";"10,0";"953,4";"953,4";"952,5";"3,2";"248,0";"5,3";"279,60";"0,0"
"11/05/2026";"1200";"14,6";"14,6";"13,6";"77,0";"81,0";"74,0";"10,6";"11,0";"10,1";"953,8";"953,8";"953,3";"3,2";"236,0";"4,8";"649,70";"0,0"
"11/05/2026";"1300";"15,3";"15,4";"14,6";"68,0";"77,0";"68,0";"9,4";"11,1";"9,3";"954,2";"954,3";"953,8";"3,2";"260,0";"5,2";"947,20";"0,0"
"11/05/2026";"1400";"16,0";"16,1";"15,1";"65,0";"68,0";"64,0";"9,5";"9,9";"8,6";"953,6";"954,3";"953,6";"3,4";"245,0";"6,3";"1177,70";"0,0"
"11/05/2026";"1500";"17,5";"17,7";"15,9";"64,0";"67,0";"62,0";"10,7";"11,0";"9,5";"953,0";"953,6";"953,0";"2,6";"219,0";"5,6";"1904,00";"0,0"
"11/05/2026";"1600";"19,0";"19,5";"17,5";"60,0";"65,0";"59,0";"11,0";"11,9";"10,2";"952,1";"953,0";"952,1";"1,4";"263,0";"5,0";"2409,50";"0,0"
"11/05/2026";"1700";"19,2";"19,6";"18,8";"58,0";"62,0";"58,0";"10,7";"11,6";"10,7";"951,1";"952,1";"951,1";"1,8";"304,0";"4,1";"1844,70";"0,0"
"11/05/2026";"1800";"19,5";"19,8";"19,2";"57,0";"60,0";"57,0";"10,8";"11,7";"10,7";"950,9";"951,1";"950,8";"1,7";"243,0";"3,7";"1443,90";"0,0"
"11/05/2026";"1900";"18,9";"19,5";"18,9";"52,0";"61,0";"49,0";"8,7";"11,4";"8,4";"951,3";"951,3";"950,9";"2,3";"231,0";"4,4";"823,40";"0,0"
"11/05/2026";"2000";"18,3";"19,3";"18,3";"60,0";"60,0";"52,0";"10,4";"10,4";"8,9";"951,5";"951,6";"951,3";"1,2";"240,0";"3,4";"394,70";"0,0"
"11/05/2026";"2100";"15,0";"18,3";"15,0";"79,0";"79,0";"60,0";"11,4";"11,8";"10,6";"952,2";"952,2";"951,5";"1,1";"220,0";"1,8";"30,60";"0,0"
"11/05/2026";"2200";"13,6";"15,0";"13,3";"85,0";"88,0";"79,0";"11,2";"12,0";"10,9";"953,0";"953,0";"952,2";"1,5";"234,0";"2,0";"";"0,0"
"11/05/2026";"2300";"12,2";"13,6";"12,2";"89,0";"90,0";"85,0";"10,5";"11,7";"10,5";"953,8";"953,8";"953,0";"0,5";"269,0";"2,0";"";"0,0"
"12/05/2026";"0000";"11,4";"12,1";"11,3";"92,0";"92,0";"89,0";"10,1";"10,7";"10,0";"954,3";"954,3";"953,8";"0,8";"273,0";"1,3";"";"0,0"
"12/05/2026";"0100";"10,7";"11,4";"10,6";"92,0";"93,0";"92,0";"9,5";"10,2";"9,4";"954,4";"954,4";"954,3";"0,6";"295,0";"1,3";"";"0,0"
"12/05/2026";"0200";"10,1";"10,7";"10,0";"93,0";"93,0";"92,0";"9,0";"9,6";"9,0";"954,3";"954,5";"954,3";"0,4";"237,0";"1,1";"";"0,0"
"12/05/2026";"0300";"9,8";"10,4";"9,8";"93,0";"94,0";"93,0";"8,8";"9,4";"8,8";"954,2";"954,4";"954,2";"0,4";"228,0";"1,1";"";"0,0"
"12/05/2026";"0400";"9,3";"9,9";"9,1";"94,0";"94,0";"93,0";"8,4";"9,0";"8,2";"954,0";"954,2";"953,9";"0,3";"45,0";"1,5";"";"0,0"
"12/05/2026";"0500";"9,2";"9,6";"8,9";"94,0";"94,0";"94,0";"8,4";"8,8";"8,0";"953,8";"954,0";"953,8";"0,6";"257,0";"1,7";"";"0,0"
"12/05/2026";"0600";"8,9";"9,7";"8,6";"94,0";"95,0";"94,0";"7,9";"8,8";"7,6";"953,7";"953,8";"953,7";"0,4";"333,0";"2,4";"";"0,0"
"12/05/2026";"0700";"10,3";"10,3";"8,8";"93,0";"94,0";"93,0";"9,3";"9,3";"7,9";"953,6";"953,7";"953,5";"1,0";"259,0";"1,8";"";"0,0"
"12/05/2026";"0800";"10,4";"10,5";"10,3";"94,0";"94,0";"93,0";"9,5";"9,5";"9,2";"953,6";"953,6";"953,5";"1,5";"227,0";"3,2";"";"0,0"
"12/05/2026";"0900";"10,2";"10,5";"10,1";"94,0";"94,0";"94,0";"9,3";"9,5";"9,1";"954,3";"954,3";"953,6";"1,8";"170,0";"3,3";"0,60";"0,0"
"12/05/2026";"1000";"10,3";"10,4";"10,0";"94,0";"95,0";"94,0";"9,4";"9,5";"9,1";"955,0";"955,0";"954,3";"1,7";"158,0";"3,4";"22,50";"0,0"
"12/05/2026";"1100";"10,9";"10,9";"10,2";"93,0";"94,0";"93,0";"9,8";"9,9";"9,4";"955,5";"955,5";"954,9";"1,9";"174,0";"3,7";"166,40";"0,0"
"12/05/2026";"1200";"11,8";"11,8";"10,8";"92,0";"93,0";"91,0";"10,4";"10,4";"9,8";"955,9";"956,0";"955,5";"1,4";"169,0";"3,0";"305,60";"0,0"
"12/05/2026";"1300";"12,9";"13,1";"11,7";"88,0";"92,0";"87,0";"11,0";"11,2";"10,4";"955,7";"955,9";"955,7";"2,0";"4,0";"3,3";"847,00";"0,0"
"12/05/2026";"1400";"14,5";"14,7";"12,9";"81,0";"88,0";"81,0";"11,2";"11,8";"11,0";"954,7";"955,7";"954,7";"1,7";"47,0";"3,5";"1239,30";"0,0"
"12/05/2026";"1500";"16,7";"17,1";"14,5";"72,0";"81,0";"71,0";"11,7";"12,3";"11,2";"953,3";"954,7";"953,3";"2,2";"52,0";"4,8";"2591,80";"0,0"
"12/05/2026";"1600";"19,7";"19,8";"16,7";"62,0";"73,0";"62,0";"12,3";"12,7";"11,1";"952,1";"953,3";"952,0";"1,6";"45,0";"4,8";"2483,10";"0,0"
"12/05/2026";"1700";"20,3";"20,7";"18,6";"59,0";"64,0";"59,0";"12,1";"12,9";"11,4";"951,1";"952,1";"951,1";"2,1";"54,0";"4,7";"2124,10";"0,0"
"12/05/2026";"1800";"21,4";"21,4";"20,2";"57,0";"60,0";"56,0";"12,5";"12,6";"11,5";"950,5";"951,1";"950,5";"1,0";"6,0";"3,9";"1882,90";"0,0"
"12/05/2026";"1900";"21,6";"22,1";"20,8";"55,0";"58,0";"53,0";"12,1";"12,9";"11,4";"950,3";"950,5";"950,2";"1,2";"303,0";"3,2";"1247,60";"0,0"
"12/05/2026";"2000";"21,6";"22,1";"21,1";"57,0";"57,0";"53,0";"12,6";"12,6";"11,4";"950,4";"950,4";"950,2";"0,3";"284,0";"2,5";"511,50";"0,0"
"12/05/2026";"2100";"16,6";"21,6";"16,4";"81,0";"81,0";"57,0";"13,2";"13,3";"12,6";"950,8";"950,8";"950,4";"0,8";"222,0";"1,7";"27,00";"0,0"
"12/05/2026";"2200";"14,7";"16,6";"14,4";"86,0";"88,0";"80,0";"12,4";"13,1";"12,1";"951,3";"951,3";"950,8";"0,7";"102,0";"1,9";"";"0,0"
"12/05/2026";"2300";"13,2";"14,7";"13,2";"90,0";"90,0";"86,0";"11,6";"12,7";"11,6";"951,9";"952,0";"951,3";"0,6";"147,0";"1,4";"";"0,0"
"13/05/2026";"0000";"12,6";"13,4";"12,6";"92,0";"92,0";"90,0";"11,3";"11,9";"11,2";"952,3";"952,4";"951,9";"0,4";"295,0";"1,0";"";"0,0"
"13/05/2026";"0100";"11,9";"12,6";"11,9";"93,0";"93,0";"92,0";"10,7";"11,4";"10,7";"952,2";"952,3";"952,2";"0,8";"255,0";"1,2";"";"0,0"
"13/05/2026";"0200";"12,6";"12,6";"11,7";"94,0";"94,0";"93,0";"11,6";"11,6";"10,6";"952,4";"952,4";"952,2";"0,6";"235,0";"1,4";"";"0,0"
"13/05/2026";"0300";"11,2";"12,6";"11,2";"93,0";"94,0";"93,0";"10,1";"11,6";"10,1";"952,1";"952,4";"952,1";"0,7";"269,0";"1,2";"";"0,0"
"13/05/2026";"0400";"10,4";"11,7";"10,4";"93,0";"94,0";"93,0";"9,3";"10,6";"9,3";"951,9";"952,2";"951,8";"0,5";"14,0";"1,1";"";"0,0"
"13/05/2026";"0500";"10,1";"11,0";"9,8";"94,0";"94,0";"93,0";"9,1";"10,1";"8,8";"951,5";"951,9";"951,5";"0,7";"231,0";"1,1";"";"0,0"
"13/05/2026";"0600";"9,9";"10,5";"9,6";"94,0";"94,0";"94,0";"9,0";"9,6";"8,6";"951,3";"951,5";"951,3";"0,3";"132,0";"1,1";"";"0,0"
"13/05/2026";"0700";"9,7";"10,3";"9,4";"94,0";"94,0";"94,0";"8,8";"9,4";"8,4";"951,0";"951,3";"951,0";"0,3";"325,0";"1,4";"";"0,0"
"13/05/2026";"0800";"9,3";"9,9";"9,3";"94,0";"94,0";"93,0";"8,3";"9,0";"8,3";"951,0";"951,1";"950,9";"0,5";"309,0";"1,0";"";"0,0"
"13/05/2026";"0900";"9,8";"10,3";"9,1";"94,0";"94,0";"94,0";"8,9";"9,4";"8,1";"951,5";"951,5";"951,0";"0,4";"101,0";"2,4";"";"0,2"
"13/05/2026";"1000";"10,6";"10,6";"9,5";"94,0";"94,0";"94,0";"9,7";"9,7";"8,6";"952,0";"952,0";"951,5";"0,4";"283,0";"1,2";"28,90";"0,0"
"13/05/2026";"1100";"12,7";"12,7";"10,5";"92,0";"94,0";"92,0";"11,4";"11,4";"9,6";"952,7";"952,7";"952,0";"0,2";"293,0";"1,1";"358,70";"0,0"
"13/05/2026";"1200";"16,5";"16,5";"12,7";"80,0";"92,0";"79,0";"13,0";"13,3";"11,5";"953,0";"953,0";"952,6";"0,7";"105,0";"1,5";"1216,50";"0,0"
"13/05/2026";"1300";"18,7";"18,8";"16,2";"75,0";"81,0";"74,0";"14,1";"14,6";"12,6";"952,8";"953,1";"952,8";"1,6";"46,0";"3,1";"1923,00";"0,0"
"13/05/2026";"1400";"20,5";"20,9";"18,6";"68,0";"75,0";"68,0";"14,4";"14,9";"13,7";"952,0";"952,8";"952,0";"1,0";"5,0";"3,2";"2313,80";"0,0"
"13/05/2026";"1500";"22,3";"22,4";"20,3";"62,0";"69,0";"62,0";"14,7";"15,2";"14,0";"951,1";"952,0";"951,1";"1,1";"226,0";"3,4";"2627,70";"0,0"
"13/05/2026";"1600";"23,8";"24,1";"22,3";"57,0";"63,0";"56,0";"14,8";"15,2";"14,5";"950,2";"951,1";"950,1";"2,0";"286,0";"4,2";"2510,90";"0,0"
"13/05/2026";"1700";"23,8";"24,9";"23,7";"57,0";"59,0";"55,0";"14,7";"15,9";"14,5";"949,4";"950,2";"949,4";"1,9";"303,0";"4,2";"1759,40";"0,0"
"13/05/2026";"1800";"24,6";"24,7";"23,8";"54,0";"57,0";"54,0";"14,7";"15,3";"14,6";"949,2";"949,4";"949,1";"2,3";"256,0";"4,2";"1322,60";"0,0"
"13/05/2026";"1900";"25,0";"25,3";"24,6";"53,0";"54,0";"51,0";"14,8";"15,2";"14,3";"949,2";"949,3";"949,1";"2,4";"237,0";"5,2";"1305,00";"0,0"
"13/05/2026";"2000";"23,9";"25,1";"23,9";"56,0";"56,0";"50,0";"14,5";"14,9";"13,8";"949,5";"949,5";"949,0";"1,7";"257,0";"3,7";"492,70";"0,0"
"13/05/2026";"2100";"19,6";"23,9";"19,6";"74,0";"74,0";"56,0";"14,8";"15,1";"14,4";"950,3";"950,3";"949,5";"0,9";"239,0";"2,5";"20,40";"0,0"
"13/05/2026";"2200";"17,8";"19,6";"17,4";"81,0";"87,0";"74,0";"14,5";"15,5";"14,5";"950,7";"950,7";"950,2";"0,4";"249,0";"1,4";"";"0,0"
"13/05/2026";"2300";"17,1";"17,8";"16,5";"87,0";"88,0";"81,0";"14,8";"15,0";"14,5";"951,3";"951,3";"950,7";"0,5";"246,0";"1,4";"";"0,0"
"14/05/2026";"0000";"17,3";"17,5";"16,6";"81,0";"87,0";"81,0";"14,0";"14,9";"13,8";"951,7";"951,8";"951,3";"1,0";"289,0";"2,1";"";"0,0"
"14/05/2026";"0100";"15,6";"17,3";"15,6";"86,0";"86,0";"81,0";"13,3";"14,2";"13,2";"951,5";"951,8";"951,5";"0,5";"297,0";"2,1";"";"0,0"
"14/05/2026";"0200";"16,1";"16,4";"15,3";"81,0";"88,0";"81,0";"12,9";"13,8";"12,8";"951,4";"951,5";"951,3";"1,6";"202,0";"3,1";"";"0,0"
"14/05/2026";"0300";"13,8";"16,3";"13,8";"89,0";"89,0";"81,0";"12,0";"13,1";"12,0";"951,1";"951,4";"951,1";"0,3";"241,0";"3,1";"";"0,0"
"14/05/2026";"0400";"13,9";"14,2";"13,6";"90,0";"91,0";"89,0";"12,3";"12,7";"11,9";"951,0";"951,3";"950,9";"0,7";"217,0";"1,3";"";"0,0"
"14/05/2026";"0500";"13,8";"14,2";"13,7";"90,0";"91,0";"89,0";"12,2";"12,7";"11,9";"950,6";"951,0";"950,6";"0,5";"224,0";"1,8";"";"0,0"
"14/05/2026";"0600";"13,8";"14,6";"13,7";"90,0";"90,0";"88,0";"12,2";"12,9";"11,9";"950,0";"950,6";"950,0";"0,6";"313,0";"1,3";"";"0,0"
"14/05/2026";"0700";"14,0";"14,4";"13,8";"88,0";"90,0";"88,0";"12,1";"12,7";"12,1";"950,0";"950,1";"949,9";"0,9";"247,0";"1,8";"";"0,0"
"14/05/2026";"0800";"13,2";"14,0";"13,2";"91,0";"92,0";"88,0";"11,9";"12,4";"11,9";"950,0";"950,0";"949,8";"0,7";"285,0";"1,6";"";"0,0"
"14/05/2026";"0900";"12,8";"13,3";"12,6";"93,0";"93,0";"91,0";"11,6";"11,9";"11,4";"950,6";"950,6";"950,0";"0,7";"253,0";"1,4";"";"0,0"
"14/05/2026";"1000";"13,6";"13,7";"12,6";"92,0";"93,0";"92,0";"12,4";"12,5";"11,4";"951,1";"951,1";"950,6";"0,6";"253,0";"1,4";"47,70";"0,0"
"14/05/2026";"1100";"15,0";"15,0";"13,4";"87,0";"92,0";"87,0";"12,9";"13,2";"12,2";"951,8";"951,8";"951,1";"0,7";"266,0";"1,4";"317,70";"0,0"
"14/05/2026";"1200";"18,7";"18,9";"15,0";"79,0";"87,0";"79,0";"15,0";"15,3";"12,9";"952,0";"952,0";"951,7";"0,7";"115,0";"1,6";"1038,80";"0,0"
"14/05/2026";"1300";"20,9";"21,0";"18,7";"75,0";"80,0";"74,0";"16,3";"16,4";"15,0";"952,1";"952,2";"952,0";"1,4";"59,0";"2,8";"1538,40";"0,0"
"14/05/2026";"1400";"22,8";"23,0";"20,9";"69,0";"76,0";"68,0";"16,8";"17,3";"16,2";"951,5";"952,1";"951,5";"2,0";"34,0";"4,0";"2296,60";"0,0"
"14/05/2026";"1500";"24,6";"24,7";"22,3";"61,0";"71,0";"60,0";"16,6";"17,3";"16,3";"950,7";"951,5";"950,7";"1,2";"26,0";"3,6";"2257,50";"0,0"
"14/05/2026";"1600";"25,8";"25,8";"24,5";"54,0";"62,0";"54,0";"15,7";"17,2";"15,5";"950,0";"950,7";"950,0";"1,3";"6,0";"3,9";"1582,90";"0,0"
"14/05/2026";"1700";"26,5";"27,0";"25,6";"50,0";"55,0";"48,0";"15,1";"16,4";"14,6";"949,1";"950,0";"949,1";"2,2";"80,0";"4,5";"1695,50";"0,0"
"14/05/2026";"1800";"27,0";"27,2";"26,3";"51,0";"54,0";"47,0";"15,9";"16,7";"14,7";"948,7";"949,1";"948,7";"2,0";"36,0";"4,1";"1487,80";"0,0"
"14/05/2026";"1900";"26,5";"27,2";"26,4";"51,0";"52,0";"49,0";"15,7";"16,1";"15,3";"948,6";"948,7";"948,5";"1,0";"58,0";"3,7";"874,90";"0,0"
"14/05/2026";"2000";"24,8";"26,5";"24,7";"64,0";"66,0";"52,0";"17,5";"17,8";"15,6";"949,2";"949,2";"948,6";"1,5";"349,0";"2,8";"286,20";"0,0"
"14/05/2026";"2100";"22,0";"25,1";"22,0";"79,0";"79,0";"62,0";"18,1";"18,1";"16,9";"949,6";"949,6";"949,2";"0,5";"296,0";"2,7";"10,90";"0,0"
"14/05/2026";"2200";"20,1";"22,0";"20,1";"84,0";"84,0";"78,0";"17,4";"18,2";"17,3";"950,3";"950,3";"949,6";"0,8";"179,0";"1,5";"";"0,0"
"14/05/2026";"2300";"20,5";"21,2";"20,0";"85,0";"88,0";"83,0";"17,9";"18,4";"17,5";"950,9";"950,9";"950,3";"0,6";"290,0";"1,5";"";"0,0"
"15/05/2026";"0000";"20,0";"20,9";"20,0";"86,0";"88,0";"85,0";"17,6";"18,4";"17,6";"951,5";"951,5";"950,9";"1,0";"330,0";"1,8";"";"0,0"
"15/05/2026";"0100";"20,4";"20,7";"19,7";"81,0";"88,0";"80,0";"17,1";"18,2";"17,0";"951,6";"951,6";"951,4";"0,8";"315,0";"3,7";"";"0,0"
"15/05/2026";"0200";"18,6";"20,4";"18,6";"87,0";"88,0";"81,0";"16,5";"17,4";"16,5";"951,9";"951,9";"951,5";"0,7";"280,0";"2,1";"";"0,0"
"15/05/2026";"0300";"18,2";"19,0";"18,2";"90,0";"90,0";"87,0";"16,4";"17,1";"16,3";"951,5";"951,9";"951,5";"0,4";"239,0";"1,6";"";"0,0"
"15/05/2026";"0400";"18,3";"18,5";"17,8";"90,0";"91,0";"90,0";"16,7";"16,9";"16,0";"951,1";"951,5";"951,1";"1,9";"219,0";"2,9";"";"0,0"
"15/05/2026";"0500";"17,7";"18,3";"17,7";"91,0";"91,0";"90,0";"16,3";"16,7";"16,3";"951,0";"951,1";"951,0";"0,6";"232,0";"2,9";"";"0,0"
"15/05/2026";"0600";"18,2";"18,2";"17,6";"90,0";"92,0";"90,0";"16,5";"16,6";"16,2";"950,8";"951,1";"950,7";"0,7";"292,0";"1,2";"";"0,0"
"15/05/2026";"0700";"18,1";"18,2";"18,0";"91,0";"91,0";"90,0";"16,5";"16,6";"16,4";"950,8";"950,9";"950,7";"1,3";"222,0";"1,6";"";"0,0"
"15/05/2026";"0800";"18,0";"18,2";"17,8";"91,0";"91,0";"90,0";"16,4";"16,6";"16,2";"950,8";"950,9";"950,7";"0,5";"307,0";"2,1";"";"0,0"
"15/05/2026";"0900";"18,3";"18,4";"18,0";"88,0";"91,0";"88,0";"16,3";"16,7";"16,2";"951,0";"951,0";"950,8";"0,4";"324,0";"1,4";"";"0,0"
"15/05/2026";"1000";"18,1";"18,4";"18,1";"91,0";"91,0";"87,0";"16,6";"16,6";"16,1";"951,8";"951,8";"950,9";"1,5";"228,0";"2,0";"9,50";"0,0"
"15/05/2026";"1100";"18,6";"18,6";"18,1";"90,0";"91,0";"90,0";"16,8";"16,8";"16,5";"952,3";"952,3";"951,8";"1,8";"216,0";"2,2";"108,00";"0,0"
"15/05/2026";"1200";"19,6";"19,7";"18,5";"87,0";"90,0";"87,0";"17,3";"17,7";"16,8";"952,6";"952,6";"952,2";"1,0";"130,0";"2,2";"385,40";"0,0"
"15/05/2026";"1300";"20,2";"20,3";"19,5";"84,0";"87,0";"84,0";"17,4";"17,6";"17,2";"953,0";"953,0";"952,6";"0,7";"255,0";"2,3";"460,20";"0,0"
"15/05/2026";"1400";"20,7";"20,8";"20,2";"81,0";"85,0";"81,0";"17,3";"17,8";"17,3";"952,8";"953,0";"952,7";"1,6";"248,0";"2,6";"514,70";"0,0"
"15/05/2026";"1500";"20,9";"21,0";"20,2";"83,0";"85,0";"81,0";"17,9";"18,0";"17,3";"952,2";"952,8";"952,2";"2,4";"247,0";"4,1";"682,50";"0,0"
"15/05/2026";"1600";"20,5";"20,9";"20,3";"83,0";"84,0";"81,0";"17,6";"17,8";"17,3";"951,5";"952,2";"951,5";"2,3";"231,0";"4,6";"820,80";"0,0"
"15/05/2026";"1700";"21,5";"21,6";"20,3";"77,0";"83,0";"77,0";"17,3";"17,8";"17,2";"950,6";"951,5";"950,6";"1,2";"332,0";"3,8";"1022,80";"0,0"
"15/05/2026";"1800";"21,9";"22,5";"21,5";"64,0";"77,0";"60,0";"14,8";"17,4";"14,1";"950,2";"950,6";"950,1";"2,5";"239,0";"3,8";"839,70";"0,0"
"15/05/2026";"1900";"20,9";"21,9";"20,9";"77,0";"77,0";"64,0";"16,8";"16,8";"14,7";"950,5";"950,5";"950,1";"1,8";"245,0";"3,8";"201,40";"0,0"
"15/05/2026";"2000";"20,2";"21,0";"20,2";"82,0";"82,0";"77,0";"17,1";"17,2";"16,7";"951,5";"951,5";"950,5";"2,4";"240,0";"4,4";"145,50";"0,0"
"15/05/2026";"2100";"19,4";"20,2";"19,3";"79,0";"83,0";"78,0";"15,7";"17,1";"15,7";"951,9";"952,1";"951,5";"1,9";"220,0";"5,0";"5,30";"0,0"
"15/05/2026";"2200";"18,0";"19,4";"18,0";"89,0";"89,0";"79,0";"16,2";"16,5";"15,8";"951,9";"952,0";"951,9";"1,2";"341,0";"3,0";"";"0,0"
"15/05/2026";"2300";"17,8";"18,1";"17,8";"92,0";"92,0";"89,0";"16,4";"16,6";"16,2";"951,7";"952,1";"951,6";"1,7";"62,0";"2,3";"";"0,0"
"16/05/2026";"0000";"17,4";"17,9";"17,4";"93,0";"93,0";"92,0";"16,3";"16,8";"16,3";"951,5";"952,0";"951,5";"0,8";"30,0";"2,3";"";"0,8"
"16/05/2026";"0100";"17,4";"17,6";"17,4";"94,0";"94,0";"93,0";"16,4";"16,6";"16,3";"951,8";"951,9";"951,5";"1,4";"166,0";"2,1";"";"0,2"
"16/05/2026";"0200";"17,0";"17,5";"16,9";"94,0";"94,0";"94,0";"16,1";"16,5";"15,9";"951,6";"952,0";"951,6";"0,3";"345,0";"2,0";"";"0,0"
"16/05/2026";"0300";"16,2";"17,0";"16,2";"95,0";"95,0";"94,0";"15,4";"16,1";"15,4";"951,2";"951,6";"951,2";"1,5";"165,0";"2,7";"";"0,0"
"16/05/2026";"0400";"15,3";"16,3";"15,3";"95,0";"95,0";"95,0";"14,5";"15,5";"14,5";"950,8";"951,2";"950,8";"0,2";"323,0";"2,7";"";"0,0"
"16/05/2026";"0500";"15,1";"15,5";"14,7";"95,0";"95,0";"95,0";"14,4";"14,8";"14,0";"950,1";"950,8";"950,1";"0,9";"293,0";"1,7";"";"0,0"
"16/05/2026";"0600";"14,8";"15,2";"14,6";"96,0";"96,0";"95,0";"14,1";"14,5";"13,9";"949,9";"950,2";"949,8";"0,7";"260,0";"1,3";"";"0,0"
"16/05/2026";"0700";"14,8";"15,0";"14,3";"96,0";"96,0";"96,0";"14,1";"14,3";"13,7";"949,8";"949,9";"949,7";"0,4";"133,0";"1,3";"";"0,0"
"16/05/2026";"0800";"15,0";"15,2";"14,8";"96,0";"96,0";"96,0";"14,4";"14,5";"14,1";"949,7";"949,9";"949,5";"0,7";"309,0";"2,2";"";"0,0"
"16/05/2026";"0900";"15,5";"15,5";"15,0";"96,0";"96,0";"96,0";"14,8";"14,9";"14,4";"950,3";"950,3";"949,7";"0,6";"125,0";"1,4";"";"0,0"
"16/05/2026";"1000";"16,0";"16,0";"15,3";"96,0";"96,0";"96,0";"15,3";"15,3";"14,7";"951,0";"951,0";"950,3";"0,7";"231,0";"1,5";"21,30";"0,2"
"16/05/2026";"1100";"16,7";"16,8";"16,0";"96,0";"96,0";"96,0";"16,0";"16,1";"15,3";"951,5";"951,5";"951,0";"1,3";"169,0";"2,1";"194,50";"0,0"
"16/05/2026";"1200";"18,3";"18,3";"16,7";"92,0";"96,0";"92,0";"16,9";"17,0";"16,0";"952,1";"952,1";"951,5";"1,1";"123,0";"2,1";"571,40";"0,0"
"16/05/2026";"1300";"20,1";"20,1";"18,2";"82,0";"92,0";"80,0";"16,9";"17,3";"16,3";"952,1";"952,3";"952,0";"1,6";"7,0";"2,7";"1247,30";"0,0"
"16/05/2026";"1400";"21,7";"22,3";"19,9";"73,0";"82,0";"72,0";"16,7";"17,6";"16,4";"951,6";"952,1";"951,5";"1,0";"13,0";"2,9";"2115,70";"0,0"
"16/05/2026";"1500";"23,7";"24,4";"21,8";"66,0";"73,0";"65,0";"16,8";"17,7";"16,5";"950,8";"951,6";"950,8";"1,0";"84,0";"3,7";"2500,70";"0,2"
"16/05/2026";"1600";"25,2";"25,2";"23,2";"62,0";"68,0";"62,0";"17,4";"17,8";"16,6";"949,8";"950,8";"949,8";"1,2";"18,0";"3,8";"2270,00";"0,0"
"16/05/2026";"1700";"26,6";"26,7";"25,0";"55,0";"62,0";"54,0";"16,9";"17,4";"16,3";"948,7";"949,8";"948,7";"1,0";"346,0";"2,9";"1958,40";"0,0"
"16/05/2026";"1800";"26,7";"27,5";"26,3";"52,0";"57,0";"51,0";"16,1";"17,2";"16,0";"948,6";"948,7";"948,5";"0,8";"43,0";"3,0";"1558,50";"0,0"
"16/05/2026";"1900";"";"";"";"";"";"";"";"";"";"";"";"";"";"";"";"";""
"16/05/2026";"2000";"";"";"";"";"";"";"";"";"";"";"";"";"";"";"";"";""
"16/05/2026";"2100";"";"";"";"";"";"";"";"";"";"";"";"";"";"";"";"";""
"16/05/2026";"2200";"";"";"";"";"";"";"";"";"";"";"";"";"";"";"";"";""
"16/05/2026";"2300";"";"";"";"";"";"";"";"";"";"";"";"";"";"";"";"";""